solid OpenSCAD_Model
  facet normal 0 -0.746553221611962 -0.665325700165566
    outer loop
      vertex -15.83003934245338 -1.2724685940374825 5.030039342453379
      vertex -15.647165450238742 -1.1094920012675862 4.84716545023874
      vertex -0.9622164785315421 -1.2724685940374825 5.030039342453379
    endloop
  endfacet
  facet normal 0 -0.8393654261319503 -0.5435675500012206
    outer loop
      vertex -15.83003934245338 -1.2724685940374825 5.030039342453379
      vertex -0.7545243632879667 -1.4056196014575075 5.235648290380379
      vertex -16.03564829038038 -1.4056196014575075 5.235648290380379
    endloop
  endfacet
  facet normal 0 -0.9642534954531411 -0.26498150219666133
    outer loop
      vertex -16.259172994546397 -1.5058240767672988 5.459172994546396
      vertex -0.2799674903212387 -1.5707333119949678 5.69537422533653
      vertex -16.49537422533653 -1.5707333119949678 5.69537422533653
    endloop
  endfacet
  facet normal 0 -0.9125036164765499 -0.4090686371713401
    outer loop
      vertex -16.259172994546397 -1.5058240767672988 5.459172994546396
      vertex -16.03564829038038 -1.4056196014575075 5.235648290380379
      vertex -0.5269380004781142 -1.5058240767672988 5.459172994546396
    endloop
  endfacet
  facet normal 0 -0.993402089759675 -0.11468342539840158
    outer loop
      vertex -16.8 -1.5964768068267767 5.918367578341078
      vertex -16.738715626095946 -1.5988258896812961 5.938715626095943
      vertex -16.8 -1.5988258896812961 5.938715626095943
    endloop
  endfacet
  facet normal -1 7.539663036006773e-13 8.704173186591058e-14
    outer loop
      vertex -16.8 -1.5964768068267767 5.918367578341078
      vertex -16.8 -1.5988258896812961 5.938715626095943
      vertex -16.799999999999994 -1.5964768068267765 6
    endloop
  endfacet
  facet normal 0 -0.9992661810508099 0.03830273369003736
    outer loop
      vertex -16.8 -1.5988258896812961 5.938715626095943
      vertex -16.738715626095946 -1.5988258896812961 5.938715626095943
      vertex -16.799999999999994 -1.5964768068267765 6
    endloop
  endfacet
  facet normal -3.4015190269891584e-15 -0.99926618105081 0.03830273369003458
    outer loop
      vertex -16.799999999999994 -1.5964768068267765 6
      vertex -16.73890008827734 -1.5940135224742662 6.064263735525901
      vertex -16.8 -1.5894433436154802 6.18349348063744
    endloop
  endfacet
  facet normal -1 2.4494886135426956e-13 -4.8112151624769116e-14
    outer loop
      vertex -16.799999999999994 -1.5964768068267765 6
      vertex -16.8 -1.5894433436154802 6.18349348063744
      vertex -16.8 -1.5786454799437764 6.238467625881879
    endloop
  endfacet
  facet normal -2.1757817564031237e-15 -0.9817083199968546 0.19039110916467006
    outer loop
      vertex -16.8 -1.5894433436154802 6.18349348063744
      vertex -16.739347403200753 -1.582343685045351 6.220101250391042
      vertex -16.796445254022544 -1.5787817364198706 6.238467625881879
    endloop
  endfacet
  facet normal -1 0 0
    outer loop
      vertex -16.8 -1.5894433436154802 6.18349348063744
      vertex -16.8 -1.5428055927250257 6.423970403514659
      vertex -16.8 -1.5786454799437764 6.238467625881879
    endloop
  endfacet
  facet normal 2.98828495996644e-14 -0.9817083199968549 0.19039110916466806
    outer loop
      vertex -16.8 -1.5894433436154802 6.18349348063744
      vertex -16.796445254022544 -1.5787817364198706 6.238467625881879
      vertex -16.8 -1.5428055927250257 6.423970403514659
    endloop
  endfacet
  facet normal -3.260961214172698e-15 -0.9817083199968551 0.19039110916466742
    outer loop
      vertex -16.796445254022544 -1.5787817364198706 6.238467625881879
      vertex -16.73996009183824 -1.566359472536997 6.302520195671082
      vertex -16.8 -1.5428055927250257 6.423970403514659
    endloop
  endfacet
  facet normal -1 0 0
    outer loop
      vertex -16.8 -1.5786454799437764 6.238467625881879
      vertex -16.8 -1.5428055927250257 6.423970403514659
      vertex -16.8 -1.5255498216719616 6.471608279057446
    endloop
  endfacet
  facet normal 6.025382706995592e-15 -0.9411400479795631 0.3380168784084985
    outer loop
      vertex -16.8 -1.5428055927250257 6.423970403514659
      vertex -16.74129836635813 -1.5314457120854434 6.455599707532009
      vertex -16.796183164995316 -1.5256961242462863 6.471608279057446
    endloop
  endfacet
  facet normal -1 0 0
    outer loop
      vertex -16.8 -1.5428055927250257 6.423970403514659
      vertex -16.8 -1.46000578636248 6.6545098194741445
      vertex -16.8 -1.5255498216719616 6.471608279057446
    endloop
  endfacet
  facet normal -5.0095613434211904e-14 -0.9411400479795617 0.3380168784085024
    outer loop
      vertex -16.8 -1.5428055927250257 6.423970403514659
      vertex -16.796183164995316 -1.5256961242462863 6.471608279057446
      vertex -16.8 -1.46000578636248 6.6545098194741445
    endloop
  endfacet
  facet normal 4.9396054502572616e-15 -0.9411400479795614 0.3380168784085034
    outer loop
      vertex -16.796183164995316 -1.5256961242462863 6.471608279057446
      vertex -16.742393465553842 -1.5028760648110318 6.535146147145312
      vertex -16.8 -1.46000578636248 6.6545098194741445
    endloop
  endfacet
  facet normal -1 0 0
    outer loop
      vertex -16.8 -1.5255498216719616 6.471608279057446
      vertex -16.8 -1.46000578636248 6.6545098194741445
      vertex -16.8 -1.43837590127919 6.694213982588093
    endloop
  endfacet
  facet normal 0 -0.8785122509109405 0.4777198185122663
    outer loop
      vertex -16.8 -1.46000578636248 6.6545098194741445
      vertex -16.74457872997718 -1.4458654907729855 6.680513394007768
      vertex -16.79897091824081 -1.4384153468696792 6.694213982588093
    endloop
  endfacet
  facet normal -1 0 0
    outer loop
      vertex -16.8 -1.46000578636248 6.6545098194741445
      vertex -16.8 -1.34298468181112 6.8697080800019545
      vertex -16.8 -1.43837590127919 6.694213982588093
    endloop
  endfacet
  facet normal 1.720400063138779e-13 -0.8785122509109424 0.47771981851226286
    outer loop
      vertex -16.8 -1.46000578636248 6.6545098194741445
      vertex -16.79897091824081 -1.4384153468696792 6.694213982588093
      vertex -16.8 -1.34298468181112 6.8697080800019545
    endloop
  endfacet
  facet normal -4.573241793760245e-15 -0.8785122509109429 0.47771981851226214
    outer loop
      vertex -16.79897091824081 -1.4384153468696792 6.694213982588093
      vertex -16.746170497675763 -1.4043384383658637 6.756880383339489
      vertex -16.8 -1.34298468181112 6.8697080800019545
    endloop
  endfacet
  facet normal -1 0 0
    outer loop
      vertex -16.8 -1.43837590127919 6.694213982588093
      vertex -16.8 -1.34298468181112 6.8697080800019545
      vertex -16.8 -1.3196188468913088 6.900361169771727
    endloop
  endfacet
  facet normal 4.781474561150584e-15 -0.795292871273424 0.6062254109666413
    outer loop
      vertex -16.8 -1.34298468181112 6.8697080800019545
      vertex -16.749111767871167 -1.3276047028736802 6.889884712963904
      vertex -16.8 -1.3196188468913088 6.900361169771727
    endloop
  endfacet
  facet normal 8.419832740677127e-15 -0.7952928712734247 0.6062254109666403
    outer loop
      vertex -16.8 -1.3148593793326007 6.906605003421759
      vertex -16.751233085010778 -1.2722624264175386 6.962486944987521
      vertex -16.8 -1.1944851545791402 7.064521120264905
    endloop
  endfacet
  facet normal -1 0 0
    outer loop
      vertex -16.8 -1.3148593793326007 6.906605003421759
      vertex -16.8 -1.1944851545791402 7.064521120264905
      vertex -16.8 -1.1719300884989978 7.086228194718183
    endloop
  endfacet
  facet normal 2.106989801465554e-15 -0.6934325007922343 0.7205215936007942
    outer loop
      vertex -16.8 -1.1944851545791402 7.064521120264905
      vertex -16.754795316736764 -1.1793286498978102 7.079107793360877
      vertex -16.8 -1.1719300884989978 7.086228194718183
    endloop
  endfacet
  facet normal 8.76516001723719e-15 -0.6934325007922424 0.7205215936007865
    outer loop
      vertex -16.8 -1.155536950824232 7.102005007730595
      vertex -16.757494640764463 -1.108906960563398 7.1468818733868975
      vertex -16.8 -1.0179879077224956 7.234382687715109
    endloop
  endfacet
  facet normal -1 0 0
    outer loop
      vertex -16.8 -1.155536950824232 7.102005007730595
      vertex -16.8 -1.0179879077224956 7.234382687715109
      vertex -16.8 -0.9982589138821835 7.248259751980207
    endloop
  endfacet
  facet normal 1.9820372261621867e-14 -0.5753186602186382 0.8179293607667053
    outer loop
      vertex -16.8 -1.0179879077224956 7.234382687715109
      vertex -16.761503689375978 -1.0043163397451815 7.2439990538086585
      vertex -16.8 -0.9982589138821835 7.248259751980207
    endloop
  endfacet
  facet normal 2.1376726319888902e-14 -0.57531866021862 0.8179293607667181
    outer loop
      vertex -16.8 -0.9630063770074525 7.273055832493891
      vertex -16.764843842346572 -0.91717629564123 7.305291991597666
      vertex -16.8 -0.8176298871153762 7.375311371179523
    endloop
  endfacet
  facet normal -1 0 0
    outer loop
      vertex -16.8 -0.9630063770074525 7.273055832493891
      vertex -16.8 -0.8176298871153762 7.375311371179523
      vertex -16.8 -0.8021070986430526 7.382997193437119
    endloop
  endfacet
  facet normal 6.4293667196616855e-15 -0.4437198378669712 0.8961655569610498
    outer loop
      vertex -16.8 -0.8176298871153762 7.375311371179523
      vertex -16.76908962215769 -0.8064096800839733 7.380866849635636
      vertex -16.8 -0.8021070986430526 7.382997193437119
    endloop
  endfacet
  facet normal 2.0106966847871802e-14 -0.44371983786695446 0.8961655569610582
    outer loop
      vertex -16.8 -0.7399760268497985 7.413760247081013
      vertex -16.77315944130782 -0.7002336386393027 7.433437957205252
      vertex -16.8 -0.5981073149452298 7.484003921763351
    endloop
  endfacet
  facet normal -1 0 0
    outer loop
      vertex -16.8 -0.7399760268497985 7.413760247081013
      vertex -16.8 -0.5981073149452298 7.484003921763351
      vertex -16.8 -0.5874402265115202 7.487379726763567
    endloop
  endfacet
  facet normal 9.77554987485059e-16 -0.3017205985952046 0.9533963920549267
    outer loop
      vertex -16.8 -0.5981073149452298 7.484003921763351
      vertex -16.77738640719679 -0.5899578526996722 7.486582975604387
      vertex -16.8 -0.5874402265115202 7.487379726763567
    endloop
  endfacet
  facet normal 4.410848244768258e-14 -0.30172059859518846 0.9533963920549318
    outer loop
      vertex -16.8 -0.48845112017801223 7.51870673058511
      vertex -16.782369806671205 -0.4599477442373258 7.5277271713193885
      vertex -16.8 -0.36456561424501976 7.557912678204446
    endloop
  endfacet
  facet normal -1 0 0
    outer loop
      vertex -16.8 -0.48845112017801223 7.51870673058511
      vertex -16.8 -0.36456561424501976 7.557912678204446
      vertex -16.8 -0.3586954585331015 7.5588193794262
    endloop
  endfacet
  facet normal -1.884202798637347e-14 -0.15264928421880908 0.9882804237803586
    outer loop
      vertex -16.8 -0.36456561424501976 7.557912678204446
      vertex -16.78621040208627 -0.35975183800174215 7.558656211598658
      vertex -16.8 -0.3586954585331015 7.5588193794262
    endloop
  endfacet
  facet normal -3.4120252844694804e-14 -0.15264928421887808 0.988280423780348
    outer loop
      vertex -16.8 -0.1985297003714342 7.583558499772458
      vertex -16.79285635286531 -0.18636802920713494 7.585436985224021
      vertex -16.8 -0.12247880453839265 7.595305281893985
    endloop
  endfacet
  facet normal -1 0 0
    outer loop
      vertex -16.8 -0.1985297003714342 7.583558499772458
      vertex -16.8 -0.12247880453839265 7.595305281893985
      vertex -16.8 -0.12076650534043107 7.595305281893985
    endloop
  endfacet
  facet normal 0 0 1
    outer loop
      vertex -16.8 -0.12247880453839265 7.595305281893985
      vertex -16.795364104485124 -0.12094420320981647 7.595305281893985
      vertex -16.8 -0.12076650534043107 7.595305281893985
    endloop
  endfacet
  facet normal 0 0 1
    outer loop
      vertex -16.8 -0.12247880453839265 7.595305281893985
      vertex -16.77695638916556 -0.11881912226991508 7.595305281893985
      vertex -16.795364104485124 -0.12094420320981647 7.595305281893985
    endloop
  endfacet
  facet normal -5.588367353959427e-18 -0.9934020897596749 -0.11468342539840105
    outer loop
      vertex -16.49537422533653 -1.5707333119949678 5.69537422533653
      vertex -0.18349348063744012 -1.5894433436154802 5.857442845511749
      vertex -16.738715626095946 -1.5988258896812961 5.938715626095943
    endloop
  endfacet
  facet normal 0 0 0
    outer loop
      vertex -16.8 -1.5988258896812961 5.938715626095943
      vertex -16.738715626095946 -1.5988258896812961 5.938715626095943
      vertex 0.06128437390405637 -1.5988258896812961 5.938715626095943
    endloop
  endfacet
  facet normal 0 0 0
    outer loop
      vertex -16.8 -1.5988258896812961 5.938715626095943
      vertex 0.06128437390405637 -1.5988258896812961 5.938715626095943
      vertex -16.738715626095946 -1.5988258896812961 5.938715626095943
    endloop
  endfacet
  facet normal -1.3270630749768205e-17 -0.9992661810508099 0.03830273369003737
    outer loop
      vertex -16.738715626095946 -1.5988258896812961 5.938715626095943
      vertex -1.3114509478384662e-15 -1.5964768068267767 6
      vertex -16.718367578341077 -1.5964768068267765 6
    endloop
  endfacet
  facet normal 9.15691298848129e-18 -0.99926618105081 0.03830273369003134
    outer loop
      vertex -16.718367578341077 -1.5964768068267765 6
      vertex 0.061099911722662714 -1.594013522474266 6.064263735525903
      vertex -16.73890008827734 -1.5940135224742662 6.064263735525901
    endloop
  endfacet
  facet normal 9.157282227877944e-18 -0.9992661810508099 0.03830273369003632
    outer loop
      vertex -16.73890008827734 -1.5940135224742662 6.064263735525901
      vertex 0.061099911722662714 -1.594013522474266 6.064263735525903
      vertex -16.8 -1.5894433436154802 6.18349348063744
    endloop
  endfacet
  facet normal 0 -0.693432500792231 0.7205215936007973
    outer loop
      vertex -16.8 -1.1944851545791402 7.064521120264905
      vertex 0.04520468326323531 -1.1793286498978102 7.079107793360877
      vertex -16.754795316736764 -1.1793286498978102 7.079107793360877
    endloop
  endfacet
  facet normal 0 -0.6934325007922488 0.7205215936007802
    outer loop
      vertex -16.754795316736764 -1.1793286498978102 7.079107793360877
      vertex -0.013003141519385246 -1.1698018899592937 7.088276380433471
      vertex -16.73584181047563 -1.1698018899592937 7.088276380433471
    endloop
  endfacet
  facet normal 0 -0.6934325007922394 0.7205215936007893
    outer loop
      vertex -16.73584181047563 -1.1698018899592937 7.088276380433471
      vertex -0.013003141519385246 -1.1698018899592937 7.088276380433471
      vertex -16.757494640764463 -1.108906960563398 7.1468818733868975
    endloop
  endfacet
  facet normal -3.618612503696236e-17 -0.6934325007922445 0.7205215936007845
    outer loop
      vertex -16.757494640764463 -1.108906960563398 7.1468818733868975
      vertex -0.013003141519385246 -1.1698018899592937 7.088276380433471
      vertex -16.8 -1.0179879077224956 7.234382687715109
    endloop
  endfacet
  facet normal -3.8236420704428454e-17 -0.5753186602186008 0.8179293607667316
    outer loop
      vertex -16.8 -1.0179879077224956 7.234382687715109
      vertex -0.024129617197050993 -0.9944620989431862 7.250930371948848
      vertex -16.761503689375978 -1.0043163397451815 7.2439990538086585
    endloop
  endfacet
  facet normal -7.67114897496512e-18 -0.5753186602186355 0.8179293607667073
    outer loop
      vertex -16.761503689375978 -1.0043163397451815 7.2439990538086585
      vertex -0.024129617197050993 -0.9944620989431862 7.250930371948848
      vertex -16.741091340689827 -0.9944620989431859 7.250930371948848
    endloop
  endfacet
  facet normal -7.64172382082542e-18 -0.5753186602186188 0.817929360766719
    outer loop
      vertex -16.741091340689827 -0.9944620989431859 7.250930371948848
      vertex -0.024129617197050993 -0.9944620989431862 7.250930371948848
      vertex -16.764843842346572 -0.91717629564123 7.305291991597666
    endloop
  endfacet
  facet normal -5.116893632562518e-17 -0.575318660218625 0.8179293607667144
    outer loop
      vertex -16.764843842346572 -0.91717629564123 7.305291991597666
      vertex -0.024129617197050993 -0.9944620989431862 7.250930371948848
      vertex -16.8 -0.8176298871153762 7.375311371179523
    endloop
  endfacet
  facet normal 8.100143166590388e-18 -0.44371983786695696 0.8961655569610568
    outer loop
      vertex -16.8 -0.8176298871153762 7.375311371179523
      vertex -0.0383553674168495 -0.7967682091332154 7.385640646055101
      vertex -16.76908962215769 -0.8064096800839733 7.380866849635636
    endloop
  endfacet
  facet normal -5.918450223605144e-18 -0.4437198378669374 0.8961655569610666
    outer loop
      vertex -16.76908962215769 -0.8064096800839733 7.380866849635636
      vertex -0.0383553674168495 -0.7967682091332154 7.385640646055101
      vertex -16.7464487835217 -0.7967682091332152 7.385640646055101
    endloop
  endfacet
  facet normal -5.8968784554196455e-18 -0.44371983786695746 0.8961655569610567
    outer loop
      vertex -16.7464487835217 -0.7967682091332152 7.385640646055101
      vertex -0.0383553674168495 -0.7967682091332154 7.385640646055101
      vertex -16.77315944130782 -0.7002336386393027 7.433437957205252
    endloop
  endfacet
  facet normal -1.5031524645332063e-17 -0.44371983786695873 0.896165556961056
    outer loop
      vertex -16.77315944130782 -0.7002336386393027 7.433437957205252
      vertex -0.0383553674168495 -0.7967682091332154 7.385640646055101
      vertex -16.8 -0.5981073149452298 7.484003921763351
    endloop
  endfacet
  facet normal 3.228838979269014e-17 -0.3017205985952023 0.9533963920549274
    outer loop
      vertex -16.8 -0.5981073149452298 7.484003921763351
      vertex -0.057283079608247 -0.5810627621866504 7.489397997830727
      vertex -16.77738640719679 -0.5899578526996722 7.486582975604387
    endloop
  endfacet
  facet normal 1.0028297938347285e-17 -0.30172059859516426 0.9533963920549393
    outer loop
      vertex -16.77738640719679 -0.5899578526996722 7.486582975604387
      vertex -0.057283079608247 -0.5810627621866504 7.489397997830727
      vertex -16.751156816191514 -0.581062762186651 7.489397997830727
    endloop
  endfacet
  facet normal 1.0032936658373954e-17 -0.30172059859519024 0.9533963920549312
    outer loop
      vertex -16.751156816191514 -0.581062762186651 7.489397997830727
      vertex -0.057283079608247 -0.5810627621866504 7.489397997830727
      vertex -16.782369806671205 -0.4599477442373258 7.5277271713193885
    endloop
  endfacet
  facet normal -3.4777220288279686e-17 -0.3017205985951959 0.9533963920549294
    outer loop
      vertex -16.782369806671205 -0.4599477442373258 7.5277271713193885
      vertex -0.057283079608247 -0.5810627621866504 7.489397997830727
      vertex -16.8 -0.36456561424501976 7.557912678204446
    endloop
  endfacet
  facet normal 0 -0.1526492842188618 0.9882804237803505
    outer loop
      vertex -16.8 -0.36456561424501976 7.557912678204446
      vertex 0.013789597913732231 -0.35975183800174215 7.558656211598658
      vertex -16.78621040208627 -0.35975183800174215 7.558656211598658
    endloop
  endfacet
  facet normal 0 -0.15264928421886823 0.9882804237803495
    outer loop
      vertex -16.78621040208627 -0.35975183800174215 7.558656211598658
      vertex 0.013789597913732231 -0.35975183800174215 7.558656211598658
      vertex -16.751943153517267 -0.35179863330924926 7.559884659490918
    endloop
  endfacet
  facet normal -3.5112639112778393e-17 -0.15264928421887888 0.9882804237803479
    outer loop
      vertex -16.751943153517267 -0.35179863330924926 7.559884659490918
      vertex -0.028525699260768474 -0.24709315368861268 7.576057413836033
      vertex -16.79285635286531 -0.18636802920713494 7.585436985224021
    endloop
  endfacet
  facet normal -1.8414943296354598e-17 -0.15264928421887433 0.9882804237803485
    outer loop
      vertex -16.79285635286531 -0.18636802920713494 7.585436985224021
      vertex -0.028525699260768474 -0.24709315368861268 7.576057413836033
      vertex -16.8 -0.12247880453839265 7.595305281893985
    endloop
  endfacet
  facet normal 0 0 1
    outer loop
      vertex -16.77695638916556 -0.11881912226991508 7.595305281893985
      vertex -0.03207151133125956 -0.11670651214997013 7.595305281893985
      vertex -16.75908879655309 -0.11390902181042464 7.595305281893985
    endloop
  endfacet
  facet normal 0 0 1
    outer loop
      vertex -16.8 -0.12247880453839265 7.595305281893985
      vertex 0.004635895514874384 -0.12094420320981647 7.595305281893985
      vertex -16.77695638916556 -0.11881912226991508 7.595305281893985
    endloop
  endfacet
  facet normal 0 0 1
    outer loop
      vertex -16.75908879655309 -0.11390902181042464 7.595305281893985
      vertex -0.049510812353107655 -0.11044306803696433 7.595305281893985
      vertex -16.742180127874693 -0.10632899042450743 7.595305281893985
    endloop
  endfacet
  facet normal 0 0 1
    outer loop
      vertex -16.742180127874693 -0.10632899042450743 7.595305281893985
      vertex -0.06578962189681738 -0.10159093201637572 7.595305281893985
      vertex -16.72662670799306 -0.09625669762331375 7.595305281893985
    endloop
  endfacet
  facet normal 0 0 1
    outer loop
      vertex -16.72662670799306 -0.09625669762331375 7.595305281893985
      vertex -0.08052637846396381 -0.09035759065380497 7.595305281893985
      vertex -16.712793095887747 -0.08392822941322312 7.595305281893985
    endloop
  endfacet
  facet normal 0 0 1
    outer loop
      vertex -16.712793095887747 -0.08392822941322312 7.595305281893985
      vertex -0.09337566497090821 -0.07700634394985131 7.595305281893985
      vertex -16.701003539701688 -0.06963255463995523 7.595305281893985
    endloop
  endfacet
  facet normal 0 0 1
    outer loop
      vertex -16.701003539701688 -0.06963255463995523 7.595305281893985
      vertex -0.10403630503247834 -0.061850133811263766 7.595305281893985
      vertex -16.69153437663951 -0.05370475180374326 7.595305281893985
    endloop
  endfacet
  facet normal 0 0 1
    outer loop
      vertex -16.69153437663951 -0.05370475180374326 7.595305281893985
      vertex -0.11225842228117028 -0.04524420895788272 7.595305281893985
      vertex -16.6846075558577 -0.03651815510328852 7.595305281893985
    endloop
  endfacet
  facet normal 0 0 1
    outer loop
      vertex -16.6846075558577 -0.03651815510328852 7.595305281893985
      vertex -0.11784929725741826 -0.02757779819374217 7.595305281893985
      vertex -16.680385436164485 -0.018475603798565575 7.595305281893985
    endloop
  endfacet
  facet normal 0 0 1
    outer loop
      vertex -16.680385436164485 -0.018475603798565575 7.595305281893985
      vertex -0.1206778845903849 -0.009264987213798172 7.595305281893985
      vertex -16.678966980466974 0 7.595305281893985
    endloop
  endfacet
  facet normal 0 -0.8393654261319519 -0.5435675500012181
    outer loop
      vertex -15.83003934245338 -1.2724685940374825 5.030039342453379
      vertex -0.9622164785315421 -1.2724685940374825 5.030039342453379
      vertex -0.8697080800019541 -1.34298468181112 5.138928782345706
    endloop
  endfacet
  facet normal 5.176987512046673e-17 -0.8393654261319485 -0.5435675500012233
    outer loop
      vertex -15.83003934245338 -1.2724685940374825 5.030039342453379
      vertex -0.8697080800019541 -1.34298468181112 5.138928782345706
      vertex -0.7545243632879667 -1.4056196014575075 5.235648290380379
    endloop
  endfacet
  facet normal 0 -0.9642534954531412 -0.26498150219666083
    outer loop
      vertex -16.259172994546397 -1.5058240767672988 5.459172994546396
      vertex -0.5269380004781142 -1.5058240767672988 5.459172994546396
      vertex -0.423970403514659 -1.5428055927250257 5.593746750577596
    endloop
  endfacet
  facet normal 1.0520786706289583e-17 -0.9642534954531408 -0.264981502196662
    outer loop
      vertex -16.259172994546397 -1.5058240767672988 5.459172994546396
      vertex -0.423970403514659 -1.5428055927250257 5.593746750577596
      vertex -0.2799674903212387 -1.5707333119949678 5.69537422533653
    endloop
  endfacet
  facet normal 0 -0.9125036164765502 -0.40906863717133923
    outer loop
      vertex -16.03564829038038 -1.4056196014575075 5.235648290380379
      vertex -0.7545243632879667 -1.4056196014575075 5.235648290380379
      vertex -0.6545098194741441 -1.46000578636248 5.356966782932921
    endloop
  endfacet
  facet normal 1.9321885130417414e-17 -0.9125036164765494 -0.4090686371713412
    outer loop
      vertex -16.03564829038038 -1.4056196014575075 5.235648290380379
      vertex -0.6545098194741441 -1.46000578636248 5.356966782932921
      vertex -0.5269380004781142 -1.5058240767672988 5.459172994546396
    endloop
  endfacet
  facet normal 0 -0.5110186794471112 -0.8595696069872008
    outer loop
      vertex -15.491313022773252 -0.9205098563497931 4.691313022773252
      vertex -15.366135108862311 -0.7099517405871348 4.56613510886231
      vertex -1.3029472173755865 -0.9205098563497931 4.691313022773252
    endloop
  endfacet
  facet normal 0 -0.3738170718407667 -0.9275024511020955
    outer loop
      vertex -15.366135108862311 -0.7099517405871348 4.56613510886231
      vertex -15.274565772712112 -0.48275295775230775 4.474565772712111
      vertex -1.4286262183617178 -0.7099517405871348 4.56613510886231
    endloop
  endfacet
  facet normal 0 -0.22785350890313963 -0.9736954238777785
    outer loop
      vertex -15.274565772712112 -0.48275295775230775 4.474565772712111
      vertex -15.218751321951443 -0.24423885475019846 4.418751321951442
      vertex -1.5205100235200348 -0.48275295775230775 4.474565772712111
    endloop
  endfacet
  facet normal 0 -0.07654925283649226 -0.9970658011837408
    outer loop
      vertex -15.218751321951443 -0.24423885475019846 4.418751321951442
      vertex -15.200000000000001 0 4.4
      vertex -1.576498287376994 -0.24423885475019846 4.418751321951442
    endloop
  endfacet
  facet normal 0 -0.6362424423265624 -0.7714891798219408
    outer loop
      vertex -15.491313022773252 -0.9205098563497931 4.691313022773252
      vertex -1.3029472173755865 -0.9205098563497931 4.691313022773252
      vertex -1.234382687715109 -1.0179879077224956 4.771702579880088
    endloop
  endfacet
  facet normal 1.2499017483749371e-17 -0.5110186794471107 -0.8595696069872011
    outer loop
      vertex -15.366135108862311 -0.7099517405871348 4.56613510886231
      vertex -1.3753113711795222 -0.8176298871153762 4.630150336712257
      vertex -1.3029472173755865 -0.9205098563497931 4.691313022773252
    endloop
  endfacet
  facet normal 0 -0.5110186794471118 -0.8595696069872003
    outer loop
      vertex -15.366135108862311 -0.7099517405871348 4.56613510886231
      vertex -1.4286262183617178 -0.7099517405871348 4.56613510886231
      vertex -1.3753113711795222 -0.8176298871153762 4.630150336712257
    endloop
  endfacet
  facet normal 0 -0.3738170718407684 -0.927502451102095
    outer loop
      vertex -15.274565772712112 -0.48275295775230775 4.474565772712111
      vertex -1.5205100235200348 -0.48275295775230775 4.474565772712111
      vertex -1.4840039217633516 -0.5981073149452298 4.521057755540506
    endloop
  endfacet
  facet normal 9.389454842341164e-17 -0.2278535089031345 -0.9736954238777796
    outer loop
      vertex -15.218751321951443 -0.24423885475019846 4.418751321951442
      vertex -1.5579126782044466 -0.36456561424501976 4.44690886864777
      vertex -1.5205100235200348 -0.48275295775230775 4.474565772712111
    endloop
  endfacet
  facet normal 3.142481286935602e-17 -0.37381707184076507 -0.9275024511020962
    outer loop
      vertex -15.274565772712112 -0.48275295775230775 4.474565772712111
      vertex -1.4840039217633516 -0.5981073149452298 4.521057755540506
      vertex -1.4286262183617178 -0.7099517405871348 4.56613510886231
    endloop
  endfacet
  facet normal 0 -0.22785350890314465 -0.9736954238777774
    outer loop
      vertex -15.218751321951443 -0.24423885475019846 4.418751321951442
      vertex -1.576498287376994 -0.24423885475019846 4.418751321951442
      vertex -1.5579126782044466 -0.36456561424501976 4.44690886864777
    endloop
  endfacet
  facet normal -5.646229740901287e-17 -0.07654925283649541 -0.9970658011837406
    outer loop
      vertex -1.576498287376994 -0.24423885475019846 4.418751321951442
      vertex -15.200000000000001 0 4.4
      vertex -1.5953052818939848 -0.12247880453839265 4.409403251986569
    endloop
  endfacet
  facet normal 0 -0.07654925283648915 -0.997065801183741
    outer loop
      vertex -1.5953052818939848 -0.12247880453839265 4.409403251986569
      vertex -15.200000000000001 0 4.4
      vertex -1.5953052818939848 0 4.4
    endloop
  endfacet
  facet normal 0 -0.6362424423265592 -0.7714891798219434
    outer loop
      vertex -15.491313022773252 -0.9205098563497931 4.691313022773252
      vertex -1.1463188281677494 -1.1094920012675862 4.84716545023874
      vertex -15.647165450238742 -1.1094920012675862 4.84716545023874
    endloop
  endfacet
  facet normal 0 -0.7465532216119614 -0.6653257001655669
    outer loop
      vertex -15.647165450238742 -1.1094920012675862 4.84716545023874
      vertex -1.1463188281677494 -1.1094920012675862 4.84716545023874
      vertex -1.0645211202649048 -1.1944851545791402 4.9425351502276476
    endloop
  endfacet
  facet normal -2.1477246663864968e-17 -0.7465532216119629 -0.6653257001655649
    outer loop
      vertex -15.647165450238742 -1.1094920012675862 4.84716545023874
      vertex -1.0645211202649048 -1.1944851545791402 4.9425351502276476
      vertex -0.9622164785315421 -1.2724685940374825 5.030039342453379
    endloop
  endfacet
  facet normal 7.538476507643057e-17 -0.6362424423265559 -0.7714891798219462
    outer loop
      vertex -15.491313022773252 -0.9205098563497931 4.691313022773252
      vertex -1.234382687715109 -1.0179879077224956 4.771702579880088
      vertex -1.1463188281677494 -1.1094920012675862 4.84716545023874
    endloop
  endfacet
  facet normal 0 -0.9934020897596749 -0.11468342539840162
    outer loop
      vertex -16.49537422533653 -1.5707333119949678 5.69537422533653
      vertex -0.2799674903212387 -1.5707333119949678 5.69537422533653
      vertex -0.18349348063744012 -1.5894433436154802 5.857442845511749
    endloop
  endfacet
  facet normal 0 -0.993402089759675 -0.11468342539839992
    outer loop
      vertex -16.738715626095946 -1.5988258896812961 5.938715626095943
      vertex -0.18349348063744012 -1.5894433436154802 5.857442845511749
      vertex 0.06128437390405637 -1.5988258896812961 5.938715626095943
    endloop
  endfacet
  facet normal 0 -0.9992661810508102 0.03830273369003376
    outer loop
      vertex -16.738715626095946 -1.5988258896812961 5.938715626095943
      vertex 0.06128437390405637 -1.5988258896812961 5.938715626095943
      vertex -1.3114509478384662e-15 -1.5964768068267767 6
    endloop
  endfacet
  facet normal -1.3271730230038922e-17 -0.9992661810508099 0.03830273369003719
    outer loop
      vertex -16.718367578341077 -1.5964768068267765 6
      vertex -1.3114509478384662e-15 -1.5964768068267767 6
      vertex 0.061099911722662714 -1.594013522474266 6.064263735525903
    endloop
  endfacet
  facet normal 7.510969627185957e-18 -0.981708319996855 0.1903911091646677
    outer loop
      vertex -16.8 -1.5894433436154802 6.18349348063744
      vertex 0.06065259679924993 -1.582343685045351 6.220101250391041
      vertex 0.0035547459774552467 -1.5787817364198706 6.238467625881879
    endloop
  endfacet
  facet normal 2.776948528166352e-18 -0.9817083199968548 0.19039110916466911
    outer loop
      vertex -16.8 -1.5894433436154802 6.18349348063744
      vertex 0.0035547459774552467 -1.5787817364198706 6.238467625881879
      vertex 0.060039908161765326 -1.5663594725369956 6.302520195671088
    endloop
  endfacet
  facet normal 1.0858816848830197e-17 -0.9817083199968554 0.19039110916466656
    outer loop
      vertex -16.8 -1.5894433436154802 6.18349348063744
      vertex 16.8 -1.5428055927250257 6.423970403514659
      vertex -16.739347403200753 -1.582343685045351 6.220101250391042
    endloop
  endfacet
  facet normal 2.0343415374655108e-17 -0.9817083199968556 0.1903911091646651
    outer loop
      vertex -16.739347403200753 -1.582343685045351 6.220101250391042
      vertex 16.8 -1.5428055927250257 6.423970403514659
      vertex -16.720459615581387 -1.5787817364198709 6.238467625881879
    endloop
  endfacet
  facet normal 3.959178876870666e-18 -0.981708319996855 0.19039110916466795
    outer loop
      vertex -16.720459615581387 -1.5787817364198709 6.238467625881879
      vertex 16.8 -1.5428055927250257 6.423970403514659
      vertex -16.73996009183824 -1.566359472536997 6.302520195671082
    endloop
  endfacet
  facet normal 0 -0.9817083199968547 0.19039110916466898
    outer loop
      vertex -16.73996009183824 -1.566359472536997 6.302520195671082
      vertex 16.8 -1.5428055927250257 6.423970403514659
      vertex -16.8 -1.5428055927250257 6.423970403514659
    endloop
  endfacet
  facet normal -1.5026687515325772e-18 -0.9411400479795612 0.3380168784085032
    outer loop
      vertex -16.8 -1.5428055927250257 6.423970403514659
      vertex 0.05870163364186993 -1.5314457120854437 6.455599707532009
      vertex 0.0038168350046831542 -1.525696124246286 6.471608279057446
    endloop
  endfacet
  facet normal 1.1496052924506206e-18 -0.9411400479795617 0.3380168784085024
    outer loop
      vertex -16.8 -1.5428055927250257 6.423970403514659
      vertex 0.0038168350046831542 -1.525696124246286 6.471608279057446
      vertex 0.057606534446158764 -1.50287606481103 6.535146147145317
    endloop
  endfacet
  facet normal -4.7070283715480825e-17 -0.9411400479795595 0.3380168784085085
    outer loop
      vertex -16.8 -1.5428055927250257 6.423970403514659
      vertex 16.8 -1.46000578636248 6.6545098194741445
      vertex -16.74129836635813 -1.5314457120854434 6.455599707532009
    endloop
  endfacet
  facet normal 6.619416647087102e-17 -0.9411400479795656 0.3380168784084916
    outer loop
      vertex -16.74129836635813 -1.5314457120854434 6.455599707532009
      vertex 16.8 -1.46000578636248 6.6545098194741445
      vertex -16.723261568881338 -1.525696124246286 6.471608279057446
    endloop
  endfacet
  facet normal -1.1478469161452222e-17 -0.941140047979561 0.33801687840850414
    outer loop
      vertex -16.723261568881338 -1.525696124246286 6.471608279057446
      vertex 16.8 -1.46000578636248 6.6545098194741445
      vertex -16.742393465553842 -1.5028760648110318 6.535146147145312
    endloop
  endfacet
  facet normal 0 -0.9411400479795621 0.3380168784085013
    outer loop
      vertex -16.742393465553842 -1.5028760648110318 6.535146147145312
      vertex 16.8 -1.46000578636248 6.6545098194741445
      vertex -16.8 -1.46000578636248 6.6545098194741445
    endloop
  endfacet
  facet normal 1.598792193470982e-17 -0.8785122509109454 0.4777198185122575
    outer loop
      vertex -16.8 -1.46000578636248 6.6545098194741445
      vertex 0.055421270022820664 -1.445865490772985 6.680513394007769
      vertex 0.0010290817591933413 -1.4384153468696794 6.694213982588093
    endloop
  endfacet
  facet normal -8.339516889388842e-18 -0.8785122509109411 0.47771981851226536
    outer loop
      vertex -16.8 -1.46000578636248 6.6545098194741445
      vertex 0.0010290817591933413 -1.4384153468696794 6.694213982588093
      vertex 0.05382950232423846 -1.4043384383658595 6.756880383339496
    endloop
  endfacet
  facet normal -2.917821944022171e-17 -0.8785122509109405 0.47771981851226636
    outer loop
      vertex -16.8 -1.46000578636248 6.6545098194741445
      vertex 16.8 -1.34298468181112 6.8697080800019545
      vertex -16.74457872997718 -1.4458654907729855 6.680513394007768
    endloop
  endfacet
  facet normal 5.2194890039377365e-17 -0.8785122509109464 0.47771981851225526
    outer loop
      vertex -16.74457872997718 -1.4458654907729855 6.680513394007768
      vertex 16.8 -1.34298468181112 6.8697080800019545
      vertex -16.726793412083044 -1.4384153468696794 6.694213982588093
    endloop
  endfacet
  facet normal 1.0138576619827954e-17 -0.8785122509109431 0.4777198185122615
    outer loop
      vertex -16.726793412083044 -1.4384153468696794 6.694213982588093
      vertex 16.8 -1.34298468181112 6.8697080800019545
      vertex -16.746170497675763 -1.4043384383658637 6.756880383339489
    endloop
  endfacet
  facet normal 0 -0.878512250910942 0.4777198185122638
    outer loop
      vertex -16.746170497675763 -1.4043384383658637 6.756880383339489
      vertex 16.8 -1.34298468181112 6.8697080800019545
      vertex -16.8 -1.34298468181112 6.8697080800019545
    endloop
  endfacet
  facet normal -1.847555225801051e-17 -0.7952928712734194 0.6062254109666473
    outer loop
      vertex -16.8 -1.34298468181112 6.8697080800019545
      vertex 0.05088823212883583 -1.32760470287368 6.889884712963905
      vertex -0.004619004102944746 -1.3188939896894574 6.9013120929017955
    endloop
  endfacet
  facet normal 0 -0.7952928712734241 0.6062254109666412
    outer loop
      vertex -16.8 -1.34298468181112 6.8697080800019545
      vertex -0.004619004102944746 -1.3188939896894574 6.9013120929017955
      vertex 0.04876691498922114 -1.272262426417525 6.962486944987539
    endloop
  endfacet
  facet normal -8.932092817568468e-17 -0.7952928712734181 0.6062254109666491
    outer loop
      vertex -16.8 -1.34298468181112 6.8697080800019545
      vertex 16.8 -1.1944851545791402 7.064521120264905
      vertex -16.749111767871167 -1.3276047028736802 6.889884712963904
    endloop
  endfacet
  facet normal 8.980470137652866e-17 -0.7952928712734346 0.6062254109666273
    outer loop
      vertex -16.749111767871167 -1.3276047028736802 6.889884712963904
      vertex 16.8 -1.1944851545791402 7.064521120264905
      vertex -16.731018495345303 -1.3188939896894574 6.9013120929017955
    endloop
  endfacet
  facet normal -1.6115766389674623e-17 -0.7952928712734241 0.6062254109666411
    outer loop
      vertex -16.731018495345303 -1.3188939896894574 6.9013120929017955
      vertex 16.8 -1.1944851545791402 7.064521120264905
      vertex -16.751233085010778 -1.2722624264175386 6.962486944987521
    endloop
  endfacet
  facet normal 0 -0.7952928712734266 0.6062254109666376
    outer loop
      vertex -16.751233085010778 -1.2722624264175386 6.962486944987521
      vertex 16.8 -1.1944851545791402 7.064521120264905
      vertex -16.8 -1.1944851545791402 7.064521120264905
    endloop
  endfacet
  facet normal 0 -0.6934325007922487 0.7205215936007802
    outer loop
      vertex -16.754795316736764 -1.1793286498978102 7.079107793360877
      vertex 0.04520468326323531 -1.1793286498978102 7.079107793360877
      vertex -0.013003141519385246 -1.1698018899592937 7.088276380433471
    endloop
  endfacet
  facet normal -2.789237378814365e-17 -0.6934325007922439 0.7205215936007848
    outer loop
      vertex -16.8 -1.0179879077224956 7.234382687715109
      vertex -0.013003141519385246 -1.1698018899592937 7.088276380433471
      vertex 0.04250535923553575 -1.1089069605634072 7.1468818733868895
    endloop
  endfacet
  facet normal 5.237217932351284e-17 -0.575318660218644 0.8179293607667012
    outer loop
      vertex -16.8 -1.0179879077224956 7.234382687715109
      vertex 0.038496310624020445 -1.0043163397451815 7.2439990538086585
      vertex -0.024129617197050993 -0.9944620989431862 7.250930371948848
    endloop
  endfacet
  facet normal 3.7995466487434934e-17 -0.5753186602186194 0.8179293607667185
    outer loop
      vertex -16.8 -0.8176298871153762 7.375311371179523
      vertex -0.024129617197050993 -0.9944620989431862 7.250930371948848
      vertex 0.03515615765342688 -0.9171762956412569 7.305291991597647
    endloop
  endfacet
  facet normal -9.310921354299555e-18 -0.44371983786694585 0.8961655569610625
    outer loop
      vertex -16.8 -0.8176298871153762 7.375311371179523
      vertex 0.03091037784231024 -0.8064096800839733 7.380866849635636
      vertex -0.0383553674168495 -0.7967682091332154 7.385640646055101
    endloop
  endfacet
  facet normal -1.5250234620702798e-17 -0.44371983786695873 0.896165556961056
    outer loop
      vertex -16.8 -0.5981073149452298 7.484003921763351
      vertex -0.0383553674168495 -0.7967682091332154 7.385640646055101
      vertex 0.026840558692179797 -0.7002336386392781 7.433437957205264
    endloop
  endfacet
  facet normal -2.9230971044423273e-17 -0.3017205985951474 0.9533963920549448
    outer loop
      vertex -16.8 -0.5981073149452298 7.484003921763351
      vertex 0.022613592803208835 -0.5899578526996722 7.486582975604387
      vertex -0.057283079608247 -0.5810627621866504 7.489397997830727
    endloop
  endfacet
  facet normal -4.005210182116026e-17 -0.30172059859519634 0.9533963920549293
    outer loop
      vertex -16.8 -0.36456561424501976 7.557912678204446
      vertex -0.057283079608247 -0.5810627621866504 7.489397997830727
      vertex 0.017630193328801235 -0.45994774423742896 7.5277271713193565
    endloop
  endfacet
  facet normal -1.1162079498650389e-17 -0.15264928421886192 0.9882804237803505
    outer loop
      vertex -16.751943153517267 -0.35179863330924926 7.559884659490918
      vertex -0.0410466285809692 -0.35555100022756086 7.559305070833262
      vertex -0.05055475558447549 -0.3517986333092505 7.559884659490918
    endloop
  endfacet
  facet normal -2.395524595080353e-17 -0.15264928421891755 0.9882804237803418
    outer loop
      vertex -16.751943153517267 -0.35179863330924926 7.559884659490918
      vertex 0.013789597913732231 -0.35975183800174215 7.558656211598658
      vertex -0.0410466285809692 -0.35555100022756086 7.559305070833262
    endloop
  endfacet
  facet normal -1.11620794986519e-17 -0.1526492842188826 0.9882804237803473
    outer loop
      vertex -16.751943153517267 -0.35179863330924926 7.559884659490918
      vertex -0.05055475558447549 -0.3517986333092505 7.559884659490918
      vertex -0.028525699260768474 -0.24709315368861268 7.576057413836033
    endloop
  endfacet
  facet normal -1.0684634653275654e-17 -0.15264928421887336 0.9882804237803487
    outer loop
      vertex -16.8 -0.12247880453839265 7.595305281893985
      vertex -0.028525699260768474 -0.24709315368861268 7.576057413836033
      vertex 0.0071436471346914224 -0.18636802920713655 7.585436985224021
    endloop
  endfacet
  facet normal 0 0 1
    outer loop
      vertex -16.75908879655309 -0.11390902181042464 7.595305281893985
      vertex -0.03207151133125956 -0.11670651214997013 7.595305281893985
      vertex -0.049510812353107655 -0.11044306803696433 7.595305281893985
    endloop
  endfacet
  facet normal 0 0 1
    outer loop
      vertex -16.77695638916556 -0.11881912226991508 7.595305281893985
      vertex -0.013880481266359096 -0.12023445453403343 7.595305281893985
      vertex -0.03207151133125956 -0.11670651214997013 7.595305281893985
    endloop
  endfacet
  facet normal 0 0 1
    outer loop
      vertex -16.77695638916556 -0.11881912226991508 7.595305281893985
      vertex 0.004635895514874384 -0.12094420320981647 7.595305281893985
      vertex -0.013880481266359096 -0.12023445453403343 7.595305281893985
    endloop
  endfacet
  facet normal 0 0 1
    outer loop
      vertex -16.742180127874693 -0.10632899042450743 7.595305281893985
      vertex -0.049510812353107655 -0.11044306803696433 7.595305281893985
      vertex -0.06578962189681738 -0.10159093201637572 7.595305281893985
    endloop
  endfacet
  facet normal 0 0 1
    outer loop
      vertex -16.72662670799306 -0.09625669762331375 7.595305281893985
      vertex -0.06578962189681738 -0.10159093201637572 7.595305281893985
      vertex -0.08052637846396381 -0.09035759065380497 7.595305281893985
    endloop
  endfacet
  facet normal 0 0 1
    outer loop
      vertex -16.712793095887747 -0.08392822941322312 7.595305281893985
      vertex -0.08052637846396381 -0.09035759065380497 7.595305281893985
      vertex -0.09337566497090821 -0.07700634394985131 7.595305281893985
    endloop
  endfacet
  facet normal 0 0 1
    outer loop
      vertex -16.701003539701688 -0.06963255463995523 7.595305281893985
      vertex -0.09337566497090821 -0.07700634394985131 7.595305281893985
      vertex -0.10403630503247834 -0.061850133811263766 7.595305281893985
    endloop
  endfacet
  facet normal 0 0 1
    outer loop
      vertex -16.69153437663951 -0.05370475180374326 7.595305281893985
      vertex -0.10403630503247834 -0.061850133811263766 7.595305281893985
      vertex -0.11225842228117028 -0.04524420895788272 7.595305281893985
    endloop
  endfacet
  facet normal 0 0 1
    outer loop
      vertex -16.6846075558577 -0.03651815510328852 7.595305281893985
      vertex -0.11225842228117028 -0.04524420895788272 7.595305281893985
      vertex -0.11784929725741826 -0.02757779819374217 7.595305281893985
    endloop
  endfacet
  facet normal 0 0 1
    outer loop
      vertex -16.680385436164485 -0.018475603798565575 7.595305281893985
      vertex -0.11784929725741826 -0.02757779819374217 7.595305281893985
      vertex -0.1206778845903849 -0.009264987213798172 7.595305281893985
    endloop
  endfacet
  facet normal 0 0.6362424423265602 -0.7714891798219428
    outer loop
      vertex -15.491313022773252 0.9205098563497931 4.691313022773252
      vertex -15.647165450238742 1.1094920012675868 4.847165450238741
      vertex -1.3029472173755865 0.9205098563497931 4.691313022773252
    endloop
  endfacet
  facet normal 0 0.7465532216119622 -0.6653257001655658
    outer loop
      vertex -15.647165450238742 1.1094920012675868 4.847165450238741
      vertex -15.83003934245338 1.2724685940374822 5.030039342453379
      vertex -1.1463188281677488 1.1094920012675868 4.847165450238741
    endloop
  endfacet
  facet normal 0 0.8393654261319494 -0.5435675500012218
    outer loop
      vertex -15.83003934245338 1.2724685940374822 5.030039342453379
      vertex -16.03564829038038 1.4056196014575078 5.235648290380379
      vertex -0.9622164785315424 1.2724685940374822 5.030039342453379
    endloop
  endfacet
  facet normal 0 0.9125036164765502 -0.40906863717133934
    outer loop
      vertex -16.259172994546397 1.5058240767672988 5.459172994546396
      vertex -0.7545243632879662 1.4056196014575078 5.235648290380379
      vertex -16.03564829038038 1.4056196014575078 5.235648290380379
    endloop
  endfacet
  facet normal 0 0.9642534954531411 -0.2649815021966613
    outer loop
      vertex -16.259172994546397 1.5058240767672988 5.459172994546396
      vertex -16.49537422533653 1.570733311994968 5.695374225336531
      vertex -0.5269380004781141 1.5058240767672988 5.459172994546396
    endloop
  endfacet
  facet normal 0 0 1
    outer loop
      vertex -16.795364104485124 0.12094420320981569 7.595305281893985
      vertex -16.8 0.12247880453839265 7.595305281893985
      vertex -16.8 0.12076650534043105 7.595305281893985
    endloop
  endfacet
  facet normal -1 0 0
    outer loop
      vertex -16.8 0.12076650534043105 7.595305281893985
      vertex -16.8 0.12247880453839265 7.595305281893985
      vertex -16.8 0.1985297003714342 7.583558499772458
    endloop
  endfacet
  facet normal 2.366722740672472e-14 0.15264928421887808 0.988280423780348
    outer loop
      vertex -16.8 0.12247880453839265 7.595305281893985
      vertex -16.79285635286531 0.18636802920711498 7.585436985224024
      vertex -16.8 0.1985297003714342 7.583558499772458
    endloop
  endfacet
  facet normal -2.7446071501563156e-14 0.15264928421880905 0.9882804237803586
    outer loop
      vertex -16.8 0.36456561424501976 7.557912678204446
      vertex -16.8 0.3586954585331015 7.5588193794262
      vertex -16.786210402086272 0.35975183800174293 7.558656211598658
    endloop
  endfacet
  facet normal 2.4231269327477388e-14 0.30172059859518846 0.9533963920549317
    outer loop
      vertex -16.8 0.36456561424501976 7.557912678204446
      vertex -16.782369806671202 0.45994774423739715 7.527727171319366
      vertex -16.8 0.48845112017801223 7.51870673058511
    endloop
  endfacet
  facet normal -1 0 0
    outer loop
      vertex -16.8 0.36456561424501976 7.557912678204446
      vertex -16.8 0.48845112017801223 7.51870673058511
      vertex -16.8 0.3586954585331015 7.5588193794262
    endloop
  endfacet
  facet normal 7.974438288321152e-15 0.3017205985952046 0.9533963920549267
    outer loop
      vertex -16.8 0.5874402265115202 7.487379726763567
      vertex -16.777386407196794 0.5899578526996688 7.486582975604388
      vertex -16.8 0.5981073149452298 7.484003921763351
    endloop
  endfacet
  facet normal -8.638658186008771e-15 0.6934325007922343 0.7205215936007942
    outer loop
      vertex -16.8 1.1719300884989978 7.086228194718183
      vertex -16.754795316736764 1.17932864989781 7.079107793360878
      vertex -16.8 1.1944851545791402 7.064521120264905
    endloop
  endfacet
  facet normal -1 0 0
    outer loop
      vertex -16.8 0.8021070986430526 7.382997193437119
      vertex -16.8 0.8176298871153762 7.375311371179523
      vertex -16.8 0.9630063770074524 7.273055832493891
    endloop
  endfacet
  facet normal -1.1382412715785005e-14 0.5753186602186203 0.8179293607667179
    outer loop
      vertex -16.8 0.8176298871153762 7.375311371179523
      vertex -16.764843842346572 0.9171762956412711 7.305291991597638
      vertex -16.8 0.9630063770074524 7.273055832493891
    endloop
  endfacet
  facet normal -1 0 0
    outer loop
      vertex -16.8 0.5874402265115202 7.487379726763567
      vertex -16.8 0.5981073149452298 7.484003921763351
      vertex -16.8 0.7399760268497985 7.413760247081013
    endloop
  endfacet
  facet normal 1.6126399806922565e-14 0.44371983786695446 0.8961655569610582
    outer loop
      vertex -16.8 0.5981073149452298 7.484003921763351
      vertex -16.77315944130782 0.7002336386393226 7.433437957205242
      vertex -16.8 0.7399760268497985 7.413760247081013
    endloop
  endfacet
  facet normal 4.594212833144078e-15 0.4437198378669712 0.8961655569610498
    outer loop
      vertex -16.8 0.8021070986430526 7.382997193437119
      vertex -16.76908962215769 0.8064096800839716 7.380866849635637
      vertex -16.8 0.8176298871153762 7.375311371179523
    endloop
  endfacet
  facet normal 2.889862818704797e-15 0.575318660218636 0.8179293607667067
    outer loop
      vertex -16.8 1.0179879077224956 7.234382687715109
      vertex -16.8 0.9982589138821834 7.248259751980207
      vertex -16.761503689375978 1.0043163397451775 7.243999053808662
    endloop
  endfacet
  facet normal -6.520423915261813e-15 0.6934325007922424 0.7205215936007865
    outer loop
      vertex -16.8 1.155536950824232 7.102005007730595
      vertex -16.8 1.0179879077224956 7.234382687715109
      vertex -16.757494640764463 1.1089069605634037 7.146881873386893
    endloop
  endfacet
  facet normal -1 0 0
    outer loop
      vertex -16.8 1.155536950824232 7.102005007730595
      vertex -16.8 0.9982589138821834 7.248259751980207
      vertex -16.8 1.0179879077224956 7.234382687715109
    endloop
  endfacet
  facet normal 0 0.993402089759675 -0.11468342539840158
    outer loop
      vertex -16.8 1.5964768068267767 5.918367578341078
      vertex -16.8 1.5988258896812961 5.938715626095943
      vertex -16.738715626095946 1.5988258896812961 5.938715626095943
    endloop
  endfacet
  facet normal -1 0 0
    outer loop
      vertex -16.8 1.5964768068267767 5.918367578341078
      vertex -16.8 1.5964768068267763 6
      vertex -16.8 1.5988258896812961 5.938715626095943
    endloop
  endfacet
  facet normal 0 0.9992661810508098 0.038302733690040974
    outer loop
      vertex -16.8 1.5988258896812961 5.938715626095943
      vertex -16.8 1.5964768068267763 6
      vertex -16.738715626095946 1.5988258896812961 5.938715626095943
    endloop
  endfacet
  facet normal -2.686426958815099e-15 0.9992661810508102 0.038302733690033376
    outer loop
      vertex -16.8 1.5964768068267763 6
      vertex -16.8 1.5894433436154802 6.18349348063744
      vertex -16.73890008827734 1.594013522474266 6.064263735525902
    endloop
  endfacet
  facet normal -1 0 0
    outer loop
      vertex -16.8 1.5964768068267763 6
      vertex -16.8 1.5786454799437764 6.238467625881879
      vertex -16.8 1.5894433436154802 6.18349348063744
    endloop
  endfacet
  facet normal 5.992308251131789e-15 0.9411400479795611 0.33801687840850386
    outer loop
      vertex -16.796183164995316 1.5256961242462863 6.471608279057446
      vertex -16.8 1.4600057863624802 6.654509819474144
      vertex -16.742393465553842 1.502876064811032 6.535146147145311
    endloop
  endfacet
  facet normal -1 0 0
    outer loop
      vertex -16.8 1.5255498216719616 6.471608279057446
      vertex -16.8 1.43837590127919 6.694213982588093
      vertex -16.8 1.4600057863624802 6.654509819474144
    endloop
  endfacet
  facet normal -1 0 0
    outer loop
      vertex -16.8 1.5894433436154802 6.18349348063744
      vertex -16.8 1.5786454799437764 6.238467625881879
      vertex -16.8 1.5428055927250257 6.423970403514659
    endloop
  endfacet
  facet normal 2.98828495996644e-14 0.9817083199968549 0.19039110916466806
    outer loop
      vertex -16.8 1.5894433436154802 6.18349348063744
      vertex -16.8 1.5428055927250257 6.423970403514659
      vertex -16.796445254022544 1.5787817364198706 6.238467625881879
    endloop
  endfacet
  facet normal 7.30796925814789e-16 0.9817083199968547 0.19039110916466986
    outer loop
      vertex -16.8 1.5894433436154802 6.18349348063744
      vertex -16.796445254022544 1.5787817364198706 6.238467625881879
      vertex -16.739347403200753 1.582343685045351 6.220101250391041
    endloop
  endfacet
  facet normal -7.158207543305916e-16 0.9817083199968551 0.19039110916466748
    outer loop
      vertex -16.796445254022544 1.5787817364198706 6.238467625881879
      vertex -16.8 1.5428055927250257 6.423970403514659
      vertex -16.73996009183824 1.5663594725369963 6.302520195671085
    endloop
  endfacet
  facet normal -1 0 0
    outer loop
      vertex -16.8 1.5786454799437764 6.238467625881879
      vertex -16.8 1.5255498216719616 6.471608279057446
      vertex -16.8 1.5428055927250257 6.423970403514659
    endloop
  endfacet
  facet normal 2.3262553489033616e-15 0.9411400479795631 0.33801687840849876
    outer loop
      vertex -16.74129836635813 1.5314457120854437 6.455599707532009
      vertex -16.8 1.5428055927250257 6.423970403514659
      vertex -16.796183164995316 1.5256961242462863 6.471608279057446
    endloop
  endfacet
  facet normal -1 0 0
    outer loop
      vertex -16.8 1.5428055927250257 6.423970403514659
      vertex -16.8 1.5255498216719616 6.471608279057446
      vertex -16.8 1.4600057863624802 6.654509819474144
    endloop
  endfacet
  facet normal -5.473409615960209e-14 0.9411400479795615 0.33801687840850275
    outer loop
      vertex -16.8 1.5428055927250257 6.423970403514659
      vertex -16.8 1.4600057863624802 6.654509819474144
      vertex -16.796183164995316 1.5256961242462863 6.471608279057446
    endloop
  endfacet
  facet normal -1 0 0
    outer loop
      vertex -16.8 1.34298468181112 6.869708080001954
      vertex -16.8 1.4600057863624802 6.654509819474144
      vertex -16.8 1.43837590127919 6.694213982588093
    endloop
  endfacet
  facet normal -9.634240353577157e-14 0.8785122509109421 0.4777198185122636
    outer loop
      vertex -16.8 1.34298468181112 6.869708080001954
      vertex -16.79897091824081 1.4384153468696792 6.694213982588093
      vertex -16.8 1.4600057863624802 6.654509819474144
    endloop
  endfacet
  facet normal -2.1909346566194102e-16 0.878512250910943 0.4777198185122619
    outer loop
      vertex -16.8 1.4600057863624802 6.654509819474144
      vertex -16.79897091824081 1.4384153468696792 6.694213982588093
      vertex -16.744578729977178 1.4458654907729864 6.680513394007766
    endloop
  endfacet
  facet normal -1 0 0
    outer loop
      vertex -16.8 1.34298468181112 6.869708080001954
      vertex -16.8 1.43837590127919 6.694213982588093
      vertex -16.8 1.3196188468913108 6.900361169771723
    endloop
  endfacet
  facet normal 2.449950960942994e-15 0.8785122509109419 0.47771981851226386
    outer loop
      vertex -16.8 1.34298468181112 6.869708080001954
      vertex -16.746170497675763 1.4043384383658568 6.7568803833395
      vertex -16.79897091824081 1.4384153468696792 6.694213982588093
    endloop
  endfacet
  facet normal -4.478634436530958e-15 0.7952928712734278 0.606225410966636
    outer loop
      vertex -16.8 1.1944851545791402 7.064521120264905
      vertex -16.751233085010778 1.272262426417529 6.962486944987534
      vertex -16.8 1.3148593793325845 6.906605003421778
    endloop
  endfacet
  facet normal -2.1558093397096987e-15 0.7952928712734236 0.6062254109666418
    outer loop
      vertex -16.8 1.34298468181112 6.869708080001954
      vertex -16.8 1.3196188468913108 6.900361169771723
      vertex -16.749111767871167 1.327604702873682 6.889884712963902
    endloop
  endfacet
  facet normal -1 0 0
    outer loop
      vertex -16.8 1.1719300884989978 7.086228194718183
      vertex -16.8 1.1944851545791402 7.064521120264905
      vertex -16.8 1.3148593793325845 6.906605003421778
    endloop
  endfacet
  facet normal 0 0 1
    outer loop
      vertex -0.1206778845903849 -0.009264987213798172 7.595305281893985
      vertex -16.680385436164485 0.01847560379856563 7.595305281893985
      vertex -16.678966980466974 0 7.595305281893985
    endloop
  endfacet
  facet normal 0 0 1
    outer loop
      vertex -0.1206778845903849 -0.009264987213798172 7.595305281893985
      vertex -16.6846075558577 0.03651815510328852 7.595305281893985
      vertex -16.680385436164485 0.01847560379856563 7.595305281893985
    endloop
  endfacet
  facet normal 0 0 1
    outer loop
      vertex -0.1206778845903849 -0.009264987213798172 7.595305281893985
      vertex -16.69153437663951 0.05370475180374331 7.595305281893985
      vertex -16.6846075558577 0.03651815510328852 7.595305281893985
    endloop
  endfacet
  facet normal 0 0 1
    outer loop
      vertex -0.1206778845903849 -0.009264987213798172 7.595305281893985
      vertex -16.701003539701688 0.06963255463995525 7.595305281893985
      vertex -16.69153437663951 0.05370475180374331 7.595305281893985
    endloop
  endfacet
  facet normal 0 0 1
    outer loop
      vertex -0.1206778845903849 -0.009264987213798172 7.595305281893985
      vertex -16.712793095887747 0.08392822941322321 7.595305281893985
      vertex -16.701003539701688 0.06963255463995525 7.595305281893985
    endloop
  endfacet
  facet normal 0 0 1
    outer loop
      vertex -0.1206778845903849 -0.009264987213798172 7.595305281893985
      vertex -16.742180127874693 0.10632899042450775 7.595305281893985
      vertex -16.72662670799306 0.09625669762331376 7.595305281893985
    endloop
  endfacet
  facet normal 0 0 1
    outer loop
      vertex -0.1206778845903849 -0.009264987213798172 7.595305281893985
      vertex -16.72662670799306 0.09625669762331376 7.595305281893985
      vertex -16.712793095887747 0.08392822941322321 7.595305281893985
    endloop
  endfacet
  facet normal 0 0 1
    outer loop
      vertex -0.1206778845903849 -0.009264987213798172 7.595305281893985
      vertex -16.77695638916556 0.11881912226991473 7.595305281893985
      vertex -16.75908879655309 0.1139090218104245 7.595305281893985
    endloop
  endfacet
  facet normal 0 0 1
    outer loop
      vertex -0.1206778845903849 -0.009264987213798172 7.595305281893985
      vertex -16.75908879655309 0.1139090218104245 7.595305281893985
      vertex -16.742180127874693 0.10632899042450775 7.595305281893985
    endloop
  endfacet
  facet normal 0 0 1
    outer loop
      vertex -0.1206778845903849 -0.009264987213798172 7.595305281893985
      vertex -16.8 0.12247880453839265 7.595305281893985
      vertex -16.795364104485124 0.12094420320981569 7.595305281893985
    endloop
  endfacet
  facet normal 0 0 1
    outer loop
      vertex -0.1206778845903849 -0.009264987213798172 7.595305281893985
      vertex -16.795364104485124 0.12094420320981569 7.595305281893985
      vertex -16.77695638916556 0.11881912226991473 7.595305281893985
    endloop
  endfacet
  facet normal 8.58523164524754e-18 0.1526492842188807 0.9882804237803475
    outer loop
      vertex -16.8 0.12247880453839265 7.595305281893985
      vertex 0.0071436471346921025 0.18636802920715428 7.5854369852240175
      vertex -16.79285635286531 0.18636802920711498 7.585436985224024
    endloop
  endfacet
  facet normal 8.629718092353857e-18 0.1526492842188764 0.9882804237803483
    outer loop
      vertex -16.79285635286531 0.18636802920711498 7.585436985224024
      vertex 0.0071436471346921025 0.18636802920715428 7.5854369852240175
      vertex -16.751943153517267 0.35179863330924926 7.559884659490918
    endloop
  endfacet
  facet normal -2.31100256559134e-16 0.15264928421885268 0.988280423780352
    outer loop
      vertex -16.751943153517267 0.35179863330924926 7.559884659490918
      vertex 0.0071436471346921025 0.18636802920715428 7.5854369852240175
      vertex -16.786210402086272 0.35975183800174293 7.558656211598658
    endloop
  endfacet
  facet normal 1.229272094187101e-16 0.1526492842188862 0.9882804237803466
    outer loop
      vertex -16.8 0.36456561424501976 7.557912678204446
      vertex -16.786210402086272 0.35975183800174293 7.558656211598658
      vertex 0.0071436471346921025 0.18636802920715428 7.5854369852240175
    endloop
  endfacet
  facet normal -3.87042565216508e-18 0.3017205985951926 0.9533963920549305
    outer loop
      vertex -16.8 0.36456561424501976 7.557912678204446
      vertex 0.017630193328797547 0.4599477442373328 7.527727171319387
      vertex -16.782369806671202 0.45994774423739715 7.527727171319366
    endloop
  endfacet
  facet normal -3.818699669941615e-18 0.3017205985951884 0.9533963920549319
    outer loop
      vertex -16.782369806671202 0.45994774423739715 7.527727171319366
      vertex 0.017630193328797547 0.4599477442373328 7.527727171319387
      vertex -16.751156816191532 0.581062762186653 7.489397997830727
    endloop
  endfacet
  facet normal 4.319277305243961e-16 0.30172059859524325 0.9533963920549144
    outer loop
      vertex -16.751156816191532 0.581062762186653 7.489397997830727
      vertex 0.017630193328797547 0.4599477442373328 7.527727171319387
      vertex -16.777386407196794 0.5899578526996688 7.486582975604388
    endloop
  endfacet
  facet normal -6.946199570618046e-17 0.3017205985951844 0.9533963920549332
    outer loop
      vertex -16.8 0.5981073149452298 7.484003921763351
      vertex -16.777386407196794 0.5899578526996688 7.486582975604388
      vertex 0.017630193328797547 0.4599477442373328 7.527727171319387
    endloop
  endfacet
  facet normal 2.3755775234617303e-17 0.5753186602186177 0.8179293607667197
    outer loop
      vertex -16.8 0.8176298871153762 7.375311371179523
      vertex 0.03515615765342537 0.9171762956412174 7.3052919915976755
      vertex -16.764843842346572 0.9171762956412711 7.305291991597638
    endloop
  endfacet
  facet normal -9.060903889543926e-18 0.44371983786695784 0.8961655569610565
    outer loop
      vertex -16.8 0.5981073149452298 7.484003921763351
      vertex 0.026840558692179734 0.7002336386392763 7.433437957205265
      vertex -16.77315944130782 0.7002336386393226 7.433437957205242
    endloop
  endfacet
  facet normal -9.061953947686077e-18 0.4437198378669531 0.8961655569610589
    outer loop
      vertex -16.77315944130782 0.7002336386393226 7.433437957205242
      vertex 0.026840558692179734 0.7002336386392763 7.433437957205265
      vertex -16.746448783521714 0.7967682091332167 7.385640646055101
    endloop
  endfacet
  facet normal 2.3052198644883745e-16 0.44371983786698654 0.8961655569610423
    outer loop
      vertex -16.746448783521714 0.7967682091332167 7.385640646055101
      vertex 0.026840558692179734 0.7002336386392763 7.433437957205265
      vertex -16.76908962215769 0.8064096800839716 7.380866849635637
    endloop
  endfacet
  facet normal 3.095818671211277e-17 0.4437198378669611 0.8961655569610548
    outer loop
      vertex -16.8 0.8176298871153762 7.375311371179523
      vertex -16.76908962215769 0.8064096800839716 7.380866849635637
      vertex 0.026840558692179734 0.7002336386392763 7.433437957205265
    endloop
  endfacet
  facet normal 1.2673256046421457e-16 0.5753186602186378 0.8179293607667055
    outer loop
      vertex -16.761503689375978 1.0043163397451775 7.243999053808662
      vertex -16.741091340689838 0.994462098943187 7.250930371948848
      vertex 0.03515615765342537 0.9171762956412174 7.3052919915976755
    endloop
  endfacet
  facet normal 2.3988524977251174e-17 0.5753186602186229 0.8179293607667161
    outer loop
      vertex -16.764843842346572 0.9171762956412711 7.305291991597638
      vertex 0.03515615765342537 0.9171762956412174 7.3052919915976755
      vertex -16.741091340689838 0.994462098943187 7.250930371948848
    endloop
  endfacet
  facet normal 7.132589762540087e-17 0.5753186602186307 0.8179293607667105
    outer loop
      vertex -16.8 1.0179879077224956 7.234382687715109
      vertex -16.761503689375978 1.0043163397451775 7.243999053808662
      vertex 0.03515615765342537 0.9171762956412174 7.3052919915976755
    endloop
  endfacet
  facet normal 0 0.993402089759675 -0.11468342539840058
    outer loop
      vertex -16.49537422533653 1.570733311994968 5.695374225336531
      vertex -16.738715626095946 1.5988258896812961 5.938715626095943
      vertex -0.27996749032123763 1.570733311994968 5.695374225336531
    endloop
  endfacet
  facet normal 0 0 0
    outer loop
      vertex -16.8 1.5988258896812961 5.938715626095943
      vertex 0.06128437390405637 1.5988258896812961 5.938715626095943
      vertex -16.738715626095946 1.5988258896812961 5.938715626095943
    endloop
  endfacet
  facet normal 0 0 0
    outer loop
      vertex -16.8 1.5988258896812961 5.938715626095943
      vertex -16.738715626095946 1.5988258896812961 5.938715626095943
      vertex 0.06128437390405637 1.5988258896812961 5.938715626095943
    endloop
  endfacet
  facet normal -1.3271730230038922e-17 0.9992661810508101 0.03830273369003426
    outer loop
      vertex -16.71836757834108 1.5964768068267765 6
      vertex -16.73890008827734 1.594013522474266 6.064263735525902
      vertex 7.840950111415168e-16 1.5964768068267767 6
    endloop
  endfacet
  facet normal 0 0.99926618105081 0.038302733690037366
    outer loop
      vertex -16.738715626095946 1.5988258896812961 5.938715626095943
      vertex -16.71836757834108 1.5964768068267765 6
      vertex 0.06128437390405637 1.5988258896812961 5.938715626095943
    endloop
  endfacet
  facet normal -1.1449520719920987e-17 0.9992661810508101 0.03830273369003474
    outer loop
      vertex -16.73890008827734 1.594013522474266 6.064263735525902
      vertex -16.8 1.5894433436154802 6.18349348063744
      vertex 7.840950111415168e-16 1.5964768068267767 6
    endloop
  endfacet
  facet normal 3.153168643401958e-18 0.9411400479795621 0.3380168784085013
    outer loop
      vertex -16.742393465553842 1.502876064811032 6.535146147145311
      vertex -16.8 1.4600057863624802 6.654509819474144
      vertex 0.05760653444615879 1.5028760648110306 6.535146147145315
    endloop
  endfacet
  facet normal 0 0.9817083199968553 0.19039110916466692
    outer loop
      vertex -16.720459615581387 1.5787817364198706 6.238467625881879
      vertex -16.73996009183824 1.5663594725369963 6.302520195671085
      vertex 0.003554745977457273 1.5787817364198706 6.238467625881879
    endloop
  endfacet
  facet normal 0 0.9817083199968544 0.19039110916467109
    outer loop
      vertex -16.8 1.5894433436154802 6.18349348063744
      vertex -16.739347403200753 1.582343685045351 6.220101250391041
      vertex 0.06065259679924993 1.582343685045351 6.220101250391041
    endloop
  endfacet
  facet normal 0 0.981708319996855 0.19039110916466764
    outer loop
      vertex -16.739347403200753 1.582343685045351 6.220101250391041
      vertex -16.720459615581387 1.5787817364198706 6.238467625881879
      vertex 0.003554745977457273 1.5787817364198706 6.238467625881879
    endloop
  endfacet
  facet normal -5.8192573336296644e-18 0.9817083199968549 0.1903911091646678
    outer loop
      vertex -16.73996009183824 1.5663594725369963 6.302520195671085
      vertex -16.8 1.5428055927250257 6.423970403514659
      vertex 0.06003990816176536 1.5663594725369967 6.302520195671083
    endloop
  endfacet
  facet normal 0 0.9411400479795616 0.33801687840850253
    outer loop
      vertex -16.74129836635813 1.5314457120854437 6.455599707532009
      vertex 0.05870163364186993 1.5314457120854437 6.455599707532009
      vertex -16.8 1.5428055927250257 6.423970403514659
    endloop
  endfacet
  facet normal 0 0.9411400479795615 0.3380168784085032
    outer loop
      vertex -16.74129836635813 1.5314457120854437 6.455599707532009
      vertex -16.723261568881338 1.525696124246286 6.471608279057446
      vertex 0.003816835004685021 1.525696124246286 6.471608279057446
    endloop
  endfacet
  facet normal 0 0.9411400479795606 0.3380168784085055
    outer loop
      vertex -16.723261568881338 1.525696124246286 6.471608279057446
      vertex -16.742393465553842 1.502876064811032 6.535146147145311
      vertex 0.003816835004685021 1.525696124246286 6.471608279057446
    endloop
  endfacet
  facet normal 0 0.7952928712734262 0.6062254109666384
    outer loop
      vertex -16.8 1.34298468181112 6.869708080001954
      vertex -16.749111767871167 1.327604702873682 6.889884712963902
      vertex 0.05088823212883591 1.327604702873682 6.889884712963902
    endloop
  endfacet
  facet normal 0 0.8785122509109431 0.47771981851226153
    outer loop
      vertex -16.8 1.4600057863624802 6.654509819474144
      vertex -16.744578729977178 1.4458654907729864 6.680513394007766
      vertex 0.05542127002282071 1.4458654907729864 6.680513394007766
    endloop
  endfacet
  facet normal 0 0.8785122509109365 0.4777198185122734
    outer loop
      vertex -16.72679341208304 1.438415346869679 6.694213982588093
      vertex 0.0010290817591837587 1.438415346869679 6.694213982588093
      vertex -16.744578729977178 1.4458654907729864 6.680513394007766
    endloop
  endfacet
  facet normal 0 0.8785122509109422 0.47771981851226314
    outer loop
      vertex -16.746170497675763 1.4043384383658568 6.7568803833395
      vertex 0.0010290817591837587 1.438415346869679 6.694213982588093
      vertex -16.72679341208304 1.438415346869679 6.694213982588093
    endloop
  endfacet
  facet normal 8.039944928823838e-19 0.8785122509109423 0.47771981851226303
    outer loop
      vertex -16.8 1.34298468181112 6.869708080001954
      vertex 0.05382950232423815 1.4043384383658515 6.75688038333951
      vertex -16.746170497675763 1.4043384383658568 6.7568803833395
    endloop
  endfacet
  facet normal 6.470436356589878e-18 0.7952928712734271 0.6062254109666374
    outer loop
      vertex -16.8 1.1944851545791402 7.064521120264905
      vertex -0.004619004102957673 1.3188939896894567 6.9013120929017955
      vertex -16.751233085010778 1.272262426417529 6.962486944987534
    endloop
  endfacet
  facet normal 0 0.795292871273428 0.6062254109666362
    outer loop
      vertex -16.751233085010778 1.272262426417529 6.962486944987534
      vertex -0.004619004102957673 1.3188939896894567 6.9013120929017955
      vertex -16.7310184953453 1.3188939896894567 6.9013120929017955
    endloop
  endfacet
  facet normal 0 0.7952928712734207 0.6062254109666455
    outer loop
      vertex -16.749111767871167 1.327604702873682 6.889884712963902
      vertex -16.7310184953453 1.3188939896894567 6.9013120929017955
      vertex -0.004619004102957673 1.3188939896894567 6.9013120929017955
    endloop
  endfacet
  facet normal 0 0.07654925283649204 -0.9970658011837408
    outer loop
      vertex -15.200000000000001 0 4.4
      vertex -15.218751321951443 0.2442388547501992 4.418751321951442
      vertex -1.5953052818939848 0 4.4
    endloop
  endfacet
  facet normal 0 0.22785350890314035 -0.9736954238777784
    outer loop
      vertex -15.218751321951443 0.2442388547501992 4.418751321951442
      vertex -15.274565772712112 0.48275295775230775 4.474565772712111
      vertex -1.576498287376994 0.2442388547501992 4.418751321951442
    endloop
  endfacet
  facet normal 0 0.37381707184076896 -0.9275024511020946
    outer loop
      vertex -15.274565772712112 0.48275295775230775 4.474565772712111
      vertex -15.366135108862311 0.7099517405871355 4.566135108862311
      vertex -1.5205100235200348 0.48275295775230775 4.474565772712111
    endloop
  endfacet
  facet normal 0 0.5110186794471098 -0.8595696069872015
    outer loop
      vertex -15.366135108862311 0.7099517405871355 4.566135108862311
      vertex -15.491313022773252 0.9205098563497931 4.691313022773252
      vertex -1.4286262183617175 0.7099517405871355 4.566135108862311
    endloop
  endfacet
  facet normal -5.208854515841125e-17 0.07654925283648914 -0.9970658011837409
    outer loop
      vertex -15.218751321951443 0.2442388547501992 4.418751321951442
      vertex -1.5953052818939848 0.12247880453839265 4.409403251986569
      vertex -1.5953052818939848 0 4.4
    endloop
  endfacet
  facet normal 0 0.07654925283649491 -0.9970658011837406
    outer loop
      vertex -15.218751321951443 0.2442388547501992 4.418751321951442
      vertex -1.576498287376994 0.2442388547501992 4.418751321951442
      vertex -1.5953052818939848 0.12247880453839265 4.409403251986569
    endloop
  endfacet
  facet normal 1.0373646472287062e-16 0.22785350890314596 -0.973695423877777
    outer loop
      vertex -15.274565772712112 0.48275295775230775 4.474565772712111
      vertex -1.5579126782044466 0.36456561424501976 4.44690886864777
      vertex -1.576498287376994 0.2442388547501992 4.418751321951442
    endloop
  endfacet
  facet normal 0 0.22785350890313458 -0.9736954238777796
    outer loop
      vertex -15.274565772712112 0.48275295775230775 4.474565772712111
      vertex -1.5205100235200348 0.48275295775230775 4.474565772712111
      vertex -1.5579126782044466 0.36456561424501976 4.44690886864777
    endloop
  endfacet
  facet normal -1.1024069601029821e-17 0.37381707184076834 -0.9275024511020948
    outer loop
      vertex -15.366135108862311 0.7099517405871355 4.566135108862311
      vertex -1.4840039217633516 0.5981073149452298 4.521057755540506
      vertex -1.5205100235200348 0.48275295775230775 4.474565772712111
    endloop
  endfacet
  facet normal 0 0.37381707184076957 -0.9275024511020944
    outer loop
      vertex -15.366135108862311 0.7099517405871355 4.566135108862311
      vertex -1.4286262183617175 0.7099517405871355 4.566135108862311
      vertex -1.4840039217633516 0.5981073149452298 4.521057755540506
    endloop
  endfacet
  facet normal -1.7594630974404917e-17 0.5110186794471088 -0.8595696069872021
    outer loop
      vertex -15.491313022773252 0.9205098563497931 4.691313022773252
      vertex -1.3753113711795222 0.8176298871153762 4.630150336712257
      vertex -1.4286262183617175 0.7099517405871355 4.566135108862311
    endloop
  endfacet
  facet normal 0 0.5110186794471105 -0.859569606987201
    outer loop
      vertex -15.491313022773252 0.9205098563497931 4.691313022773252
      vertex -1.3029472173755865 0.9205098563497931 4.691313022773252
      vertex -1.3753113711795222 0.8176298871153762 4.630150336712257
    endloop
  endfacet
  facet normal -4.0779207232215583e-17 0.6362424423265582 -0.7714891798219443
    outer loop
      vertex -15.647165450238742 1.1094920012675868 4.847165450238741
      vertex -1.234382687715109 1.0179879077224956 4.771702579880087
      vertex -1.3029472173755865 0.9205098563497931 4.691313022773252
    endloop
  endfacet
  facet normal 0 0.636242442326562 -0.771489179821941
    outer loop
      vertex -15.647165450238742 1.1094920012675868 4.847165450238741
      vertex -1.1463188281677488 1.1094920012675868 4.847165450238741
      vertex -1.234382687715109 1.0179879077224956 4.771702579880087
    endloop
  endfacet
  facet normal -3.6600753810520225e-17 0.7465532216119608 -0.6653257001655675
    outer loop
      vertex -15.83003934245338 1.2724685940374822 5.030039342453379
      vertex -1.0645211202649048 1.1944851545791402 4.9425351502276476
      vertex -1.1463188281677488 1.1094920012675868 4.847165450238741
    endloop
  endfacet
  facet normal 0 0.7465532216119639 -0.665325700165564
    outer loop
      vertex -15.83003934245338 1.2724685940374822 5.030039342453379
      vertex -0.9622164785315424 1.2724685940374822 5.030039342453379
      vertex -1.0645211202649048 1.1944851545791402 4.9425351502276476
    endloop
  endfacet
  facet normal -1.315439339355838e-17 0.8393654261319491 -0.5435675500012225
    outer loop
      vertex -16.03564829038038 1.4056196014575078 5.235648290380379
      vertex -0.8697080800019539 1.34298468181112 5.1389287823457055
      vertex -0.9622164785315424 1.2724685940374822 5.030039342453379
    endloop
  endfacet
  facet normal 0 0.83936542613195 -0.543567550001221
    outer loop
      vertex -16.03564829038038 1.4056196014575078 5.235648290380379
      vertex -0.7545243632879662 1.4056196014575078 5.235648290380379
      vertex -0.8697080800019539 1.34298468181112 5.1389287823457055
    endloop
  endfacet
  facet normal 2.4949738965337057e-18 0.9125036164765503 -0.40906863717133923
    outer loop
      vertex -16.259172994546397 1.5058240767672988 5.459172994546396
      vertex -0.6545098194741437 1.4600057863624802 5.356966782932921
      vertex -0.7545243632879662 1.4056196014575078 5.235648290380379
    endloop
  endfacet
  facet normal 0 0.9125036164765502 -0.4090686371713395
    outer loop
      vertex -16.259172994546397 1.5058240767672988 5.459172994546396
      vertex -0.5269380004781141 1.5058240767672988 5.459172994546396
      vertex -0.6545098194741437 1.4600057863624802 5.356966782932921
    endloop
  endfacet
  facet normal 6.157452555586002e-18 0.9642534954531412 -0.26498150219666083
    outer loop
      vertex -16.49537422533653 1.570733311994968 5.695374225336531
      vertex -0.42397040351465853 1.5428055927250257 5.593746750577596
      vertex -0.5269380004781141 1.5058240767672988 5.459172994546396
    endloop
  endfacet
  facet normal 0 0.9642534954531409 -0.2649815021966618
    outer loop
      vertex -16.49537422533653 1.570733311994968 5.695374225336531
      vertex -0.27996749032123763 1.570733311994968 5.695374225336531
      vertex -0.42397040351465853 1.5428055927250257 5.593746750577596
    endloop
  endfacet
  facet normal 0 0 1
    outer loop
      vertex -0.1206778845903849 -0.009264987213798172 7.595305281893985
      vertex -0.1206778845903849 0.009264987213798172 7.595305281893985
      vertex -16.8 0.12247880453839265 7.595305281893985
    endloop
  endfacet
  facet normal 0 0 1
    outer loop
      vertex -16.8 0.12247880453839265 7.595305281893985
      vertex -0.1206778845903849 0.009264987213798172 7.595305281893985
      vertex -0.11784929725741826 0.02757779819374217 7.595305281893985
    endloop
  endfacet
  facet normal 0 0 1
    outer loop
      vertex -16.8 0.12247880453839265 7.595305281893985
      vertex -0.11784929725741826 0.02757779819374217 7.595305281893985
      vertex -0.11225842228117028 0.04524420895788272 7.595305281893985
    endloop
  endfacet
  facet normal 0 0 1
    outer loop
      vertex -16.8 0.12247880453839265 7.595305281893985
      vertex -0.11225842228117028 0.04524420895788272 7.595305281893985
      vertex -0.10403630503247834 0.061850133811263766 7.595305281893985
    endloop
  endfacet
  facet normal 0 0 1
    outer loop
      vertex -16.8 0.12247880453839265 7.595305281893985
      vertex -0.10403630503247834 0.061850133811263766 7.595305281893985
      vertex -0.09337566497090821 0.07700634394985131 7.595305281893985
    endloop
  endfacet
  facet normal 0 0 1
    outer loop
      vertex -16.8 0.12247880453839265 7.595305281893985
      vertex -0.09337566497090821 0.07700634394985131 7.595305281893985
      vertex -0.08052637846396381 0.09035759065380497 7.595305281893985
    endloop
  endfacet
  facet normal 0 0 1
    outer loop
      vertex -16.8 0.12247880453839265 7.595305281893985
      vertex -0.08052637846396381 0.09035759065380497 7.595305281893985
      vertex -0.06578962189681736 0.10159093201637573 7.595305281893985
    endloop
  endfacet
  facet normal 0 0 1
    outer loop
      vertex -16.8 0.12247880453839265 7.595305281893985
      vertex -0.06578962189681736 0.10159093201637573 7.595305281893985
      vertex -0.04951081235310762 0.11044306803696434 7.595305281893985
    endloop
  endfacet
  facet normal 0 0 1
    outer loop
      vertex -16.8 0.12247880453839265 7.595305281893985
      vertex -0.04951081235310762 0.11044306803696434 7.595305281893985
      vertex -0.032071511331259524 0.11670651214997013 7.595305281893985
    endloop
  endfacet
  facet normal 0 0 1
    outer loop
      vertex -16.8 0.12247880453839265 7.595305281893985
      vertex -0.032071511331259524 0.11670651214997013 7.595305281893985
      vertex -0.013880481266359128 0.12023445453403343 7.595305281893985
    endloop
  endfacet
  facet normal 0 0 1
    outer loop
      vertex -16.8 0.12247880453839265 7.595305281893985
      vertex -0.013880481266359128 0.12023445453403343 7.595305281893985
      vertex 0.004635895514874384 0.12094420320981647 7.595305281893985
    endloop
  endfacet
  facet normal -4.014439278641324e-17 0.1526492842188712 0.9882804237803491
    outer loop
      vertex -16.8 0.36456561424501976 7.557912678204446
      vertex 0.0071436471346921025 0.18636802920715428 7.5854369852240175
      vertex -0.028525699260764703 0.24709315368857954 7.576057413836037
    endloop
  endfacet
  facet normal -2.9025779360090734e-18 0.15264928421887633 0.9882804237803483
    outer loop
      vertex -16.8 0.36456561424501976 7.557912678204446
      vertex -0.028525699260764703 0.24709315368857954 7.576057413836037
      vertex -0.050554755584475544 0.3517986333092505 7.559884659490918
    endloop
  endfacet
  facet normal -1.4197374084648055e-17 0.15264928421886195 0.9882804237803505
    outer loop
      vertex -16.8 0.36456561424501976 7.557912678204446
      vertex -0.050554755584475544 0.3517986333092505 7.559884659490918
      vertex -0.04104662858096928 0.35555100022756086 7.559305070833262
    endloop
  endfacet
  facet normal 1.6199926635947056e-17 0.15264928421891705 0.9882804237803419
    outer loop
      vertex -16.8 0.36456561424501976 7.557912678204446
      vertex -0.04104662858096928 0.35555100022756086 7.559305070833262
      vertex 0.013789597913732231 0.35975183800174215 7.558656211598658
    endloop
  endfacet
  facet normal 2.6013786650664915e-17 0.3017205985951949 0.9533963920549297
    outer loop
      vertex -16.8 0.5981073149452298 7.484003921763351
      vertex 0.017630193328797547 0.4599477442373328 7.527727171319387
      vertex -0.057283079608247134 0.5810627621866503 7.489397997830727
    endloop
  endfacet
  facet normal -3.1036413373637297e-17 0.30172059859514394 0.9533963920549458
    outer loop
      vertex -16.8 0.5981073149452298 7.484003921763351
      vertex -0.057283079608247134 0.5810627621866503 7.489397997830727
      vertex 0.022613592803208835 0.5899578526996722 7.486582975604387
    endloop
  endfacet
  facet normal 1.3467850434714267e-17 0.6934325007922426 0.7205215936007862
    outer loop
      vertex -16.8 1.1944851545791402 7.064521120264905
      vertex 0.04250535923553553 1.1089069605634014 7.146881873386895
      vertex -0.013003141519385343 1.1698018899592937 7.088276380433471
    endloop
  endfacet
  facet normal 3.0741745628129345e-17 0.6934325007922488 0.7205215936007803
    outer loop
      vertex -16.8 1.1944851545791402 7.064521120264905
      vertex -0.013003141519385343 1.1698018899592937 7.088276380433471
      vertex 0.04520468326323531 1.1793286498978102 7.079107793360877
    endloop
  endfacet
  facet normal 1.0937942029591728e-17 0.4437198378669589 0.896165556961056
    outer loop
      vertex -16.8 0.8176298871153762 7.375311371179523
      vertex 0.026840558692179734 0.7002336386392763 7.433437957205265
      vertex -0.03835536741684962 0.7967682091332154 7.385640646055101
    endloop
  endfacet
  facet normal -9.310921354299555e-18 0.44371983786694585 0.8961655569610625
    outer loop
      vertex -16.8 0.8176298871153762 7.375311371179523
      vertex -0.03835536741684962 0.7967682091332154 7.385640646055101
      vertex 0.03091037784231024 0.8064096800839733 7.380866849635636
    endloop
  endfacet
  facet normal 0 0.6934325007922408 0.7205215936007879
    outer loop
      vertex -16.8 1.0179879077224956 7.234382687715109
      vertex 16.8 1.0179879077224956 7.234382687715109
      vertex -16.757494640764463 1.1089069605634037 7.146881873386893
    endloop
  endfacet
  facet normal 1.5200633960280232e-17 0.5753186602186243 0.817929360766715
    outer loop
      vertex -16.8 1.0179879077224956 7.234382687715109
      vertex 0.03515615765342537 0.9171762956412174 7.3052919915976755
      vertex -0.024129617197051097 0.994462098943186 7.250930371948848
    endloop
  endfacet
  facet normal 4.7055206803358895e-17 0.5753186602186396 0.8179293607667043
    outer loop
      vertex -16.8 1.0179879077224956 7.234382687715109
      vertex -0.024129617197051097 0.994462098943186 7.250930371948848
      vertex 0.038496310624020445 1.0043163397451815 7.2439990538086585
    endloop
  endfacet
  facet normal -1.7666274455134803e-16 0.6934325007922221 0.7205215936008058
    outer loop
      vertex -16.754795316736764 1.17932864989781 7.079107793360878
      vertex -16.73584181047563 1.1698018899592937 7.088276380433471
      vertex 16.8 1.0179879077224956 7.234382687715109
    endloop
  endfacet
  facet normal 2.1387324057325697e-17 0.6934325007922449 0.7205215936007842
    outer loop
      vertex -16.73584181047563 1.1698018899592937 7.088276380433471
      vertex -16.757494640764463 1.1089069605634037 7.146881873386893
      vertex 16.8 1.0179879077224956 7.234382687715109
    endloop
  endfacet
  facet normal 6.04656289037645e-17 0.6934325007922477 0.7205215936007813
    outer loop
      vertex -16.8 1.1944851545791402 7.064521120264905
      vertex -16.754795316736764 1.17932864989781 7.079107793360878
      vertex 16.8 1.0179879077224956 7.234382687715109
    endloop
  endfacet
  facet normal 4.162626608906953e-18 0.9934020897596751 -0.11468342539840029
    outer loop
      vertex -16.738715626095946 1.5988258896812961 5.938715626095943
      vertex -0.18349348063744053 1.5894433436154802 5.85744284551175
      vertex -0.27996749032123763 1.570733311994968 5.695374225336531
    endloop
  endfacet
  facet normal 0 0.993402089759675 -0.11468342539840115
    outer loop
      vertex -16.738715626095946 1.5988258896812961 5.938715626095943
      vertex 0.06128437390405637 1.5988258896812961 5.938715626095943
      vertex -0.18349348063744053 1.5894433436154802 5.85744284551175
    endloop
  endfacet
  facet normal -1.3271730230038924e-17 0.9992661810508101 0.038302733690033744
    outer loop
      vertex -16.71836757834108 1.5964768068267765 6
      vertex 7.840950111415168e-16 1.5964768068267767 6
      vertex 0.06128437390405637 1.5988258896812961 5.938715626095943
    endloop
  endfacet
  facet normal 7.945468717879681e-19 0.99926618105081 0.03830273369003586
    outer loop
      vertex -16.8 1.5894433436154802 6.18349348063744
      vertex 0.06109991172266273 1.5940135224742662 6.064263735525899
      vertex 7.840950111415168e-16 1.5964768068267767 6
    endloop
  endfacet
  facet normal -5.819257333629931e-18 0.9817083199968555 0.1903911091646654
    outer loop
      vertex -16.73996009183824 1.5663594725369963 6.302520195671085
      vertex 0.06003990816176536 1.5663594725369967 6.302520195671083
      vertex 0.003554745977457273 1.5787817364198706 6.238467625881879
    endloop
  endfacet
  facet normal 0 0.9817083199968551 0.1903911091646677
    outer loop
      vertex -16.739347403200753 1.582343685045351 6.220101250391041
      vertex 0.003554745977457273 1.5787817364198706 6.238467625881879
      vertex 0.06065259679924993 1.582343685045351 6.220101250391041
    endloop
  endfacet
  facet normal 0 0.9411400479795614 0.3380168784085032
    outer loop
      vertex -16.74129836635813 1.5314457120854437 6.455599707532009
      vertex 0.003816835004685021 1.525696124246286 6.471608279057446
      vertex 0.05870163364186993 1.5314457120854437 6.455599707532009
    endloop
  endfacet
  facet normal 3.153168643400791e-18 0.9411400479795604 0.33801687840850625
    outer loop
      vertex -16.742393465553842 1.502876064811032 6.535146147145311
      vertex 0.05760653444615879 1.5028760648110306 6.535146147145315
      vertex 0.003816835004685021 1.525696124246286 6.471608279057446
    endloop
  endfacet
  facet normal 8.541052431846992e-19 0.8785122509109421 0.47771981851226325
    outer loop
      vertex -16.746170497675763 1.4043384383658568 6.7568803833395
      vertex 0.05382950232423815 1.4043384383658515 6.75688038333951
      vertex 0.0010290817591837587 1.438415346869679 6.694213982588093
    endloop
  endfacet
  facet normal 0 0.8785122509109367 0.47771981851227346
    outer loop
      vertex -16.744578729977178 1.4458654907729864 6.680513394007766
      vertex 0.0010290817591837587 1.438415346869679 6.694213982588093
      vertex 0.05542127002282071 1.4458654907729864 6.680513394007766
    endloop
  endfacet
  facet normal -5.592119648142672e-17 0.7952928712734302 0.6062254109666331
    outer loop
      vertex -16.8 1.1944851545791402 7.064521120264905
      vertex 0.04876691498922151 1.2722624264175348 6.962486944987527
      vertex -0.004619004102957673 1.3188939896894567 6.9013120929017955
    endloop
  endfacet
  facet normal 0 0.7952928712734207 0.6062254109666455
    outer loop
      vertex -16.749111767871167 1.327604702873682 6.889884712963902
      vertex -0.004619004102957673 1.3188939896894567 6.9013120929017955
      vertex 0.05088823212883591 1.327604702873682 6.889884712963902
    endloop
  endfacet
  facet normal 0 -0.746553221611962 -0.665325700165566
    outer loop
      vertex 0.9699606575466208 -1.2724685940374825 5.030039342453379
      vertex 1.1528345497612598 -1.1094920012675862 4.84716545023874
      vertex 15.837783521468458 -1.2724685940374825 5.030039342453379
    endloop
  endfacet
  facet normal 0 -0.8393654261319502 -0.5435675500012207
    outer loop
      vertex 0.9699606575466208 -1.2724685940374825 5.030039342453379
      vertex 16.045475636712034 -1.4056196014575075 5.235648290380379
      vertex 0.7643517096196213 -1.4056196014575075 5.235648290380379
    endloop
  endfacet
  facet normal 0 -0.9642534954531411 -0.26498150219666133
    outer loop
      vertex 0.5408270054536043 -1.5058240767672988 5.459172994546396
      vertex 16.52003250967876 -1.5707333119949678 5.69537422533653
      vertex 0.30462577466346996 -1.5707333119949678 5.69537422533653
    endloop
  endfacet
  facet normal 0 -0.9125036164765499 -0.4090686371713401
    outer loop
      vertex 0.5408270054536043 -1.5058240767672988 5.459172994546396
      vertex 0.7643517096196213 -1.4056196014575075 5.235648290380379
      vertex 16.273061999521886 -1.5058240767672988 5.459172994546396
    endloop
  endfacet
  facet normal 0 -0.5110186794471112 -0.8595696069872008
    outer loop
      vertex 1.3086869772267482 -0.9205098563497931 4.691313022773252
      vertex 1.4338648911376894 -0.7099517405871348 4.56613510886231
      vertex 15.497052782624415 -0.9205098563497931 4.691313022773252
    endloop
  endfacet
  facet normal 0 -0.3738170718407667 -0.9275024511020955
    outer loop
      vertex 1.4338648911376894 -0.7099517405871348 4.56613510886231
      vertex 1.525434227287889 -0.48275295775230775 4.474565772712111
      vertex 15.371373781638283 -0.7099517405871348 4.56613510886231
    endloop
  endfacet
  facet normal 0 -0.22785350890313963 -0.9736954238777785
    outer loop
      vertex 1.525434227287889 -0.48275295775230775 4.474565772712111
      vertex 1.581248678048558 -0.24423885475019846 4.418751321951442
      vertex 15.279489976479965 -0.48275295775230775 4.474565772712111
    endloop
  endfacet
  facet normal 0 -0.07654925283649226 -0.9970658011837408
    outer loop
      vertex 1.581248678048558 -0.24423885475019846 4.418751321951442
      vertex 1.6 0 4.4
      vertex 15.223501712623007 -0.24423885475019846 4.418751321951442
    endloop
  endfacet
  facet normal 0 -0.6362424423265582 -0.7714891798219442
    outer loop
      vertex 1.3086869772267482 -0.9205098563497931 4.691313022773252
      vertex 15.497052782624415 -0.9205098563497931 4.691313022773252
      vertex 15.565617312284893 -1.0179879077224956 4.771702579880087
    endloop
  endfacet
  facet normal -9.999213986999457e-17 -0.5110186794471161 -0.8595696069871976
    outer loop
      vertex 1.4338648911376894 -0.7099517405871348 4.56613510886231
      vertex 15.424688628820478 -0.8176298871153762 4.630150336712256
      vertex 15.497052782624415 -0.9205098563497931 4.691313022773252
    endloop
  endfacet
  facet normal 0 -0.5110186794471065 -0.8595696069872034
    outer loop
      vertex 1.4338648911376894 -0.7099517405871348 4.56613510886231
      vertex 15.371373781638283 -0.7099517405871348 4.56613510886231
      vertex 15.424688628820478 -0.8176298871153762 4.630150336712256
    endloop
  endfacet
  facet normal 0 -0.3738170718407684 -0.927502451102095
    outer loop
      vertex 1.525434227287889 -0.48275295775230775 4.474565772712111
      vertex 15.279489976479965 -0.48275295775230775 4.474565772712111
      vertex 15.31599607823665 -0.5981073149452298 4.521057755540506
    endloop
  endfacet
  facet normal 9.389454842341164e-17 -0.2278535089031345 -0.9736954238777796
    outer loop
      vertex 1.581248678048558 -0.24423885475019846 4.418751321951442
      vertex 15.242087321795553 -0.36456561424501976 4.44690886864777
      vertex 15.279489976479965 -0.48275295775230775 4.474565772712111
    endloop
  endfacet
  facet normal 3.142481286935602e-17 -0.37381707184076507 -0.9275024511020962
    outer loop
      vertex 1.525434227287889 -0.48275295775230775 4.474565772712111
      vertex 15.31599607823665 -0.5981073149452298 4.521057755540506
      vertex 15.371373781638283 -0.7099517405871348 4.56613510886231
    endloop
  endfacet
  facet normal 0 -0.22785350890314465 -0.9736954238777774
    outer loop
      vertex 1.581248678048558 -0.24423885475019846 4.418751321951442
      vertex 15.223501712623007 -0.24423885475019846 4.418751321951442
      vertex 15.242087321795553 -0.36456561424501976 4.44690886864777
    endloop
  endfacet
  facet normal -5.646229740901287e-17 -0.07654925283649541 -0.9970658011837406
    outer loop
      vertex 15.223501712623007 -0.24423885475019846 4.418751321951442
      vertex 1.6 0 4.4
      vertex 15.204694718106015 -0.12247880453839265 4.409403251986569
    endloop
  endfacet
  facet normal 0 -0.07654925283648915 -0.997065801183741
    outer loop
      vertex 15.204694718106015 -0.12247880453839265 4.409403251986569
      vertex 1.6 0 4.4
      vertex 15.204694718106015 0 4.4
    endloop
  endfacet
  facet normal 0 -0.6362424423265592 -0.7714891798219433
    outer loop
      vertex 1.3086869772267482 -0.9205098563497931 4.691313022773252
      vertex 15.653681171832252 -1.1094920012675862 4.84716545023874
      vertex 1.1528345497612598 -1.1094920012675862 4.84716545023874
    endloop
  endfacet
  facet normal 0 -0.9992661810508101 0.03830273369003503
    outer loop
      vertex -16.8 -1.5894433436154802 6.18349348063744
      vertex 0.061099911722662714 -1.594013522474266 6.064263735525903
      vertex 16.8 -1.5894433436154802 6.18349348063744
    endloop
  endfacet
  facet normal 0 -0.9817083199968544 0.19039110916467106
    outer loop
      vertex -16.8 -1.5894433436154802 6.18349348063744
      vertex 16.8 -1.5894433436154802 6.18349348063744
      vertex 0.06065259679924993 -1.582343685045351 6.220101250391041
    endloop
  endfacet
  facet normal 7.719416066603628e-16 -0.9817083199968749 0.19039110916456517
    outer loop
      vertex -16.8 -1.5894433436154802 6.18349348063744
      vertex 0.060039908161765326 -1.5663594725369956 6.302520195671088
      vertex 16.8 -1.5428055927250257 6.423970403514659
    endloop
  endfacet
  facet normal 0 -0.9411400479795616 0.33801687840850253
    outer loop
      vertex -16.8 -1.5428055927250257 6.423970403514659
      vertex 16.8 -1.5428055927250257 6.423970403514659
      vertex 0.05870163364186993 -1.5314457120854437 6.455599707532009
    endloop
  endfacet
  facet normal 2.1647331947335276e-17 -0.941140047979563 0.33801687840849864
    outer loop
      vertex -16.8 -1.5428055927250257 6.423970403514659
      vertex 0.057606534446158764 -1.50287606481103 6.535146147145317
      vertex 16.8 -1.46000578636248 6.6545098194741445
    endloop
  endfacet
  facet normal 0 -0.8785122509109411 0.4777198185122653
    outer loop
      vertex -16.8 -1.46000578636248 6.6545098194741445
      vertex 16.8 -1.46000578636248 6.6545098194741445
      vertex 0.055421270022820664 -1.445865490772985 6.680513394007769
    endloop
  endfacet
  facet normal 2.0345302310780417e-16 -0.8785122509109556 0.47771981851223844
    outer loop
      vertex -16.8 -1.46000578636248 6.6545098194741445
      vertex 0.05382950232423846 -1.4043384383658595 6.756880383339496
      vertex 16.8 -1.34298468181112 6.8697080800019545
    endloop
  endfacet
  facet normal 0 -0.7952928712734268 0.6062254109666375
    outer loop
      vertex -16.8 -1.34298468181112 6.8697080800019545
      vertex 16.8 -1.34298468181112 6.8697080800019545
      vertex 0.05088823212883583 -1.32760470287368 6.889884712963905
    endloop
  endfacet
  facet normal 3.093872301426551e-16 -0.7952928712734519 0.6062254109666045
    outer loop
      vertex -16.8 -1.34298468181112 6.8697080800019545
      vertex 0.04876691498922114 -1.272262426417525 6.962486944987539
      vertex 16.8 -1.1944851545791402 7.064521120264905
    endloop
  endfacet
  facet normal 0 -0.693432500792231 0.7205215936007973
    outer loop
      vertex -16.8 -1.1944851545791402 7.064521120264905
      vertex 16.8 -1.1944851545791402 7.064521120264905
      vertex 0.04520468326323531 -1.1793286498978102 7.079107793360877
    endloop
  endfacet
  facet normal 1.672127911075164e-16 -0.6934325007922235 0.7205215936008046
    outer loop
      vertex -16.8 -1.0179879077224956 7.234382687715109
      vertex 0.04250535923553575 -1.1089069605634072 7.1468818733868895
      vertex 16.8 -1.1944851545791402 7.064521120264905
    endloop
  endfacet
  facet normal 0 -0.5753186602186008 0.8179293607667316
    outer loop
      vertex -16.8 -1.0179879077224956 7.234382687715109
      vertex 16.8 -1.0179879077224956 7.234382687715109
      vertex 0.038496310624020445 -1.0043163397451815 7.2439990538086585
    endloop
  endfacet
  facet normal 0 -0.5753186602186238 0.8179293607667154
    outer loop
      vertex -16.8 -0.8176298871153762 7.375311371179523
      vertex 0.03515615765342688 -0.9171762956412569 7.305291991597647
      vertex 16.8 -0.8176298871153762 7.375311371179523
    endloop
  endfacet
  facet normal 0 -0.44371983786695696 0.8961655569610569
    outer loop
      vertex -16.8 -0.8176298871153762 7.375311371179523
      vertex 16.8 -0.8176298871153762 7.375311371179523
      vertex 0.03091037784231024 -0.8064096800839733 7.380866849635636
    endloop
  endfacet
  facet normal 0 -0.44371983786695673 0.896165556961057
    outer loop
      vertex -16.8 -0.5981073149452298 7.484003921763351
      vertex 0.026840558692179797 -0.7002336386392781 7.433437957205264
      vertex 16.8 -0.5981073149452298 7.484003921763351
    endloop
  endfacet
  facet normal 0 -0.30172059859520217 0.9533963920549274
    outer loop
      vertex -16.8 -0.5981073149452298 7.484003921763351
      vertex 16.8 -0.5981073149452298 7.484003921763351
      vertex 0.022613592803208835 -0.5899578526996722 7.486582975604387
    endloop
  endfacet
  facet normal 0 -0.3017205985951898 0.9533963920549313
    outer loop
      vertex -16.8 -0.36456561424501976 7.557912678204446
      vertex 0.017630193328801235 -0.45994774423742896 7.5277271713193565
      vertex 16.8 -0.36456561424501976 7.557912678204446
    endloop
  endfacet
  facet normal 0 -0.1526492842188618 0.9882804237803505
    outer loop
      vertex -16.8 -0.36456561424501976 7.557912678204446
      vertex 16.8 -0.36456561424501976 7.557912678204446
      vertex 0.013789597913732231 -0.35975183800174215 7.558656211598658
    endloop
  endfacet
  facet normal 0 -0.15264928421887058 0.9882804237803491
    outer loop
      vertex -16.8 -0.12247880453839265 7.595305281893985
      vertex 0.0071436471346914224 -0.18636802920713655 7.585436985224021
      vertex 16.8 -0.12247880453839265 7.595305281893985
    endloop
  endfacet
  facet normal 0 0 1
    outer loop
      vertex -16.8 -0.12247880453839265 7.595305281893985
      vertex 16.8 -0.12247880453839265 7.595305281893985
      vertex 0.004635895514874384 -0.12094420320981647 7.595305281893985
    endloop
  endfacet
  facet normal 0 -0.9934020897596749 -0.11468342539840105
    outer loop
      vertex 0.30462577466346996 -1.5707333119949678 5.69537422533653
      vertex 16.8 -1.5988258896812961 5.938715626095943
      vertex 0.06128437390405637 -1.5988258896812961 5.938715626095943
    endloop
  endfacet
  facet normal 0 -0.9992661810508099 0.03830273369003736
    outer loop
      vertex 0.06128437390405637 -1.5988258896812961 5.938715626095943
      vertex 16.8 -1.5988258896812961 5.938715626095943
      vertex 0.08163242165892282 -1.5964768068267765 6
    endloop
  endfacet
  facet normal 9.194591292658296e-18 -0.9992661810508101 0.03830273369003374
    outer loop
      vertex 0.08163242165892282 -1.5964768068267765 6
      vertex 16.8 -1.5894433436154802 6.18349348063744
      vertex 0.061099911722662714 -1.594013522474266 6.064263735525903
    endloop
  endfacet
  facet normal -7.6857302956579e-18 -0.981708319996855 0.19039110916466767
    outer loop
      vertex 0.06065259679924993 -1.582343685045351 6.220101250391041
      vertex 16.8 -1.5894433436154802 6.18349348063744
      vertex 0.07954038441861597 -1.5787817364198706 6.238467625881879
    endloop
  endfacet
  facet normal -1.8224741961854e-17 -0.9817083199968548 0.19039110916466911
    outer loop
      vertex 0.07954038441861597 -1.5787817364198706 6.238467625881879
      vertex 16.8 -1.5428055927250257 6.423970403514659
      vertex 0.060039908161765326 -1.5663594725369956 6.302520195671088
    endloop
  endfacet
  facet normal 1.4247235164536768e-18 -0.9411400479795613 0.33801687840850325
    outer loop
      vertex 0.05870163364186993 -1.5314457120854437 6.455599707532009
      vertex 16.8 -1.5428055927250257 6.423970403514659
      vertex 0.07673843111866532 -1.525696124246286 6.471608279057446
    endloop
  endfacet
  facet normal -7.657253275155015e-19 -0.9411400479795617 0.3380168784085024
    outer loop
      vertex 0.07673843111866532 -1.525696124246286 6.471608279057446
      vertex 16.8 -1.46000578636248 6.6545098194741445
      vertex 0.057606534446158764 -1.50287606481103 6.535146147145317
    endloop
  endfacet
  facet normal -1.615974911719772e-17 -0.8785122509109454 0.47771981851225725
    outer loop
      vertex 0.055421270022820664 -1.445865490772985 6.680513394007769
      vertex 16.8 -1.46000578636248 6.6545098194741445
      vertex 0.0732065879169554 -1.4384153468696794 6.694213982588093
    endloop
  endfacet
  facet normal -3.188208164419915e-17 -0.8785122509109411 0.47771981851226525
    outer loop
      vertex 0.0732065879169554 -1.4384153468696794 6.694213982588093
      vertex 16.8 -1.34298468181112 6.8697080800019545
      vertex 0.05382950232423846 -1.4043384383658595 6.756880383339496
    endloop
  endfacet
  facet normal 1.8660335806342512e-17 -0.7952928712734193 0.6062254109666473
    outer loop
      vertex 0.05088823212883583 -1.32760470287368 6.889884712963905
      vertex 16.8 -1.34298468181112 6.8697080800019545
      vertex 0.06898150465469677 -1.3188939896894574 6.9013120929017955
    endloop
  endfacet
  facet normal -1.0557591398798098e-17 -0.7952928712734241 0.6062254109666411
    outer loop
      vertex 0.06898150465469677 -1.3188939896894574 6.9013120929017955
      vertex 16.79538099589706 -1.3188939896894576 6.9013120929017955
      vertex 0.04876691498922114 -1.272262426417525 6.962486944987539
    endloop
  endfacet
  facet normal -3.102171089718095e-17 -0.6934325007922487 0.7205215936007802
    outer loop
      vertex 0.04520468326323531 -1.1793286498978102 7.079107793360877
      vertex 16.8 -1.1944851545791402 7.064521120264905
      vertex 0.06415818952436825 -1.1698018899592937 7.088276380433471
    endloop
  endfacet
  facet normal -1.748603103850235e-17 -0.693432500792244 0.7205215936007848
    outer loop
      vertex 0.06415818952436825 -1.1698018899592937 7.088276380433471
      vertex 16.8 -1.1944851545791402 7.064521120264905
      vertex 0.04250535923553575 -1.1089069605634072 7.1468818733868895
    endloop
  endfacet
  facet normal 7.58667896839739e-17 -0.6934325007922344 0.7205215936007942
    outer loop
      vertex -16.8 -1.0179879077224956 7.234382687715109
      vertex 16.8 -1.1944851545791402 7.064521120264905
      vertex 16.8 -1.1719300884989978 7.086228194718183
    endloop
  endfacet
  facet normal -6.473797229837886e-16 -0.6934325007923139 0.7205215936007178
    outer loop
      vertex -16.8 -1.0179879077224956 7.234382687715109
      vertex 16.8 -1.1719300884989978 7.086228194718183
      vertex 16.786996858480617 -1.169801889959294 7.088276380433471
    endloop
  endfacet
  facet normal 3.63729469444031e-17 -0.6934325007922378 0.7205215936007908
    outer loop
      vertex -16.8 -1.0179879077224956 7.234382687715109
      vertex 16.786996858480617 -1.169801889959294 7.088276380433471
      vertex 16.8 -1.155536950824232 7.102005007730595
    endloop
  endfacet
  facet normal 0 -0.6934325007922424 0.7205215936007864
    outer loop
      vertex -16.8 -1.0179879077224956 7.234382687715109
      vertex 16.8 -1.155536950824232 7.102005007730595
      vertex 16.8 -1.0179879077224956 7.234382687715109
    endloop
  endfacet
  facet normal -4.220922090895073e-17 -0.5753186602186353 0.8179293607667072
    outer loop
      vertex 0.038496310624020445 -1.0043163397451815 7.2439990538086585
      vertex 16.8 -1.0179879077224956 7.234382687715109
      vertex 0.058908659310171044 -0.9944620989431859 7.250930371948848
    endloop
  endfacet
  facet normal -1.0833961146510843e-17 -0.5753186602186205 0.8179293607667177
    outer loop
      vertex 0.058908659310171044 -0.9944620989431859 7.250930371948848
      vertex 16.8 -1.0179879077224956 7.234382687715109
      vertex 0.03515615765342688 -0.9171762956412569 7.305291991597647
    endloop
  endfacet
  facet normal 1.6237972814621464e-17 -0.44371983786693764 0.8961655569610666
    outer loop
      vertex 0.03091037784231024 -0.8064096800839733 7.380866849635636
      vertex 16.8 -0.8176298871153762 7.375311371179523
      vertex 0.053551216478298934 -0.7967682091332152 7.385640646055101
    endloop
  endfacet
  facet normal -1.8036983359435613e-17 -0.4437198378669596 0.8961655569610557
    outer loop
      vertex 0.053551216478298934 -0.7967682091332152 7.385640646055101
      vertex 16.8 -0.8176298871153762 7.375311371179523
      vertex 0.026840558692179797 -0.7002336386392781 7.433437957205264
    endloop
  endfacet
  facet normal 2.0230813995064755e-17 -0.3017205985951643 0.9533963920549394
    outer loop
      vertex 0.022613592803208835 -0.5899578526996722 7.486582975604387
      vertex 16.8 -0.5981073149452298 7.484003921763351
      vertex 0.04884318380848454 -0.581062762186651 7.489397997830727
    endloop
  endfacet
  facet normal -1.4167710365879977e-17 -0.301720598595195 0.9533963920549297
    outer loop
      vertex 0.04884318380848454 -0.581062762186651 7.489397997830727
      vertex 16.8 -0.5981073149452298 7.484003921763351
      vertex 0.017630193328801235 -0.45994774423742896 7.5277271713193565
    endloop
  endfacet
  facet normal -1.8912822348814964e-18 -0.1526492842188682 0.9882804237803494
    outer loop
      vertex 0.013789597913732231 -0.35975183800174215 7.558656211598658
      vertex 16.8 -0.36456561424501976 7.557912678204446
      vertex 0.04805684648273442 -0.35179863330924926 7.559884659490918
    endloop
  endfacet
  facet normal -1.1311420686567815e-17 -0.1526492842188803 0.9882804237803475
    outer loop
      vertex 0.04805684648273442 -0.35179863330924926 7.559884659490918
      vertex 16.8 -0.36456561424501976 7.557912678204446
      vertex 0.0071436471346914224 -0.18636802920713655 7.585436985224021
    endloop
  endfacet
  facet normal 0 0 1
    outer loop
      vertex 0.004635895514874384 -0.12094420320981647 7.595305281893985
      vertex 16.8 -0.12247880453839265 7.595305281893985
      vertex 0.023043610834442146 -0.11881912226991508 7.595305281893985
    endloop
  endfacet
  facet normal 0 0 1
    outer loop
      vertex 0.04091120344690925 -0.11390902181042464 7.595305281893985
      vertex 16.8 -0.12247880453839265 7.595305281893985
      vertex 0.057819872125308786 -0.10632899042450743 7.595305281893985
    endloop
  endfacet
  facet normal 0 0 1
    outer loop
      vertex 0.023043610834442146 -0.11881912226991508 7.595305281893985
      vertex 16.8 -0.12247880453839265 7.595305281893985
      vertex 0.04091120344690925 -0.11390902181042464 7.595305281893985
    endloop
  endfacet
  facet normal 0 0 1
    outer loop
      vertex 0.057819872125308786 -0.10632899042450743 7.595305281893985
      vertex 16.8 -0.12247880453839265 7.595305281893985
      vertex 0.07337329200694241 -0.09625669762331375 7.595305281893985
    endloop
  endfacet
  facet normal 0 0 1
    outer loop
      vertex 0.07337329200694241 -0.09625669762331375 7.595305281893985
      vertex 16.8 -0.12247880453839265 7.595305281893985
      vertex 0.0872069041122518 -0.08392822941322312 7.595305281893985
    endloop
  endfacet
  facet normal 0 0 1
    outer loop
      vertex 0.0872069041122518 -0.08392822941322312 7.595305281893985
      vertex 16.8 -0.12247880453839265 7.595305281893985
      vertex 0.09899646029831441 -0.06963255463995523 7.595305281893985
    endloop
  endfacet
  facet normal 0 0 1
    outer loop
      vertex 0.09899646029831441 -0.06963255463995523 7.595305281893985
      vertex 16.8 -0.12247880453839265 7.595305281893985
      vertex 0.10846562336049351 -0.05370475180374326 7.595305281893985
    endloop
  endfacet
  facet normal 0 0 1
    outer loop
      vertex 0.10846562336049351 -0.05370475180374326 7.595305281893985
      vertex 16.8 -0.12247880453839265 7.595305281893985
      vertex 0.1153924441423019 -0.03651815510328852 7.595305281893985
    endloop
  endfacet
  facet normal 0 0 1
    outer loop
      vertex 0.1153924441423019 -0.03651815510328852 7.595305281893985
      vertex 16.8 -0.12247880453839265 7.595305281893985
      vertex 0.11961456383551516 -0.018475603798565575 7.595305281893985
    endloop
  endfacet
  facet normal 0 0 1
    outer loop
      vertex 0.11961456383551516 -0.018475603798565575 7.595305281893985
      vertex 16.8 -0.12247880453839265 7.595305281893985
      vertex 0.12103301953302702 0 7.595305281893985
    endloop
  endfacet
  facet normal 0 -0.8393654261319519 -0.5435675500012181
    outer loop
      vertex 0.9699606575466208 -1.2724685940374825 5.030039342453379
      vertex 15.837783521468458 -1.2724685940374825 5.030039342453379
      vertex 15.930291919998046 -1.34298468181112 5.138928782345706
    endloop
  endfacet
  facet normal 5.176987512046673e-17 -0.8393654261319485 -0.5435675500012233
    outer loop
      vertex 0.9699606575466208 -1.2724685940374825 5.030039342453379
      vertex 15.930291919998046 -1.34298468181112 5.138928782345706
      vertex 16.045475636712034 -1.4056196014575075 5.235648290380379
    endloop
  endfacet
  facet normal 0 -0.9642534954531412 -0.26498150219666083
    outer loop
      vertex 0.5408270054536043 -1.5058240767672988 5.459172994546396
      vertex 16.273061999521886 -1.5058240767672988 5.459172994546396
      vertex 16.376029596485342 -1.5428055927250257 5.593746750577596
    endloop
  endfacet
  facet normal 1.0520786706289583e-17 -0.9642534954531408 -0.264981502196662
    outer loop
      vertex 0.5408270054536043 -1.5058240767672988 5.459172994546396
      vertex 16.376029596485342 -1.5428055927250257 5.593746750577596
      vertex 16.52003250967876 -1.5707333119949678 5.69537422533653
    endloop
  endfacet
  facet normal 0 -0.9125036164765491 -0.40906863717134173
    outer loop
      vertex 0.7643517096196213 -1.4056196014575075 5.235648290380379
      vertex 16.045475636712034 -1.4056196014575075 5.235648290380379
      vertex 16.145490180525858 -1.46000578636248 5.35696678293292
    endloop
  endfacet
  facet normal -3.355906364756683e-17 -0.9125036164765508 -0.4090686371713382
    outer loop
      vertex 0.7643517096196213 -1.4056196014575075 5.235648290380379
      vertex 16.145490180525858 -1.46000578636248 5.35696678293292
      vertex 16.273061999521886 -1.5058240767672988 5.459172994546396
    endloop
  endfacet
  facet normal 0 -0.7465532216119612 -0.6653257001655669
    outer loop
      vertex 1.1528345497612598 -1.1094920012675862 4.84716545023874
      vertex 15.653681171832252 -1.1094920012675862 4.84716545023874
      vertex 15.735478879735096 -1.1944851545791402 4.9425351502276476
    endloop
  endfacet
  facet normal -2.1477246663864968e-17 -0.7465532216119631 -0.6653257001655649
    outer loop
      vertex 1.1528345497612598 -1.1094920012675862 4.84716545023874
      vertex 15.735478879735096 -1.1944851545791402 4.9425351502276476
      vertex 15.837783521468458 -1.2724685940374825 5.030039342453379
    endloop
  endfacet
  facet normal -2.4784032353894872e-17 -0.6362424423265605 -0.7714891798219424
    outer loop
      vertex 1.3086869772267482 -0.9205098563497931 4.691313022773252
      vertex 15.565617312284893 -1.0179879077224956 4.771702579880087
      vertex 15.653681171832252 -1.1094920012675862 4.84716545023874
    endloop
  endfacet
  facet normal 0 -0.9934020897596751 -0.11468342539840039
    outer loop
      vertex 0.30462577466346996 -1.5707333119949678 5.69537422533653
      vertex 16.52003250967876 -1.5707333119949678 5.69537422533653
      vertex 16.61650651936256 -1.5894433436154802 5.857442845511751
    endloop
  endfacet
  facet normal 2.3237816386934816e-17 -0.9934020897596748 -0.11468342539840273
    outer loop
      vertex 0.30462577466346996 -1.5707333119949678 5.69537422533653
      vertex 16.61650651936256 -1.5894433436154802 5.857442845511751
      vertex 16.8 -1.5964768068267767 5.918367578341078
    endloop
  endfacet
  facet normal 7.701257827908423e-18 -0.9934020897596748 -0.11468342539840144
    outer loop
      vertex 0.30462577466346996 -1.5707333119949678 5.69537422533653
      vertex 16.8 -1.5964768068267767 5.918367578341078
      vertex 16.8 -1.5988258896812961 5.938715626095943
    endloop
  endfacet
  facet normal -1.3271730230038927e-17 -0.9992661810508101 0.03830273369003375
    outer loop
      vertex 0.08163242165892282 -1.5964768068267765 6
      vertex 16.8 -1.5988258896812961 5.938715626095943
      vertex 16.8 -1.5964768068267767 6
    endloop
  endfacet
  facet normal -1.3271730230038924e-17 -0.99926618105081 0.03830273369003578
    outer loop
      vertex 0.08163242165892282 -1.5964768068267765 6
      vertex 16.8 -1.5964768068267767 6
      vertex 16.8 -1.5894433436154802 6.18349348063744
    endloop
  endfacet
  facet normal -6.458935592428868e-18 -0.981708319996855 0.19039110916466806
    outer loop
      vertex 0.07954038441861597 -1.5787817364198706 6.238467625881879
      vertex 16.8 -1.5894433436154802 6.18349348063744
      vertex 16.8 -1.5428055927250257 6.423970403514659
    endloop
  endfacet
  facet normal -1.1645309426135548e-18 -0.9411400479795616 0.3380168784085024
    outer loop
      vertex 0.07673843111866532 -1.525696124246286 6.471608279057446
      vertex 16.8 -1.5428055927250257 6.423970403514659
      vertex 16.8 -1.46000578636248 6.6545098194741445
    endloop
  endfacet
  facet normal 1.058440957494218e-18 -0.8785122509109423 0.47771981851226275
    outer loop
      vertex 0.0732065879169554 -1.4384153468696794 6.694213982588093
      vertex 16.8 -1.46000578636248 6.6545098194741445
      vertex 16.8 -1.34298468181112 6.8697080800019545
    endloop
  endfacet
  facet normal -1.055759139879934e-17 -0.7952928712735176 0.6062254109665185
    outer loop
      vertex 0.06898150465469677 -1.3188939896894574 6.9013120929017955
      vertex 16.8 -1.3196188468913088 6.900361169771727
      vertex 16.79538099589706 -1.3188939896894576 6.9013120929017955
    endloop
  endfacet
  facet normal 4.781147482059096e-19 -0.795292871273424 0.6062254109666414
    outer loop
      vertex 0.06898150465469677 -1.3188939896894574 6.9013120929017955
      vertex 16.8 -1.34298468181112 6.8697080800019545
      vertex 16.8 -1.3196188468913088 6.900361169771727
    endloop
  endfacet
  facet normal -1.1636296399882642e-16 -0.7952928712734381 0.6062254109666229
    outer loop
      vertex 0.04876691498922114 -1.272262426417525 6.962486944987539
      vertex 16.79538099589706 -1.3188939896894576 6.9013120929017955
      vertex 16.8 -1.3148593793326007 6.906605003421759
    endloop
  endfacet
  facet normal -2.4512181605036226e-17 -0.7952928712734247 0.6062254109666402
    outer loop
      vertex 0.04876691498922114 -1.272262426417525 6.962486944987539
      vertex 16.8 -1.3148593793326007 6.906605003421759
      vertex 16.8 -1.1944851545791402 7.064521120264905
    endloop
  endfacet
  facet normal -1.694488789028418e-16 -0.5753186602186382 0.8179293607667052
    outer loop
      vertex 0.03515615765342688 -0.9171762956412569 7.305291991597647
      vertex 16.8 -1.0179879077224956 7.234382687715109
      vertex 16.8 -0.9982589138821835 7.248259751980207
    endloop
  endfacet
  facet normal 3.7946292573866576e-16 -0.5753186602185627 0.8179293607667583
    outer loop
      vertex 0.03515615765342688 -0.9171762956412569 7.305291991597647
      vertex 16.8 -0.9982589138821835 7.248259751980207
      vertex 16.77587038280296 -0.9944620989431866 7.250930371948848
    endloop
  endfacet
  facet normal -5.1685396108229614e-17 -0.5753186602186247 0.8179293607667147
    outer loop
      vertex 0.03515615765342688 -0.9171762956412569 7.305291991597647
      vertex 16.77587038280296 -0.9944620989431866 7.250930371948848
      vertex 16.8 -0.9630063770074525 7.273055832493891
    endloop
  endfacet
  facet normal -3.274725409089541e-17 -0.5753186602186201 0.8179293607667182
    outer loop
      vertex 0.03515615765342688 -0.9171762956412569 7.305291991597647
      vertex 16.8 -0.9630063770074525 7.273055832493891
      vertex 16.8 -0.8176298871153762 7.375311371179523
    endloop
  endfacet
  facet normal -1.1941637540340972e-16 -0.4437198378669711 0.8961655569610498
    outer loop
      vertex 0.026840558692179797 -0.7002336386392781 7.433437957205264
      vertex 16.8 -0.8176298871153762 7.375311371179523
      vertex 16.8 -0.8021070986430526 7.382997193437119
    endloop
  endfacet
  facet normal 3.5396719428491442e-16 -0.4437198378669085 0.8961655569610809
    outer loop
      vertex 0.026840558692179797 -0.7002336386392781 7.433437957205264
      vertex 16.8 -0.8021070986430526 7.382997193437119
      vertex 16.761644632583156 -0.7967682091332157 7.385640646055101
    endloop
  endfacet
  facet normal -4.6437146525820894e-17 -0.44371983786696445 0.8961655569610533
    outer loop
      vertex 0.026840558692179797 -0.7002336386392781 7.433437957205264
      vertex 16.761644632583156 -0.7967682091332157 7.385640646055101
      vertex 16.8 -0.7399760268497985 7.413760247081013
    endloop
  endfacet
  facet normal -1.6985969942374224e-17 -0.4437198378669545 0.8961655569610582
    outer loop
      vertex 0.026840558692179797 -0.7002336386392781 7.433437957205264
      vertex 16.8 -0.7399760268497985 7.413760247081013
      vertex 16.8 -0.5981073149452298 7.484003921763351
    endloop
  endfacet
  facet normal -1.0162422878399589e-16 -0.30172059859520456 0.9533963920549268
    outer loop
      vertex 0.017630193328801235 -0.45994774423742896 7.5277271713193565
      vertex 16.8 -0.5981073149452298 7.484003921763351
      vertex 16.8 -0.5874402265115202 7.487379726763567
    endloop
  endfacet
  facet normal 5.555728652753773e-16 -0.3017205985951254 0.9533963920549516
    outer loop
      vertex 0.017630193328801235 -0.45994774423742896 7.5277271713193565
      vertex 16.8 -0.5874402265115202 7.487379726763567
      vertex 16.74271692039176 -0.5810627621866506 7.489397997830727
    endloop
  endfacet
  facet normal -2.8833584822315293e-17 -0.30172059859519945 0.9533963920549283
    outer loop
      vertex 0.017630193328801235 -0.45994774423742896 7.5277271713193565
      vertex 16.74271692039176 -0.5810627621866506 7.489397997830727
      vertex 16.8 -0.48845112017801223 7.51870673058511
    endloop
  endfacet
  facet normal -8.451988804924282e-18 -0.30172059859518846 0.9533963920549318
    outer loop
      vertex 0.017630193328801235 -0.45994774423742896 7.5277271713193565
      vertex 16.8 -0.48845112017801223 7.51870673058511
      vertex 16.8 -0.36456561424501976 7.557912678204446
    endloop
  endfacet
  facet normal 7.652246132936472e-16 -0.15264928421880966 0.9882804237803585
    outer loop
      vertex 0.0071436471346914224 -0.18636802920713655 7.585436985224021
      vertex 16.8 -0.36456561424501976 7.557912678204446
      vertex 16.8 -0.3586954585331015 7.5588193794262
    endloop
  endfacet
  facet normal -2.3055528818341715e-15 -0.15264928421909904 0.9882804237803139
    outer loop
      vertex 0.0071436471346914224 -0.18636802920713655 7.585436985224021
      vertex 16.8 -0.3586954585331015 7.5588193794262
      vertex 16.75895337141903 -0.35555100022756164 7.559305070833262
    endloop
  endfacet
  facet normal 5.038190297530832e-16 -0.1526492842188305 0.9882804237803553
    outer loop
      vertex 0.0071436471346914224 -0.18636802920713655 7.585436985224021
      vertex 16.75895337141903 -0.35555100022756164 7.559305070833262
      vertex 16.749445244415522 -0.3517986333092505 7.559884659490918
    endloop
  endfacet
  facet normal 5.0748979830463645e-17 -0.15264928421887422 0.9882804237803486
    outer loop
      vertex 0.0071436471346914224 -0.18636802920713655 7.585436985224021
      vertex 16.749445244415522 -0.3517986333092505 7.559884659490918
      vertex 16.771474300739257 -0.24709315368839976 7.576057413836065
    endloop
  endfacet
  facet normal 2.7382789127467448e-17 -0.1526492842188805 0.9882804237803476
    outer loop
      vertex 0.0071436471346914224 -0.18636802920713655 7.585436985224021
      vertex 16.771474300739257 -0.24709315368839976 7.576057413836065
      vertex 16.8 -0.1985297003714342 7.583558499772458
    endloop
  endfacet
  facet normal 2.914473552034824e-17 -0.15264928421887808 0.988280423780348
    outer loop
      vertex 0.0071436471346914224 -0.18636802920713655 7.585436985224021
      vertex 16.8 -0.1985297003714342 7.583558499772458
      vertex 16.8 -0.12247880453839265 7.595305281893985
    endloop
  endfacet
  facet normal 0 0 1
    outer loop
      vertex 16.76792848866874 -0.11670651214996909 7.595305281893985
      vertex 16.75048918764689 -0.11044306803696415 7.595305281893985
      vertex 0.12103301953302702 0 7.595305281893985
    endloop
  endfacet
  facet normal 0 0 1
    outer loop
      vertex 16.8 -0.12247880453839265 7.595305281893985
      vertex 16.8 -0.12076650534043107 7.595305281893985
      vertex 0.12103301953302702 0 7.595305281893985
    endloop
  endfacet
  facet normal 0 0 1
    outer loop
      vertex 16.786119518733642 -0.12023445453403214 7.595305281893985
      vertex 0.12103301953302702 0 7.595305281893985
      vertex 16.8 -0.12076650534043107 7.595305281893985
    endloop
  endfacet
  facet normal 0 0 1
    outer loop
      vertex 16.76792848866874 -0.11670651214996909 7.595305281893985
      vertex 0.12103301953302702 0 7.595305281893985
      vertex 16.786119518733642 -0.12023445453403214 7.595305281893985
    endloop
  endfacet
  facet normal 0 0 1
    outer loop
      vertex 16.734210378103185 -0.10159093201637577 7.595305281893985
      vertex 0.12103301953302702 0 7.595305281893985
      vertex 16.75048918764689 -0.11044306803696415 7.595305281893985
    endloop
  endfacet
  facet normal 0 0 1
    outer loop
      vertex 16.734210378103185 -0.10159093201637577 7.595305281893985
      vertex 16.71947362153604 -0.09035759065380497 7.595305281893985
      vertex 0.12103301953302702 0 7.595305281893985
    endloop
  endfacet
  facet normal 0 0 1
    outer loop
      vertex 16.70662433502909 -0.07700634394985136 7.595305281893985
      vertex 16.695963694967524 -0.06185013381126375 7.595305281893985
      vertex 0.12103301953302702 0 7.595305281893985
    endloop
  endfacet
  facet normal 0 0 1
    outer loop
      vertex 16.71947362153604 -0.09035759065380497 7.595305281893985
      vertex 16.70662433502909 -0.07700634394985136 7.595305281893985
      vertex 0.12103301953302702 0 7.595305281893985
    endloop
  endfacet
  facet normal 0 0 1
    outer loop
      vertex 16.695963694967524 -0.06185013381126375 7.595305281893985
      vertex 16.687741577718832 -0.045244208957882705 7.595305281893985
      vertex 0.12103301953302702 0 7.595305281893985
    endloop
  endfacet
  facet normal 0 0 1
    outer loop
      vertex 16.687741577718832 -0.045244208957882705 7.595305281893985
      vertex 16.682150702742582 -0.02757779819374217 7.595305281893985
      vertex 0.12103301953302702 0 7.595305281893985
    endloop
  endfacet
  facet normal 0 0 1
    outer loop
      vertex 16.682150702742582 -0.02757779819374217 7.595305281893985
      vertex 16.679322115409615 -0.009264987213798172 7.595305281893985
      vertex 0.12103301953302702 0 7.595305281893985
    endloop
  endfacet
  facet normal 1 0 0
    outer loop
      vertex 16.8 -1.5964768068267767 5.918367578341078
      vertex 16.8 -1.5964768068267767 6
      vertex 16.8 -1.5988258896812961 5.938715626095943
    endloop
  endfacet
  facet normal 1 0 0
    outer loop
      vertex 16.8 -1.5964768068267767 6
      vertex 16.8 -1.5786454799437764 6.238467625881879
      vertex 16.8 -1.5894433436154802 6.18349348063744
    endloop
  endfacet
  facet normal 1 0 0
    outer loop
      vertex 16.8 -1.5894433436154802 6.18349348063744
      vertex 16.8 -1.5786454799437764 6.238467625881879
      vertex 16.8 -1.5428055927250257 6.423970403514659
    endloop
  endfacet
  facet normal 1 0 0
    outer loop
      vertex 16.8 -1.5786454799437764 6.238467625881879
      vertex 16.8 -1.5255498216719616 6.471608279057446
      vertex 16.8 -1.5428055927250257 6.423970403514659
    endloop
  endfacet
  facet normal 1 0 0
    outer loop
      vertex 16.8 -1.5428055927250257 6.423970403514659
      vertex 16.8 -1.5255498216719616 6.471608279057446
      vertex 16.8 -1.46000578636248 6.6545098194741445
    endloop
  endfacet
  facet normal 1 0 0
    outer loop
      vertex 16.8 -1.5255498216719616 6.471608279057446
      vertex 16.8 -1.43837590127919 6.694213982588093
      vertex 16.8 -1.46000578636248 6.6545098194741445
    endloop
  endfacet
  facet normal 1 0 0
    outer loop
      vertex 16.8 -1.46000578636248 6.6545098194741445
      vertex 16.8 -1.43837590127919 6.694213982588093
      vertex 16.8 -1.34298468181112 6.8697080800019545
    endloop
  endfacet
  facet normal 1 0 0
    outer loop
      vertex 16.8 -1.43837590127919 6.694213982588093
      vertex 16.8 -1.3196188468913088 6.900361169771727
      vertex 16.8 -1.34298468181112 6.8697080800019545
    endloop
  endfacet
  facet normal 1 0 0
    outer loop
      vertex 16.8 -1.3148593793326007 6.906605003421759
      vertex 16.8 -1.1719300884989978 7.086228194718183
      vertex 16.8 -1.1944851545791402 7.064521120264905
    endloop
  endfacet
  facet normal 1 0 0
    outer loop
      vertex 16.8 -1.155536950824232 7.102005007730595
      vertex 16.8 -0.9982589138821835 7.248259751980207
      vertex 16.8 -1.0179879077224956 7.234382687715109
    endloop
  endfacet
  facet normal 1 0 0
    outer loop
      vertex 16.8 -0.9630063770074525 7.273055832493891
      vertex 16.8 -0.8021070986430526 7.382997193437119
      vertex 16.8 -0.8176298871153762 7.375311371179523
    endloop
  endfacet
  facet normal 1 0 0
    outer loop
      vertex 16.8 -0.7399760268497985 7.413760247081013
      vertex 16.8 -0.5874402265115202 7.487379726763567
      vertex 16.8 -0.5981073149452298 7.484003921763351
    endloop
  endfacet
  facet normal 1 0 0
    outer loop
      vertex 16.8 -0.48845112017801223 7.51870673058511
      vertex 16.8 -0.3586954585331015 7.5588193794262
      vertex 16.8 -0.36456561424501976 7.557912678204446
    endloop
  endfacet
  facet normal 1 0 0
    outer loop
      vertex 16.8 -0.1985297003714342 7.583558499772458
      vertex 16.8 -0.12076650534043107 7.595305281893985
      vertex 16.8 -0.12247880453839265 7.595305281893985
    endloop
  endfacet
  facet normal 0 0.07654925283649204 -0.9970658011837408
    outer loop
      vertex 1.6 0 4.4
      vertex 1.5812486780485577 0.2442388547501992 4.418751321951442
      vertex 15.204694718106015 0 4.4
    endloop
  endfacet
  facet normal 0 0.22785350890314035 -0.9736954238777784
    outer loop
      vertex 1.5812486780485577 0.2442388547501992 4.418751321951442
      vertex 1.525434227287889 0.48275295775230775 4.474565772712111
      vertex 15.223501712623007 0.2442388547501992 4.418751321951442
    endloop
  endfacet
  facet normal 0 0.37381707184076896 -0.9275024511020946
    outer loop
      vertex 1.525434227287889 0.48275295775230775 4.474565772712111
      vertex 1.433864891137689 0.7099517405871355 4.566135108862311
      vertex 15.279489976479965 0.48275295775230775 4.474565772712111
    endloop
  endfacet
  facet normal 0 0.5110186794471097 -0.8595696069872016
    outer loop
      vertex 1.3086869772267482 0.9205098563497931 4.691313022773252
      vertex 15.371373781638283 0.7099517405871355 4.566135108862311
      vertex 1.433864891137689 0.7099517405871355 4.566135108862311
    endloop
  endfacet
  facet normal 0 0.6362424423265602 -0.7714891798219428
    outer loop
      vertex 1.3086869772267482 0.9205098563497931 4.691313022773252
      vertex 1.152834549761259 1.1094920012675868 4.847165450238741
      vertex 15.497052782624415 0.9205098563497931 4.691313022773252
    endloop
  endfacet
  facet normal -5.208854515841125e-17 0.07654925283648914 -0.9970658011837409
    outer loop
      vertex 1.5812486780485577 0.2442388547501992 4.418751321951442
      vertex 15.204694718106015 0.12247880453839265 4.409403251986569
      vertex 15.204694718106015 0 4.4
    endloop
  endfacet
  facet normal 0 0.07654925283649491 -0.9970658011837406
    outer loop
      vertex 1.5812486780485577 0.2442388547501992 4.418751321951442
      vertex 15.223501712623007 0.2442388547501992 4.418751321951442
      vertex 15.204694718106015 0.12247880453839265 4.409403251986569
    endloop
  endfacet
  facet normal -2.09516997716143e-17 0.22785350890313918 -0.9736954238777786
    outer loop
      vertex 1.525434227287889 0.48275295775230775 4.474565772712111
      vertex 15.242087321795553 0.36456561424501976 4.446908868647769
      vertex 15.223501712623007 0.2442388547501992 4.418751321951442
    endloop
  endfacet
  facet normal 0 0.22785350890314154 -0.9736954238777781
    outer loop
      vertex 1.525434227287889 0.48275295775230775 4.474565772712111
      vertex 15.279489976479965 0.48275295775230775 4.474565772712111
      vertex 15.242087321795553 0.36456561424501976 4.446908868647769
    endloop
  endfacet
  facet normal -1.1024069601029821e-17 0.37381707184076834 -0.9275024511020948
    outer loop
      vertex 1.433864891137689 0.7099517405871355 4.566135108862311
      vertex 15.31599607823665 0.5981073149452298 4.521057755540506
      vertex 15.279489976479965 0.48275295775230775 4.474565772712111
    endloop
  endfacet
  facet normal 0 0.37381707184076957 -0.9275024511020944
    outer loop
      vertex 1.433864891137689 0.7099517405871355 4.566135108862311
      vertex 15.371373781638283 0.7099517405871355 4.566135108862311
      vertex 15.31599607823665 0.5981073149452298 4.521057755540506
    endloop
  endfacet
  facet normal 8.797315487202427e-17 0.5110186794471141 -0.8595696069871989
    outer loop
      vertex 1.3086869772267482 0.9205098563497931 4.691313022773252
      vertex 15.424688628820478 0.8176298871153762 4.630150336712258
      vertex 15.371373781638283 0.7099517405871355 4.566135108862311
    endloop
  endfacet
  facet normal 0 0.5110186794471051 -0.8595696069872043
    outer loop
      vertex 1.3086869772267482 0.9205098563497931 4.691313022773252
      vertex 15.497052782624415 0.9205098563497931 4.691313022773252
      vertex 15.424688628820478 0.8176298871153762 4.630150336712258
    endloop
  endfacet
  facet normal 0 0.7465532216119622 -0.6653257001655658
    outer loop
      vertex 1.152834549761259 1.1094920012675868 4.847165450238741
      vertex 0.969960657546621 1.2724685940374822 5.030039342453379
      vertex 15.653681171832252 1.1094920012675868 4.847165450238741
    endloop
  endfacet
  facet normal 5.121109745441004e-17 0.6362424423265622 -0.7714891798219409
    outer loop
      vertex 1.152834549761259 1.1094920012675868 4.847165450238741
      vertex 15.565617312284893 1.0179879077224956 4.771702579880088
      vertex 15.497052782624415 0.9205098563497931 4.691313022773252
    endloop
  endfacet
  facet normal 0 0.6362424423265576 -0.7714891798219446
    outer loop
      vertex 1.152834549761259 1.1094920012675868 4.847165450238741
      vertex 15.653681171832252 1.1094920012675868 4.847165450238741
      vertex 15.565617312284893 1.0179879077224956 4.771702579880088
    endloop
  endfacet
  facet normal 4.026082919157204e-17 0.7465532216119638 -0.665325700165564
    outer loop
      vertex 0.969960657546621 1.2724685940374822 5.030039342453379
      vertex 15.735478879735096 1.1944851545791402 4.942535150227648
      vertex 15.653681171832252 1.1094920012675868 4.847165450238741
    endloop
  endfacet
  facet normal 0 0.8393654261319494 -0.5435675500012218
    outer loop
      vertex 0.969960657546621 1.2724685940374822 5.030039342453379
      vertex 0.7643517096196208 1.4056196014575078 5.235648290380379
      vertex 15.837783521468458 1.2724685940374822 5.030039342453379
    endloop
  endfacet
  facet normal 0 0.9125036164765502 -0.40906863717133934
    outer loop
      vertex 0.7643517096196208 1.4056196014575078 5.235648290380379
      vertex 0.5408270054536043 1.5058240767672988 5.459172994546396
      vertex 16.045475636712034 1.4056196014575078 5.235648290380379
    endloop
  endfacet
  facet normal 0 0.9642534954531411 -0.2649815021966613
    outer loop
      vertex 0.5408270054536043 1.5058240767672988 5.459172994546396
      vertex 0.3046257746634693 1.570733311994968 5.695374225336531
      vertex 16.273061999521886 1.5058240767672988 5.459172994546396
    endloop
  endfacet
  facet normal 0 0 1
    outer loop
      vertex -16.8 0.12247880453839265 7.595305281893985
      vertex 0.004635895514874384 0.12094420320981647 7.595305281893985
      vertex 16.8 0.12247880453839265 7.595305281893985
    endloop
  endfacet
  facet normal 0 0.15264928421888288 0.9882804237803472
    outer loop
      vertex -16.8 0.12247880453839265 7.595305281893985
      vertex 16.8 0.12247880453839265 7.595305281893985
      vertex 0.0071436471346921025 0.18636802920715428 7.5854369852240175
    endloop
  endfacet
  facet normal 0 0.1526492842188618 0.9882804237803505
    outer loop
      vertex -16.8 0.36456561424501976 7.557912678204446
      vertex 0.013789597913732231 0.35975183800174215 7.558656211598658
      vertex 16.8 0.36456561424501976 7.557912678204446
    endloop
  endfacet
  facet normal 0 0.30172059859519196 0.9533963920549308
    outer loop
      vertex -16.8 0.36456561424501976 7.557912678204446
      vertex 16.8 0.36456561424501976 7.557912678204446
      vertex 0.017630193328797547 0.4599477442373328 7.527727171319387
    endloop
  endfacet
  facet normal 0 0.30172059859520217 0.9533963920549274
    outer loop
      vertex -16.8 0.5981073149452298 7.484003921763351
      vertex 0.022613592803208835 0.5899578526996722 7.486582975604387
      vertex 16.8 0.5981073149452298 7.484003921763351
    endloop
  endfacet
  facet normal 0 0.693432500792231 0.7205215936007973
    outer loop
      vertex -16.8 1.1944851545791402 7.064521120264905
      vertex 0.04520468326323531 1.1793286498978102 7.079107793360877
      vertex 16.8 1.1944851545791402 7.064521120264905
    endloop
  endfacet
  facet normal 0 0.5753186602186203 0.817929360766718
    outer loop
      vertex -16.8 0.8176298871153762 7.375311371179523
      vertex 16.8 0.8176298871153762 7.375311371179523
      vertex 0.03515615765342537 0.9171762956412174 7.3052919915976755
    endloop
  endfacet
  facet normal 0 0.4437198378669566 0.8961655569610572
    outer loop
      vertex -16.8 0.5981073149452298 7.484003921763351
      vertex 16.8 0.5981073149452298 7.484003921763351
      vertex 0.026840558692179734 0.7002336386392763 7.433437957205265
    endloop
  endfacet
  facet normal 0 0.44371983786695696 0.8961655569610569
    outer loop
      vertex -16.8 0.8176298871153762 7.375311371179523
      vertex 0.03091037784231024 0.8064096800839733 7.380866849635636
      vertex 16.8 0.8176298871153762 7.375311371179523
    endloop
  endfacet
  facet normal 0 0.5753186602186008 0.8179293607667316
    outer loop
      vertex -16.8 1.0179879077224956 7.234382687715109
      vertex 0.038496310624020445 1.0043163397451815 7.2439990538086585
      vertex 16.8 1.0179879077224956 7.234382687715109
    endloop
  endfacet
  facet normal 1.5426410546562936e-16 0.693432500792256 0.7205215936007734
    outer loop
      vertex -16.8 1.1944851545791402 7.064521120264905
      vertex 16.8 1.0179879077224956 7.234382687715109
      vertex 0.04250535923553553 1.1089069605634014 7.146881873386895
    endloop
  endfacet
  facet normal 0 0.9992661810508099 0.038302733690035735
    outer loop
      vertex -16.8 1.5894433436154802 6.18349348063744
      vertex 16.8 1.5894433436154802 6.18349348063744
      vertex 0.06109991172266273 1.5940135224742662 6.064263735525899
    endloop
  endfacet
  facet normal 0 0.9817083199968544 0.19039110916467106
    outer loop
      vertex -16.8 1.5894433436154802 6.18349348063744
      vertex 0.06065259679924993 1.582343685045351 6.220101250391041
      vertex 16.8 1.5894433436154802 6.18349348063744
    endloop
  endfacet
  facet normal 6.481055765529888e-16 0.981708319996839 0.19039110916475058
    outer loop
      vertex -16.8 1.5428055927250257 6.423970403514659
      vertex 16.8 1.5894433436154802 6.18349348063744
      vertex 0.06003990816176536 1.5663594725369967 6.302520195671083
    endloop
  endfacet
  facet normal 0 0.9411400479795616 0.33801687840850253
    outer loop
      vertex -16.8 1.5428055927250257 6.423970403514659
      vertex 0.05870163364186993 1.5314457120854437 6.455599707532009
      vertex 16.8 1.5428055927250257 6.423970403514659
    endloop
  endfacet
  facet normal -4.466568259308904e-16 0.9411400479795824 0.3380168784084443
    outer loop
      vertex -16.8 1.4600057863624802 6.654509819474144
      vertex 16.8 1.5428055927250257 6.423970403514659
      vertex 0.05760653444615879 1.5028760648110306 6.535146147145315
    endloop
  endfacet
  facet normal 0 0.7952928712734261 0.6062254109666384
    outer loop
      vertex -16.8 1.34298468181112 6.869708080001954
      vertex 0.05088823212883591 1.327604702873682 6.889884712963902
      vertex 16.8 1.34298468181112 6.869708080001954
    endloop
  endfacet
  facet normal -1.207324248034083e-16 0.8785122509109503 0.4777198185122484
    outer loop
      vertex -16.8 1.34298468181112 6.869708080001954
      vertex 16.8 1.4600057863624802 6.654509819474144
      vertex 0.05382950232423815 1.4043384383658515 6.75688038333951
    endloop
  endfacet
  facet normal 0 0.8785122509109431 0.47771981851226153
    outer loop
      vertex -16.8 1.4600057863624802 6.654509819474144
      vertex 0.05542127002282071 1.4458654907729864 6.680513394007766
      vertex 16.8 1.4600057863624802 6.654509819474144
    endloop
  endfacet
  facet normal 3.4020474073715213e-16 0.7952928712733982 0.6062254109666749
    outer loop
      vertex -16.8 1.1944851545791402 7.064521120264905
      vertex 16.8 1.34298468181112 6.869708080001954
      vertex 0.04876691498922151 1.2722624264175348 6.962486944987527
    endloop
  endfacet
  facet normal 0 0 1
    outer loop
      vertex 0.12103301953302702 0 7.595305281893985
      vertex 16.679322115409615 0.009264987213798172 7.595305281893985
      vertex 0.11961456383551515 0.01847560379856563 7.595305281893985
    endloop
  endfacet
  facet normal 0 0 1
    outer loop
      vertex 0.11961456383551515 0.01847560379856563 7.595305281893985
      vertex 16.682150702742582 0.02757779819374217 7.595305281893985
      vertex 0.1153924441423019 0.03651815510328852 7.595305281893985
    endloop
  endfacet
  facet normal 0 0 1
    outer loop
      vertex 0.1153924441423019 0.03651815510328852 7.595305281893985
      vertex 16.687741577718832 0.04524420895788272 7.595305281893985
      vertex 0.10846562336049348 0.05370475180374331 7.595305281893985
    endloop
  endfacet
  facet normal 0 0 1
    outer loop
      vertex 0.10846562336049348 0.05370475180374331 7.595305281893985
      vertex 16.695963694967524 0.061850133811263766 7.595305281893985
      vertex 0.09899646029831441 0.06963255463995523 7.595305281893985
    endloop
  endfacet
  facet normal 0 0 1
    outer loop
      vertex 0.09899646029831441 0.06963255463995523 7.595305281893985
      vertex 16.70662433502909 0.07700634394985131 7.595305281893985
      vertex 0.08720690411225178 0.08392822941322313 7.595305281893985
    endloop
  endfacet
  facet normal 0 0 1
    outer loop
      vertex 0.07337329200694243 0.09625669762331374 7.595305281893985
      vertex 0.08720690411225178 0.08392822941322313 7.595305281893985
      vertex 16.71947362153604 0.09035759065380497 7.595305281893985
    endloop
  endfacet
  facet normal 0 0 1
    outer loop
      vertex 0.07337329200694243 0.09625669762331374 7.595305281893985
      vertex 16.734210378103185 0.10159093201637573 7.595305281893985
      vertex 0.05781987212530875 0.10632899042450744 7.595305281893985
    endloop
  endfacet
  facet normal 0 0 1
    outer loop
      vertex 0.05781987212530875 0.10632899042450744 7.595305281893985
      vertex 16.75048918764689 0.11044306803696434 7.595305281893985
      vertex 0.04091120344690925 0.11390902181042464 7.595305281893985
    endloop
  endfacet
  facet normal 0 0 1
    outer loop
      vertex 0.023043610834442094 0.11881912226991509 7.595305281893985
      vertex 0.04091120344690925 0.11390902181042464 7.595305281893985
      vertex 16.76792848866874 0.11670651214997013 7.595305281893985
    endloop
  endfacet
  facet normal 0 0 1
    outer loop
      vertex 0.004635895514874384 0.12094420320981647 7.595305281893985
      vertex 0.023043610834442094 0.11881912226991509 7.595305281893985
      vertex 16.8 0.12247880453839265 7.595305281893985
    endloop
  endfacet
  facet normal -2.851499598157628e-17 0.15264928421887555 0.9882804237803484
    outer loop
      vertex 0.0071436471346921025 0.18636802920715428 7.5854369852240175
      vertex 16.8 0.12247880453839265 7.595305281893985
      vertex 0.048056846482734325 0.35179863330924926 7.559884659490918
    endloop
  endfacet
  facet normal -1.2603743806233572e-17 0.15264928421886823 0.9882804237803496
    outer loop
      vertex 0.048056846482734325 0.35179863330924926 7.559884659490918
      vertex 16.75895337141903 0.35555100022756086 7.559305070833262
      vertex 0.013789597913732231 0.35975183800174215 7.558656211598658
    endloop
  endfacet
  facet normal 7.515511761176951e-18 0.30172059859519307 0.9533963920549302
    outer loop
      vertex 0.017630193328797547 0.4599477442373328 7.527727171319387
      vertex 16.8 0.36456561424501976 7.557912678204446
      vertex 0.04884318380848446 0.5810627621866511 7.489397997830727
    endloop
  endfacet
  facet normal 1.0032936658373197e-17 0.3017205985951677 0.9533963920549383
    outer loop
      vertex 0.04884318380848446 0.5810627621866511 7.489397997830727
      vertex 16.74271692039176 0.5810627621866505 7.489397997830727
      vertex 0.022613592803208835 0.5899578526996722 7.486582975604387
    endloop
  endfacet
  facet normal -9.207345040433865e-18 0.6934325007922426 0.7205215936007862
    outer loop
      vertex 0.06415818952436819 1.1698018899592937 7.088276380433471
      vertex 0.04250535923553553 1.1089069605634014 7.146881873386895
      vertex 16.786996858480617 1.169801889959294 7.088276380433471
    endloop
  endfacet
  facet normal -3.102171089718095e-17 0.6934325007922488 0.7205215936007802
    outer loop
      vertex 0.06415818952436819 1.1698018899592937 7.088276380433471
      vertex 16.8 1.1944851545791402 7.064521120264905
      vertex 0.04520468326323531 1.1793286498978102 7.079107793360877
    endloop
  endfacet
  facet normal 2.3003872843889256e-17 0.4437198378669597 0.8961655569610556
    outer loop
      vertex 0.026840558692179734 0.7002336386392763 7.433437957205265
      vertex 16.8 0.5981073149452298 7.484003921763351
      vertex 0.05355121647829887 0.7967682091332152 7.385640646055101
    endloop
  endfacet
  facet normal 1.6200471722670834e-17 0.4437198378669376 0.8961655569610665
    outer loop
      vertex 0.05355121647829887 0.7967682091332152 7.385640646055101
      vertex 16.8 0.8176298871153762 7.375311371179523
      vertex 0.03091037784231024 0.8064096800839733 7.380866849635636
    endloop
  endfacet
  facet normal 4.099078809766277e-17 0.5753186602186249 0.8179293607667146
    outer loop
      vertex 0.03515615765342537 0.9171762956412174 7.3052919915976755
      vertex 16.8 0.8176298871153762 7.375311371179523
      vertex 0.05890865931017099 0.9944620989431859 7.250930371948848
    endloop
  endfacet
  facet normal -4.220922090895073e-17 0.5753186602186353 0.8179293607667072
    outer loop
      vertex 0.038496310624020445 1.0043163397451815 7.2439990538086585
      vertex 0.05890865931017099 0.9944620989431859 7.250930371948848
      vertex 16.8 1.0179879077224956 7.234382687715109
    endloop
  endfacet
  facet normal 0 0.993402089759675 -0.11468342539840058
    outer loop
      vertex 0.3046257746634693 1.570733311994968 5.695374225336531
      vertex 0.06128437390405637 1.5988258896812961 5.938715626095943
      vertex 16.520032509678764 1.570733311994968 5.695374225336531
    endloop
  endfacet
  facet normal 0 0.9992661810508101 0.038302733690033744
    outer loop
      vertex 0.06128437390405637 1.5988258896812961 5.938715626095943
      vertex 0.0816324216589222 1.5964768068267767 6
      vertex 16.8 1.5988258896812961 5.938715626095943
    endloop
  endfacet
  facet normal -7.536550239884265e-19 0.9992661810508101 0.03830273369003585
    outer loop
      vertex 0.0816324216589222 1.5964768068267767 6
      vertex 0.06109991172266273 1.5940135224742662 6.064263735525899
      vertex 16.8 1.5894433436154802 6.18349348063744
    endloop
  endfacet
  facet normal 0 0.9411400479795617 0.33801687840850275
    outer loop
      vertex -16.8 1.4600057863624802 6.654509819474144
      vertex 16.8 1.4600057863624802 6.654509819474144
      vertex 16.8 1.5428055927250257 6.423970403514659
    endloop
  endfacet
  facet normal -7.6857302956579e-18 0.981708319996855 0.19039110916466767
    outer loop
      vertex 0.06065259679924993 1.582343685045351 6.220101250391041
      vertex 0.0795403844186158 1.5787817364198706 6.238467625881879
      vertex 16.8 1.5894433436154802 6.18349348063744
    endloop
  endfacet
  facet normal -1.5419653148778046e-17 0.9817083199968555 0.1903911091646654
    outer loop
      vertex 0.0795403844186158 1.5787817364198706 6.238467625881879
      vertex 0.06003990816176536 1.5663594725369967 6.302520195671083
      vertex 16.8 1.5894433436154802 6.18349348063744
    endloop
  endfacet
  facet normal 0 0.981708319996855 0.19039110916466806
    outer loop
      vertex -16.8 1.5428055927250257 6.423970403514659
      vertex 16.8 1.5428055927250257 6.423970403514659
      vertex 16.8 1.5894433436154802 6.18349348063744
    endloop
  endfacet
  facet normal 1.4247235164536768e-18 0.9411400479795613 0.33801687840850325
    outer loop
      vertex 0.05870163364186993 1.5314457120854437 6.455599707532009
      vertex 0.07673843111866523 1.525696124246286 6.471608279057446
      vertex 16.8 1.5428055927250257 6.423970403514659
    endloop
  endfacet
  facet normal 1.0956918466461764e-17 0.9411400479795604 0.33801687840850625
    outer loop
      vertex 0.07673843111866523 1.525696124246286 6.471608279057446
      vertex 0.05760653444615879 1.5028760648110306 6.535146147145315
      vertex 16.8 1.5428055927250257 6.423970403514659
    endloop
  endfacet
  facet normal -6.9110354082210604e-18 0.8785122509109422 0.47771981851226325
    outer loop
      vertex 0.05382950232423815 1.4043384383658515 6.75688038333951
      vertex 16.8 1.4600057863624802 6.654509819474144
      vertex 0.07320658791695989 1.438415346869679 6.694213982588093
    endloop
  endfacet
  facet normal 2.4032447405058368e-17 0.8785122509109365 0.47771981851227335
    outer loop
      vertex 0.07320658791695989 1.438415346869679 6.694213982588093
      vertex 16.8 1.4600057863624802 6.654509819474144
      vertex 0.05542127002282071 1.4458654907729864 6.680513394007766
    endloop
  endfacet
  facet normal 0 0.8785122509109421 0.4777198185122636
    outer loop
      vertex -16.8 1.34298468181112 6.869708080001954
      vertex 16.8 1.34298468181112 6.869708080001954
      vertex 16.8 1.4600057863624802 6.654509819474144
    endloop
  endfacet
  facet normal -2.2928842091596977e-17 0.7952928712734301 0.6062254109666332
    outer loop
      vertex 0.04876691498922151 1.2722624264175348 6.962486944987527
      vertex 16.8 1.34298468181112 6.869708080001954
      vertex 0.06898150465470258 1.3188939896894567 6.9013120929017955
    endloop
  endfacet
  facet normal 1.348939937807476e-17 0.7952928712734207 0.6062254109666455
    outer loop
      vertex 0.05088823212883591 1.327604702873682 6.889884712963902
      vertex 0.06898150465470258 1.3188939896894567 6.9013120929017955
      vertex 16.8 1.34298468181112 6.869708080001954
    endloop
  endfacet
  facet normal 2.0087193134047978e-16 0.7952928712734066 0.606225410966664
    outer loop
      vertex -16.8 1.1944851545791402 7.064521120264905
      vertex 16.8 1.3148593793325845 6.906605003421778
      vertex 16.79538099589704 1.3188939896894567 6.9013120929017955
    endloop
  endfacet
  facet normal -2.653717990055797e-16 0.7952928712734452 0.6062254109666134
    outer loop
      vertex -16.8 1.1944851545791402 7.064521120264905
      vertex 16.79538099589704 1.3188939896894567 6.9013120929017955
      vertex 16.8 1.3196188468913108 6.900361169771723
    endloop
  endfacet
  facet normal 4.018510113723644e-17 0.7952928712734236 0.6062254109666418
    outer loop
      vertex -16.8 1.1944851545791402 7.064521120264905
      vertex 16.8 1.3196188468913108 6.900361169771723
      vertex 16.8 1.34298468181112 6.869708080001954
    endloop
  endfacet
  facet normal 0 0.795292871273428 0.6062254109666361
    outer loop
      vertex -16.8 1.1944851545791402 7.064521120264905
      vertex 16.8 1.1944851545791402 7.064521120264905
      vertex 16.8 1.3148593793325845 6.906605003421778
    endloop
  endfacet
  facet normal 0 0.7465532216119606 -0.6653257001655677
    outer loop
      vertex 0.969960657546621 1.2724685940374822 5.030039342453379
      vertex 15.837783521468458 1.2724685940374822 5.030039342453379
      vertex 15.735478879735096 1.1944851545791402 4.942535150227648
    endloop
  endfacet
  facet normal -1.315439339355838e-17 0.8393654261319491 -0.5435675500012225
    outer loop
      vertex 0.7643517096196208 1.4056196014575078 5.235648290380379
      vertex 15.930291919998046 1.34298468181112 5.1389287823457055
      vertex 15.837783521468458 1.2724685940374822 5.030039342453379
    endloop
  endfacet
  facet normal 0 0.83936542613195 -0.543567550001221
    outer loop
      vertex 0.7643517096196208 1.4056196014575078 5.235648290380379
      vertex 16.045475636712034 1.4056196014575078 5.235648290380379
      vertex 15.930291919998046 1.34298468181112 5.1389287823457055
    endloop
  endfacet
  facet normal 2.4949738965337057e-18 0.9125036164765503 -0.40906863717133923
    outer loop
      vertex 0.5408270054536043 1.5058240767672988 5.459172994546396
      vertex 16.145490180525858 1.4600057863624802 5.356966782932921
      vertex 16.045475636712034 1.4056196014575078 5.235648290380379
    endloop
  endfacet
  facet normal 0 0.9125036164765502 -0.4090686371713395
    outer loop
      vertex 0.5408270054536043 1.5058240767672988 5.459172994546396
      vertex 16.273061999521886 1.5058240767672988 5.459172994546396
      vertex 16.145490180525858 1.4600057863624802 5.356966782932921
    endloop
  endfacet
  facet normal 6.157452555586003e-18 0.9642534954531412 -0.2649815021966609
    outer loop
      vertex 0.3046257746634693 1.570733311994968 5.695374225336531
      vertex 16.376029596485342 1.5428055927250257 5.593746750577596
      vertex 16.273061999521886 1.5058240767672988 5.459172994546396
    endloop
  endfacet
  facet normal 0 0.9642534954531409 -0.2649815021966618
    outer loop
      vertex 0.3046257746634693 1.570733311994968 5.695374225336531
      vertex 16.520032509678764 1.570733311994968 5.695374225336531
      vertex 16.376029596485342 1.5428055927250257 5.593746750577596
    endloop
  endfacet
  facet normal 0 0 1
    outer loop
      vertex 16.679322115409615 -0.009264987213798172 7.595305281893985
      vertex 16.679322115409615 0.009264987213798172 7.595305281893985
      vertex 0.12103301953302702 0 7.595305281893985
    endloop
  endfacet
  facet normal 0 0 1
    outer loop
      vertex 0.11961456383551515 0.01847560379856563 7.595305281893985
      vertex 16.679322115409615 0.009264987213798172 7.595305281893985
      vertex 16.682150702742582 0.02757779819374217 7.595305281893985
    endloop
  endfacet
  facet normal 0 0 1
    outer loop
      vertex 0.1153924441423019 0.03651815510328852 7.595305281893985
      vertex 16.682150702742582 0.02757779819374217 7.595305281893985
      vertex 16.687741577718832 0.04524420895788272 7.595305281893985
    endloop
  endfacet
  facet normal 0 0 1
    outer loop
      vertex 0.10846562336049348 0.05370475180374331 7.595305281893985
      vertex 16.687741577718832 0.04524420895788272 7.595305281893985
      vertex 16.695963694967524 0.061850133811263766 7.595305281893985
    endloop
  endfacet
  facet normal 0 0 1
    outer loop
      vertex 0.09899646029831441 0.06963255463995523 7.595305281893985
      vertex 16.695963694967524 0.061850133811263766 7.595305281893985
      vertex 16.70662433502909 0.07700634394985131 7.595305281893985
    endloop
  endfacet
  facet normal 0 0 1
    outer loop
      vertex 0.08720690411225178 0.08392822941322313 7.595305281893985
      vertex 16.70662433502909 0.07700634394985131 7.595305281893985
      vertex 16.71947362153604 0.09035759065380497 7.595305281893985
    endloop
  endfacet
  facet normal 0 0 1
    outer loop
      vertex 0.07337329200694243 0.09625669762331374 7.595305281893985
      vertex 16.71947362153604 0.09035759065380497 7.595305281893985
      vertex 16.734210378103185 0.10159093201637573 7.595305281893985
    endloop
  endfacet
  facet normal 0 0 1
    outer loop
      vertex 0.05781987212530875 0.10632899042450744 7.595305281893985
      vertex 16.734210378103185 0.10159093201637573 7.595305281893985
      vertex 16.75048918764689 0.11044306803696434 7.595305281893985
    endloop
  endfacet
  facet normal 0 0 1
    outer loop
      vertex 0.04091120344690925 0.11390902181042464 7.595305281893985
      vertex 16.75048918764689 0.11044306803696434 7.595305281893985
      vertex 16.76792848866874 0.11670651214997013 7.595305281893985
    endloop
  endfacet
  facet normal 0 0 1
    outer loop
      vertex 0.023043610834442094 0.11881912226991509 7.595305281893985
      vertex 16.76792848866874 0.11670651214997013 7.595305281893985
      vertex 16.786119518733642 0.12023445453403343 7.595305281893985
    endloop
  endfacet
  facet normal 0 0 1
    outer loop
      vertex 0.023043610834442094 0.11881912226991509 7.595305281893985
      vertex 16.786119518733642 0.12023445453403343 7.595305281893985
      vertex 16.8 0.12247880453839265 7.595305281893985
    endloop
  endfacet
  facet normal 6.728386460433055e-18 0.15264928421887816 0.988280423780348
    outer loop
      vertex 0.048056846482734325 0.35179863330924926 7.559884659490918
      vertex 16.8 0.12247880453839265 7.595305281893985
      vertex 16.8 0.1985297003714342 7.583558499772458
    endloop
  endfacet
  facet normal -2.8073196423548256e-17 0.15264928421887433 0.9882804237803485
    outer loop
      vertex 0.048056846482734325 0.35179863330924926 7.559884659490918
      vertex 16.8 0.1985297003714342 7.583558499772458
      vertex 16.77147430073925 0.24709315368845924 7.576057413836056
    endloop
  endfacet
  facet normal -1.1162079498651493e-17 0.15264928421887702 0.9882804237803481
    outer loop
      vertex 0.048056846482734325 0.35179863330924926 7.559884659490918
      vertex 16.77147430073925 0.24709315368845924 7.576057413836056
      vertex 16.749445244415522 0.3517986333092505 7.559884659490918
    endloop
  endfacet
  facet normal -1.116207949865039e-17 0.15264928421886192 0.9882804237803505
    outer loop
      vertex 0.048056846482734325 0.35179863330924926 7.559884659490918
      vertex 16.749445244415522 0.3517986333092505 7.559884659490918
      vertex 16.75895337141903 0.35555100022756086 7.559305070833262
    endloop
  endfacet
  facet normal -7.599801769799474e-18 0.15264928421888765 0.9882804237803464
    outer loop
      vertex 0.013789597913732231 0.35975183800174215 7.558656211598658
      vertex 16.75895337141903 0.35555100022756086 7.559305070833262
      vertex 16.8 0.36456561424501976 7.557912678204446
    endloop
  endfacet
  facet normal -5.817833887147254e-17 0.3017205985951885 0.9533963920549319
    outer loop
      vertex 0.04884318380848446 0.5810627621866511 7.489397997830727
      vertex 16.8 0.36456561424501976 7.557912678204446
      vertex 16.8 0.48845112017801223 7.51870673058511
    endloop
  endfacet
  facet normal 1.0032936658374264e-17 0.30172059859519973 0.9533963920549281
    outer loop
      vertex 0.04884318380848446 0.5810627621866511 7.489397997830727
      vertex 16.8 0.48845112017801223 7.51870673058511
      vertex 16.74271692039176 0.5810627621866505 7.489397997830727
    endloop
  endfacet
  facet normal 1.4414608855542528e-17 0.3017205985951752 0.9533963920549361
    outer loop
      vertex 0.022613592803208835 0.5899578526996722 7.486582975604387
      vertex 16.74271692039176 0.5810627621866505 7.489397997830727
      vertex 16.8 0.5981073149452298 7.484003921763351
    endloop
  endfacet
  facet normal 2.7381507544767382e-17 0.6934325007922375 0.720521593600791
    outer loop
      vertex 0.04250535923553553 1.1089069605634014 7.146881873386895
      vertex 16.8 1.155536950824232 7.102005007730595
      vertex 16.786996858480617 1.169801889959294 7.088276380433471
    endloop
  endfacet
  facet normal -9.207345040433845e-18 0.6934325007922412 0.7205215936007876
    outer loop
      vertex 0.06415818952436819 1.1698018899592937 7.088276380433471
      vertex 16.786996858480617 1.169801889959294 7.088276380433471
      vertex 16.8 1.1944851545791402 7.064521120264905
    endloop
  endfacet
  facet normal -5.3656582164228096e-17 0.44371983786695446 0.8961655569610582
    outer loop
      vertex 0.05355121647829887 0.7967682091332152 7.385640646055101
      vertex 16.8 0.5981073149452298 7.484003921763351
      vertex 16.8 0.7399760268497985 7.413760247081013
    endloop
  endfacet
  facet normal -1.1793756910839471e-17 0.44371983786696445 0.8961655569610533
    outer loop
      vertex 0.05355121647829887 0.7967682091332152 7.385640646055101
      vertex 16.8 0.7399760268497985 7.413760247081013
      vertex 16.761644632583156 0.7967682091332157 7.385640646055101
    endloop
  endfacet
  facet normal -1.1793756910839234e-17 0.44371983786695557 0.8961655569610576
    outer loop
      vertex 0.05355121647829887 0.7967682091332152 7.385640646055101
      vertex 16.761644632583156 0.7967682091332157 7.385640646055101
      vertex 16.8 0.8176298871153762 7.375311371179523
    endloop
  endfacet
  facet normal -3.1190468011216635e-17 0.5753186602186204 0.8179293607667179
    outer loop
      vertex 0.05890865931017099 0.9944620989431859 7.250930371948848
      vertex 16.8 0.8176298871153762 7.375311371179523
      vertex 16.8 0.9630063770074524 7.273055832493891
    endloop
  endfacet
  facet normal -1.9104309552063734e-17 0.5753186602186248 0.8179293607667149
    outer loop
      vertex 0.05890865931017099 0.9944620989431859 7.250930371948848
      vertex 16.8 0.9630063770074524 7.273055832493891
      vertex 16.77587038280296 0.9944620989431865 7.250930371948848
    endloop
  endfacet
  facet normal -1.9104309552063724e-17 0.5753186602186244 0.817929360766715
    outer loop
      vertex 0.05890865931017099 0.9944620989431859 7.250930371948848
      vertex 16.77587038280296 0.9944620989431865 7.250930371948848
      vertex 16.8 1.0179879077224956 7.234382687715109
    endloop
  endfacet
  facet normal 8.133956643523909e-19 0.6934325007922424 0.7205215936007864
    outer loop
      vertex 0.04250535923553553 1.1089069605634014 7.146881873386895
      vertex 16.8 1.0179879077224956 7.234382687715109
      vertex 16.8 1.155536950824232 7.102005007730595
    endloop
  endfacet
  facet normal 4.162626608906953e-18 0.9934020897596751 -0.11468342539840029
    outer loop
      vertex 0.06128437390405637 1.5988258896812961 5.938715626095943
      vertex 16.61650651936256 1.5894433436154802 5.85744284551175
      vertex 16.520032509678764 1.570733311994968 5.695374225336531
    endloop
  endfacet
  facet normal 0 0.993402089759675 -0.11468342539840115
    outer loop
      vertex 0.06128437390405637 1.5988258896812961 5.938715626095943
      vertex 16.8 1.5988258896812961 5.938715626095943
      vertex 16.61650651936256 1.5894433436154802 5.85744284551175
    endloop
  endfacet
  facet normal 2.6543460460077847e-17 0.9992661810508099 0.03830273369004099
    outer loop
      vertex 0.0816324216589222 1.5964768068267767 6
      vertex 16.8 1.5964768068267763 6
      vertex 16.8 1.5988258896812961 5.938715626095943
    endloop
  endfacet
  facet normal 2.654346046007785e-17 0.9992661810508102 0.03830273369003337
    outer loop
      vertex 0.0816324216589222 1.5964768068267767 6
      vertex 16.8 1.5894433436154802 6.18349348063744
      vertex 16.8 1.5964768068267763 6
    endloop
  endfacet
  facet normal 0 0 1
    outer loop
      vertex 16.786119518733642 0.12023445453403343 7.595305281893985
      vertex 16.8 0.12076650534043105 7.595305281893985
      vertex 16.8 0.12247880453839265 7.595305281893985
    endloop
  endfacet
  facet normal 1 0 0
    outer loop
      vertex 16.8 0.12076650534043105 7.595305281893985
      vertex 16.8 0.1985297003714342 7.583558499772458
      vertex 16.8 0.12247880453839265 7.595305281893985
    endloop
  endfacet
  facet normal 1.766624871955825e-14 0.15264928421880908 0.9882804237803585
    outer loop
      vertex 16.75895337141903 0.35555100022756086 7.559305070833262
      vertex 16.8 0.3586954585331015 7.5588193794262
      vertex 16.8 0.36456561424501976 7.557912678204446
    endloop
  endfacet
  facet normal 1 0 0
    outer loop
      vertex 16.8 0.36456561424501976 7.557912678204446
      vertex 16.8 0.3586954585331015 7.5588193794262
      vertex 16.8 0.48845112017801223 7.51870673058511
    endloop
  endfacet
  facet normal -9.62128176137415e-15 0.30172059859520467 0.9533963920549267
    outer loop
      vertex 16.74271692039176 0.5810627621866505 7.489397997830727
      vertex 16.8 0.5874402265115202 7.487379726763567
      vertex 16.8 0.5981073149452298 7.484003921763351
    endloop
  endfacet
  facet normal 2.503760217799009e-14 0.6934325007922342 0.7205215936007942
    outer loop
      vertex 16.786996858480617 1.169801889959294 7.088276380433471
      vertex 16.8 1.1719300884989978 7.086228194718183
      vertex 16.8 1.1944851545791402 7.064521120264905
    endloop
  endfacet
  facet normal 1 0 0
    outer loop
      vertex 16.8 0.8021070986430526 7.382997193437119
      vertex 16.8 0.9630063770074524 7.273055832493891
      vertex 16.8 0.8176298871153762 7.375311371179523
    endloop
  endfacet
  facet normal 1 0 0
    outer loop
      vertex 16.8 0.5874402265115202 7.487379726763567
      vertex 16.8 0.7399760268497985 7.413760247081013
      vertex 16.8 0.5981073149452298 7.484003921763351
    endloop
  endfacet
  facet normal -1.0607572075607676e-14 0.4437198378669712 0.8961655569610499
    outer loop
      vertex 16.761644632583156 0.7967682091332157 7.385640646055101
      vertex 16.8 0.8021070986430526 7.382997193437119
      vertex 16.8 0.8176298871153762 7.375311371179523
    endloop
  endfacet
  facet normal -1.6858513620056283e-14 0.575318660218636 0.8179293607667067
    outer loop
      vertex 16.8 1.0179879077224956 7.234382687715109
      vertex 16.77587038280296 0.9944620989431865 7.250930371948848
      vertex 16.8 0.9982589138821834 7.248259751980207
    endloop
  endfacet
  facet normal 1 0 0
    outer loop
      vertex 16.8 1.155536950824232 7.102005007730595
      vertex 16.8 1.0179879077224956 7.234382687715109
      vertex 16.8 0.9982589138821834 7.248259751980207
    endloop
  endfacet
  facet normal 1.7307853313894623e-16 0.993402089759675 -0.11468342539840154
    outer loop
      vertex 16.61650651936256 1.5894433436154802 5.85744284551175
      vertex 16.8 1.5988258896812961 5.938715626095943
      vertex 16.8 1.5964768068267767 5.918367578341078
    endloop
  endfacet
  facet normal 1 0 0
    outer loop
      vertex 16.8 1.5964768068267767 5.918367578341078
      vertex 16.8 1.5988258896812961 5.938715626095943
      vertex 16.8 1.5964768068267763 6
    endloop
  endfacet
  facet normal 1 0 0
    outer loop
      vertex 16.8 1.5964768068267763 6
      vertex 16.8 1.5894433436154802 6.18349348063744
      vertex 16.8 1.5786454799437764 6.238467625881879
    endloop
  endfacet
  facet normal 1 0 0
    outer loop
      vertex 16.8 1.5255498216719616 6.471608279057446
      vertex 16.8 1.4600057863624802 6.654509819474144
      vertex 16.8 1.43837590127919 6.694213982588093
    endloop
  endfacet
  facet normal 1 0 0
    outer loop
      vertex 16.8 1.5894433436154802 6.18349348063744
      vertex 16.8 1.5428055927250257 6.423970403514659
      vertex 16.8 1.5786454799437764 6.238467625881879
    endloop
  endfacet
  facet normal 1 0 0
    outer loop
      vertex 16.8 1.5786454799437764 6.238467625881879
      vertex 16.8 1.5428055927250257 6.423970403514659
      vertex 16.8 1.5255498216719616 6.471608279057446
    endloop
  endfacet
  facet normal 1 0 0
    outer loop
      vertex 16.8 1.5428055927250257 6.423970403514659
      vertex 16.8 1.4600057863624802 6.654509819474144
      vertex 16.8 1.5255498216719616 6.471608279057446
    endloop
  endfacet
  facet normal 1 0 0
    outer loop
      vertex 16.8 1.34298468181112 6.869708080001954
      vertex 16.8 1.43837590127919 6.694213982588093
      vertex 16.8 1.4600057863624802 6.654509819474144
    endloop
  endfacet
  facet normal 1 0 0
    outer loop
      vertex 16.8 1.34298468181112 6.869708080001954
      vertex 16.8 1.3196188468913108 6.900361169771723
      vertex 16.8 1.43837590127919 6.694213982588093
    endloop
  endfacet
  facet normal 1 0 0
    outer loop
      vertex 16.8 1.1719300884989978 7.086228194718183
      vertex 16.8 1.3148593793325845 6.906605003421778
      vertex 16.8 1.1944851545791402 7.064521120264905
    endloop
  endfacet
  facet normal -0.7205215936007887 -0.6934325007922398 0
    outer loop
      vertex 15.735478879735096 -1.1944851545791402 0.44
      vertex 15.565617312284893 -1.0179879077224956 4.771702579880087
      vertex 15.565617312284893 -1.0179879077224956 0.44
    endloop
  endfacet
  facet normal -0.8179293607667153 -0.5753186602186239 0
    outer loop
      vertex 15.565617312284893 -1.0179879077224956 0.44
      vertex 15.424688628820478 -0.8176298871153762 4.630150336712256
      vertex 15.424688628820478 -0.8176298871153762 0.44
    endloop
  endfacet
  facet normal -0.8961655569610569 -0.4437198378669572 0
    outer loop
      vertex 15.424688628820478 -0.8176298871153762 0.44
      vertex 15.31599607823665 -0.5981073149452298 4.521057755540506
      vertex 15.31599607823665 -0.5981073149452298 0.44
    endloop
  endfacet
  facet normal -0.9533963920549297 -0.3017205985951953 0
    outer loop
      vertex 15.31599607823665 -0.5981073149452298 0.44
      vertex 15.242087321795553 -0.36456561424501976 4.44690886864777
      vertex 15.242087321795553 -0.36456561424501976 0.44
    endloop
  endfacet
  facet normal -0.9882804237803486 -0.15264928421887344 0
    outer loop
      vertex 15.242087321795553 -0.36456561424501976 0.44
      vertex 15.204694718106015 -0.12247880453839265 4.409403251986569
      vertex 15.204694718106015 -0.12247880453839265 0.44
    endloop
  endfacet
  facet normal -0.47771981851225986 -0.8785122509109441 0
    outer loop
      vertex 16.145490180525858 -1.46000578636248 0.44
      vertex 15.930291919998046 -1.34298468181112 5.138928782345706
      vertex 15.930291919998046 -1.34298468181112 0.44
    endloop
  endfacet
  facet normal -0.6062254109666393 -0.7952928712734254 0
    outer loop
      vertex 15.930291919998046 -1.34298468181112 0.44
      vertex 15.735478879735096 -1.1944851545791402 4.9425351502276476
      vertex 15.735478879735096 -1.1944851545791402 0.44
    endloop
  endfacet
  facet normal -0.6062254109666416 -0.7952928712734237 -1.5018486680428347e-16
    outer loop
      vertex 15.930291919998046 -1.34298468181112 0.44
      vertex 15.837783521468458 -1.2724685940374825 5.030039342453379
      vertex 15.735478879735096 -1.1944851545791402 4.9425351502276476
    endloop
  endfacet
  facet normal -0.6062254109666368 -0.7952928712734275 0
    outer loop
      vertex 15.930291919998046 -1.34298468181112 0.44
      vertex 15.930291919998046 -1.34298468181112 5.138928782345706
      vertex 15.837783521468458 -1.2724685940374825 5.030039342453379
    endloop
  endfacet
  facet normal -0.47771981851225775 -0.8785122509109452 0
    outer loop
      vertex 16.145490180525858 -1.46000578636248 0.44
      vertex 16.145490180525858 -1.46000578636248 5.35696678293292
      vertex 16.045475636712034 -1.4056196014575075 5.235648290380379
    endloop
  endfacet
  facet normal -0.4777198185122615 -0.8785122509109431 -1.0574617797343526e-16
    outer loop
      vertex 16.145490180525858 -1.46000578636248 0.44
      vertex 16.045475636712034 -1.4056196014575075 5.235648290380379
      vertex 15.930291919998046 -1.34298468181112 5.138928782345706
    endloop
  endfacet
  facet normal -0.8179293607667131 -0.575318660218627 2.240320447889552e-16
    outer loop
      vertex 15.565617312284893 -1.0179879077224956 0.44
      vertex 15.497052782624415 -0.9205098563497931 4.691313022773252
      vertex 15.424688628820478 -0.8176298871153762 4.630150336712256
    endloop
  endfacet
  facet normal -0.8179293607667179 -0.5753186602186205 0
    outer loop
      vertex 15.565617312284893 -1.0179879077224956 0.44
      vertex 15.565617312284893 -1.0179879077224956 4.771702579880087
      vertex 15.497052782624415 -0.9205098563497931 4.691313022773252
    endloop
  endfacet
  facet normal -0.8961655569610583 -0.4437198378669544 0
    outer loop
      vertex 15.424688628820478 -0.8176298871153762 0.44
      vertex 15.424688628820478 -0.8176298871153762 4.630150336712256
      vertex 15.371373781638283 -0.7099517405871348 4.56613510886231
    endloop
  endfacet
  facet normal -0.8961655569610557 -0.4437198378669598 1.733484877756711e-16
    outer loop
      vertex 15.424688628820478 -0.8176298871153762 0.44
      vertex 15.371373781638283 -0.7099517405871348 4.56613510886231
      vertex 15.31599607823665 -0.5981073149452298 4.521057755540506
    endloop
  endfacet
  facet normal -0.7205215936007904 -0.6934325007922382 0
    outer loop
      vertex 15.735478879735096 -1.1944851545791402 0.44
      vertex 15.735478879735096 -1.1944851545791402 4.9425351502276476
      vertex 15.653681171832252 -1.1094920012675862 4.84716545023874
    endloop
  endfacet
  facet normal -0.7205215936007873 -0.6934325007922415 1.220350342349618e-16
    outer loop
      vertex 15.735478879735096 -1.1944851545791402 0.44
      vertex 15.653681171832252 -1.1094920012675862 4.84716545023874
      vertex 15.565617312284893 -1.0179879077224956 4.771702579880087
    endloop
  endfacet
  facet normal -0.9533963920549288 -0.30172059859519795 0
    outer loop
      vertex 15.31599607823665 -0.5981073149452298 0.44
      vertex 15.31599607823665 -0.5981073149452298 4.521057755540506
      vertex 15.279489976479965 -0.48275295775230775 4.474565772712111
    endloop
  endfacet
  facet normal -0.9533963920549303 -0.3017205985951927 -1.653793122254846e-16
    outer loop
      vertex 15.31599607823665 -0.5981073149452298 0.44
      vertex 15.279489976479965 -0.48275295775230775 4.474565772712111
      vertex 15.242087321795553 -0.36456561424501976 4.44690886864777
    endloop
  endfacet
  facet normal -0.9882804237803493 -0.15264928421887022 0
    outer loop
      vertex 15.242087321795553 -0.36456561424501976 0.44
      vertex 15.242087321795553 -0.36456561424501976 4.44690886864777
      vertex 15.223501712623007 -0.24423885475019846 4.418751321951442
    endloop
  endfacet
  facet normal -1 0 0
    outer loop
      vertex 15.204694718106015 -0.12247880453839265 0.44
      vertex 15.204694718106015 -0.12247880453839265 4.409403251986569
      vertex 15.204694718106015 0 4.4
    endloop
  endfacet
  facet normal -0.9882804237803482 -0.15264928421887664 1.9594970914527987e-16
    outer loop
      vertex 15.242087321795553 -0.36456561424501976 0.44
      vertex 15.223501712623007 -0.24423885475019846 4.418751321951442
      vertex 15.204694718106015 -0.12247880453839265 4.409403251986569
    endloop
  endfacet
  facet normal -0.19039110916466873 -0.9817083199968548 0
    outer loop
      vertex 16.376029596485342 -1.5428055927250257 0.44
      vertex 16.61650651936256 -1.5894433436154802 0.44
      vertex 16.376029596485342 -1.5428055927250257 5.593746750577596
    endloop
  endfacet
  facet normal -0.038302733690035604 -0.9992661810508101 0
    outer loop
      vertex 16.61650651936256 -1.5894433436154802 0.44
      vertex 16.8 -1.5964768068267767 0.44
      vertex 16.8 -1.5964768068267767 5.918367578341078
    endloop
  endfacet
  facet normal -0.038302733690034854 -0.99926618105081 0
    outer loop
      vertex 16.8 -1.5964768068267767 0.44
      vertex 16.861284373904056 -1.5988258896812961 0.44
      vertex 16.861284373904056 -1.5988258896812961 6
    endloop
  endfacet
  facet normal 0.11468342539839983 -0.9934020897596751 0
    outer loop
      vertex 16.861284373904056 -1.5988258896812961 0.44
      vertex 17.10462577466347 -1.5707333119949678 0.44
      vertex 17.10462577466347 -1.5707333119949678 6
    endloop
  endfacet
  facet normal 0.2649815021966623 -0.9642534954531409 0
    outer loop
      vertex 17.10462577466347 -1.5707333119949678 0.44
      vertex 17.340827005453605 -1.5058240767672988 0.44
      vertex 17.340827005453605 -1.5058240767672988 6
    endloop
  endfacet
  facet normal -0.3380168784085047 -0.9411400479795609 0
    outer loop
      vertex 16.145490180525858 -1.46000578636248 0.44
      vertex 16.376029596485342 -1.5428055927250257 0.44
      vertex 16.145490180525858 -1.46000578636248 5.35696678293292
    endloop
  endfacet
  facet normal 0.40906863717134007 -0.9125036164765499 0
    outer loop
      vertex 17.340827005453605 -1.5058240767672988 0.44
      vertex 17.564351709619622 -1.4056196014575075 0.44
      vertex 17.564351709619622 -1.4056196014575075 6
    endloop
  endfacet
  facet normal 0.5435675500012189 -0.8393654261319514 0
    outer loop
      vertex 17.564351709619622 -1.4056196014575075 0.44
      vertex 17.769960657546623 -1.2724685940374825 0.44
      vertex 17.769960657546623 -1.2724685940374825 6
    endloop
  endfacet
  facet normal -0.3380168784085077 -0.9411400479795599 -1.5051122588365367e-16
    outer loop
      vertex 16.376029596485342 -1.5428055927250257 0.44
      vertex 16.273061999521886 -1.5058240767672988 5.459172994546396
      vertex 16.145490180525858 -1.46000578636248 5.35696678293292
    endloop
  endfacet
  facet normal 0.6653257001655697 -0.7465532216119589 0
    outer loop
      vertex 17.769960657546623 -1.2724685940374825 0.44
      vertex 17.95283454976126 -1.1094920012675862 0.44
      vertex 17.95283454976126 -1.1094920012675862 6
    endloop
  endfacet
  facet normal 0.7714891798219398 -0.6362424423265635 0
    outer loop
      vertex 17.95283454976126 -1.1094920012675862 0.44
      vertex 18.10868697722675 -0.9205098563497931 0.44
      vertex 18.10868697722675 -0.9205098563497931 6
    endloop
  endfacet
  facet normal 0.8595696069872055 -0.5110186794471032 0
    outer loop
      vertex 18.10868697722675 -0.9205098563497931 0.44
      vertex 18.23386489113769 -0.7099517405871348 0.44
      vertex 18.23386489113769 -0.7099517405871348 6
    endloop
  endfacet
  facet normal 0.927502451102093 -0.373817071840773 0
    outer loop
      vertex 18.23386489113769 -0.7099517405871348 0.44
      vertex 18.32543422728789 -0.48275295775230775 0.44
      vertex 18.32543422728789 -0.48275295775230775 6
    endloop
  endfacet
  facet normal 0.9736954238777801 -0.22785350890313277 0
    outer loop
      vertex 18.32543422728789 -0.48275295775230775 0.44
      vertex 18.381248678048557 -0.24423885475019846 0.44
      vertex 18.381248678048557 -0.24423885475019846 6
    endloop
  endfacet
  facet normal 0.9970658011837397 -0.07654925283650668 0
    outer loop
      vertex 18.381248678048557 -0.24423885475019846 0.44
      vertex 18.400000000000002 0 0.44
      vertex 18.400000000000002 0 6
    endloop
  endfacet
  facet normal -0.33801687840850103 -0.9411400479795623 0
    outer loop
      vertex 16.376029596485342 -1.5428055927250257 0.44
      vertex 16.376029596485342 -1.5428055927250257 5.593746750577596
      vertex 16.273061999521886 -1.5058240767672988 5.459172994546396
    endloop
  endfacet
  facet normal -0.1903911091646703 -0.9817083199968545 -7.553121148396616e-17
    outer loop
      vertex 16.61650651936256 -1.5894433436154802 0.44
      vertex 16.52003250967876 -1.5707333119949678 5.69537422533653
      vertex 16.376029596485342 -1.5428055927250257 5.593746750577596
    endloop
  endfacet
  facet normal -0.1903911091646663 -0.9817083199968551 0
    outer loop
      vertex 16.61650651936256 -1.5894433436154802 0.44
      vertex 16.61650651936256 -1.5894433436154802 5.857442845511751
      vertex 16.52003250967876 -1.5707333119949678 5.69537422533653
    endloop
  endfacet
  facet normal -0.0383027336900356 -0.99926618105081 0
    outer loop
      vertex 16.61650651936256 -1.5894433436154802 0.44
      vertex 16.8 -1.5964768068267767 5.918367578341078
      vertex 16.61650651936256 -1.5894433436154802 5.857442845511751
    endloop
  endfacet
  facet normal -0.038302733690034854 -0.99926618105081 0
    outer loop
      vertex 16.8 -1.5964768068267767 0.44
      vertex 16.861284373904056 -1.5988258896812961 6
      vertex 16.8 -1.5964768068267767 5.918367578341078
    endloop
  endfacet
  facet normal 0.11468342539839983 -0.9934020897596751 0
    outer loop
      vertex 16.861284373904056 -1.5988258896812961 0.44
      vertex 17.10462577466347 -1.5707333119949678 6
      vertex 16.861284373904056 -1.5988258896812961 6
    endloop
  endfacet
  facet normal 0.2649815021966623 -0.9642534954531409 0
    outer loop
      vertex 17.10462577466347 -1.5707333119949678 0.44
      vertex 17.340827005453605 -1.5058240767672988 6
      vertex 17.10462577466347 -1.5707333119949678 6
    endloop
  endfacet
  facet normal 0.40906863717134007 -0.9125036164765499 0
    outer loop
      vertex 17.340827005453605 -1.5058240767672988 0.44
      vertex 17.564351709619622 -1.4056196014575075 6
      vertex 17.340827005453605 -1.5058240767672988 6
    endloop
  endfacet
  facet normal 0.5435675500012189 -0.8393654261319514 0
    outer loop
      vertex 17.564351709619622 -1.4056196014575075 0.44
      vertex 17.769960657546623 -1.2724685940374825 6
      vertex 17.564351709619622 -1.4056196014575075 6
    endloop
  endfacet
  facet normal 0.6653257001655697 -0.7465532216119589 0
    outer loop
      vertex 17.769960657546623 -1.2724685940374825 0.44
      vertex 17.95283454976126 -1.1094920012675862 6
      vertex 17.769960657546623 -1.2724685940374825 6
    endloop
  endfacet
  facet normal 0.7714891798219398 -0.6362424423265635 0
    outer loop
      vertex 17.95283454976126 -1.1094920012675862 0.44
      vertex 18.10868697722675 -0.9205098563497931 6
      vertex 17.95283454976126 -1.1094920012675862 6
    endloop
  endfacet
  facet normal 0.8595696069872055 -0.5110186794471032 0
    outer loop
      vertex 18.10868697722675 -0.9205098563497931 0.44
      vertex 18.23386489113769 -0.7099517405871348 6
      vertex 18.10868697722675 -0.9205098563497931 6
    endloop
  endfacet
  facet normal 0.927502451102093 -0.373817071840773 0
    outer loop
      vertex 18.23386489113769 -0.7099517405871348 0.44
      vertex 18.32543422728789 -0.48275295775230775 6
      vertex 18.23386489113769 -0.7099517405871348 6
    endloop
  endfacet
  facet normal 0.9736954238777801 -0.22785350890313277 0
    outer loop
      vertex 18.32543422728789 -0.48275295775230775 0.44
      vertex 18.381248678048557 -0.24423885475019846 6
      vertex 18.32543422728789 -0.48275295775230775 6
    endloop
  endfacet
  facet normal 0.9970658011837397 -0.07654925283650668 0
    outer loop
      vertex 18.381248678048557 -0.24423885475019846 0.44
      vertex 18.400000000000002 0 6
      vertex 18.381248678048557 -0.24423885475019846 6
    endloop
  endfacet
  facet normal -0.038302733690034854 -0.99926618105081 0
    outer loop
      vertex 16.8 -1.5964768068267767 5.918367578341078
      vertex 16.861284373904056 -1.5988258896812961 6
      vertex 16.8 -1.5964768068267767 6
    endloop
  endfacet
  facet normal -1 0 0
    outer loop
      vertex 15.204694718106015 -0.12247880453839265 0.44
      vertex 15.204694718106015 0 4.4
      vertex 15.204694718106015 0.12247880453839265 0.44
    endloop
  endfacet
  facet normal -0.9882804237803486 0.15264928421887344 7.030555178656269e-17
    outer loop
      vertex 15.204694718106015 0.12247880453839265 0.44
      vertex 15.223501712623007 0.2442388547501992 4.418751321951442
      vertex 15.242087321795553 0.36456561424501976 0.44
    endloop
  endfacet
  facet normal -0.9533963920549297 0.3017205985951953 -8.425268672257769e-17
    outer loop
      vertex 15.242087321795553 0.36456561424501976 0.44
      vertex 15.279489976479965 0.48275295775230775 4.474565772712111
      vertex 15.31599607823665 0.5981073149452298 0.44
    endloop
  endfacet
  facet normal -0.8961655569610569 0.4437198378669572 1.7163105683928766e-17
    outer loop
      vertex 15.31599607823665 0.5981073149452298 0.44
      vertex 15.371373781638283 0.7099517405871355 4.566135108862311
      vertex 15.424688628820478 0.8176298871153762 0.44
    endloop
  endfacet
  facet normal -0.8179293607667153 0.5753186602186239 1.1826999733436968e-16
    outer loop
      vertex 15.424688628820478 0.8176298871153762 0.44
      vertex 15.497052782624415 0.9205098563497931 4.691313022773252
      vertex 15.565617312284893 1.0179879077224956 0.44
    endloop
  endfacet
  facet normal -0.7205215936007888 0.69343250079224 -4.017167822445633e-17
    outer loop
      vertex 15.565617312284893 1.0179879077224956 0.44
      vertex 15.653681171832252 1.1094920012675868 4.847165450238741
      vertex 15.735478879735096 1.1944851545791402 0.44
    endloop
  endfacet
  facet normal -1 0 0
    outer loop
      vertex 15.204694718106015 0.12247880453839265 0.44
      vertex 15.204694718106015 0 4.4
      vertex 15.204694718106015 0.12247880453839265 4.409403251986569
    endloop
  endfacet
  facet normal -0.9882804237803483 0.1526492842188757 0
    outer loop
      vertex 15.204694718106015 0.12247880453839265 0.44
      vertex 15.204694718106015 0.12247880453839265 4.409403251986569
      vertex 15.223501712623007 0.2442388547501992 4.418751321951442
    endloop
  endfacet
  facet normal -0.9882804237803491 0.15264928421887117 0
    outer loop
      vertex 15.242087321795553 0.36456561424501976 0.44
      vertex 15.223501712623007 0.2442388547501992 4.418751321951442
      vertex 15.242087321795553 0.36456561424501976 4.446908868647769
    endloop
  endfacet
  facet normal -0.9533963920549305 0.3017205985951926 0
    outer loop
      vertex 15.242087321795553 0.36456561424501976 0.44
      vertex 15.242087321795553 0.36456561424501976 4.446908868647769
      vertex 15.279489976479965 0.48275295775230775 4.474565772712111
    endloop
  endfacet
  facet normal -0.9533963920549288 0.30172059859519795 0
    outer loop
      vertex 15.31599607823665 0.5981073149452298 0.44
      vertex 15.279489976479965 0.48275295775230775 4.474565772712111
      vertex 15.31599607823665 0.5981073149452298 4.521057755540506
    endloop
  endfacet
  facet normal -0.8961655569610567 0.44371983786695773 0
    outer loop
      vertex 15.31599607823665 0.5981073149452298 0.44
      vertex 15.31599607823665 0.5981073149452298 4.521057755540506
      vertex 15.371373781638283 0.7099517405871355 4.566135108862311
    endloop
  endfacet
  facet normal -0.8961655569610572 0.4437198378669566 0
    outer loop
      vertex 15.424688628820478 0.8176298871153762 0.44
      vertex 15.371373781638283 0.7099517405871355 4.566135108862311
      vertex 15.424688628820478 0.8176298871153762 4.630150336712258
    endloop
  endfacet
  facet normal -0.8179293607667131 0.5753186602186272 0
    outer loop
      vertex 15.424688628820478 0.8176298871153762 0.44
      vertex 15.424688628820478 0.8176298871153762 4.630150336712258
      vertex 15.497052782624415 0.9205098563497931 4.691313022773252
    endloop
  endfacet
  facet normal -0.8179293607667177 0.5753186602186204 0
    outer loop
      vertex 15.565617312284893 1.0179879077224956 0.44
      vertex 15.497052782624415 0.9205098563497931 4.691313022773252
      vertex 15.565617312284893 1.0179879077224956 4.771702579880088
    endloop
  endfacet
  facet normal -0.7205215936007897 0.693432500792239 0
    outer loop
      vertex 15.565617312284893 1.0179879077224956 0.44
      vertex 15.565617312284893 1.0179879077224956 4.771702579880088
      vertex 15.653681171832252 1.1094920012675868 4.847165450238741
    endloop
  endfacet
  facet normal -0.7205215936007877 0.693432500792241 0
    outer loop
      vertex 15.735478879735096 1.1944851545791402 0.44
      vertex 15.653681171832252 1.1094920012675868 4.847165450238741
      vertex 15.735478879735096 1.1944851545791402 4.942535150227648
    endloop
  endfacet
  facet normal -0.6062254109666394 0.7952928712734255 -4.165687408566879e-17
    outer loop
      vertex 15.735478879735096 1.1944851545791402 0.44
      vertex 15.837783521468458 1.2724685940374822 5.030039342453379
      vertex 15.930291919998046 1.34298468181112 0.44
    endloop
  endfacet
  facet normal -0.4777198185122605 0.8785122509109436 -7.678835081055674e-17
    outer loop
      vertex 15.930291919998046 1.34298468181112 0.44
      vertex 16.045475636712034 1.4056196014575078 5.235648290380379
      vertex 16.145490180525858 1.4600057863624802 0.44
    endloop
  endfacet
  facet normal -0.6062254109666406 0.7952928712734246 0
    outer loop
      vertex 15.735478879735096 1.1944851545791402 0.44
      vertex 15.735478879735096 1.1944851545791402 4.942535150227648
      vertex 15.837783521468458 1.2724685940374822 5.030039342453379
    endloop
  endfacet
  facet normal -0.6062254109666381 0.7952928712734265 0
    outer loop
      vertex 15.930291919998046 1.34298468181112 0.44
      vertex 15.837783521468458 1.2724685940374822 5.030039342453379
      vertex 15.930291919998046 1.34298468181112 5.1389287823457055
    endloop
  endfacet
  facet normal -0.477719818512263 0.8785122509109424 0
    outer loop
      vertex 15.930291919998046 1.34298468181112 0.44
      vertex 15.930291919998046 1.34298468181112 5.1389287823457055
      vertex 16.045475636712034 1.4056196014575078 5.235648290380379
    endloop
  endfacet
  facet normal -0.47771981851225764 0.8785122509109453 0
    outer loop
      vertex 16.145490180525858 1.4600057863624802 0.44
      vertex 16.045475636712034 1.4056196014575078 5.235648290380379
      vertex 16.145490180525858 1.4600057863624802 5.356966782932921
    endloop
  endfacet
  facet normal -0.33801687840850625 0.9411400479795603 0
    outer loop
      vertex 16.145490180525858 1.4600057863624802 0.44
      vertex 16.145490180525858 1.4600057863624802 5.356966782932921
      vertex 16.273061999521886 1.5058240767672988 5.459172994546396
    endloop
  endfacet
  facet normal 0.9970658011837397 0.07654925283650645 0
    outer loop
      vertex 18.400000000000002 0 0.44
      vertex 18.381248678048557 0.2442388547501992 0.44
      vertex 18.381248678048557 0.2442388547501992 6
    endloop
  endfacet
  facet normal 0.9736954238777801 0.22785350890313344 0
    outer loop
      vertex 18.381248678048557 0.2442388547501992 0.44
      vertex 18.32543422728789 0.48275295775230775 0.44
      vertex 18.32543422728789 0.48275295775230775 6
    endloop
  endfacet
  facet normal 0.8595696069872047 0.5110186794471043 0
    outer loop
      vertex 18.23386489113769 0.7099517405871355 0.44
      vertex 18.10868697722675 0.9205098563497931 0.44
      vertex 18.10868697722675 0.9205098563497931 6
    endloop
  endfacet
  facet normal 0.9275024511020933 0.373817071840772 0
    outer loop
      vertex 18.32543422728789 0.48275295775230775 0.44
      vertex 18.23386489113769 0.7099517405871355 0.44
      vertex 18.23386489113769 0.7099517405871355 6
    endloop
  endfacet
  facet normal 0.7714891798219409 0.6362424423265622 0
    outer loop
      vertex 18.10868697722675 0.9205098563497931 0.44
      vertex 17.95283454976126 1.1094920012675868 0.44
      vertex 17.95283454976126 1.1094920012675868 6
    endloop
  endfacet
  facet normal 0.40906863717133934 0.9125036164765502 0
    outer loop
      vertex 17.340827005453605 1.5058240767672988 0.44
      vertex 17.340827005453605 1.5058240767672988 6
      vertex 17.564351709619622 1.4056196014575078 0.44
    endloop
  endfacet
  facet normal -0.3380168784085039 0.9411400479795611 -6.631396789424132e-17
    outer loop
      vertex 16.145490180525858 1.4600057863624802 0.44
      vertex 16.273061999521886 1.5058240767672988 5.459172994546396
      vertex 16.376029596485342 1.5428055927250257 0.44
    endloop
  endfacet
  facet normal -0.19039110916466873 0.9817083199968549 4.109940305000178e-17
    outer loop
      vertex 16.376029596485342 1.5428055927250257 0.44
      vertex 16.520032509678764 1.570733311994968 5.695374225336531
      vertex 16.61650651936256 1.5894433436154802 0.44
    endloop
  endfacet
  facet normal -0.0383027336900356 0.99926618105081 0
    outer loop
      vertex 16.61650651936256 1.5894433436154802 0.44
      vertex 16.61650651936256 1.5894433436154802 5.85744284551175
      vertex 16.8 1.5964768068267767 0.44
    endloop
  endfacet
  facet normal -0.038302733690034854 0.99926618105081 2.5126852829649e-17
    outer loop
      vertex 16.8 1.5964768068267767 0.44
      vertex 16.61650651936256 1.5894433436154802 5.85744284551175
      vertex 16.861284373904056 1.5988258896812961 0.44
    endloop
  endfacet
  facet normal 0.26498150219666305 0.9642534954531405 0
    outer loop
      vertex 17.10462577466347 1.570733311994968 0.44
      vertex 17.10462577466347 1.570733311994968 6
      vertex 17.340827005453605 1.5058240767672988 0.44
    endloop
  endfacet
  facet normal 0.11468342539839892 0.9934020897596751 0
    outer loop
      vertex 16.861284373904056 1.5988258896812961 0.44
      vertex 16.861284373904056 1.5988258896812961 6
      vertex 17.10462577466347 1.570733311994968 0.44
    endloop
  endfacet
  facet normal 0.6653257001655676 0.7465532216119607 0
    outer loop
      vertex 17.95283454976126 1.1094920012675868 0.44
      vertex 17.769960657546623 1.2724685940374822 0.44
      vertex 17.769960657546623 1.2724685940374822 6
    endloop
  endfacet
  facet normal 0.5435675500012201 0.8393654261319505 0
    outer loop
      vertex 17.769960657546623 1.2724685940374822 0.44
      vertex 17.564351709619622 1.4056196014575078 0.44
      vertex 17.564351709619622 1.4056196014575078 6
    endloop
  endfacet
  facet normal 0.9970658011837397 0.07654925283650645 0
    outer loop
      vertex 18.400000000000002 0 0.44
      vertex 18.381248678048557 0.2442388547501992 6
      vertex 18.400000000000002 0 6
    endloop
  endfacet
  facet normal 0.9736954238777801 0.22785350890313344 0
    outer loop
      vertex 18.381248678048557 0.2442388547501992 0.44
      vertex 18.32543422728789 0.48275295775230775 6
      vertex 18.381248678048557 0.2442388547501992 6
    endloop
  endfacet
  facet normal 0.9275024511020933 0.373817071840772 0
    outer loop
      vertex 18.32543422728789 0.48275295775230775 0.44
      vertex 18.23386489113769 0.7099517405871355 6
      vertex 18.32543422728789 0.48275295775230775 6
    endloop
  endfacet
  facet normal 0.8595696069872047 0.5110186794471043 0
    outer loop
      vertex 18.23386489113769 0.7099517405871355 0.44
      vertex 18.10868697722675 0.9205098563497931 6
      vertex 18.23386489113769 0.7099517405871355 6
    endloop
  endfacet
  facet normal 0.7714891798219409 0.6362424423265622 0
    outer loop
      vertex 18.10868697722675 0.9205098563497931 0.44
      vertex 17.95283454976126 1.1094920012675868 6
      vertex 18.10868697722675 0.9205098563497931 6
    endloop
  endfacet
  facet normal 0.6653257001655676 0.7465532216119607 0
    outer loop
      vertex 17.95283454976126 1.1094920012675868 0.44
      vertex 17.769960657546623 1.2724685940374822 6
      vertex 17.95283454976126 1.1094920012675868 6
    endloop
  endfacet
  facet normal 0.40906863717133934 0.9125036164765502 0
    outer loop
      vertex 17.564351709619622 1.4056196014575078 0.44
      vertex 17.340827005453605 1.5058240767672988 6
      vertex 17.564351709619622 1.4056196014575078 6
    endloop
  endfacet
  facet normal -0.33801687840850103 0.9411400479795623 0
    outer loop
      vertex 16.376029596485342 1.5428055927250257 0.44
      vertex 16.273061999521886 1.5058240767672988 5.459172994546396
      vertex 16.376029596485342 1.5428055927250257 5.593746750577596
    endloop
  endfacet
  facet normal -0.19039110916466725 0.9817083199968551 0
    outer loop
      vertex 16.376029596485342 1.5428055927250257 0.44
      vertex 16.376029596485342 1.5428055927250257 5.593746750577596
      vertex 16.520032509678764 1.570733311994968 5.695374225336531
    endloop
  endfacet
  facet normal -0.19039110916467092 0.9817083199968545 0
    outer loop
      vertex 16.61650651936256 1.5894433436154802 0.44
      vertex 16.520032509678764 1.570733311994968 5.695374225336531
      vertex 16.61650651936256 1.5894433436154802 5.85744284551175
    endloop
  endfacet
  facet normal -0.0383027336900356 0.9992661810508101 -8.267996592464695e-18
    outer loop
      vertex 16.861284373904056 1.5988258896812961 0.44
      vertex 16.61650651936256 1.5894433436154802 5.85744284551175
      vertex 16.8 1.5964768068267767 5.918367578341078
    endloop
  endfacet
  facet normal -0.038302733690034854 0.99926618105081 0
    outer loop
      vertex 16.861284373904056 1.5988258896812961 0.44
      vertex 16.8 1.5964768068267767 5.918367578341078
      vertex 16.861284373904056 1.5988258896812961 6
    endloop
  endfacet
  facet normal 0.11468342539839892 0.9934020897596751 0
    outer loop
      vertex 17.10462577466347 1.570733311994968 0.44
      vertex 16.861284373904056 1.5988258896812961 6
      vertex 17.10462577466347 1.570733311994968 6
    endloop
  endfacet
  facet normal 0.26498150219666305 0.9642534954531405 0
    outer loop
      vertex 17.340827005453605 1.5058240767672988 0.44
      vertex 17.10462577466347 1.570733311994968 6
      vertex 17.340827005453605 1.5058240767672988 6
    endloop
  endfacet
  facet normal 0.5435675500012201 0.8393654261319505 0
    outer loop
      vertex 17.769960657546623 1.2724685940374822 0.44
      vertex 17.564351709619622 1.4056196014575078 6
      vertex 17.769960657546623 1.2724685940374822 6
    endloop
  endfacet
  facet normal -0.03830273369004209 0.9992661810508098 5.4361161871061935e-15
    outer loop
      vertex 16.8 1.5964768068267767 5.918367578341078
      vertex 16.8 1.5964768068267763 6
      vertex 16.861284373904056 1.5988258896812961 6
    endloop
  endfacet
  facet normal -0.03819625645985321 -0.9964883350611863 0.0745120398287278
    outer loop
      vertex 16.8 -1.5964768068267767 6
      vertex 16.861284373904056 -1.5988258896812961 6
      vertex 16.860599878082237 -1.5809683254836822 6.238467625881879
    endloop
  endfacet
  facet normal -0.038196256459855 -0.9964883350611862 0.07451203982872823
    outer loop
      vertex 16.8 -1.5964768068267767 6
      vertex 16.860599878082237 -1.5809683254836822 6.238467625881879
      vertex 16.8 -1.5786454799437764 6.238467625881879
    endloop
  endfacet
  facet normal 0.11436461855858047 -0.9906405452748804 0.07451203982872794
    outer loop
      vertex 16.861284373904056 -1.5988258896812961 6
      vertex 17.10122335644995 -1.5531895186793165 6.238467625881879
      vertex 16.860599878082237 -1.5809683254836822 6.238467625881879
    endloop
  endfacet
  facet normal 0.11436461855858039 -0.9906405452748804 0.07451203982872805
    outer loop
      vertex 16.861284373904056 -1.5988258896812961 6
      vertex 17.10462577466347 -1.5707333119949678 6
      vertex 17.10122335644995 -1.5531895186793165 6.238467625881879
    endloop
  endfacet
  facet normal 0.2642448838489592 -0.961572980735322 0.07451203982872853
    outer loop
      vertex 17.10462577466347 -1.5707333119949678 6
      vertex 17.33478641464755 -1.4890052659794992 6.238467625881879
      vertex 17.10122335644995 -1.5531895186793165 6.238467625881879
    endloop
  endfacet
  facet normal 0.2642448838489589 -0.961572980735322 0.0745120398287289
    outer loop
      vertex 17.10462577466347 -1.5707333119949678 6
      vertex 17.340827005453605 -1.5058240767672988 6
      vertex 17.33478641464755 -1.4890052659794992 6.238467625881879
    endloop
  endfacet
  facet normal 0.4079314730254943 -0.9099669605187941 0.07451203982872662
    outer loop
      vertex 17.340827005453605 -1.5058240767672988 6
      vertex 17.564351709619622 -1.4056196014575075 6
      vertex 17.55581453254976 -1.3899199918674632 6.238467625881879
    endloop
  endfacet
  facet normal 0.40793147302549193 -0.909966960518795 0.07451203982872921
    outer loop
      vertex 17.340827005453605 -1.5058240767672988 6
      vertex 17.55581453254976 -1.3899199918674632 6.238467625881879
      vertex 17.33478641464755 -1.4890052659794992 6.238467625881879
    endloop
  endfacet
  facet normal 0.542056494220997 -0.8370320859999361 0.07451203982872653
    outer loop
      vertex 17.564351709619622 -1.4056196014575075 6
      vertex 17.759126998407694 -1.2582561711876115 6.238467625881879
      vertex 17.55581453254976 -1.3899199918674632 6.238467625881879
    endloop
  endfacet
  facet normal 0.5420564942209936 -0.8370320859999381 0.07451203982873057
    outer loop
      vertex 17.564351709619622 -1.4056196014575075 6
      vertex 17.769960657546623 -1.2724685940374825 6
      vertex 17.759126998407694 -1.2582561711876115 6.238467625881879
    endloop
  endfacet
  facet normal 0.6634761706177349 -0.7444778888207413 0.07451203982873128
    outer loop
      vertex 17.769960657546623 -1.2724685940374825 6
      vertex 17.939958340341303 -1.0970998923035986 6.238467625881879
      vertex 17.759126998407694 -1.2582561711876115 6.238467625881879
    endloop
  endfacet
  facet normal -0.03734782282930709 -0.9743538565998423 0.22190020788391507
    outer loop
      vertex 16.8 -1.5786454799437764 6.238467625881879
      vertex 16.860599878082237 -1.5809683254836822 6.238467625881879
      vertex 16.858561681122346 -1.5277945413662788 6.471608279057446
    endloop
  endfacet
  facet normal -0.03734782282930404 -0.9743538565998425 0.22190020788391432
    outer loop
      vertex 16.8 -1.5786454799437764 6.238467625881879
      vertex 16.858561681122346 -1.5277945413662788 6.471608279057446
      vertex 16.8 -1.5255498216719616 6.471608279057446
    endloop
  endfacet
  facet normal 0.11182429661284564 -0.9686359607345362 0.22190020788391446
    outer loop
      vertex 16.860599878082237 -1.5809683254836822 6.238467625881879
      vertex 17.10122335644995 -1.5531895186793165 6.238467625881879
      vertex 17.09109210620995 -1.500950038084789 6.471608279057446
    endloop
  endfacet
  facet normal 0.11182429661284547 -0.9686359607345362 0.22190020788391457
    outer loop
      vertex 16.860599878082237 -1.5809683254836822 6.238467625881879
      vertex 17.09109210620995 -1.500950038084789 6.471608279057446
      vertex 16.858561681122346 -1.5277945413662788 6.471608279057446
    endloop
  endfacet
  facet normal 0.25837534932027023 -0.9402140589273826 0.22190020788391474
    outer loop
      vertex 17.10122335644995 -1.5531895186793165 6.238467625881879
      vertex 17.31679957904622 -1.4389245380568527 6.471608279057446
      vertex 17.09109210620995 -1.500950038084789 6.471608279057446
    endloop
  endfacet
  facet normal 0.2583753493202728 -0.9402140589273825 0.22190020788391243
    outer loop
      vertex 17.10122335644995 -1.5531895186793165 6.238467625881879
      vertex 17.33478641464755 -1.4890052659794992 6.238467625881879
      vertex 17.31679957904622 -1.4389245380568527 6.471608279057446
    endloop
  endfacet
  facet normal 0.3988703028284193 -0.8897543364674546 0.22190020788391476
    outer loop
      vertex 17.33478641464755 -1.4890052659794992 6.238467625881879
      vertex 17.55581453254976 -1.3899199918674632 6.238467625881879
      vertex 17.530393707768656 -1.3431718664327474 6.471608279057446
    endloop
  endfacet
  facet normal 0.3988703028284227 -0.8897543364674539 0.22190020788391143
    outer loop
      vertex 17.33478641464755 -1.4890052659794992 6.238467625881879
      vertex 17.530393707768656 -1.3431718664327474 6.471608279057446
      vertex 17.31679957904622 -1.4389245380568527 6.471608279057446
    endloop
  endfacet
  facet normal -0.035668960899331976 -0.9305546342557912 0.36441157760619075
    outer loop
      vertex 16.8 -1.5255498216719616 6.471608279057446
      vertex 16.858561681122346 -1.5277945413662788 6.471608279057446
      vertex 16.855215312976448 -1.4404923517992354 6.694213982588093
    endloop
  endfacet
  facet normal -0.03566896089933472 -0.9305546342557909 0.3644115776061913
    outer loop
      vertex 16.8 -1.5255498216719616 6.471608279057446
      vertex 16.855215312976448 -1.4404923517992354 6.694213982588093
      vertex 16.8 -1.43837590127919 6.694213982588093
    endloop
  endfacet
  facet normal 0.10679756305230428 -0.9250937696431947 0.36441157760619103
    outer loop
      vertex 16.858561681122346 -1.5277945413662788 6.471608279057446
      vertex 17.09109210620995 -1.500950038084789 6.471608279057446
      vertex 17.074458339332445 -1.4151818138847234 6.694213982588093
    endloop
  endfacet
  facet normal 0.10679756305230563 -0.9250937696431949 0.36441157760618975
    outer loop
      vertex 16.858561681122346 -1.5277945413662788 6.471608279057446
      vertex 17.074458339332445 -1.4151818138847234 6.694213982588093
      vertex 16.855215312976448 -1.4404923517992354 6.694213982588093
    endloop
  endfacet
  facet normal 0.24676084264341505 -0.8979494911432819 0.3644115776061908
    outer loop
      vertex 17.09109210620995 -1.500950038084789 6.471608279057446
      vertex 17.28726829483459 -1.3567006137052384 6.694213982588093
      vertex 17.074458339332445 -1.4151818138847234 6.694213982588093
    endloop
  endfacet
  facet normal 0.2467608426434128 -0.8979494911432817 0.3644115776061927
    outer loop
      vertex 17.09109210620995 -1.500950038084789 6.471608279057446
      vertex 17.31679957904622 -1.4389245380568527 6.471608279057446
      vertex 17.28726829483459 -1.3567006137052384 6.694213982588093
    endloop
  endfacet
  facet normal 0.3809402572277519 -0.8497580376376676 0.36441157760619325
    outer loop
      vertex 17.31679957904622 -1.4389245380568527 6.471608279057446
      vertex 17.48865709449527 -1.2664195010266202 6.694213982588093
      vertex 17.28726829483459 -1.3567006137052384 6.694213982588093
    endloop
  endfacet
  facet normal 0.38094025722775515 -0.8497580376376672 0.3644115776061904
    outer loop
      vertex 17.31679957904622 -1.4389245380568527 6.471608279057446
      vertex 17.530393707768656 -1.3431718664327474 6.471608279057446
      vertex 17.48865709449527 -1.2664195010266202 6.694213982588093
    endloop
  endfacet
  facet normal 0.5300160745050655 -0.8184395264815328 0.22190020788391626
    outer loop
      vertex 17.55581453254976 -1.3899199918674632 6.238467625881879
      vertex 17.759126998407694 -1.2582561711876115 6.238467625881879
      vertex 17.726868027033994 -1.215936384679143 6.471608279057446
    endloop
  endfacet
  facet normal 0.5300160745050672 -0.8184395264815322 0.2219002078839145
    outer loop
      vertex 17.530393707768656 -1.3431718664327474 6.471608279057446
      vertex 17.55581453254976 -1.3899199918674632 6.238467625881879
      vertex 17.726868027033994 -1.215936384679143 6.471608279057446
    endloop
  endfacet
  facet normal 0.5061907550526679 -0.7816489759513396 0.3644115776061895
    outer loop
      vertex 17.530393707768656 -1.3431718664327474 6.471608279057446
      vertex 17.726868027033994 -1.215936384679143 6.471608279057446
      vertex 17.673904355539666 -1.1464545886113335 6.694213982588093
    endloop
  endfacet
  facet normal 0.5061907550526669 -0.7816489759513401 0.3644115776061904
    outer loop
      vertex 17.530393707768656 -1.3431718664327474 6.471608279057446
      vertex 17.673904355539666 -1.1464545886113335 6.694213982588093
      vertex 17.48865709449527 -1.2664195010266202 6.694213982588093
    endloop
  endfacet
  facet normal -0.03319546411970678 -0.8660244704084192 0.49889846443509345
    outer loop
      vertex 16.8 -1.43837590127919 6.694213982588093
      vertex 16.855215312976448 -1.4404923517992354 6.694213982588093
      vertex 16.85063552597921 -1.321011943434954 6.9013120929017955
    endloop
  endfacet
  facet normal -0.03319546411970689 -0.8660244704084192 0.49889846443509345
    outer loop
      vertex 16.8 -1.43837590127919 6.694213982588093
      vertex 16.85063552597921 -1.321011943434954 6.9013120929017955
      vertex 16.8 -1.3196188468913088 6.900361169771727
    endloop
  endfacet
  facet normal 0.09939158817606757 -0.860942294456571 0.4988984644350932
    outer loop
      vertex 16.855215312976448 -1.4404923517992354 6.694213982588093
      vertex 17.074458339332445 -1.4151818138847234 6.694213982588093
      vertex 17.051693626683008 -1.2978007664800253 6.9013120929017955
    endloop
  endfacet
  facet normal 0.09939158817606637 -0.8609422944565706 0.4988984644350941
    outer loop
      vertex 16.855215312976448 -1.4404923517992354 6.694213982588093
      vertex 17.051693626683008 -1.2978007664800253 6.9013120929017955
      vertex 16.85063552597921 -1.321011943434954 6.9013120929017955
    endloop
  endfacet
  facet normal 0.2296489858853972 -0.8356803608235127 0.49889846443509134
    outer loop
      vertex 17.074458339332445 -1.4151818138847234 6.694213982588093
      vertex 17.28726829483459 -1.3567006137052384 6.694213982588093
      vertex 17.246852242102978 -1.2441702395237275 6.9013120929017955
    endloop
  endfacet
  facet normal 0.3545236060070252 -0.7908307878225802 0.4988984644350918
    outer loop
      vertex 17.28726829483459 -1.3567006137052384 6.694213982588093
      vertex 17.48865709449527 -1.2664195010266202 6.694213982588093
      vertex 17.431537019702454 -1.1613774166627884 6.9013120929017955
    endloop
  endfacet
  facet normal 0.2296489858853954 -0.8356803608235126 0.49889846443509267
    outer loop
      vertex 17.074458339332445 -1.4151818138847234 6.694213982588093
      vertex 17.246852242102978 -1.2441702395237275 6.9013120929017955
      vertex 17.051693626683008 -1.2978007664800253 6.9013120929017955
    endloop
  endfacet
  facet normal 0.3545236060070272 -0.7908307878225802 0.49889846443509045
    outer loop
      vertex 17.28726829483459 -1.3567006137052384 6.694213982588093
      vertex 17.431537019702454 -1.1613774166627884 6.9013120929017955
      vertex 17.246852242102978 -1.2441702395237275 6.9013120929017955
    endloop
  endfacet
  facet normal -0.03319546411970644 -0.8660244704085053 0.4988984644349442
    outer loop
      vertex 16.79538099589706 -1.3188939896894576 6.9013120929017955
      vertex 16.8 -1.3196188468913088 6.900361169771727
      vertex 16.85063552597921 -1.321011943434954 6.9013120929017955
    endloop
  endfacet
  facet normal -0.029980449233346276 -0.7821491085736744 0.6223696205802252
    outer loop
      vertex 16.79538099589706 -1.3188939896894576 6.9013120929017955
      vertex 16.85063552597921 -1.321011943434954 6.9013120929017955
      vertex 16.8 -1.3148593793326007 6.906605003421759
    endloop
  endfacet
  facet normal -0.029980449233343087 -0.7821491085736618 0.622369620580241
    outer loop
      vertex 16.8 -1.3148593793326007 6.906605003421759
      vertex 16.85063552597921 -1.321011943434954 6.9013120929017955
      vertex 16.84492462500429 -1.1720223111608614 7.088276380433471
    endloop
  endfacet
  facet normal -0.029980449233353017 -0.7821491085736604 0.6223696205802424
    outer loop
      vertex 16.8 -1.3148593793326007 6.906605003421759
      vertex 16.84492462500429 -1.1720223111608614 7.088276380433471
      vertex 16.8 -1.1719300884989978 7.086228194718183
    endloop
  endfacet
  facet normal 0.08976541050274128 -0.7775591465966314 0.6223696205802407
    outer loop
      vertex 16.85063552597921 -1.321011943434954 6.9013120929017955
      vertex 17.051693626683008 -1.2978007664800253 6.9013120929017955
      vertex 17.023306494324668 -1.1514289945033738 7.088276380433471
    endloop
  endfacet
  facet normal 0.20740724509827993 -0.7547438572519473 0.6223696205802418
    outer loop
      vertex 17.051693626683008 -1.2978007664800253 6.9013120929017955
      vertex 17.246852242102978 -1.2441702395237275 6.9013120929017955
      vertex 17.196454248683885 -1.1038471581206883 7.088276380433471
    endloop
  endfacet
  facet normal 0.08976541050274187 -0.7775591465966315 0.6223696205802403
    outer loop
      vertex 16.85063552597921 -1.321011943434954 6.9013120929017955
      vertex 17.023306494324668 -1.1514289945033738 7.088276380433471
      vertex 16.84492462500429 -1.1720223111608614 7.088276380433471
    endloop
  endfacet
  facet normal 0.6634761706177421 -0.7444778888207357 0.07451203982872205
    outer loop
      vertex 17.769960657546623 -1.2724685940374825 6
      vertex 17.95283454976126 -1.1094920012675862 6
      vertex 17.939958340341303 -1.0970998923035986 6.238467625881879
    endloop
  endfacet
  facet normal 0.7693445279115225 -0.6344737609177858 0.07451203982872114
    outer loop
      vertex 17.95283454976126 -1.1094920012675862 6
      vertex 18.10868697722675 -0.9205098563497931 6
      vertex 17.939958340341303 -1.0970998923035986 6.238467625881879
    endloop
  endfacet
  facet normal 0.7693445279115302 -0.634473760917775 0.07451203982873464
    outer loop
      vertex 18.10868697722675 -0.9205098563497931 6
      vertex 18.09407002496119 -0.9102285218027403 6.238467625881879
      vertex 17.939958340341303 -1.0970998923035986 6.238467625881879
    endloop
  endfacet
  facet normal 0.8571801015372548 -0.5095981058139272 0.07451203982873535
    outer loop
      vertex 18.10868697722675 -0.9205098563497931 6
      vertex 18.23386489113769 -0.7099517405871348 6
      vertex 18.09407002496119 -0.9102285218027403 6.238467625881879
    endloop
  endfacet
  facet normal 0.8571801015372512 -0.5095981058139344 0.0745120398287273
    outer loop
      vertex 18.23386489113769 -0.7099517405871348 6
      vertex 18.217849804998885 -0.7020221662247447 6.238467625881879
      vertex 18.09407002496119 -0.9102285218027403 6.238467625881879
    endloop
  endfacet
  facet normal 0.9249241000951064 -0.3727779030251389 0.07451203982872733
    outer loop
      vertex 18.23386489113769 -0.7099517405871348 6
      vertex 18.32543422728789 -0.48275295775230775 6
      vertex 18.217849804998885 -0.7020221662247447 6.238467625881879
    endloop
  endfacet
  facet normal 0.6487387186160999 -0.7279411876720642 0.22190020788391673
    outer loop
      vertex 17.759126998407694 -1.2582561711876115 6.238467625881879
      vertex 17.939958340341303 -1.0970998923035986 6.238467625881879
      vertex 17.90161734532257 -1.060200384648548 6.471608279057446
    endloop
  endfacet
  facet normal 0.6487387186160999 -0.7279411876720641 0.22190020788391673
    outer loop
      vertex 17.759126998407694 -1.2582561711876115 6.238467625881879
      vertex 17.90161734532257 -1.060200384648548 6.471608279057446
      vertex 17.726868027033994 -1.215936384679143 6.471608279057446
    endloop
  endfacet
  facet normal 0.7522554770082248 -0.6203805243978913 0.22190020788391704
    outer loop
      vertex 17.939958340341303 -1.0970998923035986 6.238467625881879
      vertex 18.09407002496119 -0.9102285218027403 6.238467625881879
      vertex 17.90161734532257 -1.060200384648548 6.471608279057446
    endloop
  endfacet
  facet normal 0.7522554770082213 -0.6203805243978981 0.22190020788390966
    outer loop
      vertex 18.09407002496119 -0.9102285218027403 6.238467625881879
      vertex 18.050545686724348 -0.8796141861859692 6.471608279057446
      vertex 17.90161734532257 -1.060200384648548 6.471608279057446
    endloop
  endfacet
  facet normal 0.6195765706065275 -0.6952187247636666 0.3644115776061949
    outer loop
      vertex 17.726868027033994 -1.215936384679143 6.471608279057446
      vertex 17.90161734532257 -1.060200384648548 6.471608279057446
      vertex 17.838668039177197 -0.9996177523288465 6.694213982588093
    endloop
  endfacet
  facet normal 0.619576570606534 -0.695218724763664 0.364411577606189
    outer loop
      vertex 17.726868027033994 -1.215936384679143 6.471608279057446
      vertex 17.838668039177197 -0.9996177523288465 6.694213982588093
      vertex 17.673904355539666 -1.1464545886113335 6.694213982588093
    endloop
  endfacet
  facet normal 0.7184400364741287 -0.5924931359075954 0.36441157760619564
    outer loop
      vertex 17.90161734532257 -1.060200384648548 6.471608279057446
      vertex 18.050545686724348 -0.8796141861859692 6.471608279057446
      vertex 17.838668039177197 -0.9996177523288465 6.694213982588093
    endloop
  endfacet
  facet normal 0.7184400364741259 -0.592493135907603 0.3644115776061888
    outer loop
      vertex 18.050545686724348 -0.8796141861859692 6.471608279057446
      vertex 17.979086224310624 -0.8293507231684916 6.694213982588093
      vertex 17.838668039177197 -0.9996177523288465 6.694213982588093
    endloop
  endfacet
  facet normal 0.8381400046014423 -0.498278667441997 0.22190020788390913
    outer loop
      vertex 18.09407002496119 -0.9102285218027403 6.238467625881879
      vertex 18.217849804998885 -0.7020221662247447 6.238467625881879
      vertex 18.050545686724348 -0.8796141861859692 6.471608279057446
    endloop
  endfacet
  facet normal 0.8381400046014429 -0.498278667441995 0.22190020788391107
    outer loop
      vertex 18.217849804998885 -0.7020221662247447 6.238467625881879
      vertex 18.17016229714268 -0.6784105767256028 6.471608279057446
      vertex 18.050545686724348 -0.8796141861859692 6.471608279057446
    endloop
  endfacet
  facet normal 0.9043792408613297 -0.36449758084267464 0.22190020788391088
    outer loop
      vertex 18.217849804998885 -0.7020221662247447 6.238467625881879
      vertex 18.308396387321174 -0.47736100607683907 6.238467625881879
      vertex 18.17016229714268 -0.6784105767256028 6.471608279057446
    endloop
  endfacet
  facet normal 0.800463876808315 -0.4758800101197481 0.36441157760618875
    outer loop
      vertex 18.050545686724348 -0.8796141861859692 6.471608279057446
      vertex 18.17016229714268 -0.6784105767256028 6.471608279057446
      vertex 17.979086224310624 -0.8293507231684916 6.694213982588093
    endloop
  endfacet
  facet normal 0.800463876808315 -0.4758800101197472 0.3644115776061895
    outer loop
      vertex 18.17016229714268 -0.6784105767256028 6.471608279057446
      vertex 18.09186762769335 -0.6396444159821427 6.694213982588093
      vertex 17.979086224310624 -0.8293507231684916 6.694213982588093
    endloop
  endfacet
  facet normal 0.9249241000951061 -0.3727779030251394 0.07451203982872669
    outer loop
      vertex 18.217849804998885 -0.7020221662247447 6.238467625881879
      vertex 18.32543422728789 -0.48275295775230775 6
      vertex 18.308396387321174 -0.47736100607683907 6.238467625881879
    endloop
  endfacet
  facet normal 0.9709886616760519 -0.22722010214132018 0.07451203982872667
    outer loop
      vertex 18.32543422728789 -0.48275295775230775 6
      vertex 18.381248678048557 -0.24423885475019846 6
      vertex 18.308396387321174 -0.47736100607683907 6.238467625881879
    endloop
  endfacet
  facet normal 0.9709886616760518 -0.22722010214132038 0.07451203982872646
    outer loop
      vertex 18.381248678048557 -0.24423885475019846 6
      vertex 18.363587436782147 -0.2415109085389179 6.238467625881879
      vertex 18.308396387321174 -0.47736100607683907 6.238467625881879
    endloop
  endfacet
  facet normal 0.9942940719991328 -0.07633645464616168 0.07451203982872648
    outer loop
      vertex 18.381248678048557 -0.24423885475019846 6
      vertex 18.400000000000002 0 6
      vertex 18.363587436782147 -0.2415109085389179 6.238467625881879
    endloop
  endfacet
  facet normal 0.9942940719991328 -0.0763364546461571 0.07451203982873111
    outer loop
      vertex 18.363587436782147 -0.2415109085389179 6.238467625881879
      vertex 18.400000000000002 0 6
      vertex 18.382129321960207 0 6.238467625881879
    endloop
  endfacet
  facet normal 0.9043792408613299 -0.3644975808426729 0.22190020788391243
    outer loop
      vertex 18.17016229714268 -0.6784105767256028 6.471608279057446
      vertex 18.308396387321174 -0.47736100607683907 6.238467625881879
      vertex 18.257663464611703 -0.46130559834093104 6.471608279057446
    endloop
  endfacet
  facet normal 0.9494205942317324 -0.22217297988220985 0.22190020788391235
    outer loop
      vertex 18.308396387321174 -0.47736100607683907 6.238467625881879
      vertex 18.363587436782147 -0.2415109085389179 6.238467625881879
      vertex 18.257663464611703 -0.46130559834093104 6.471608279057446
    endloop
  endfacet
  facet normal 0.9494205942317323 -0.22217297988221194 0.22190020788391038
    outer loop
      vertex 18.257663464611703 -0.46130559834093104 6.471608279057446
      vertex 18.363587436782147 -0.2415109085389179 6.238467625881879
      vertex 18.310998235928487 -0.23338800771564083 6.471608279057446
    endloop
  endfacet
  facet normal 0.8637255223118301 -0.3481126602318916 0.36441157760618925
    outer loop
      vertex 18.17016229714268 -0.6784105767256028 6.471608279057446
      vertex 18.257663464611703 -0.46130559834093104 6.471608279057446
      vertex 18.09186762769335 -0.6396444159821427 6.694213982588093
    endloop
  endfacet
  facet normal 0.8637255223118308 -0.3481126602318797 0.36441157760619924
    outer loop
      vertex 18.257663464611703 -0.46130559834093104 6.471608279057446
      vertex 18.17436874881917 -0.4349453858226411 6.694213982588093
      vertex 18.09186762769335 -0.6396444159821427 6.694213982588093
    endloop
  endfacet
  facet normal 0.9067421736321623 -0.21218584463479756 0.36441157760619936
    outer loop
      vertex 18.257663464611703 -0.46130559834093104 6.471608279057446
      vertex 18.310998235928487 -0.23338800771564083 6.471608279057446
      vertex 18.17436874881917 -0.4349453858226411 6.694213982588093
    endloop
  endfacet
  facet normal 0.97220833356492 -0.0746408325784117 0.2219002078839103
    outer loop
      vertex 18.363587436782147 -0.2415109085389179 6.238467625881879
      vertex 18.382129321960207 0 6.238467625881879
      vertex 18.310998235928487 -0.23338800771564083 6.471608279057446
    endloop
  endfacet
  facet normal 0.9722083335649185 -0.07464083257840047 0.22190020788392106
    outer loop
      vertex 18.310998235928487 -0.23338800771564083 6.471608279057446
      vertex 18.382129321960207 0 6.238467625881879
      vertex 18.328916489257825 0 6.471608279057446
    endloop
  endfacet
  facet normal 0.9067421736321635 -0.21218584463480797 0.36441157760619064
    outer loop
      vertex 18.310998235928487 -0.23338800771564083 6.471608279057446
      vertex 18.224655831333607 -0.22005160446206967 6.694213982588093
      vertex 18.17436874881917 -0.4349453858226411 6.694213982588093
    endloop
  endfacet
  facet normal 0.9285055569215905 -0.0712855726798511 0.36441157760619075
    outer loop
      vertex 18.310998235928487 -0.23338800771564083 6.471608279057446
      vertex 18.328916489257825 0 6.471608279057446
      vertex 18.224655831333607 -0.22005160446206967 6.694213982588093
    endloop
  endfacet
  facet normal 0.9285055569215906 -0.0712855726798516 0.3644115776061903
    outer loop
      vertex 18.224655831333607 -0.22005160446206967 6.694213982588093
      vertex 18.328916489257825 0 6.471608279057446
      vertex 18.24155018864387 0 6.694213982588093
    endloop
  endfacet
  facet normal 0.47108849328413127 -0.7274448114321767 0.49889846443509145
    outer loop
      vertex 17.48865709449527 -1.2664195010266202 6.694213982588093
      vertex 17.601419104826057 -1.0513628914931268 6.9013120929017955
      vertex 17.431537019702454 -1.1613774166627884 6.9013120929017955
    endloop
  endfacet
  facet normal -0.029980449233348902 -0.782149108573733 0.6223696205801514
    outer loop
      vertex 16.786996858480617 -1.169801889959294 7.088276380433471
      vertex 16.8 -1.1719300884989978 7.086228194718183
      vertex 16.84492462500429 -1.1720223111608614 7.088276380433471
    endloop
  endfacet
  facet normal -0.026093589968781694 -0.6807462414828983 0.7320544237073147
    outer loop
      vertex 16.786996858480617 -1.169801889959294 7.088276380433471
      vertex 16.84492462500429 -1.1720223111608614 7.088276380433471
      vertex 16.8 -1.155536950824232 7.102005007730595
    endloop
  endfacet
  facet normal 0.3201876296589459 -0.7142380115845084 0.6223696205802413
    outer loop
      vertex 17.246852242102978 -1.2441702395237275 6.9013120929017955
      vertex 17.431537019702454 -1.1613774166627884 6.9013120929017955
      vertex 17.360309451472993 -1.0303920799291204 7.088276380433471
    endloop
  endfacet
  facet normal 0.20740724509828085 -0.7547438572519475 0.6223696205802413
    outer loop
      vertex 17.051693626683008 -1.2978007664800253 6.9013120929017955
      vertex 17.196454248683885 -1.1038471581206883 7.088276380433471
      vertex 17.023306494324668 -1.1514289945033738 7.088276380433471
    endloop
  endfacet
  facet normal 0.3201876296589439 -0.7142380115845083 0.6223696205802425
    outer loop
      vertex 17.246852242102978 -1.2441702395237275 6.9013120929017955
      vertex 17.360309451472993 -1.0303920799291204 7.088276380433471
      vertex 17.196454248683885 -1.1038471581206883 7.088276380433471
    endloop
  endfacet
  facet normal 0.4254630875588599 -0.6569910322855941 0.6223696205802397
    outer loop
      vertex 17.431537019702454 -1.1613774166627884 6.9013120929017955
      vertex 17.601419104826057 -1.0513628914931268 6.9013120929017955
      vertex 17.51103147561584 -0.9327854847038439 7.088276380433471
    endloop
  endfacet
  facet normal 0.4254630875588569 -0.6569910322855943 0.6223696205802414
    outer loop
      vertex 17.431537019702454 -1.1613774166627884 6.9013120929017955
      vertex 17.51103147561584 -0.9327854847038439 7.088276380433471
      vertex 17.360309451472993 -1.0303920799291204 7.088276380433471
    endloop
  endfacet
  facet normal 0.4710884932841283 -0.7274448114321771 0.49889846443509345
    outer loop
      vertex 17.48865709449527 -1.2664195010266202 6.694213982588093
      vertex 17.673904355539666 -1.1464545886113335 6.694213982588093
      vertex 17.601419104826057 -1.0513628914931268 6.9013120929017955
    endloop
  endfacet
  facet normal 0.5766114655547412 -0.6470081452154364 0.4988984644350935
    outer loop
      vertex 17.673904355539666 -1.1464545886113335 6.694213982588093
      vertex 17.838668039177197 -0.9996177523288465 6.694213982588093
      vertex 17.752516605383875 -0.9167053112407307 6.9013120929017955
    endloop
  endfacet
  facet normal 0.6686191537859592 -0.5514061564535288 0.49889846443509367
    outer loop
      vertex 17.838668039177197 -0.9996177523288465 6.694213982588093
      vertex 17.979086224310624 -0.8293507231684916 6.694213982588093
      vertex 17.752516605383875 -0.9167053112407307 6.9013120929017955
    endloop
  endfacet
  facet normal 0.5766114655547417 -0.6470081452154363 0.4988984644350931
    outer loop
      vertex 17.673904355539666 -1.1464545886113335 6.694213982588093
      vertex 17.752516605383875 -0.9167053112407307 6.9013120929017955
      vertex 17.601419104826057 -1.0513628914931268 6.9013120929017955
    endloop
  endfacet
  facet normal 0.5207660512921819 -0.5843447400296853 0.6223696205802368
    outer loop
      vertex 17.601419104826057 -1.0513628914931268 6.9013120929017955
      vertex 17.752516605383875 -0.9167053112407307 6.9013120929017955
      vertex 17.64508752461259 -0.8133151883094242 7.088276380433471
    endloop
  endfacet
  facet normal 0.5207660512921778 -0.5843447400296864 0.6223696205802393
    outer loop
      vertex 17.51103147561584 -0.9327854847038439 7.088276380433471
      vertex 17.601419104826057 -1.0513628914931268 6.9013120929017955
      vertex 17.64508752461259 -0.8133151883094242 7.088276380433471
    endloop
  endfacet
  facet normal 0.6686191537859592 -0.551406156453529 0.4988984644350936
    outer loop
      vertex 17.752516605383875 -0.9167053112407307 6.9013120929017955
      vertex 17.979086224310624 -0.8293507231684916 6.694213982588093
      vertex 17.881287924027134 -0.7605609354562456 6.9013120929017955
    endloop
  endfacet
  facet normal 0.7449549757477625 -0.44287967473452217 0.49889846443509367
    outer loop
      vertex 17.979086224310624 -0.8293507231684916 6.694213982588093
      vertex 18.09186762769335 -0.6396444159821427 6.694213982588093
      vertex 17.881287924027134 -0.7605609354562456 6.9013120929017955
    endloop
  endfacet
  facet normal 0.744954975747762 -0.44287967473452594 0.49889846443509106
    outer loop
      vertex 18.09186762769335 -0.6396444159821427 6.694213982588093
      vertex 17.984714770188344 -0.5865896559662214 6.9013120929017955
      vertex 17.881287924027134 -0.7605609354562456 6.9013120929017955
    endloop
  endfacet
  facet normal 0.6038627001640452 -0.4980019023351202 0.6223696205802385
    outer loop
      vertex 17.752516605383875 -0.9167053112407307 6.9013120929017955
      vertex 17.881287924027134 -0.7605609354562456 6.9013120929017955
      vertex 17.759335438295388 -0.6747814732350204 7.088276380433471
    endloop
  endfacet
  facet normal 0.6038627001640486 -0.49800190233511865 0.6223696205802363
    outer loop
      vertex 17.752516605383875 -0.9167053112407307 6.9013120929017955
      vertex 17.759335438295388 -0.6747814732350204 7.088276380433471
      vertex 17.64508752461259 -0.8133151883094242 7.088276380433471
    endloop
  endfacet
  facet normal 0.6728053191543649 -0.3999863221366492 0.6223696205802384
    outer loop
      vertex 17.881287924027134 -0.7605609354562456 6.9013120929017955
      vertex 17.984714770188344 -0.5865896559662214 6.9013120929017955
      vertex 17.759335438295388 -0.6747814732350204 7.088276380433471
    endloop
  endfacet
  facet normal -0.02609358996878629 -0.6807462414829052 0.7320544237073079
    outer loop
      vertex 16.84492462500429 -1.1720223111608614 7.088276380433471
      vertex 16.83821018214248 -0.9968516371640045 7.250930371948848
      vertex 16.8 -1.155536950824232 7.102005007730595
    endloop
  endfacet
  facet normal -0.026093589968774235 -0.680746241482907 0.7320544237073068
    outer loop
      vertex 16.8 -1.155536950824232 7.102005007730595
      vertex 16.83821018214248 -0.9968516371640045 7.250930371948848
      vertex 16.8 -0.9982589138821835 7.248259751980207
    endloop
  endfacet
  facet normal -0.026093589968779658 -0.6807462414828535 0.7320544237073565
    outer loop
      vertex 16.77587038280296 -0.9944620989431866 7.250930371948848
      vertex 16.8 -0.9982589138821835 7.248259751980207
      vertex 16.83821018214248 -0.9968516371640045 7.250930371948848
    endloop
  endfacet
  facet normal -0.021619984761243168 -0.5640359714681747 0.8254671399570523
    outer loop
      vertex 16.77587038280296 -0.9944620989431866 7.250930371948848
      vertex 16.83821018214248 -0.9968516371640045 7.250930371948848
      vertex 16.8 -0.9630063770074525 7.273055832493891
    endloop
  endfacet
  facet normal -0.021619984761242217 -0.5640359714681741 0.8254671399570529
    outer loop
      vertex 16.83821018214248 -0.9968516371640045 7.250930371948848
      vertex 16.83064218695203 -0.7994129448406481 7.385640646055101
      vertex 16.8 -0.9630063770074525 7.273055832493891
    endloop
  endfacet
  facet normal 0.0781276423447545 -0.6767513518510405 0.7320544237073084
    outer loop
      vertex 16.84492462500429 -1.1720223111608614 7.088276380433471
      vertex 17.023306494324668 -1.1514289945033738 7.088276380433471
      vertex 16.98993106388599 -0.9793362014686546 7.250930371948848
    endloop
  endfacet
  facet normal 0.18051762893965007 -0.6568939841196347 0.7320544237073088
    outer loop
      vertex 17.023306494324668 -1.1514289945033738 7.088276380433471
      vertex 17.196454248683885 -1.1038471581206883 7.088276380433471
      vertex 17.13720012247012 -0.9388659552577533 7.250930371948848
    endloop
  endfacet
  facet normal 0.07812764234475565 -0.6767513518510408 0.7320544237073078
    outer loop
      vertex 16.84492462500429 -1.1720223111608614 7.088276380433471
      vertex 16.98993106388599 -0.9793362014686546 7.250930371948848
      vertex 16.83821018214248 -0.9968516371640045 7.250930371948848
    endloop
  endfacet
  facet normal 0.18051762893965076 -0.6568939841196347 0.7320544237073084
    outer loop
      vertex 17.023306494324668 -1.1514289945033738 7.088276380433471
      vertex 17.13720012247012 -0.9388659552577533 7.250930371948848
      vertex 16.98993106388599 -0.9793362014686546 7.250930371948848
    endloop
  endfacet
  facet normal 0.27867643531184894 -0.6216395781579873 0.7320544237073091
    outer loop
      vertex 17.196454248683885 -1.1038471581206883 7.088276380433471
      vertex 17.27656549598112 -0.8763894868014933 7.250930371948848
      vertex 17.13720012247012 -0.9388659552577533 7.250930371948848
    endloop
  endfacet
  facet normal 0.2786764353118459 -0.6216395781579872 0.7320544237073104
    outer loop
      vertex 17.196454248683885 -1.1038471581206883 7.088276380433471
      vertex 17.360309451472993 -1.0303920799291204 7.088276380433471
      vertex 17.27656549598112 -0.8763894868014933 7.250930371948848
    endloop
  endfacet
  facet normal 0.3703033022355319 -0.571814467361593 0.7320544237073076
    outer loop
      vertex 17.360309451472993 -1.0303920799291204 7.088276380433471
      vertex 17.51103147561584 -0.9327854847038439 7.088276380433471
      vertex 17.40476057818451 -0.7933711915678912 7.250930371948848
    endloop
  endfacet
  facet normal 0.3703033022355223 -0.571814467361594 0.7320544237073116
    outer loop
      vertex 17.360309451472993 -1.0303920799291204 7.088276380433471
      vertex 17.40476057818451 -0.7933711915678912 7.250930371948848
      vertex 17.27656549598112 -0.8763894868014933 7.250930371948848
    endloop
  endfacet
  facet normal 0.06473307961634751 -0.5607259841085546 0.8254671399570528
    outer loop
      vertex 16.83821018214248 -0.9968516371640045 7.250930371948848
      vertex 16.98993106388599 -0.9793362014686546 7.250930371948848
      vertex 16.952312887331736 -0.7853666559974839 7.385640646055101
    endloop
  endfacet
  facet normal 0.06473307961634706 -0.5607259841085545 0.8254671399570529
    outer loop
      vertex 16.83821018214248 -0.9968516371640045 7.250930371948848
      vertex 16.952312887331736 -0.7853666559974839 7.385640646055101
      vertex 16.83064218695203 -0.7994129448406481 7.385640646055101
    endloop
  endfacet
  facet normal -0.021619984761234542 -0.5640359714681751 0.8254671399570523
    outer loop
      vertex 16.8 -0.9630063770074525 7.273055832493891
      vertex 16.83064218695203 -0.7994129448406481 7.385640646055101
      vertex 16.8 -0.8021070986430526 7.382997193437119
    endloop
  endfacet
  facet normal 0.4532505736093437 -0.5085865100977055 0.732054423707307
    outer loop
      vertex 17.51103147561584 -0.9327854847038439 7.088276380433471
      vertex 17.51878058500655 -0.691756948034177 7.250930371948848
      vertex 17.40476057818451 -0.7933711915678912 7.250930371948848
    endloop
  endfacet
  facet normal 0.1495688554729457 -0.544273054930738 0.825467139957052
    outer loop
      vertex 16.98993106388599 -0.9793362014686546 7.250930371948848
      vertex 17.13720012247012 -0.9388659552577533 7.250930371948848
      vertex 17.070413502726804 -0.7529120383836494 7.385640646055101
    endloop
  endfacet
  facet normal 0.2308988641259426 -0.515062826649794 0.825467139957051
    outer loop
      vertex 17.13720012247012 -0.9388659552577533 7.250930371948848
      vertex 17.27656549598112 -0.8763894868014933 7.250930371948848
      vertex 17.182175854809813 -0.7028098007287538 7.385640646055101
    endloop
  endfacet
  facet normal 0.14956885547294316 -0.5442730549307375 0.8254671399570526
    outer loop
      vertex 16.98993106388599 -0.9793362014686546 7.250930371948848
      vertex 17.070413502726804 -0.7529120383836494 7.385640646055101
      vertex 16.952312887331736 -0.7853666559974839 7.385640646055101
    endloop
  endfacet
  facet normal 0.23089886412594177 -0.515062826649794 0.8254671399570513
    outer loop
      vertex 17.13720012247012 -0.9388659552577533 7.250930371948848
      vertex 17.182175854809813 -0.7028098007287538 7.385640646055101
      vertex 17.070413502726804 -0.7529120383836494 7.385640646055101
    endloop
  endfacet
  facet normal 0.3068167991046213 -0.47377996225918745 0.8254671399570532
    outer loop
      vertex 17.27656549598112 -0.8763894868014933 7.250930371948848
      vertex 17.40476057818451 -0.7933711915678912 7.250930371948848
      vertex 17.28498032877331 -0.6362342970187412 7.385640646055101
    endloop
  endfacet
  facet normal 0.37554320835816624 -0.421392097110493 0.8254671399570523
    outer loop
      vertex 17.40476057818451 -0.7933711915678912 7.250930371948848
      vertex 17.51878058500655 -0.691756948034177 7.250930371948848
      vertex 17.37641727488063 -0.5547460006337931 7.385640646055101
    endloop
  endfacet
  facet normal 0.3068167991046314 -0.47377996225918606 0.8254671399570503
    outer loop
      vertex 17.27656549598112 -0.8763894868014933 7.250930371948848
      vertex 17.28498032877331 -0.6362342970187412 7.385640646055101
      vertex 17.182175854809813 -0.7028098007287538 7.385640646055101
    endloop
  endfacet
  facet normal 0.37554320835816235 -0.42139209711049413 0.8254671399570535
    outer loop
      vertex 17.40476057818451 -0.7933711915678912 7.250930371948848
      vertex 17.37641727488063 -0.5547460006337931 7.385640646055101
      vertex 17.28498032877331 -0.6362342970187412 7.385640646055101
    endloop
  endfacet
  facet normal -0.021619984761242612 -0.5640359714681211 0.8254671399570892
    outer loop
      vertex 16.761644632583156 -0.7967682091332157 7.385640646055101
      vertex 16.8 -0.8021070986430526 7.382997193437119
      vertex 16.83064218695203 -0.7994129448406481 7.385640646055101
    endloop
  endfacet
  facet normal -0.0166586001295361 -0.43460020028348173 0.9004694092279213
    outer loop
      vertex 16.761644632583156 -0.7967682091332157 7.385640646055101
      vertex 16.83064218695203 -0.7994129448406481 7.385640646055101
      vertex 16.8 -0.7399760268497985 7.413760247081013
    endloop
  endfacet
  facet normal -0.016658600129529695 -0.43460020028347907 0.9004694092279227
    outer loop
      vertex 16.83064218695203 -0.7994129448406481 7.385640646055101
      vertex 16.822389695939762 -0.5841166883196776 7.489397997830727
      vertex 16.8 -0.7399760268497985 7.413760247081013
    endloop
  endfacet
  facet normal 0.0498780410990473 -0.43204979349704314 0.9004694092279227
    outer loop
      vertex 16.83064218695203 -0.7994129448406481 7.385640646055101
      vertex 16.91129229256396 -0.5738533172106618 7.489397997830727
      vertex 16.822389695939762 -0.5841166883196776 7.489397997830727
    endloop
  endfacet
  facet normal -0.016658600129532308 -0.4346002002834788 0.900469409227923
    outer loop
      vertex 16.8 -0.7399760268497985 7.413760247081013
      vertex 16.822389695939762 -0.5841166883196776 7.489397997830727
      vertex 16.8 -0.5874402265115202 7.487379726763567
    endloop
  endfacet
  facet normal 0.04987804109904768 -0.4320497934970432 0.9004694092279226
    outer loop
      vertex 16.83064218695203 -0.7994129448406481 7.385640646055101
      vertex 16.952312887331736 -0.7853666559974839 7.385640646055101
      vertex 16.91129229256396 -0.5738533172106618 7.489397997830727
    endloop
  endfacet
  facet normal 0.11524558331893472 -0.4193725057394608 0.9004694092279228
    outer loop
      vertex 16.952312887331736 -0.7853666559974839 7.385640646055101
      vertex 17.070413502726804 -0.7529120383836494 7.385640646055101
      vertex 16.99758629217743 -0.5501393107217459 7.489397997830727
    endloop
  endfacet
  facet normal 0.11524558331893633 -0.4193725057394609 0.9004694092279226
    outer loop
      vertex 16.952312887331736 -0.7853666559974839 7.385640646055101
      vertex 16.99758629217743 -0.5501393107217459 7.489397997830727
      vertex 16.91129229256396 -0.5738533172106618 7.489397997830727
    endloop
  endfacet
  facet normal 0.17791186674345558 -0.3968654818909968 0.9004694092279236
    outer loop
      vertex 17.070413502726804 -0.7529120383836494 7.385640646055101
      vertex 17.182175854809813 -0.7028098007287538 7.385640646055101
      vertex 17.079249036568637 -0.5135305050659698 7.489397997830727
    endloop
  endfacet
  facet normal 0.23640804680261643 -0.36505626751459325 0.9004694092279236
    outer loop
      vertex 17.182175854809813 -0.7028098007287538 7.385640646055101
      vertex 17.28498032877331 -0.6362342970187412 7.385640646055101
      vertex 17.154366420223184 -0.46488497961972025 7.489397997830727
    endloop
  endfacet
  facet normal 0.1779118667434594 -0.3968654818909967 0.900469409227923
    outer loop
      vertex 17.070413502726804 -0.7529120383836494 7.385640646055101
      vertex 17.079249036568637 -0.5135305050659698 7.489397997830727
      vertex 16.99758629217743 -0.5501393107217459 7.489397997830727
    endloop
  endfacet
  facet normal 0.4532505736093343 -0.5085865100977079 0.7320544237073111
    outer loop
      vertex 17.51103147561584 -0.9327854847038439 7.088276380433471
      vertex 17.64508752461259 -0.8133151883094242 7.088276380433471
      vertex 17.51878058500655 -0.691756948034177 7.250930371948848
    endloop
  endfacet
  facet normal 0.5255740356951076 -0.43343771609507303 0.732054423707312
    outer loop
      vertex 17.64508752461259 -0.8133151883094242 7.088276380433471
      vertex 17.759335438295388 -0.6747814732350204 7.088276380433471
      vertex 17.61595298412621 -0.5739285079445438 7.250930371948848
    endloop
  endfacet
  facet normal 0.5255740356951083 -0.4334377160950727 0.7320544237073118
    outer loop
      vertex 17.64508752461259 -0.8133151883094242 7.088276380433471
      vertex 17.61595298412621 -0.5739285079445438 7.250930371948848
      vertex 17.51878058500655 -0.691756948034177 7.250930371948848
    endloop
  endfacet
  facet normal 0.8038296844725941 -0.32397246880714803 0.4988984644350908
    outer loop
      vertex 18.09186762769335 -0.6396444159821427 6.694213982588093
      vertex 18.17436874881917 -0.4349453858226411 6.694213982588093
      vertex 17.984714770188344 -0.5865896559662214 6.9013120929017955
    endloop
  endfacet
  facet normal 0.8038296844725942 -0.3239724688071537 0.49889846443508684
    outer loop
      vertex 18.17436874881917 -0.4349453858226411 6.694213982588093
      vertex 18.060372906254013 -0.39886921211068804 6.9013120929017955
      vertex 17.984714770188344 -0.5865896559662214 6.9013120929017955
    endloop
  endfacet
  facet normal 0.8438633066878307 -0.1974716227972833 0.49889846443508656
    outer loop
      vertex 18.17436874881917 -0.4349453858226411 6.694213982588093
      vertex 18.224655831333607 -0.22005160446206967 6.694213982588093
      vertex 18.060372906254013 -0.39886921211068804 6.9013120929017955
    endloop
  endfacet
  facet normal 0.7259779517070475 -0.29259540155998254 0.6223696205802403
    outer loop
      vertex 17.984714770188344 -0.5865896559662214 6.9013120929017955
      vertex 18.060372906254013 -0.39886921211068804 6.9013120929017955
      vertex 17.851097342399555 -0.5204314523462424 7.088276380433471
    endloop
  endfacet
  facet normal 0.6728053191543651 -0.3999863221366454 0.6223696205802405
    outer loop
      vertex 17.759335438295388 -0.6747814732350204 7.088276380433471
      vertex 17.984714770188344 -0.5865896559662214 6.9013120929017955
      vertex 17.851097342399555 -0.5204314523462424 7.088276380433471
    endloop
  endfacet
  facet normal 0.7621342763820957 -0.1783462927631137 0.6223696205802408
    outer loop
      vertex 18.060372906254013 -0.39886921211068804 6.9013120929017955
      vertex 18.106488969639628 -0.20179961198914628 6.9013120929017955
      vertex 17.918222415666673 -0.35388295931171426 7.088276380433471
    endloop
  endfacet
  facet normal 0.7259779517070475 -0.2925954015599812 0.622369620580241
    outer loop
      vertex 17.851097342399555 -0.5204314523462424 7.088276380433471
      vertex 18.060372906254013 -0.39886921211068804 6.9013120929017955
      vertex 17.918222415666673 -0.35388295931171426 7.088276380433471
    endloop
  endfacet
  facet normal 0.8438633066878286 -0.19747162279727148 0.49889846443509506
    outer loop
      vertex 18.060372906254013 -0.39886921211068804 6.9013120929017955
      vertex 18.224655831333607 -0.22005160446206967 6.694213982588093
      vertex 18.106488969639628 -0.20179961198914628 6.9013120929017955
    endloop
  endfacet
  facet normal 0.8641174882196767 -0.06634220931821135 0.4988984644350949
    outer loop
      vertex 18.224655831333607 -0.22005160446206967 6.694213982588093
      vertex 18.24155018864387 0 6.694213982588093
      vertex 18.106488969639628 -0.20179961198914628 6.9013120929017955
    endloop
  endfacet
  facet normal 0.8641174882196787 -0.0663422093182171 0.49889846443509056
    outer loop
      vertex 18.106488969639628 -0.20179961198914628 6.9013120929017955
      vertex 18.24155018864387 0 6.694213982588093
      vertex 18.121982038905593 0 6.9013120929017955
    endloop
  endfacet
  facet normal 0.7621342763820959 -0.17834629276311376 0.6223696205802408
    outer loop
      vertex 17.918222415666673 -0.35388295931171426 7.088276380433471
      vertex 18.106488969639628 -0.20179961198914628 6.9013120929017955
      vertex 17.959137303271934 -0.17903974964820604 7.088276380433471
    endloop
  endfacet
  facet normal 0.7804268195738058 -0.059916898023192666 0.6223696205802407
    outer loop
      vertex 18.106488969639628 -0.20179961198914628 6.9013120929017955
      vertex 18.121982038905593 0 6.9013120929017955
      vertex 17.959137303271934 -0.17903974964820604 7.088276380433471
    endloop
  endfacet
  facet normal 0.7804268195738054 -0.05991689802319218 0.6223696205802409
    outer loop
      vertex 17.959137303271934 -0.17903974964820604 7.088276380433471
      vertex 18.121982038905593 0 6.9013120929017955
      vertex 17.972882994927723 0 7.088276380433471
    endloop
  endfacet
  facet normal 0.435467203103443 -0.3591271583609211 0.8254671399570517
    outer loop
      vertex 17.51878058500655 -0.691756948034177 7.250930371948848
      vertex 17.61595298412621 -0.5739285079445438 7.250930371948848
      vertex 17.454343488613375 -0.46025492817489655 7.385640646055101
    endloop
  endfacet
  facet normal 0.4354672031034416 -0.3591271583609218 0.825467139957052
    outer loop
      vertex 17.51878058500655 -0.691756948034177 7.250930371948848
      vertex 17.454343488613375 -0.46025492817489655 7.385640646055101
      vertex 17.37641727488063 -0.5547460006337931 7.385640646055101
    endloop
  endfacet
  facet normal 0.48518421569287024 -0.2884445834014226 0.8254671399570512
    outer loop
      vertex 17.454343488613375 -0.46025492817489655 7.385640646055101
      vertex 17.61595298412621 -0.5739285079445438 7.250930371948848
      vertex 17.516932445568845 -0.3549758702935674 7.385640646055101
    endloop
  endfacet
  facet normal -0.016658600129535562 -0.43460020028346213 0.9004694092279308
    outer loop
      vertex 16.74271692039176 -0.5810627621866506 7.489397997830727
      vertex 16.8 -0.5874402265115202 7.487379726763567
      vertex 16.822389695939762 -0.5841166883196776 7.489397997830727
    endloop
  endfacet
  facet normal -0.01132025513616794 -0.2953300464134281 0.9553282239676029
    outer loop
      vertex 16.74271692039176 -0.5810627621866506 7.489397997830727
      vertex 16.822389695939762 -0.5841166883196776 7.489397997830727
      vertex 16.8 -0.48845112017801223 7.51870673058511
    endloop
  endfacet
  facet normal 0.033894333650062725 -0.2935969322682398 0.9553282239676041
    outer loop
      vertex 16.822389695939762 -0.5841166883196776 7.489397997830727
      vertex 16.91129229256396 -0.5738533172106618 7.489397997830727
      vertex 16.86778561188528 -0.3495210435814152 7.559884659490918
    endloop
  endfacet
  facet normal -0.011320255136146576 -0.2953300464134236 0.9553282239676046
    outer loop
      vertex 16.822389695939762 -0.5841166883196776 7.489397997830727
      vertex 16.813637056118058 -0.3557722302054173 7.559884659490918
      vertex 16.8 -0.48845112017801223 7.51870673058511
    endloop
  endfacet
  facet normal 0.03389433365006182 -0.2935969322682397 0.9553282239676043
    outer loop
      vertex 16.822389695939762 -0.5841166883196776 7.489397997830727
      vertex 16.86778561188528 -0.3495210435814152 7.559884659490918
      vertex 16.813637056118058 -0.3557722302054173 7.559884659490918
    endloop
  endfacet
  facet normal -0.011320255136186608 -0.2953300464134197 0.9553282239676053
    outer loop
      vertex 16.8 -0.48845112017801223 7.51870673058511
      vertex 16.813637056118058 -0.3557722302054173 7.559884659490918
      vertex 16.8 -0.3586954585331015 7.5588193794262
    endloop
  endfacet
  facet normal -0.011320255136144777 -0.2953300464132943 0.9553282239676446
    outer loop
      vertex 16.75916885931366 -0.3536844172919638 7.559884659490918
      vertex 16.75895337141903 -0.35555100022756164 7.559305070833262
      vertex 16.8 -0.3586954585331015 7.5588193794262
    endloop
  endfacet
  facet normal -0.05626950673657331 -0.29014087458067006 0.955328223967651
    outer loop
      vertex 16.75916885931366 -0.3536844172919638 7.559884659490918
      vertex 16.749445244415522 -0.3517986333092505 7.559884659490918
      vertex 16.75895337141903 -0.35555100022756164 7.559305070833262
    endloop
  endfacet
  facet normal -0.011320255136170255 -0.29533004641348903 0.9553282239675841
    outer loop
      vertex 16.75916885931366 -0.3536844172919638 7.559884659490918
      vertex 16.8 -0.3586954585331015 7.5588193794262
      vertex 16.813637056118058 -0.3557722302054173 7.559884659490918
    endloop
  endfacet
  facet normal -0.005725151264861344 -0.14936140293987776 0.988766096685574
    outer loop
      vertex 16.75916885931366 -0.3536844172919638 7.559884659490918
      vertex 16.813637056118058 -0.3557722302054173 7.559884659490918
      vertex 16.771474300739257 -0.24709315368839976 7.576057413836065
    endloop
  endfacet
  facet normal -0.028457966166939085 -0.14673701035122397 0.9887660966855741
    outer loop
      vertex 16.75916885931366 -0.3536844172919638 7.559884659490918
      vertex 16.771474300739257 -0.24709315368839976 7.576057413836065
      vertex 16.749445244415522 -0.3517986333092505 7.559884659490918
    endloop
  endfacet
  facet normal 0.236408046802614 -0.3650562675145937 0.900469409227924
    outer loop
      vertex 17.182175854809813 -0.7028098007287538 7.385640646055101
      vertex 17.154366420223184 -0.46488497961972025 7.489397997830727
      vertex 17.079249036568637 -0.5135305050659698 7.489397997830727
    endloop
  endfacet
  facet normal 0.2893630226148919 -0.3246904436349938 0.900469409227923
    outer loop
      vertex 17.28498032877331 -0.6362342970187412 7.385640646055101
      vertex 17.37641727488063 -0.5547460006337931 7.385640646055101
      vertex 17.22117775533475 -0.4053429442694216 7.489397997830727
    endloop
  endfacet
  facet normal 0.2893630226148878 -0.32469044363499516 0.9004694092279236
    outer loop
      vertex 17.28498032877331 -0.6362342970187412 7.385640646055101
      vertex 17.22117775533475 -0.4053429442694216 7.489397997830727
      vertex 17.154366420223184 -0.46488497961972025 7.489397997830727
    endloop
  endfacet
  facet normal 0.3355355744297954 -0.27671415095145113 0.900469409227923
    outer loop
      vertex 17.37641727488063 -0.5547460006337931 7.385640646055101
      vertex 17.454343488613375 -0.46025492817489655 7.385640646055101
      vertex 17.27811704083498 -0.3363000138581965 7.489397997830727
    endloop
  endfacet
  facet normal 0.07831446798304063 -0.28498215487190864 0.9553282239676041
    outer loop
      vertex 16.91129229256396 -0.5738533172106618 7.489397997830727
      vertex 16.99758629217743 -0.5501393107217459 7.489397997830727
      vertex 16.920345330362334 -0.33507737993616415 7.559884659490918
    endloop
  endfacet
  facet normal 0.12089897756276363 -0.2696876373050528 0.9553282239676041
    outer loop
      vertex 16.99758629217743 -0.5501393107217459 7.489397997830727
      vertex 17.079249036568637 -0.5135305050659698 7.489397997830727
      vertex 16.970084256295664 -0.31277978650362703 7.559884659490918
    endloop
  endfacet
  facet normal 0.33553557442979576 -0.27671415095145085 0.900469409227923
    outer loop
      vertex 17.37641727488063 -0.5547460006337931 7.385640646055101
      vertex 17.27811704083498 -0.3363000138581965 7.489397997830727
      vertex 17.22117775533475 -0.4053429442694216 7.489397997830727
    endloop
  endfacet
  facet normal 0.3738434567668357 -0.22225191310163822 0.9004694092279231
    outer loop
      vertex 17.454343488613375 -0.46025492817489655 7.385640646055101
      vertex 17.323849668131253 -0.25937449615680896 7.489397997830727
      vertex 17.27811704083498 -0.3363000138581965 7.489397997830727
    endloop
  endfacet
  facet normal 0.37384345676683667 -0.2222519131016375 0.9004694092279228
    outer loop
      vertex 17.454343488613375 -0.46025492817489655 7.385640646055101
      vertex 17.516932445568845 -0.3549758702935674 7.385640646055101
      vertex 17.323849668131253 -0.25937449615680896 7.489397997830727
    endloop
  endfacet
  facet normal 0.16064971757763233 -0.24807187009641002 0.9553282239676042
    outer loop
      vertex 17.079249036568637 -0.5135305050659698 7.489397997830727
      vertex 17.154366420223184 -0.46488497961972025 7.489397997830727
      vertex 17.015836551418154 -0.2831508999752989 7.559884659490918
    endloop
  endfacet
  facet normal 0.07831446798303943 -0.28498215487190864 0.9553282239676042
    outer loop
      vertex 16.86778561188528 -0.3495210435814152 7.559884659490918
      vertex 16.91129229256396 -0.5738533172106618 7.489397997830727
      vertex 16.920345330362334 -0.33507737993616415 7.559884659490918
    endloop
  endfacet
  facet normal 0.12089897756276409 -0.26968763730505274 0.9553282239676041
    outer loop
      vertex 16.99758629217743 -0.5501393107217459 7.489397997830727
      vertex 16.970084256295664 -0.31277978650362703 7.559884659490918
      vertex 16.920345330362334 -0.33507737993616415 7.559884659490918
    endloop
  endfacet
  facet normal 0.19663496437286992 -0.2206415085086748 0.9553282239676041
    outer loop
      vertex 17.154366420223184 -0.46488497961972025 7.489397997830727
      vertex 17.22117775533475 -0.4053429442694216 7.489397997830727
      vertex 17.056529820709983 -0.24688519633912367 7.559884659490918
    endloop
  endfacet
  facet normal 0.22801125426327443 -0.18803949696856526 0.9553282239676045
    outer loop
      vertex 17.22117775533475 -0.4053429442694216 7.489397997830727
      vertex 17.27811704083498 -0.3363000138581965 7.489397997830727
      vertex 17.09121024842896 -0.20483271295094876 7.559884659490918
    endloop
  endfacet
  facet normal 0.16064971757763497 -0.24807187009640919 0.9553282239676039
    outer loop
      vertex 17.079249036568637 -0.5135305050659698 7.489397997830727
      vertex 17.015836551418154 -0.2831508999752989 7.559884659490918
      vertex 16.970084256295664 -0.31277978650362703 7.559884659490918
    endloop
  endfacet
  facet normal 0.19663496437286748 -0.220641508508676 0.9553282239676042
    outer loop
      vertex 17.154366420223184 -0.46488497961972025 7.489397997830727
      vertex 17.056529820709983 -0.24688519633912367 7.559884659490918
      vertex 17.015836551418154 -0.2831508999752989 7.559884659490918
    endloop
  endfacet
  facet normal -0.005725151264860341 -0.14936140293987737 0.9887660966855741
    outer loop
      vertex 16.813637056118058 -0.3557722302054173 7.559884659490918
      vertex 16.8 -0.1985297003714342 7.583558499772458
      vertex 16.771474300739257 -0.24709315368839976 7.576057413836065
    endloop
  endfacet
  facet normal 0.01714185633045523 -0.1484848908364768 0.9887660966855738
    outer loop
      vertex 16.813637056118058 -0.3557722302054173 7.559884659490918
      vertex 16.86778561188528 -0.3495210435814152 7.559884659490918
      vertex 16.822764712649438 -0.11738104740469807 7.595526075489889
    endloop
  endfacet
  facet normal -0.005725151264891486 -0.14936140293988 0.9887660966855735
    outer loop
      vertex 16.813637056118058 -0.3557722302054173 7.559884659490918
      vertex 16.804579786997238 -0.11948040836428128 7.595526075489889
      vertex 16.8 -0.1985297003714342 7.583558499772458
    endloop
  endfacet
  facet normal 0.017141856330458113 -0.14848489083647695 0.9887660966855738
    outer loop
      vertex 16.813637056118058 -0.3557722302054173 7.559884659490918
      vertex 16.822764712649438 -0.11738104740469807 7.595526075489889
      vertex 16.804579786997238 -0.11948040836428128 7.595526075489889
    endloop
  endfacet
  facet normal 0.0396070733421443 -0.14412801874182637 0.9887660966855739
    outer loop
      vertex 16.86778561188528 -0.3495210435814152 7.559884659490918
      vertex 16.840416052731616 -0.11253037418151113 7.595526075489889
      vertex 16.822764712649438 -0.11738104740469807 7.595526075489889
    endloop
  endfacet
  facet normal 0.06114393412411242 -0.13639290804510654 0.9887660966855736
    outer loop
      vertex 16.920345330362334 -0.33507737993616415 7.559884659490918
      vertex 16.857120074792817 -0.1050420843638319 7.595526075489889
      vertex 16.840416052731616 -0.11253037418151113 7.595526075489889
    endloop
  endfacet
  facet normal -0.028457966166949 -0.14673701035126308 0.988766096685568
    outer loop
      vertex 16.768316652067476 -0.1152940063299999 7.595526075489889
      vertex 16.76792848866874 -0.11670651214996909 7.595305281893985
      vertex 16.786119518733642 -0.12023445453403214 7.595305281893985
    endloop
  endfacet
  facet normal -0.005725151264867451 -0.14936140293992542 0.9887660966855668
    outer loop
      vertex 16.786287515019467 -0.11877924981870393 7.595526075489889
      vertex 16.786119518733642 -0.12023445453403214 7.595305281893985
      vertex 16.8 -0.12076650534043107 7.595305281893985
    endloop
  endfacet
  facet normal -0.05052375046193368 -0.1406732266084875 0.9887660966855697
    outer loop
      vertex 16.768316652067476 -0.1152940063299999 7.595526075489889
      vertex 16.751088419937464 -0.10910636905158907 7.595526075489889
      vertex 16.76792848866874 -0.11670651214996909 7.595305281893985
    endloop
  endfacet
  facet normal -0.028457966166949504 -0.14673701035126488 0.9887660966855677
    outer loop
      vertex 16.768316652067476 -0.1152940063299999 7.595526075489889
      vertex 16.786119518733642 -0.12023445453403214 7.595305281893985
      vertex 16.786287515019467 -0.11877924981870393 7.595526075489889
    endloop
  endfacet
  facet normal -0.005725151264862144 -0.1493614029398817 0.9887660966855735
    outer loop
      vertex 16.8 -0.1985297003714342 7.583558499772458
      vertex 16.804579786997238 -0.11948040836428128 7.595526075489889
      vertex 16.8 -0.12076650534043107 7.595305281893985
    endloop
  endfacet
  facet normal -0.005725151264861378 -0.1493614029398842 0.988766096685573
    outer loop
      vertex 16.786287515019467 -0.11877924981870393 7.595526075489889
      vertex 16.8 -0.12076650534043107 7.595305281893985
      vertex 16.804579786997238 -0.11948040836428128 7.595526075489889
    endloop
  endfacet
  facet normal -0.07140530086806249 -0.13131218166313163 0.9887660966855659
    outer loop
      vertex 16.735006633788586 -0.10036137095687918 7.595526075489889
      vertex 16.734210378103185 -0.10159093201637577 7.595305281893985
      vertex 16.75048918764689 -0.11044306803696415 7.595305281893985
    endloop
  endfacet
  facet normal -0.07140530086801049 -0.13131218166305206 0.9887660966855805
    outer loop
      vertex 16.735006633788586 -0.10036137095687918 7.595526075489889
      vertex 16.75048918764689 -0.11044306803696415 7.595305281893985
      vertex 16.751088419937464 -0.10910636905158907 7.595526075489889
    endloop
  endfacet
  facet normal -0.09061317154214472 -0.11887329047463778 0.9887660966855641
    outer loop
      vertex 16.735006633788586 -0.10036137095687918 7.595526075489889
      vertex 16.72044823705788 -0.08926398738929359 7.595526075489889
      vertex 16.734210378103185 -0.10159093201637577 7.595305281893985
    endloop
  endfacet
  facet normal -0.05052375046190881 -0.14067322660843265 0.9887660966855787
    outer loop
      vertex 16.76792848866874 -0.11670651214996909 7.595305281893985
      vertex 16.751088419937464 -0.10910636905158907 7.595526075489889
      vertex 16.75048918764689 -0.11044306803696415 7.595305281893985
    endloop
  endfacet
  facet normal -0.09061317154215477 -0.11887329047464895 0.9887660966855619
    outer loop
      vertex 16.734210378103185 -0.10159093201637577 7.595305281893985
      vertex 16.72044823705788 -0.08926398738929359 7.595526075489889
      vertex 16.71947362153604 -0.09035759065380497 7.595305281893985
    endloop
  endfacet
  facet normal -0.10769714627546066 -0.1036481101097596 0.9887660966855595
    outer loop
      vertex 16.72044823705788 -0.08926398738929359 7.595526075489889
      vertex 16.707754466225587 -0.07607433161395032 7.595526075489889
      vertex 16.71947362153604 -0.09035759065380497 7.595305281893985
    endloop
  endfacet
  facet normal -0.10769714627533979 -0.1036481101096608 0.988766096685583
    outer loop
      vertex 16.71947362153604 -0.09035759065380497 7.595305281893985
      vertex 16.707754466225587 -0.07607433161395032 7.595526075489889
      vertex 16.70662433502909 -0.07700634394985136 7.595305281893985
    endloop
  endfacet
  facet normal -0.12225679117997906 -0.08599350589191955 0.9887660966855566
    outer loop
      vertex 16.70662433502909 -0.07700634394985136 7.595305281893985
      vertex 16.697222852521282 -0.06110155798318956 7.595526075489889
      vertex 16.695963694967524 -0.06185013381126375 7.595305281893985
    endloop
  endfacet
  facet normal -0.12225679117982001 -0.08599350589182592 0.9887660966855844
    outer loop
      vertex 16.707754466225587 -0.07607433161395032 7.595526075489889
      vertex 16.697222852521282 -0.06110155798318956 7.595526075489889
      vertex 16.70662433502909 -0.07700634394985136 7.595305281893985
    endloop
  endfacet
  facet normal -0.1339508405191104 -0.06632328678066923 0.9887660966855776
    outer loop
      vertex 16.695963694967524 -0.06185013381126375 7.595305281893985
      vertex 16.689100248044006 -0.04469661562058195 7.595526075489889
      vertex 16.687741577718832 -0.045244208957882705 7.595305281893985
    endloop
  endfacet
  facet normal -0.13395084051925302 -0.06632328678072598 0.9887660966855545
    outer loop
      vertex 16.697222852521282 -0.06110155798318956 7.595526075489889
      vertex 16.689100248044006 -0.04469661562058195 7.595526075489889
      vertex 16.695963694967524 -0.06185013381126375 7.595305281893985
    endloop
  endfacet
  facet normal -0.14250519568806458 -0.04509850604036042 0.9887660966855781
    outer loop
      vertex 16.689100248044006 -0.04469661562058195 7.595526075489889
      vertex 16.683577039758305 -0.02724402247092257 7.595526075489889
      vertex 16.687741577718832 -0.045244208957882705 7.595305281893985
    endloop
  endfacet
  facet normal -0.14250519568816267 -0.04509850604038292 0.9887660966855629
    outer loop
      vertex 16.687741577718832 -0.045244208957882705 7.595305281893985
      vertex 16.683577039758305 -0.02724402247092257 7.595526075489889
      vertex 16.682150702742582 -0.02757779819374217 7.595305281893985
    endloop
  endfacet
  facet normal -0.14771934985200974 -0.02281665454216072 0.9887660966855625
    outer loop
      vertex 16.683577039758305 -0.02724402247092257 7.595526075489889
      vertex 16.680782686985147 -0.009152852525507446 7.595526075489889
      vertex 16.682150702742582 -0.02757779819374217 7.595305281893985
    endloop
  endfacet
  facet normal 0 0 1
    outer loop
      vertex 16.707754466225587 -0.07607433161395032 7.595526075489889
      vertex 16.697222852521282 0.06110155798318956 7.595526075489889
      vertex 16.697222852521282 -0.06110155798318956 7.595526075489889
    endloop
  endfacet
  facet normal 0 0 1
    outer loop
      vertex 16.697222852521282 -0.06110155798318956 7.595526075489889
      vertex 16.689100248044006 0.04469661562058195 7.595526075489889
      vertex 16.689100248044006 -0.04469661562058195 7.595526075489889
    endloop
  endfacet
  facet normal -0.14771934985182636 -0.02281665454214744 0.9887660966855902
    outer loop
      vertex 16.682150702742582 -0.02757779819374217 7.595305281893985
      vertex 16.680782686985147 -0.009152852525507446 7.595526075489889
      vertex 16.679322115409615 -0.009264987213798172 7.595305281893985
    endloop
  endfacet
  facet normal 0 0 1
    outer loop
      vertex 16.689100248044006 -0.04469661562058195 7.595526075489889
      vertex 16.683577039758305 0.02724402247092257 7.595526075489889
      vertex 16.683577039758305 -0.02724402247092257 7.595526075489889
    endloop
  endfacet
  facet normal 0 0 1
    outer loop
      vertex 16.683577039758305 -0.02724402247092257 7.595526075489889
      vertex 16.680782686985147 0.009152852525507446 7.595526075489889
      vertex 16.680782686985147 -0.009152852525507446 7.595526075489889
    endloop
  endfacet
  facet normal -0.149471087656247 0 0.9887660966855906
    outer loop
      vertex 16.680782686985147 -0.009152852525507446 7.595526075489889
      vertex 16.680782686985147 0.009152852525507446 7.595526075489889
      vertex 16.679322115409615 -0.009264987213798172 7.595305281893985
    endloop
  endfacet
  facet normal 0 0 1
    outer loop
      vertex 16.768316652067476 -0.1152940063299999 7.595526075489889
      vertex 16.751088419937464 0.10910636905158909 7.595526075489889
      vertex 16.751088419937464 -0.10910636905158907 7.595526075489889
    endloop
  endfacet
  facet normal 0 0 1
    outer loop
      vertex 16.768316652067476 -0.1152940063299999 7.595526075489889
      vertex 16.786287515019467 -0.11877924981870393 7.595526075489889
      vertex 16.768316652067476 0.1152940063299999 7.595526075489889
    endloop
  endfacet
  facet normal 0 0 1
    outer loop
      vertex 16.786287515019467 -0.11877924981870393 7.595526075489889
      vertex 16.804579786997238 -0.11948040836428128 7.595526075489889
      vertex 16.786287515019467 0.11877924981870391 7.595526075489889
    endloop
  endfacet
  facet normal 0 0 1
    outer loop
      vertex 16.804579786997238 -0.11948040836428128 7.595526075489889
      vertex 16.822764712649438 -0.11738104740469807 7.595526075489889
      vertex 16.804579786997238 0.11948040836428128 7.595526075489889
    endloop
  endfacet
  facet normal 0 0 1
    outer loop
      vertex 16.822764712649438 -0.11738104740469807 7.595526075489889
      vertex 16.840416052731616 -0.11253037418151113 7.595526075489889
      vertex 16.822764712649438 0.11738104740469808 7.595526075489889
    endloop
  endfacet
  facet normal 0 0 1
    outer loop
      vertex 16.72044823705788 -0.08926398738929359 7.595526075489889
      vertex 16.707754466225587 0.07607433161395032 7.595526075489889
      vertex 16.707754466225587 -0.07607433161395032 7.595526075489889
    endloop
  endfacet
  facet normal 0 0 1
    outer loop
      vertex 16.735006633788586 -0.10036137095687918 7.595526075489889
      vertex 16.72044823705788 0.08926398738929359 7.595526075489889
      vertex 16.72044823705788 -0.08926398738929359 7.595526075489889
    endloop
  endfacet
  facet normal 0 0 1
    outer loop
      vertex 16.735006633788586 -0.10036137095687918 7.595526075489889
      vertex 16.751088419937464 -0.10910636905158907 7.595526075489889
      vertex 16.735006633788586 0.10036137095687919 7.595526075489889
    endloop
  endfacet
  facet normal 0 0 1
    outer loop
      vertex 16.840416052731616 -0.11253037418151113 7.595526075489889
      vertex 16.857120074792817 -0.1050420843638319 7.595526075489889
      vertex 16.840416052731616 0.11253037418151113 7.595526075489889
    endloop
  endfacet
  facet normal 0 0 1
    outer loop
      vertex 16.857120074792817 -0.1050420843638319 7.595526075489889
      vertex 16.87248525071361 -0.09509169711820675 7.595526075489889
      vertex 16.857120074792817 0.10504208436383192 7.595526075489889
    endloop
  endfacet
  facet normal 0.4033887653322744 -0.1625802787807251 0.9004694092279231
    outer loop
      vertex 17.516932445568845 -0.3549758702935674 7.385640646055101
      vertex 17.35730370320092 -0.17636946010113513 7.489397997830727
      vertex 17.323849668131253 -0.25937449615680896 7.489397997830727
    endloop
  endfacet
  facet normal 0.403388765332281 -0.16258027878071848 0.9004694092279214
    outer loop
      vertex 17.516932445568845 -0.3549758702935674 7.385640646055101
      vertex 17.562717113643945 -0.24137647887615388 7.385640646055101
      vertex 17.35730370320092 -0.17636946010113513 7.489397997830727
    endloop
  endfacet
  facet normal 0.4234789831347946 -0.09909790052182825 0.9004694092279238
    outer loop
      vertex 17.377695011816268 -0.08923047338451266 7.489397997830727
      vertex 17.562717113643945 -0.24137647887615388 7.385640646055101
      vertex 17.59062433902428 -0.12211942737509923 7.385640646055101
    endloop
  endfacet
  facet normal 0.42347898313480314 -0.09909790052181608 0.9004694092279212
    outer loop
      vertex 17.35730370320092 -0.17636946010113513 7.489397997830727
      vertex 17.562717113643945 -0.24137647887615388 7.385640646055101
      vertex 17.377695011816268 -0.08923047338451266 7.489397997830727
    endloop
  endfacet
  facet normal 0.03960707334214992 -0.14412801874182565 0.9887660966855738
    outer loop
      vertex 16.86778561188528 -0.3495210435814152 7.559884659490918
      vertex 16.920345330362334 -0.33507737993616415 7.559884659490918
      vertex 16.840416052731616 -0.11253037418151113 7.595526075489889
    endloop
  endfacet
  facet normal 0.06114393412410519 -0.13639290804510862 0.9887660966855739
    outer loop
      vertex 16.920345330362334 -0.33507737993616415 7.559884659490918
      vertex 16.970084256295664 -0.31277978650362703 7.559884659490918
      vertex 16.857120074792817 -0.1050420843638319 7.595526075489889
    endloop
  endfacet
  facet normal 0.08124763291338519 -0.12546086318508393 0.9887660966855738
    outer loop
      vertex 16.970084256295664 -0.31277978650362703 7.559884659490918
      vertex 17.015836551418154 -0.2831508999752989 7.559884659490918
      vertex 16.87248525071361 -0.09509169711820675 7.595526075489889
    endloop
  endfacet
  facet normal 0.228011254263279 -0.18803949696856218 0.955328223967604
    outer loop
      vertex 17.22117775533475 -0.4053429442694216 7.489397997830727
      vertex 17.09121024842896 -0.20483271295094876 7.559884659490918
      vertex 17.056529820709983 -0.24688519633912367 7.559884659490918
    endloop
  endfacet
  facet normal 0.2540431536071265 -0.1510299989943999 0.9553282239676044
    outer loop
      vertex 17.27811704083498 -0.3363000138581965 7.489397997830727
      vertex 17.119064954743127 -0.1579791243793603 7.559884659490918
      vertex 17.09121024842896 -0.20483271295094876 7.559884659490918
    endloop
  endfacet
  facet normal 0.09944695604947329 -0.11158812202769908 0.9887660966855738
    outer loop
      vertex 17.015836551418154 -0.2831508999752989 7.559884659490918
      vertex 17.056529820709983 -0.24688519633912367 7.559884659490918
      vertex 16.886151433793323 -0.08291244108811587 7.595526075489889
    endloop
  endfacet
  facet normal 0.08124763291338029 -0.12546086318508612 0.9887660966855738
    outer loop
      vertex 16.970084256295664 -0.31277978650362703 7.559884659490918
      vertex 16.87248525071361 -0.09509169711820675 7.595526075489889
      vertex 16.857120074792817 -0.1050420843638319 7.595526075489889
    endloop
  endfacet
  facet normal 0.09944695604947416 -0.11158812202769851 0.9887660966855736
    outer loop
      vertex 16.87248525071361 -0.09509169711820675 7.595526075489889
      vertex 17.015836551418154 -0.2831508999752989 7.559884659490918
      vertex 16.886151433793323 -0.08291244108811587 7.595526075489889
    endloop
  endfacet
  facet normal 0.11531532682309859 -0.09509984986768681 0.9887660966855738
    outer loop
      vertex 17.056529820709983 -0.24688519633912367 7.559884659490918
      vertex 17.09121024842896 -0.20483271295094876 7.559884659490918
      vertex 16.89779830028349 -0.06878978771224599 7.595526075489889
    endloop
  endfacet
  facet normal 0.27412049674741684 -0.11048048585090504 0.9553282239676044
    outer loop
      vertex 17.119064954743127 -0.1579791243793603 7.559884659490918
      vertex 17.323849668131253 -0.25937449615680896 7.489397997830727
      vertex 17.13944104894503 -0.10742263902921671 7.559884659490918
    endloop
  endfacet
  facet normal 0.2540431536071283 -0.1510299989943983 0.9553282239676043
    outer loop
      vertex 17.27811704083498 -0.3363000138581965 7.489397997830727
      vertex 17.323849668131253 -0.25937449615680896 7.489397997830727
      vertex 17.119064954743127 -0.1579791243793603 7.559884659490918
    endloop
  endfacet
  facet normal 0.27412049674741756 -0.1104804858509041 0.9553282239676043
    outer loop
      vertex 17.323849668131253 -0.25937449615680896 7.489397997830727
      vertex 17.35730370320092 -0.17636946010113513 7.489397997830727
      vertex 17.13944104894503 -0.10742263902921671 7.559884659490918
    endloop
  endfacet
  facet normal 0.4336432124967769 -0.03329275146618662 0.9004694092279237
    outer loop
      vertex 17.59062433902428 -0.12211942737509923 7.385640646055101
      vertex 17.6 0 7.385640646055101
      vertex 17.384545638986232 0 7.489397997830727
    endloop
  endfacet
  facet normal 0.4336432124967762 -0.03329275146618797 0.900469409227924
    outer loop
      vertex 17.377695011816268 -0.08923047338451266 7.489397997830727
      vertex 17.59062433902428 -0.12211942737509923 7.385640646055101
      vertex 17.384545638986232 0 7.489397997830727
    endloop
  endfacet
  facet normal 0.11531532682309666 -0.0950998498676885 0.9887660966855739
    outer loop
      vertex 17.056529820709983 -0.24688519633912367 7.559884659490918
      vertex 16.89779830028349 -0.06878978771224599 7.595526075489889
      vertex 16.886151433793323 -0.08291244108811587 7.595526075489889
    endloop
  endfacet
  facet normal 0.12848080407272458 -0.07638251782967534 0.9887660966855737
    outer loop
      vertex 17.09121024842896 -0.20483271295094876 7.559884659490918
      vertex 17.119064954743127 -0.1579791243793603 7.559884659490918
      vertex 16.907152857505007 -0.05305476001592138 7.595526075489889
    endloop
  endfacet
  facet normal 0.12848080407272916 -0.07638251782966977 0.9887660966855736
    outer loop
      vertex 17.09121024842896 -0.20483271295094876 7.559884659490918
      vertex 16.907152857505007 -0.05305476001592138 7.595526075489889
      vertex 16.89779830028349 -0.06878978771224599 7.595526075489889
    endloop
  endfacet
  facet normal 0.1386348001701607 -0.05587484431256867 0.988766096685574
    outer loop
      vertex 17.119064954743127 -0.1579791243793603 7.559884659490918
      vertex 16.91399584256516 -0.036076173711953076 7.595526075489889
      vertex 16.907152857505007 -0.05305476001592138 7.595526075489889
    endloop
  endfacet
  facet normal 0.13863480017016658 -0.05587484431255858 0.9887660966855737
    outer loop
      vertex 17.119064954743127 -0.1579791243793603 7.559884659490918
      vertex 17.13944104894503 -0.10742263902921671 7.559884659490918
      vertex 16.91399584256516 -0.036076173711953076 7.595526075489889
    endloop
  endfacet
  facet normal 0.1455393140530319 -0.03405751180206346 0.9887660966855738
    outer loop
      vertex 17.13944104894503 -0.10742263902921671 7.559884659490918
      vertex 16.91816686169398 -0.01825199247292341 7.595526075489889
      vertex 16.91399584256516 -0.036076173711953076 7.595526075489889
    endloop
  endfacet
  facet normal 0 0 1
    outer loop
      vertex 16.87248525071361 -0.09509169711820675 7.595526075489889
      vertex 16.886151433793323 -0.08291244108811587 7.595526075489889
      vertex 16.87248525071361 0.09509169711820674 7.595526075489889
    endloop
  endfacet
  facet normal 0 0 1
    outer loop
      vertex 16.886151433793323 -0.08291244108811587 7.595526075489889
      vertex 16.89779830028349 -0.06878978771224599 7.595526075489889
      vertex 16.886151433793323 0.08291244108811589 7.595526075489889
    endloop
  endfacet
  facet normal 0 0 1
    outer loop
      vertex 16.89779830028349 -0.06878978771224599 7.595526075489889
      vertex 16.907152857505007 -0.05305476001592138 7.595526075489889
      vertex 16.89779830028349 0.06878978771224599 7.595526075489889
    endloop
  endfacet
  facet normal 0 0 1
    outer loop
      vertex 16.907152857505007 -0.05305476001592138 7.595526075489889
      vertex 16.91399584256516 -0.036076173711953076 7.595526075489889
      vertex 16.907152857505007 0.05305476001592143 7.595526075489889
    endloop
  endfacet
  facet normal 0 0 1
    outer loop
      vertex 16.91399584256516 -0.036076173711953076 7.595526075489889
      vertex 16.91816686169398 -0.01825199247292341 7.595526075489889
      vertex 16.91399584256516 0.036076173711953076 7.595526075489889
    endloop
  endfacet
  facet normal 0.1490325097678926 -0.011441900080741274 0.9887660966855738
    outer loop
      vertex 16.91816686169398 -0.01825199247292341 7.595526075489889
      vertex 17.151860932656554 -0.054348258067434776 7.559884659490918
      vertex 16.91956814973828 0 7.595526075489889
    endloop
  endfacet
  facet normal 0.14553931405302928 -0.034057511802070096 0.9887660966855739
    outer loop
      vertex 17.13944104894503 -0.10742263902921671 7.559884659490918
      vertex 17.151860932656554 -0.054348258067434776 7.559884659490918
      vertex 16.91816686169398 -0.01825199247292341 7.595526075489889
    endloop
  endfacet
  facet normal 0.1490325097678909 -0.01144190008074862 0.9887660966855739
    outer loop
      vertex 17.151860932656554 -0.054348258067434776 7.559884659490918
      vertex 17.156033494330103 0 7.559884659490918
      vertex 16.91956814973828 0 7.595526075489889
    endloop
  endfacet
  facet normal 0.2877726877777163 -0.06734140375796155 0.9553282239676039
    outer loop
      vertex 17.35730370320092 -0.17636946010113513 7.489397997830727
      vertex 17.377695011816268 -0.08923047338451266 7.489397997830727
      vertex 17.151860932656554 -0.054348258067434776 7.559884659490918
    endloop
  endfacet
  facet normal 0.2877726877777123 -0.06734140375796878 0.9553282239676045
    outer loop
      vertex 17.35730370320092 -0.17636946010113513 7.489397997830727
      vertex 17.151860932656554 -0.054348258067434776 7.559884659490918
      vertex 17.13944104894503 -0.10742263902921671 7.559884659490918
    endloop
  endfacet
  facet normal 0.29467973091131683 -0.022623896236878275 0.9553282239676043
    outer loop
      vertex 17.377695011816268 -0.08923047338451266 7.489397997830727
      vertex 17.384545638986232 0 7.489397997830727
      vertex 17.156033494330103 0 7.559884659490918
    endloop
  endfacet
  facet normal 0.2946797309113195 -0.02262389623687087 0.9553282239676035
    outer loop
      vertex 17.151860932656554 -0.054348258067434776 7.559884659490918
      vertex 17.377695011816268 -0.08923047338451266 7.489397997830727
      vertex 17.156033494330103 0 7.559884659490918
    endloop
  endfacet
  facet normal 0.5855784878400894 -0.34812950939193843 0.7320544237073106
    outer loop
      vertex 17.759335438295388 -0.6747814732350204 7.088276380433471
      vertex 17.851097342399555 -0.5204314523462424 7.088276380433471
      vertex 17.694000136867633 -0.44264767006793565 7.250930371948848
    endloop
  endfacet
  facet normal 0.5855784878400851 -0.3481295093919411 0.7320544237073127
    outer loop
      vertex 17.759335438295388 -0.6747814732350204 7.088276380433471
      vertex 17.694000136867633 -0.44264767006793565 7.250930371948848
      vertex 17.61595298412621 -0.5739285079445438 7.250930371948848
    endloop
  endfacet
  facet normal 0.4851842156928645 -0.2884445834014264 0.8254671399570533
    outer loop
      vertex 17.516932445568845 -0.3549758702935674 7.385640646055101
      vertex 17.61595298412621 -0.5739285079445438 7.250930371948848
      vertex 17.694000136867633 -0.44264767006793565 7.250930371948848
    endloop
  endfacet
  facet normal 0.631857476543406 -0.25466144204954866 0.7320544237073111
    outer loop
      vertex 17.851097342399555 -0.5204314523462424 7.088276380433471
      vertex 17.918222415666673 -0.35388295931171426 7.088276380433471
      vertex 17.751092684120255 -0.3009915459757039 7.250930371948848
    endloop
  endfacet
  facet normal 0.6318574765434072 -0.2546614420495477 0.7320544237073104
    outer loop
      vertex 17.851097342399555 -0.5204314523462424 7.088276380433471
      vertex 17.751092684120255 -0.3009915459757039 7.250930371948848
      vertex 17.694000136867633 -0.44264767006793565 7.250930371948848
    endloop
  endfacet
  facet normal 0.5235289214895237 -0.21100111188129234 0.8254671399570516
    outer loop
      vertex 17.694000136867633 -0.44264767006793565 7.250930371948848
      vertex 17.751092684120255 -0.3009915459757039 7.250930371948848
      vertex 17.562717113643945 -0.24137647887615388 7.385640646055101
    endloop
  endfacet
  facet normal 0.5235289214895187 -0.21100111188129686 0.8254671399570535
    outer loop
      vertex 17.516932445568845 -0.3549758702935674 7.385640646055101
      vertex 17.694000136867633 -0.44264767006793565 7.250930371948848
      vertex 17.562717113643945 -0.24137647887615388 7.385640646055101
    endloop
  endfacet
  facet normal 0.6633262615341071 -0.15522432634655403 0.7320544237073113
    outer loop
      vertex 17.918222415666673 -0.35388295931171426 7.088276380433471
      vertex 17.78589242496588 -0.15228043515440523 7.250930371948848
      vertex 17.751092684120255 -0.3009915459757039 7.250930371948848
    endloop
  endfacet
  facet normal 0.6633262615341123 -0.15522432634654787 0.732054423707308
    outer loop
      vertex 17.918222415666673 -0.35388295931171426 7.088276380433471
      vertex 17.959137303271934 -0.17903974964820604 7.088276380433471
      vertex 17.78589242496588 -0.15228043515440523 7.250930371948848
    endloop
  endfacet
  facet normal 0.5496025530890005 -0.12861195313492002 0.825467139957051
    outer loop
      vertex 17.751092684120255 -0.3009915459757039 7.250930371948848
      vertex 17.78589242496588 -0.15228043515440523 7.250930371948848
      vertex 17.59062433902428 -0.12211942737509923 7.385640646055101
    endloop
  endfacet
  facet normal 0.5496025530889993 -0.1286119531349218 0.8254671399570516
    outer loop
      vertex 17.751092684120255 -0.3009915459757039 7.250930371948848
      vertex 17.59062433902428 -0.12211942737509923 7.385640646055101
      vertex 17.562717113643945 -0.24137647887615388 7.385640646055101
    endloop
  endfacet
  facet normal 0.6792472411637234 -0.05214888399603147 0.7320544237073082
    outer loop
      vertex 17.959137303271934 -0.17903974964820604 7.088276380433471
      vertex 17.797583682973976 0 7.250930371948848
      vertex 17.78589242496588 -0.15228043515440523 7.250930371948848
    endloop
  endfacet
  facet normal 0.6792472411637269 -0.05214888399602568 0.7320544237073053
    outer loop
      vertex 17.959137303271934 -0.17903974964820604 7.088276380433471
      vertex 17.972882994927723 0 7.088276380433471
      vertex 17.797583682973976 0 7.250930371948848
    endloop
  endfacet
  facet normal 0.5627939666655962 -0.04320823921348995 0.825467139957051
    outer loop
      vertex 17.78589242496588 -0.15228043515440523 7.250930371948848
      vertex 17.6 0 7.385640646055101
      vertex 17.59062433902428 -0.12211942737509923 7.385640646055101
    endloop
  endfacet
  facet normal 0.5627939666655919 -0.04320823921349747 0.8254671399570535
    outer loop
      vertex 17.78589242496588 -0.15228043515440523 7.250930371948848
      vertex 17.797583682973976 0 7.250930371948848
      vertex 17.6 0 7.385640646055101
    endloop
  endfacet
  facet normal 0.9942940719991328 0.07633645464615689 0.07451203982873113
    outer loop
      vertex 18.400000000000002 0 6
      vertex 18.363587436782147 0.24151090853891863 6.238467625881879
      vertex 18.382129321960207 0 6.238467625881879
    endloop
  endfacet
  facet normal 0.9942940719991329 0.07633645464616146 0.07451203982872649
    outer loop
      vertex 18.400000000000002 0 6
      vertex 18.381248678048557 0.2442388547501992 6
      vertex 18.363587436782147 0.24151090853891863 6.238467625881879
    endloop
  endfacet
  facet normal 0.9709886616760516 0.22722010214132105 0.07451203982872649
    outer loop
      vertex 18.381248678048557 0.2442388547501992 6
      vertex 18.308396387321174 0.47736100607683907 6.238467625881879
      vertex 18.363587436782147 0.24151090853891863 6.238467625881879
    endloop
  endfacet
  facet normal 0.9709886616760517 0.22722010214132085 0.07451203982872666
    outer loop
      vertex 18.381248678048557 0.2442388547501992 6
      vertex 18.32543422728789 0.48275295775230775 6
      vertex 18.308396387321174 0.47736100607683907 6.238467625881879
    endloop
  endfacet
  facet normal 0.9249241000951065 0.3727779030251385 0.07451203982872671
    outer loop
      vertex 18.32543422728789 0.48275295775230775 6
      vertex 18.217849804998885 0.7020221662247453 6.238467625881879
      vertex 18.308396387321174 0.47736100607683907 6.238467625881879
    endloop
  endfacet
  facet normal 0.9722083335649184 0.07464083257840022 0.22190020788392104
    outer loop
      vertex 18.382129321960207 0 6.238467625881879
      vertex 18.310998235928487 0.23338800771564155 6.471608279057446
      vertex 18.328916489257825 0 6.471608279057446
    endloop
  endfacet
  facet normal 0.9722083335649201 0.07464083257841149 0.22190020788391032
    outer loop
      vertex 18.382129321960207 0 6.238467625881879
      vertex 18.363587436782147 0.24151090853891863 6.238467625881879
      vertex 18.310998235928487 0.23338800771564155 6.471608279057446
    endloop
  endfacet
  facet normal 0.9285055569215906 0.07128557267985132 0.3644115776061903
    outer loop
      vertex 18.328916489257825 0 6.471608279057446
      vertex 18.224655831333607 0.22005160446207037 6.694213982588093
      vertex 18.24155018864387 0 6.694213982588093
    endloop
  endfacet
  facet normal 0.9285055569215905 0.07128557267985088 0.3644115776061907
    outer loop
      vertex 18.328916489257825 0 6.471608279057446
      vertex 18.310998235928487 0.23338800771564155 6.471608279057446
      vertex 18.224655831333607 0.22005160446207037 6.694213982588093
    endloop
  endfacet
  facet normal 0.9067421736321634 0.2121858446348086 0.36441157760619064
    outer loop
      vertex 18.310998235928487 0.23338800771564155 6.471608279057446
      vertex 18.17436874881917 0.4349453858226411 6.694213982588093
      vertex 18.224655831333607 0.22005160446207037 6.694213982588093
    endloop
  endfacet
  facet normal 0.9494205942317322 0.22217297988221257 0.22190020788391032
    outer loop
      vertex 18.363587436782147 0.24151090853891863 6.238467625881879
      vertex 18.257663464611703 0.46130559834093104 6.471608279057446
      vertex 18.310998235928487 0.23338800771564155 6.471608279057446
    endloop
  endfacet
  facet normal 0.9494205942317321 0.2221729798822105 0.22190020788391235
    outer loop
      vertex 18.363587436782147 0.24151090853891863 6.238467625881879
      vertex 18.308396387321174 0.47736100607683907 6.238467625881879
      vertex 18.257663464611703 0.46130559834093104 6.471608279057446
    endloop
  endfacet
  facet normal 0.9043792408613304 0.36449758084267203 0.22190020788391246
    outer loop
      vertex 18.308396387321174 0.47736100607683907 6.238467625881879
      vertex 18.17016229714268 0.6784105767256035 6.471608279057446
      vertex 18.257663464611703 0.46130559834093104 6.471608279057446
    endloop
  endfacet
  facet normal 0.8637255223118312 0.34811266023187876 0.36441157760619924
    outer loop
      vertex 18.257663464611703 0.46130559834093104 6.471608279057446
      vertex 18.09186762769335 0.6396444159821434 6.694213982588093
      vertex 18.17436874881917 0.4349453858226411 6.694213982588093
    endloop
  endfacet
  facet normal 0.8637255223118305 0.3481126602318907 0.3644115776061893
    outer loop
      vertex 18.257663464611703 0.46130559834093104 6.471608279057446
      vertex 18.17016229714268 0.6784105767256035 6.471608279057446
      vertex 18.09186762769335 0.6396444159821434 6.694213982588093
    endloop
  endfacet
  facet normal 0.9067421736321621 0.2121858446347982 0.36441157760619936
    outer loop
      vertex 18.310998235928487 0.23338800771564155 6.471608279057446
      vertex 18.257663464611703 0.46130559834093104 6.471608279057446
      vertex 18.17436874881917 0.4349453858226411 6.694213982588093
    endloop
  endfacet
  facet normal 0.8571801015372504 0.5095981058139355 0.07451203982872727
    outer loop
      vertex 18.23386489113769 0.7099517405871355 6
      vertex 18.09407002496119 0.9102285218027403 6.238467625881879
      vertex 18.217849804998885 0.7020221662247453 6.238467625881879
    endloop
  endfacet
  facet normal 0.857180101537254 0.5095981058139284 0.07451203982873537
    outer loop
      vertex 18.23386489113769 0.7099517405871355 6
      vertex 18.10868697722675 0.9205098563497931 6
      vertex 18.09407002496119 0.9102285218027403 6.238467625881879
    endloop
  endfacet
  facet normal 0.9249241000951068 0.372777903025138 0.07451203982872731
    outer loop
      vertex 18.32543422728789 0.48275295775230775 6
      vertex 18.23386489113769 0.7099517405871355 6
      vertex 18.217849804998885 0.7020221662247453 6.238467625881879
    endloop
  endfacet
  facet normal 0.769344527911523 0.6344737609177841 0.07451203982873258
    outer loop
      vertex 18.10868697722675 0.9205098563497931 6
      vertex 17.95283454976126 1.1094920012675868 6
      vertex 17.9399583403413 1.0970998923035993 6.238467625881879
    endloop
  endfacet
  facet normal 0.7693445279115241 0.6344737609177823 0.07451203982873456
    outer loop
      vertex 18.10868697722675 0.9205098563497931 6
      vertex 17.9399583403413 1.0970998923035993 6.238467625881879
      vertex 18.09407002496119 0.9102285218027403 6.238467625881879
    endloop
  endfacet
  facet normal 0.6634761706177397 0.744477888820737 0.0745120398287318
    outer loop
      vertex 17.95283454976126 1.1094920012675868 6
      vertex 17.769960657546623 1.2724685940374822 6
      vertex 17.9399583403413 1.0970998923035993 6.238467625881879
    endloop
  endfacet
  facet normal 0.8381400046014421 0.4982786674419962 0.22190020788391107
    outer loop
      vertex 18.217849804998885 0.7020221662247453 6.238467625881879
      vertex 18.050545686724348 0.8796141861859692 6.471608279057446
      vertex 18.17016229714268 0.6784105767256035 6.471608279057446
    endloop
  endfacet
  facet normal 0.8381400046014416 0.49827866744199817 0.22190020788390916
    outer loop
      vertex 18.217849804998885 0.7020221662247453 6.238467625881879
      vertex 18.09407002496119 0.9102285218027403 6.238467625881879
      vertex 18.050545686724348 0.8796141861859692 6.471608279057446
    endloop
  endfacet
  facet normal 0.90437924086133 0.36449758084267364 0.22190020788391082
    outer loop
      vertex 18.308396387321174 0.47736100607683907 6.238467625881879
      vertex 18.217849804998885 0.7020221662247453 6.238467625881879
      vertex 18.17016229714268 0.6784105767256035 6.471608279057446
    endloop
  endfacet
  facet normal 0.8004638768083143 0.47588001011974845 0.3644115776061894
    outer loop
      vertex 18.17016229714268 0.6784105767256035 6.471608279057446
      vertex 17.979086224310624 0.8293507231684916 6.694213982588093
      vertex 18.09186762769335 0.6396444159821434 6.694213982588093
    endloop
  endfacet
  facet normal 0.8004638768083142 0.47588001011974923 0.3644115776061888
    outer loop
      vertex 18.17016229714268 0.6784105767256035 6.471608279057446
      vertex 18.050545686724348 0.8796141861859692 6.471608279057446
      vertex 17.979086224310624 0.8293507231684916 6.694213982588093
    endloop
  endfacet
  facet normal 0.7522554770082222 0.6203805243978973 0.2219002078839097
    outer loop
      vertex 18.050545686724348 0.8796141861859692 6.471608279057446
      vertex 18.09407002496119 0.9102285218027403 6.238467625881879
      vertex 17.90161734532257 1.0602003846485484 6.471608279057446
    endloop
  endfacet
  facet normal 0.7522554770082207 0.6203805243978999 0.22190020788390688
    outer loop
      vertex 18.09407002496119 0.9102285218027403 6.238467625881879
      vertex 17.9399583403413 1.0970998923035993 6.238467625881879
      vertex 17.90161734532257 1.0602003846485484 6.471608279057446
    endloop
  endfacet
  facet normal 0.6487387186161063 0.7279411876720611 0.22190020788390805
    outer loop
      vertex 17.9399583403413 1.0970998923035993 6.238467625881879
      vertex 17.759126998407694 1.2582561711876112 6.238467625881879
      vertex 17.90161734532257 1.0602003846485484 6.471608279057446
    endloop
  endfacet
  facet normal 0.6487387186160982 0.7279411876720655 0.22190020788391676
    outer loop
      vertex 17.90161734532257 1.0602003846485484 6.471608279057446
      vertex 17.759126998407694 1.2582561711876112 6.238467625881879
      vertex 17.726868027033994 1.2159363846791427 6.471608279057446
    endloop
  endfacet
  facet normal 0.7184400364741266 0.592493135907602 0.36441157760618886
    outer loop
      vertex 18.050545686724348 0.8796141861859692 6.471608279057446
      vertex 17.838668039177197 0.999617752328847 6.694213982588093
      vertex 17.979086224310624 0.8293507231684916 6.694213982588093
    endloop
  endfacet
  facet normal 0.7184400364741295 0.5924931359075946 0.3644115776061955
    outer loop
      vertex 18.050545686724348 0.8796141861859692 6.471608279057446
      vertex 17.90161734532257 1.0602003846485484 6.471608279057446
      vertex 17.838668039177197 0.999617752328847 6.694213982588093
    endloop
  endfacet
  facet normal 0.619576570606526 0.695218724763668 0.3644115776061949
    outer loop
      vertex 17.90161734532257 1.0602003846485484 6.471608279057446
      vertex 17.726868027033994 1.2159363846791427 6.471608279057446
      vertex 17.838668039177197 0.999617752328847 6.694213982588093
    endloop
  endfacet
  facet normal 0.6195765706065325 0.6952187247636653 0.364411577606189
    outer loop
      vertex 17.838668039177197 0.999617752328847 6.694213982588093
      vertex 17.726868027033994 1.2159363846791427 6.471608279057446
      vertex 17.673904355539666 1.1464545886113333 6.694213982588093
    endloop
  endfacet
  facet normal 0.8641174882196767 0.06634220931821114 0.498898464435095
    outer loop
      vertex 18.224655831333607 0.22005160446207037 6.694213982588093
      vertex 18.106488969639628 0.2017996119891469 6.9013120929017955
      vertex 18.24155018864387 0 6.694213982588093
    endloop
  endfacet
  facet normal 0.8641174882196787 0.06634220931821691 0.49889846443509056
    outer loop
      vertex 18.24155018864387 0 6.694213982588093
      vertex 18.106488969639628 0.2017996119891469 6.9013120929017955
      vertex 18.121982038905593 0 6.9013120929017955
    endloop
  endfacet
  facet normal 0.8438633066878285 0.19747162279727207 0.4988984644350951
    outer loop
      vertex 18.224655831333607 0.22005160446207037 6.694213982588093
      vertex 18.060372906254013 0.39886921211068804 6.9013120929017955
      vertex 18.106488969639628 0.2017996119891469 6.9013120929017955
    endloop
  endfacet
  facet normal 0.7804268195738058 0.05991689802319247 0.6223696205802407
    outer loop
      vertex 18.121982038905593 0 6.9013120929017955
      vertex 18.106488969639628 0.2017996119891469 6.9013120929017955
      vertex 17.959137303271934 0.1790397496482066 7.088276380433471
    endloop
  endfacet
  facet normal 0.7804268195738056 0.059916898023192014 0.622369620580241
    outer loop
      vertex 18.121982038905593 0 6.9013120929017955
      vertex 17.959137303271934 0.1790397496482066 7.088276380433471
      vertex 17.972882994927723 0 7.088276380433471
    endloop
  endfacet
  facet normal 0.7621342763820956 0.17834629276311437 0.6223696205802408
    outer loop
      vertex 18.106488969639628 0.2017996119891469 6.9013120929017955
      vertex 17.918222415666673 0.35388295931171426 7.088276380433471
      vertex 17.959137303271934 0.1790397496482066 7.088276380433471
    endloop
  endfacet
  facet normal 0.8438633066878307 0.19747162279728397 0.4988984644350867
    outer loop
      vertex 18.224655831333607 0.22005160446207037 6.694213982588093
      vertex 18.17436874881917 0.4349453858226411 6.694213982588093
      vertex 18.060372906254013 0.39886921211068804 6.9013120929017955
    endloop
  endfacet
  facet normal 0.8038296844725943 0.32397246880714703 0.4988984644350907
    outer loop
      vertex 18.17436874881917 0.4349453858226411 6.694213982588093
      vertex 18.09186762769335 0.6396444159821434 6.694213982588093
      vertex 17.984714770188344 0.586589655966222 6.9013120929017955
    endloop
  endfacet
  facet normal 0.8038296844725945 0.32397246880715264 0.49889846443508684
    outer loop
      vertex 18.17436874881917 0.4349453858226411 6.694213982588093
      vertex 17.984714770188344 0.586589655966222 6.9013120929017955
      vertex 18.060372906254013 0.39886921211068804 6.9013120929017955
    endloop
  endfacet
  facet normal 0.7621342763820956 0.1783462927631142 0.6223696205802408
    outer loop
      vertex 18.106488969639628 0.2017996119891469 6.9013120929017955
      vertex 18.060372906254013 0.39886921211068804 6.9013120929017955
      vertex 17.918222415666673 0.35388295931171426 7.088276380433471
    endloop
  endfacet
  facet normal 0.7259779517070478 0.2925954015599803 0.6223696205802411
    outer loop
      vertex 18.060372906254013 0.39886921211068804 6.9013120929017955
      vertex 17.851097342399555 0.520431452346243 7.088276380433471
      vertex 17.918222415666673 0.35388295931171426 7.088276380433471
    endloop
  endfacet
  facet normal 0.7259779517070479 0.29259540155998165 0.6223696205802405
    outer loop
      vertex 18.060372906254013 0.39886921211068804 6.9013120929017955
      vertex 17.984714770188344 0.586589655966222 6.9013120929017955
      vertex 17.851097342399555 0.520431452346243 7.088276380433471
    endloop
  endfacet
  facet normal 0.6728053191543645 0.39998632213664653 0.6223696205802406
    outer loop
      vertex 17.984714770188344 0.586589655966222 6.9013120929017955
      vertex 17.759335438295388 0.6747814732350204 7.088276380433471
      vertex 17.851097342399555 0.520431452346243 7.088276380433471
    endloop
  endfacet
  facet normal -0.14947108765624703 0 0.9887660966855905
    outer loop
      vertex 16.679322115409615 -0.009264987213798172 7.595305281893985
      vertex 16.680782686985147 0.009152852525507446 7.595526075489889
      vertex 16.679322115409615 0.009264987213798172 7.595305281893985
    endloop
  endfacet
  facet normal 0 0 1
    outer loop
      vertex 16.683577039758305 -0.02724402247092257 7.595526075489889
      vertex 16.683577039758305 0.02724402247092257 7.595526075489889
      vertex 16.680782686985147 0.009152852525507446 7.595526075489889
    endloop
  endfacet
  facet normal 0 0 1
    outer loop
      vertex 16.689100248044006 -0.04469661562058195 7.595526075489889
      vertex 16.689100248044006 0.04469661562058195 7.595526075489889
      vertex 16.683577039758305 0.02724402247092257 7.595526075489889
    endloop
  endfacet
  facet normal -0.14771934985182752 0.022816654542132577 0.9887660966855906
    outer loop
      vertex 16.680782686985147 0.009152852525507446 7.595526075489889
      vertex 16.683577039758305 0.02724402247092257 7.595526075489889
      vertex 16.679322115409615 0.009264987213798172 7.595305281893985
    endloop
  endfacet
  facet normal 0 0 1
    outer loop
      vertex 16.697222852521282 -0.06110155798318956 7.595526075489889
      vertex 16.697222852521282 0.06110155798318956 7.595526075489889
      vertex 16.689100248044006 0.04469661562058195 7.595526075489889
    endloop
  endfacet
  facet normal -0.1477193498520063 0.022816654542175234 0.9887660966855627
    outer loop
      vertex 16.679322115409615 0.009264987213798172 7.595305281893985
      vertex 16.683577039758305 0.02724402247092257 7.595526075489889
      vertex 16.682150702742582 0.02757779819374217 7.595305281893985
    endloop
  endfacet
  facet normal 0 0 1
    outer loop
      vertex 16.707754466225587 -0.07607433161395032 7.595526075489889
      vertex 16.707754466225587 0.07607433161395032 7.595526075489889
      vertex 16.697222852521282 0.06110155798318956 7.595526075489889
    endloop
  endfacet
  facet normal -0.14250519568816084 0.04509850604039088 0.9887660966855629
    outer loop
      vertex 16.683577039758305 0.02724402247092257 7.595526075489889
      vertex 16.689100248044006 0.04469661562058195 7.595526075489889
      vertex 16.682150702742582 0.02757779819374217 7.595305281893985
    endloop
  endfacet
  facet normal -0.14250519568806724 0.0450985060403527 0.988766096685578
    outer loop
      vertex 16.682150702742582 0.02757779819374217 7.595305281893985
      vertex 16.689100248044006 0.04469661562058195 7.595526075489889
      vertex 16.687741577718832 0.04524420895788272 7.595305281893985
    endloop
  endfacet
  facet normal -0.13395084051924616 0.06632328678073644 0.9887660966855546
    outer loop
      vertex 16.687741577718832 0.04524420895788272 7.595305281893985
      vertex 16.697222852521282 0.06110155798318956 7.595526075489889
      vertex 16.695963694967524 0.061850133811263766 7.595305281893985
    endloop
  endfacet
  facet normal -0.13395084051911452 0.06632328678065741 0.9887660966855778
    outer loop
      vertex 16.689100248044006 0.04469661562058195 7.595526075489889
      vertex 16.697222852521282 0.06110155798318956 7.595526075489889
      vertex 16.687741577718832 0.04524420895788272 7.595305281893985
    endloop
  endfacet
  facet normal -0.12225679117983126 0.08599350589181591 0.9887660966855838
    outer loop
      vertex 16.695963694967524 0.061850133811263766 7.595305281893985
      vertex 16.707754466225587 0.07607433161395032 7.595526075489889
      vertex 16.70662433502909 0.07700634394985131 7.595305281893985
    endloop
  endfacet
  facet normal -0.12225679117997082 0.085993505891932 0.9887660966855565
    outer loop
      vertex 16.697222852521282 0.06110155798318956 7.595526075489889
      vertex 16.707754466225587 0.07607433161395032 7.595526075489889
      vertex 16.695963694967524 0.061850133811263766 7.595305281893985
    endloop
  endfacet
  facet normal 0 0 1
    outer loop
      vertex 16.72044823705788 -0.08926398738929359 7.595526075489889
      vertex 16.72044823705788 0.08926398738929359 7.595526075489889
      vertex 16.707754466225587 0.07607433161395032 7.595526075489889
    endloop
  endfacet
  facet normal 0 0 1
    outer loop
      vertex 16.735006633788586 -0.10036137095687918 7.595526075489889
      vertex 16.735006633788586 0.10036137095687919 7.595526075489889
      vertex 16.72044823705788 0.08926398738929359 7.595526075489889
    endloop
  endfacet
  facet normal 0 0 1
    outer loop
      vertex 16.751088419937464 -0.10910636905158907 7.595526075489889
      vertex 16.751088419937464 0.10910636905158909 7.595526075489889
      vertex 16.735006633788586 0.10036137095687919 7.595526075489889
    endloop
  endfacet
  facet normal 0 0 1
    outer loop
      vertex 16.768316652067476 -0.1152940063299999 7.595526075489889
      vertex 16.768316652067476 0.1152940063299999 7.595526075489889
      vertex 16.751088419937464 0.10910636905158909 7.595526075489889
    endloop
  endfacet
  facet normal 0 0 1
    outer loop
      vertex 16.87248525071361 -0.09509169711820675 7.595526075489889
      vertex 16.87248525071361 0.09509169711820674 7.595526075489889
      vertex 16.857120074792817 0.10504208436383192 7.595526075489889
    endloop
  endfacet
  facet normal 0 0 1
    outer loop
      vertex 16.786287515019467 -0.11877924981870393 7.595526075489889
      vertex 16.786287515019467 0.11877924981870391 7.595526075489889
      vertex 16.768316652067476 0.1152940063299999 7.595526075489889
    endloop
  endfacet
  facet normal 0 0 1
    outer loop
      vertex 16.804579786997238 -0.11948040836428128 7.595526075489889
      vertex 16.804579786997238 0.11948040836428128 7.595526075489889
      vertex 16.786287515019467 0.11877924981870391 7.595526075489889
    endloop
  endfacet
  facet normal 0 0 1
    outer loop
      vertex 16.822764712649438 -0.11738104740469807 7.595526075489889
      vertex 16.822764712649438 0.11738104740469808 7.595526075489889
      vertex 16.804579786997238 0.11948040836428128 7.595526075489889
    endloop
  endfacet
  facet normal 0 0 1
    outer loop
      vertex 16.840416052731616 -0.11253037418151113 7.595526075489889
      vertex 16.840416052731616 0.11253037418151113 7.595526075489889
      vertex 16.822764712649438 0.11738104740469808 7.595526075489889
    endloop
  endfacet
  facet normal 0 0 1
    outer loop
      vertex 16.857120074792817 -0.1050420843638319 7.595526075489889
      vertex 16.857120074792817 0.10504208436383192 7.595526075489889
      vertex 16.840416052731616 0.11253037418151113 7.595526075489889
    endloop
  endfacet
  facet normal -0.10769714627534986 0.10364811010965297 0.9887660966855827
    outer loop
      vertex 16.707754466225587 0.07607433161395032 7.595526075489889
      vertex 16.72044823705788 0.08926398738929359 7.595526075489889
      vertex 16.70662433502909 0.07700634394985131 7.595305281893985
    endloop
  endfacet
  facet normal -0.10769714627545147 0.10364811010976796 0.9887660966855596
    outer loop
      vertex 16.70662433502909 0.07700634394985131 7.595305281893985
      vertex 16.72044823705788 0.08926398738929359 7.595526075489889
      vertex 16.71947362153604 0.09035759065380497 7.595305281893985
    endloop
  endfacet
  facet normal -0.0906131715421539 0.11887329047464965 0.9887660966855618
    outer loop
      vertex 16.72044823705788 0.08926398738929359 7.595526075489889
      vertex 16.735006633788586 0.10036137095687919 7.595526075489889
      vertex 16.71947362153604 0.09035759065380497 7.595305281893985
    endloop
  endfacet
  facet normal -0.09061317154214822 0.1188732904746408 0.9887660966855634
    outer loop
      vertex 16.71947362153604 0.09035759065380497 7.595305281893985
      vertex 16.735006633788586 0.10036137095687919 7.595526075489889
      vertex 16.734210378103185 0.10159093201637573 7.595305281893985
    endloop
  endfacet
  facet normal -0.07140530086801146 0.13131218166303432 0.9887660966855826
    outer loop
      vertex 16.734210378103185 0.10159093201637573 7.595305281893985
      vertex 16.751088419937464 0.10910636905158909 7.595526075489889
      vertex 16.75048918764689 0.11044306803696434 7.595305281893985
    endloop
  endfacet
  facet normal -0.07140530086805835 0.1313121816631401 0.9887660966855653
    outer loop
      vertex 16.735006633788586 0.10036137095687919 7.595526075489889
      vertex 16.751088419937464 0.10910636905158909 7.595526075489889
      vertex 16.734210378103185 0.10159093201637573 7.595305281893985
    endloop
  endfacet
  facet normal -0.05052375046190742 0.14067322660841472 0.9887660966855812
    outer loop
      vertex 16.751088419937464 0.10910636905158909 7.595526075489889
      vertex 16.768316652067476 0.1152940063299999 7.595526075489889
      vertex 16.75048918764689 0.11044306803696434 7.595305281893985
    endloop
  endfacet
  facet normal -0.050523750461902044 0.1406732266083948 0.9887660966855845
    outer loop
      vertex 16.75048918764689 0.11044306803696434 7.595305281893985
      vertex 16.768316652067476 0.1152940063299999 7.595526075489889
      vertex 16.76792848866874 0.11670651214997013 7.595305281893985
    endloop
  endfacet
  facet normal -0.028457966166926932 0.14673701035113887 0.9887660966855872
    outer loop
      vertex 16.786287515019467 0.11877924981870391 7.595526075489889
      vertex 16.786119518733642 0.12023445453403343 7.595305281893985
      vertex 16.76792848866874 0.11670651214997013 7.595305281893985
    endloop
  endfacet
  facet normal -0.028457966166929572 0.14673701035116268 0.9887660966855836
    outer loop
      vertex 16.768316652067476 0.1152940063299999 7.595526075489889
      vertex 16.786287515019467 0.11877924981870391 7.595526075489889
      vertex 16.76792848866874 0.11670651214997013 7.595305281893985
    endloop
  endfacet
  facet normal -0.005725151264848479 0.1493614029397967 0.9887660966855863
    outer loop
      vertex 16.786287515019467 0.11877924981870391 7.595526075489889
      vertex 16.8 0.12076650534043105 7.595305281893985
      vertex 16.786119518733642 0.12023445453403343 7.595305281893985
    endloop
  endfacet
  facet normal -0.0057251512648615315 0.14936140293988526 0.988766096685573
    outer loop
      vertex 16.786287515019467 0.11877924981870391 7.595526075489889
      vertex 16.804579786997238 0.11948040836428128 7.595526075489889
      vertex 16.8 0.12076650534043105 7.595305281893985
    endloop
  endfacet
  facet normal -0.005725151264862565 0.14936140293988165 0.9887660966855735
    outer loop
      vertex 16.804579786997238 0.11948040836428128 7.595526075489889
      vertex 16.8 0.1985297003714342 7.583558499772458
      vertex 16.8 0.12076650534043105 7.595305281893985
    endloop
  endfacet
  facet normal 0.061143934124112356 0.13639290804510665 0.9887660966855738
    outer loop
      vertex 16.857120074792817 0.10504208436383192 7.595526075489889
      vertex 16.920345330362334 0.33507737993616415 7.559884659490918
      vertex 16.840416052731616 0.11253037418151113 7.595526075489889
    endloop
  endfacet
  facet normal 0.017141856330458026 0.14848489083647695 0.9887660966855738
    outer loop
      vertex 16.804579786997238 0.11948040836428128 7.595526075489889
      vertex 16.822764712649438 0.11738104740469808 7.595526075489889
      vertex 16.813637056118058 0.3557722302054173 7.559884659490918
    endloop
  endfacet
  facet normal 0.039607073342144195 0.14412801874182635 0.9887660966855739
    outer loop
      vertex 16.822764712649438 0.11738104740469808 7.595526075489889
      vertex 16.840416052731616 0.11253037418151113 7.595526075489889
      vertex 16.86778561188528 0.3495210435814152 7.559884659490918
    endloop
  endfacet
  facet normal -0.005725151264891486 0.14936140293987998 0.9887660966855735
    outer loop
      vertex 16.804579786997238 0.11948040836428128 7.595526075489889
      vertex 16.813637056118058 0.3557722302054173 7.559884659490918
      vertex 16.8 0.1985297003714342 7.583558499772458
    endloop
  endfacet
  facet normal -0.005725151264855989 0.149361402939877 0.9887660966855742
    outer loop
      vertex 16.8 0.1985297003714342 7.583558499772458
      vertex 16.813637056118058 0.3557722302054173 7.559884659490918
      vertex 16.77147430073925 0.24709315368845924 7.576057413836056
    endloop
  endfacet
  facet normal 0.01714185633045527 0.14848489083647687 0.9887660966855739
    outer loop
      vertex 16.822764712649438 0.11738104740469808 7.595526075489889
      vertex 16.86778561188528 0.3495210435814152 7.559884659490918
      vertex 16.813637056118058 0.3557722302054173 7.559884659490918
    endloop
  endfacet
  facet normal 0.4336432124967768 0.03329275146618648 0.9004694092279237
    outer loop
      vertex 17.384545638986232 0 7.489397997830727
      vertex 17.6 0 7.385640646055101
      vertex 17.59062433902428 0.1221194273750996 7.385640646055101
    endloop
  endfacet
  facet normal 0.4336432124967762 0.03329275146618787 0.900469409227924
    outer loop
      vertex 17.384545638986232 0 7.489397997830727
      vertex 17.59062433902428 0.1221194273750996 7.385640646055101
      vertex 17.377695011816268 0.08923047338451294 7.489397997830727
    endloop
  endfacet
  facet normal 0 0 1
    outer loop
      vertex 16.91399584256516 -0.036076173711953076 7.595526075489889
      vertex 16.91399584256516 0.036076173711953076 7.595526075489889
      vertex 16.907152857505007 0.05305476001592143 7.595526075489889
    endloop
  endfacet
  facet normal 0 0 1
    outer loop
      vertex 16.91816686169398 -0.01825199247292341 7.595526075489889
      vertex 16.91816686169398 0.018251992472923466 7.595526075489889
      vertex 16.91399584256516 0.036076173711953076 7.595526075489889
    endloop
  endfacet
  facet normal 0 0 1
    outer loop
      vertex 16.91816686169398 -0.01825199247292341 7.595526075489889
      vertex 16.91956814973828 0 7.595526075489889
      vertex 16.91816686169398 0.018251992472923466 7.595526075489889
    endloop
  endfacet
  facet normal 0 0 1
    outer loop
      vertex 16.89779830028349 -0.06878978771224599 7.595526075489889
      vertex 16.89779830028349 0.06878978771224599 7.595526075489889
      vertex 16.886151433793323 0.08291244108811589 7.595526075489889
    endloop
  endfacet
  facet normal 0 0 1
    outer loop
      vertex 16.907152857505007 -0.05305476001592138 7.595526075489889
      vertex 16.907152857505007 0.05305476001592143 7.595526075489889
      vertex 16.89779830028349 0.06878978771224599 7.595526075489889
    endloop
  endfacet
  facet normal 0 0 1
    outer loop
      vertex 16.886151433793323 -0.08291244108811587 7.595526075489889
      vertex 16.886151433793323 0.08291244108811589 7.595526075489889
      vertex 16.87248525071361 0.09509169711820674 7.595526075489889
    endloop
  endfacet
  facet normal 0.14903250976789262 0.01144190008074124 0.9887660966855738
    outer loop
      vertex 16.91956814973828 0 7.595526075489889
      vertex 17.151860932656554 0.05434825806743494 7.559884659490918
      vertex 16.91816686169398 0.018251992472923466 7.595526075489889
    endloop
  endfacet
  facet normal 0.14553931405303178 0.034057511802063886 0.9887660966855738
    outer loop
      vertex 16.91816686169398 0.018251992472923466 7.595526075489889
      vertex 17.13944104894503 0.10742263902921671 7.559884659490918
      vertex 16.91399584256516 0.036076173711953076 7.595526075489889
    endloop
  endfacet
  facet normal 0.14903250976789087 0.011441900080748562 0.9887660966855738
    outer loop
      vertex 16.91956814973828 0 7.595526075489889
      vertex 17.156033494330103 0 7.559884659490918
      vertex 17.151860932656554 0.05434825806743494 7.559884659490918
    endloop
  endfacet
  facet normal 0.14553931405302922 0.03405751180207009 0.9887660966855738
    outer loop
      vertex 16.91816686169398 0.018251992472923466 7.595526075489889
      vertex 17.151860932656554 0.05434825806743494 7.559884659490918
      vertex 17.13944104894503 0.10742263902921671 7.559884659490918
    endloop
  endfacet
  facet normal 0.13863480017016072 0.0558748443125685 0.988766096685574
    outer loop
      vertex 16.91399584256516 0.036076173711953076 7.595526075489889
      vertex 17.119064954743127 0.15797912437936043 7.559884659490918
      vertex 16.907152857505007 0.05305476001592143 7.595526075489889
    endloop
  endfacet
  facet normal 0.12848080407272905 0.07638251782966989 0.9887660966855736
    outer loop
      vertex 16.907152857505007 0.05305476001592143 7.595526075489889
      vertex 17.09121024842896 0.20483271295094876 7.559884659490918
      vertex 16.89779830028349 0.06878978771224599 7.595526075489889
    endloop
  endfacet
  facet normal 0.11531532682309667 0.09509984986768845 0.9887660966855737
    outer loop
      vertex 16.89779830028349 0.06878978771224599 7.595526075489889
      vertex 17.056529820709983 0.24688519633912379 7.559884659490918
      vertex 16.886151433793323 0.08291244108811589 7.595526075489889
    endloop
  endfacet
  facet normal 0.1284808040727245 0.07638251782967553 0.9887660966855738
    outer loop
      vertex 16.907152857505007 0.05305476001592143 7.595526075489889
      vertex 17.119064954743127 0.15797912437936043 7.559884659490918
      vertex 17.09121024842896 0.20483271295094876 7.559884659490918
    endloop
  endfacet
  facet normal 0.13863480017016663 0.055874844312558375 0.9887660966855736
    outer loop
      vertex 16.91399584256516 0.036076173711953076 7.595526075489889
      vertex 17.13944104894503 0.10742263902921671 7.559884659490918
      vertex 17.119064954743127 0.15797912437936043 7.559884659490918
    endloop
  endfacet
  facet normal 0.2946797309113167 0.022623896236878157 0.9553282239676041
    outer loop
      vertex 17.156033494330103 0 7.559884659490918
      vertex 17.384545638986232 0 7.489397997830727
      vertex 17.377695011816268 0.08923047338451294 7.489397997830727
    endloop
  endfacet
  facet normal 0.2946797309113195 0.0226238962368708 0.9553282239676035
    outer loop
      vertex 17.156033494330103 0 7.559884659490918
      vertex 17.377695011816268 0.08923047338451294 7.489397997830727
      vertex 17.151860932656554 0.05434825806743494 7.559884659490918
    endloop
  endfacet
  facet normal 0.28777268777771625 0.06734140375796177 0.9553282239676039
    outer loop
      vertex 17.151860932656554 0.05434825806743494 7.559884659490918
      vertex 17.377695011816268 0.08923047338451294 7.489397997830727
      vertex 17.35730370320092 0.17636946010113513 7.489397997830727
    endloop
  endfacet
  facet normal 0.2877726877777122 0.067341403757969 0.9553282239676045
    outer loop
      vertex 17.151860932656554 0.05434825806743494 7.559884659490918
      vertex 17.35730370320092 0.17636946010113513 7.489397997830727
      vertex 17.13944104894503 0.10742263902921671 7.559884659490918
    endloop
  endfacet
  facet normal 0.42347898313479465 0.09909790052182857 0.9004694092279238
    outer loop
      vertex 17.377695011816268 0.08923047338451294 7.489397997830727
      vertex 17.59062433902428 0.1221194273750996 7.385640646055101
      vertex 17.562717113643945 0.24137647887615388 7.385640646055101
    endloop
  endfacet
  facet normal 0.42347898313480303 0.09909790052181638 0.9004694092279212
    outer loop
      vertex 17.377695011816268 0.08923047338451294 7.489397997830727
      vertex 17.562717113643945 0.24137647887615388 7.385640646055101
      vertex 17.35730370320092 0.17636946010113513 7.489397997830727
    endloop
  endfacet
  facet normal 0.4033887653322811 0.16258027878071798 0.9004694092279215
    outer loop
      vertex 17.35730370320092 0.17636946010113513 7.489397997830727
      vertex 17.562717113643945 0.24137647887615388 7.385640646055101
      vertex 17.516932445568845 0.35497587029356775 7.385640646055101
    endloop
  endfacet
  facet normal 0.4033887653322747 0.16258027878072473 0.9004694092279232
    outer loop
      vertex 17.35730370320092 0.17636946010113513 7.489397997830727
      vertex 17.516932445568845 0.35497587029356775 7.385640646055101
      vertex 17.323849668131253 0.25937449615680924 7.489397997830727
    endloop
  endfacet
  facet normal 0.09944695604947401 0.1115881220276987 0.9887660966855738
    outer loop
      vertex 16.87248525071361 0.09509169711820674 7.595526075489889
      vertex 16.886151433793323 0.08291244108811589 7.595526075489889
      vertex 17.015836551418154 0.28315089997529885 7.559884659490918
    endloop
  endfacet
  facet normal 0.08124763291338057 0.125460863185086 0.9887660966855738
    outer loop
      vertex 16.87248525071361 0.09509169711820674 7.595526075489889
      vertex 16.970084256295664 0.31277978650362703 7.559884659490918
      vertex 16.857120074792817 0.10504208436383192 7.595526075489889
    endloop
  endfacet
  facet normal 0.1153153268230987 0.0950998498676867 0.9887660966855738
    outer loop
      vertex 16.89779830028349 0.06878978771224599 7.595526075489889
      vertex 17.09121024842896 0.20483271295094876 7.559884659490918
      vertex 17.056529820709983 0.24688519633912379 7.559884659490918
    endloop
  endfacet
  facet normal 0.09944695604947298 0.11158812202769929 0.9887660966855739
    outer loop
      vertex 16.886151433793323 0.08291244108811589 7.595526075489889
      vertex 17.056529820709983 0.24688519633912379 7.559884659490918
      vertex 17.015836551418154 0.28315089997529885 7.559884659490918
    endloop
  endfacet
  facet normal 0.27412049674741695 0.11048048585090478 0.9553282239676044
    outer loop
      vertex 17.13944104894503 0.10742263902921671 7.559884659490918
      vertex 17.323849668131253 0.25937449615680924 7.489397997830727
      vertex 17.119064954743127 0.15797912437936043 7.559884659490918
    endloop
  endfacet
  facet normal 0.08124763291338537 0.1254608631850839 0.9887660966855738
    outer loop
      vertex 16.87248525071361 0.09509169711820674 7.595526075489889
      vertex 17.015836551418154 0.28315089997529885 7.559884659490918
      vertex 16.970084256295664 0.31277978650362703 7.559884659490918
    endloop
  endfacet
  facet normal 0.0611439341241052 0.13639290804510867 0.9887660966855739
    outer loop
      vertex 16.857120074792817 0.10504208436383192 7.595526075489889
      vertex 16.970084256295664 0.31277978650362703 7.559884659490918
      vertex 16.920345330362334 0.33507737993616415 7.559884659490918
    endloop
  endfacet
  facet normal 0.03960707334215 0.14412801874182565 0.9887660966855738
    outer loop
      vertex 16.840416052731616 0.11253037418151113 7.595526075489889
      vertex 16.920345330362334 0.33507737993616415 7.559884659490918
      vertex 16.86778561188528 0.3495210435814152 7.559884659490918
    endloop
  endfacet
  facet normal 0.2540431536071263 0.15102999899440028 0.9553282239676044
    outer loop
      vertex 17.119064954743127 0.15797912437936043 7.559884659490918
      vertex 17.27811704083498 0.3363000138581965 7.489397997830727
      vertex 17.09121024842896 0.20483271295094876 7.559884659490918
    endloop
  endfacet
  facet normal 0.22801125426327923 0.18803949696856184 0.955328223967604
    outer loop
      vertex 17.09121024842896 0.20483271295094876 7.559884659490918
      vertex 17.22117775533475 0.4053429442694218 7.489397997830727
      vertex 17.056529820709983 0.24688519633912379 7.559884659490918
    endloop
  endfacet
  facet normal 0.27412049674741773 0.11048048585090377 0.9553282239676044
    outer loop
      vertex 17.13944104894503 0.10742263902921671 7.559884659490918
      vertex 17.35730370320092 0.17636946010113513 7.489397997830727
      vertex 17.323849668131253 0.25937449615680924 7.489397997830727
    endloop
  endfacet
  facet normal 0.25404315360712804 0.15102999899439867 0.9553282239676043
    outer loop
      vertex 17.119064954743127 0.15797912437936043 7.559884659490918
      vertex 17.323849668131253 0.25937449615680924 7.489397997830727
      vertex 17.27811704083498 0.3363000138581965 7.489397997830727
    endloop
  endfacet
  facet normal 0.48518421569286985 0.28844458340142326 0.8254671399570515
    outer loop
      vertex 17.516932445568845 0.35497587029356775 7.385640646055101
      vertex 17.61595298412621 0.5739285079445438 7.250930371948848
      vertex 17.454343488613375 0.46025492817489655 7.385640646055101
    endloop
  endfacet
  facet normal 0.4354672031034435 0.35912715836092046 0.8254671399570517
    outer loop
      vertex 17.454343488613375 0.46025492817489655 7.385640646055101
      vertex 17.61595298412621 0.5739285079445438 7.250930371948848
      vertex 17.51878058500655 0.6917569480341773 7.250930371948848
    endloop
  endfacet
  facet normal 0.43546720310344234 0.359127158360921 0.825467139957052
    outer loop
      vertex 17.454343488613375 0.46025492817489655 7.385640646055101
      vertex 17.51878058500655 0.6917569480341773 7.250930371948848
      vertex 17.37641727488063 0.5547460006337934 7.385640646055101
    endloop
  endfacet
  facet normal -0.028457966166939422 0.14673701035122533 0.9887660966855739
    outer loop
      vertex 16.77147430073925 0.24709315368845924 7.576057413836056
      vertex 16.75916885931366 0.3536844172919638 7.559884659490918
      vertex 16.749445244415522 0.3517986333092505 7.559884659490918
    endloop
  endfacet
  facet normal -0.005725151264861367 0.14936140293987904 0.9887660966855738
    outer loop
      vertex 16.77147430073925 0.24709315368845924 7.576057413836056
      vertex 16.813637056118058 0.3557722302054173 7.559884659490918
      vertex 16.75916885931366 0.3536844172919638 7.559884659490918
    endloop
  endfacet
  facet normal -0.056269506736594234 0.29014087458077786 0.9553282239676172
    outer loop
      vertex 16.75916885931366 0.3536844172919638 7.559884659490918
      vertex 16.75895337141903 0.35555100022756086 7.559305070833262
      vertex 16.749445244415522 0.3517986333092505 7.559884659490918
    endloop
  endfacet
  facet normal -0.011320255136159245 0.2953300464134049 0.9553282239676101
    outer loop
      vertex 16.75916885931366 0.3536844172919638 7.559884659490918
      vertex 16.8 0.3586954585331015 7.5588193794262
      vertex 16.75895337141903 0.35555100022756086 7.559305070833262
    endloop
  endfacet
  facet normal -0.011320255136170255 0.29533004641348903 0.9553282239675841
    outer loop
      vertex 16.75916885931366 0.3536844172919638 7.559884659490918
      vertex 16.813637056118058 0.3557722302054173 7.559884659490918
      vertex 16.8 0.3586954585331015 7.5588193794262
    endloop
  endfacet
  facet normal -0.011320255136186775 0.2953300464134197 0.9553282239676052
    outer loop
      vertex 16.813637056118058 0.3557722302054173 7.559884659490918
      vertex 16.8 0.48845112017801223 7.51870673058511
      vertex 16.8 0.3586954585331015 7.5588193794262
    endloop
  endfacet
  facet normal 0.03389433365006187 0.29359693226823974 0.9553282239676042
    outer loop
      vertex 16.813637056118058 0.3557722302054173 7.559884659490918
      vertex 16.86778561188528 0.3495210435814152 7.559884659490918
      vertex 16.822389695939762 0.5841166883196776 7.489397997830727
    endloop
  endfacet
  facet normal -0.011320255136146769 0.2953300464134236 0.9553282239676046
    outer loop
      vertex 16.813637056118058 0.3557722302054173 7.559884659490918
      vertex 16.822389695939762 0.5841166883196776 7.489397997830727
      vertex 16.8 0.48845112017801223 7.51870673058511
    endloop
  endfacet
  facet normal 0.03389433365006229 0.2935969322682398 0.9553282239676041
    outer loop
      vertex 16.86778561188528 0.3495210435814152 7.559884659490918
      vertex 16.91129229256396 0.5738533172106619 7.489397997830727
      vertex 16.822389695939762 0.5841166883196776 7.489397997830727
    endloop
  endfacet
  facet normal -0.01132025513616833 0.29533004641342814 0.9553282239676029
    outer loop
      vertex 16.8 0.48845112017801223 7.51870673058511
      vertex 16.822389695939762 0.5841166883196776 7.489397997830727
      vertex 16.74271692039176 0.5810627621866505 7.489397997830727
    endloop
  endfacet
  facet normal -0.016658600129536065 0.43460020028345936 0.9004694092279322
    outer loop
      vertex 16.74271692039176 0.5810627621866505 7.489397997830727
      vertex 16.822389695939762 0.5841166883196776 7.489397997830727
      vertex 16.8 0.5874402265115202 7.487379726763567
    endloop
  endfacet
  facet normal 0.37384345676683545 0.22225191310163875 0.9004694092279232
    outer loop
      vertex 17.323849668131253 0.25937449615680924 7.489397997830727
      vertex 17.454343488613375 0.46025492817489655 7.385640646055101
      vertex 17.27811704083498 0.3363000138581965 7.489397997830727
    endloop
  endfacet
  facet normal 0.3738434567668364 0.222251913101638 0.9004694092279228
    outer loop
      vertex 17.323849668131253 0.25937449615680924 7.489397997830727
      vertex 17.516932445568845 0.35497587029356775 7.385640646055101
      vertex 17.454343488613375 0.46025492817489655 7.385640646055101
    endloop
  endfacet
  facet normal 0.33553557442979615 0.27671415095145036 0.900469409227923
    outer loop
      vertex 17.27811704083498 0.3363000138581965 7.489397997830727
      vertex 17.37641727488063 0.5547460006337934 7.385640646055101
      vertex 17.22117775533475 0.4053429442694218 7.489397997830727
    endloop
  endfacet
  facet normal 0.22801125426327468 0.18803949696856487 0.9553282239676044
    outer loop
      vertex 17.09121024842896 0.20483271295094876 7.559884659490918
      vertex 17.27811704083498 0.3363000138581965 7.489397997830727
      vertex 17.22117775533475 0.4053429442694218 7.489397997830727
    endloop
  endfacet
  facet normal 0.19663496437286931 0.22064150850867517 0.955328223967604
    outer loop
      vertex 17.056529820709983 0.24688519633912379 7.559884659490918
      vertex 17.22117775533475 0.4053429442694218 7.489397997830727
      vertex 17.154366420223184 0.4648849796197202 7.489397997830727
    endloop
  endfacet
  facet normal 0.16064971757763521 0.24807187009640908 0.955328223967604
    outer loop
      vertex 17.015836551418154 0.28315089997529885 7.559884659490918
      vertex 17.079249036568637 0.5135305050659698 7.489397997830727
      vertex 16.970084256295664 0.31277978650362703 7.559884659490918
    endloop
  endfacet
  facet normal 0.19663496437286684 0.22064150850867642 0.9553282239676043
    outer loop
      vertex 17.015836551418154 0.28315089997529885 7.559884659490918
      vertex 17.056529820709983 0.24688519633912379 7.559884659490918
      vertex 17.154366420223184 0.4648849796197202 7.489397997830727
    endloop
  endfacet
  facet normal 0.1606497175776325 0.24807187009640988 0.9553282239676042
    outer loop
      vertex 17.015836551418154 0.28315089997529885 7.559884659490918
      vertex 17.154366420223184 0.4648849796197202 7.489397997830727
      vertex 17.079249036568637 0.5135305050659698 7.489397997830727
    endloop
  endfacet
  facet normal 0.12089897756276395 0.26968763730505274 0.9553282239676041
    outer loop
      vertex 16.920345330362334 0.33507737993616415 7.559884659490918
      vertex 16.970084256295664 0.31277978650362703 7.559884659490918
      vertex 16.99758629217743 0.5501393107217459 7.489397997830727
    endloop
  endfacet
  facet normal 0.07831446798303938 0.2849821548719085 0.9553282239676043
    outer loop
      vertex 16.86778561188528 0.3495210435814152 7.559884659490918
      vertex 16.920345330362334 0.33507737993616415 7.559884659490918
      vertex 16.91129229256396 0.5738533172106619 7.489397997830727
    endloop
  endfacet
  facet normal 0.2364080468026158 0.3650562675145961 0.9004694092279225
    outer loop
      vertex 17.154366420223184 0.4648849796197202 7.489397997830727
      vertex 17.18217585480981 0.7028098007287539 7.385640646055101
      vertex 17.079249036568637 0.5135305050659698 7.489397997830727
    endloop
  endfacet
  facet normal 0.3355355744297958 0.2767141509514505 0.9004694092279231
    outer loop
      vertex 17.27811704083498 0.3363000138581965 7.489397997830727
      vertex 17.454343488613375 0.46025492817489655 7.385640646055101
      vertex 17.37641727488063 0.5547460006337934 7.385640646055101
    endloop
  endfacet
  facet normal 0.28936302261488694 0.3246904436349959 0.9004694092279236
    outer loop
      vertex 17.22117775533475 0.4053429442694218 7.489397997830727
      vertex 17.28498032877331 0.6362342970187411 7.385640646055101
      vertex 17.154366420223184 0.4648849796197202 7.489397997830727
    endloop
  endfacet
  facet normal 0.289363022614891 0.3246904436349945 0.900469409227923
    outer loop
      vertex 17.22117775533475 0.4053429442694218 7.489397997830727
      vertex 17.37641727488063 0.5547460006337934 7.385640646055101
      vertex 17.28498032877331 0.6362342970187411 7.385640646055101
    endloop
  endfacet
  facet normal 0.07831446798304102 0.28498215487190853 0.9553282239676041
    outer loop
      vertex 16.920345330362334 0.33507737993616415 7.559884659490918
      vertex 16.99758629217743 0.5501393107217459 7.489397997830727
      vertex 16.91129229256396 0.5738533172106619 7.489397997830727
    endloop
  endfacet
  facet normal 0.12089897756276367 0.2696876373050528 0.9553282239676041
    outer loop
      vertex 16.970084256295664 0.31277978650362703 7.559884659490918
      vertex 17.079249036568637 0.5135305050659698 7.489397997830727
      vertex 16.99758629217743 0.5501393107217459 7.489397997830727
    endloop
  endfacet
  facet normal 0.6792472411637235 0.05214888399603133 0.7320544237073082
    outer loop
      vertex 17.959137303271934 0.1790397496482066 7.088276380433471
      vertex 17.78589242496588 0.15228043515440567 7.250930371948848
      vertex 17.797583682973976 0 7.250930371948848
    endloop
  endfacet
  facet normal 0.6792472411637269 0.05214888399602552 0.7320544237073053
    outer loop
      vertex 17.972882994927723 0 7.088276380433471
      vertex 17.959137303271934 0.1790397496482066 7.088276380433471
      vertex 17.797583682973976 0 7.250930371948848
    endloop
  endfacet
  facet normal 0.562793966665592 0.04320823921349735 0.8254671399570535
    outer loop
      vertex 17.797583682973976 0 7.250930371948848
      vertex 17.78589242496588 0.15228043515440567 7.250930371948848
      vertex 17.6 0 7.385640646055101
    endloop
  endfacet
  facet normal 0.5627939666655963 0.04320823921348981 0.8254671399570509
    outer loop
      vertex 17.78589242496588 0.15228043515440567 7.250930371948848
      vertex 17.59062433902428 0.1221194273750996 7.385640646055101
      vertex 17.6 0 7.385640646055101
    endloop
  endfacet
  facet normal 0.6633262615341071 0.15522432634655448 0.7320544237073113
    outer loop
      vertex 17.918222415666673 0.35388295931171426 7.088276380433471
      vertex 17.751092684120255 0.3009915459757039 7.250930371948848
      vertex 17.78589242496588 0.15228043515440567 7.250930371948848
    endloop
  endfacet
  facet normal 0.6633262615341122 0.15522432634654834 0.7320544237073081
    outer loop
      vertex 17.959137303271934 0.1790397496482066 7.088276380433471
      vertex 17.918222415666673 0.35388295931171426 7.088276380433471
      vertex 17.78589242496588 0.15228043515440567 7.250930371948848
    endloop
  endfacet
  facet normal 0.5496025530890004 0.1286119531349204 0.825467139957051
    outer loop
      vertex 17.78589242496588 0.15228043515440567 7.250930371948848
      vertex 17.751092684120255 0.3009915459757039 7.250930371948848
      vertex 17.59062433902428 0.1221194273750996 7.385640646055101
    endloop
  endfacet
  facet normal 0.5496025530889991 0.12861195313492205 0.8254671399570516
    outer loop
      vertex 17.59062433902428 0.1221194273750996 7.385640646055101
      vertex 17.751092684120255 0.3009915459757039 7.250930371948848
      vertex 17.562717113643945 0.24137647887615388 7.385640646055101
    endloop
  endfacet
  facet normal 0.6318574765434062 0.2546614420495479 0.7320544237073112
    outer loop
      vertex 17.918222415666673 0.35388295931171426 7.088276380433471
      vertex 17.851097342399555 0.520431452346243 7.088276380433471
      vertex 17.751092684120255 0.3009915459757039 7.250930371948848
    endloop
  endfacet
  facet normal 0.6318574765434074 0.25466144204954705 0.7320544237073107
    outer loop
      vertex 17.851097342399555 0.520431452346243 7.088276380433471
      vertex 17.694000136867633 0.44264767006793604 7.250930371948848
      vertex 17.751092684120255 0.3009915459757039 7.250930371948848
    endloop
  endfacet
  facet normal 0.5235289214895238 0.21100111188129192 0.8254671399570517
    outer loop
      vertex 17.562717113643945 0.24137647887615388 7.385640646055101
      vertex 17.751092684120255 0.3009915459757039 7.250930371948848
      vertex 17.694000136867633 0.44264767006793604 7.250930371948848
    endloop
  endfacet
  facet normal 0.5235289214895189 0.2110011118812963 0.8254671399570535
    outer loop
      vertex 17.516932445568845 0.35497587029356775 7.385640646055101
      vertex 17.562717113643945 0.24137647887615388 7.385640646055101
      vertex 17.694000136867633 0.44264767006793604 7.250930371948848
    endloop
  endfacet
  facet normal 0.5855784878400887 0.34812950939193926 0.7320544237073107
    outer loop
      vertex 17.851097342399555 0.520431452346243 7.088276380433471
      vertex 17.759335438295388 0.6747814732350204 7.088276380433471
      vertex 17.694000136867633 0.44264767006793604 7.250930371948848
    endloop
  endfacet
  facet normal 0.5855784878400847 0.3481295093919418 0.7320544237073127
    outer loop
      vertex 17.694000136867633 0.44264767006793604 7.250930371948848
      vertex 17.759335438295388 0.6747814732350204 7.088276380433471
      vertex 17.61595298412621 0.5739285079445438 7.250930371948848
    endloop
  endfacet
  facet normal 0.48518421569286413 0.28844458340142703 0.8254671399570535
    outer loop
      vertex 17.516932445568845 0.35497587029356775 7.385640646055101
      vertex 17.694000136867633 0.44264767006793604 7.250930371948848
      vertex 17.61595298412621 0.5739285079445438 7.250930371948848
    endloop
  endfacet
  facet normal 0.4710884932841228 0.7274448114321774 0.4988984644350982
    outer loop
      vertex 17.43153701970245 1.1613774166627884 6.9013120929017955
      vertex 17.601419104826057 1.0513628914931266 6.9013120929017955
      vertex 17.48865709449527 1.2664195010266204 6.694213982588093
    endloop
  endfacet
  facet normal -0.029980449233348902 0.782149108573733 0.6223696205801514
    outer loop
      vertex 16.786996858480617 1.169801889959294 7.088276380433471
      vertex 16.84492462500429 1.1720223111608614 7.088276380433471
      vertex 16.8 1.1719300884989978 7.086228194718183
    endloop
  endfacet
  facet normal -0.02609358996878169 0.6807462414828983 0.7320544237073147
    outer loop
      vertex 16.8 1.155536950824232 7.102005007730595
      vertex 16.84492462500429 1.1720223111608614 7.088276380433471
      vertex 16.786996858480617 1.169801889959294 7.088276380433471
    endloop
  endfacet
  facet normal 0.4254630875588545 0.6569910322855981 0.6223696205802391
    outer loop
      vertex 17.51103147561584 0.9327854847038438 7.088276380433471
      vertex 17.601419104826057 1.0513628914931266 6.9013120929017955
      vertex 17.43153701970245 1.1613774166627884 6.9013120929017955
    endloop
  endfacet
  facet normal 0.4254630875588602 0.6569910322855973 0.6223696205802359
    outer loop
      vertex 17.51103147561584 0.9327854847038438 7.088276380433471
      vertex 17.43153701970245 1.1613774166627884 6.9013120929017955
      vertex 17.360309451472993 1.0303920799291206 7.088276380433471
    endloop
  endfacet
  facet normal 0.3201876296589524 0.714238011584509 0.6223696205802371
    outer loop
      vertex 17.360309451472993 1.0303920799291206 7.088276380433471
      vertex 17.43153701970245 1.1613774166627884 6.9013120929017955
      vertex 17.246852242102978 1.2441702395237275 6.9013120929017955
    endloop
  endfacet
  facet normal 0.2074072450982812 0.754743857251949 0.6223696205802394
    outer loop
      vertex 17.196454248683885 1.1038471581206883 7.088276380433471
      vertex 17.051693626683004 1.2978007664800255 6.9013120929017955
      vertex 17.023306494324668 1.1514289945033738 7.088276380433471
    endloop
  endfacet
  facet normal 0.320187629658943 0.7142380115845085 0.6223696205802425
    outer loop
      vertex 17.360309451472993 1.0303920799291206 7.088276380433471
      vertex 17.246852242102978 1.2441702395237275 6.9013120929017955
      vertex 17.196454248683885 1.1038471581206883 7.088276380433471
    endloop
  endfacet
  facet normal 0.7449549757477618 0.44287967473452333 0.4988984644350938
    outer loop
      vertex 18.09186762769335 0.6396444159821434 6.694213982588093
      vertex 17.979086224310624 0.8293507231684916 6.694213982588093
      vertex 17.881287924027134 0.7605609354562456 6.9013120929017955
    endloop
  endfacet
  facet normal 0.7449549757477613 0.44287967473452716 0.49889846443509106
    outer loop
      vertex 17.984714770188344 0.586589655966222 6.9013120929017955
      vertex 18.09186762769335 0.6396444159821434 6.694213982588093
      vertex 17.881287924027134 0.7605609354562456 6.9013120929017955
    endloop
  endfacet
  facet normal 0.6686191537859599 0.551406156453528 0.4988984644350935
    outer loop
      vertex 17.979086224310624 0.8293507231684916 6.694213982588093
      vertex 17.752516605383875 0.9167053112407312 6.9013120929017955
      vertex 17.881287924027134 0.7605609354562456 6.9013120929017955
    endloop
  endfacet
  facet normal 0.6728053191543643 0.39998632213665025 0.6223696205802385
    outer loop
      vertex 17.984714770188344 0.586589655966222 6.9013120929017955
      vertex 17.881287924027134 0.7605609354562456 6.9013120929017955
      vertex 17.759335438295388 0.6747814732350204 7.088276380433471
    endloop
  endfacet
  facet normal 0.6038627001640458 0.4980019023351193 0.6223696205802384
    outer loop
      vertex 17.759335438295388 0.6747814732350204 7.088276380433471
      vertex 17.881287924027134 0.7605609354562456 6.9013120929017955
      vertex 17.752516605383875 0.9167053112407312 6.9013120929017955
    endloop
  endfacet
  facet normal 0.6038627001640491 0.4980019023351179 0.6223696205802365
    outer loop
      vertex 17.759335438295388 0.6747814732350204 7.088276380433471
      vertex 17.752516605383875 0.9167053112407312 6.9013120929017955
      vertex 17.64508752461259 0.8133151883094245 7.088276380433471
    endloop
  endfacet
  facet normal 0.6686191537859598 0.551406156453528 0.4988984644350938
    outer loop
      vertex 17.979086224310624 0.8293507231684916 6.694213982588093
      vertex 17.838668039177197 0.999617752328847 6.694213982588093
      vertex 17.752516605383875 0.9167053112407312 6.9013120929017955
    endloop
  endfacet
  facet normal 0.5766114655547397 0.6470081452154377 0.49889846443509345
    outer loop
      vertex 17.838668039177197 0.999617752328847 6.694213982588093
      vertex 17.673904355539666 1.1464545886113333 6.694213982588093
      vertex 17.752516605383875 0.9167053112407312 6.9013120929017955
    endloop
  endfacet
  facet normal 0.5766114655547401 0.6470081452154375 0.4988984644350932
    outer loop
      vertex 17.673904355539666 1.1464545886113333 6.694213982588093
      vertex 17.601419104826057 1.0513628914931266 6.9013120929017955
      vertex 17.752516605383875 0.9167053112407312 6.9013120929017955
    endloop
  endfacet
  facet normal 0.4710884932841295 0.7274448114321763 0.49889846443509345
    outer loop
      vertex 17.673904355539666 1.1464545886113333 6.694213982588093
      vertex 17.48865709449527 1.2664195010266204 6.694213982588093
      vertex 17.601419104826057 1.0513628914931266 6.9013120929017955
    endloop
  endfacet
  facet normal 0.5207660512921803 0.5843447400296865 0.622369620580237
    outer loop
      vertex 17.64508752461259 0.8133151883094245 7.088276380433471
      vertex 17.752516605383875 0.9167053112407312 6.9013120929017955
      vertex 17.601419104826057 1.0513628914931266 6.9013120929017955
    endloop
  endfacet
  facet normal 0.5207660512921768 0.5843447400296875 0.6223696205802391
    outer loop
      vertex 17.51103147561584 0.9327854847038438 7.088276380433471
      vertex 17.64508752461259 0.8133151883094245 7.088276380433471
      vertex 17.601419104826057 1.0513628914931266 6.9013120929017955
    endloop
  endfacet
  facet normal 0.06473307961634663 0.5607259841085546 0.825467139957053
    outer loop
      vertex 16.83064218695203 0.7994129448406481 7.385640646055101
      vertex 16.952312887331736 0.785366655997484 7.385640646055101
      vertex 16.83821018214248 0.9968516371640045 7.250930371948848
    endloop
  endfacet
  facet normal -0.02161998476123485 0.564035971468174 0.8254671399570531
    outer loop
      vertex 16.83064218695203 0.7994129448406481 7.385640646055101
      vertex 16.83821018214248 0.9968516371640045 7.250930371948848
      vertex 16.8 0.8021070986430526 7.382997193437119
    endloop
  endfacet
  facet normal 0.37554320835816113 0.4213920971104951 0.8254671399570536
    outer loop
      vertex 17.37641727488063 0.5547460006337934 7.385640646055101
      vertex 17.40476057818451 0.793371191567891 7.250930371948848
      vertex 17.28498032877331 0.6362342970187411 7.385640646055101
    endloop
  endfacet
  facet normal 0.3755432083581653 0.4213920971104939 0.8254671399570522
    outer loop
      vertex 17.37641727488063 0.5547460006337934 7.385640646055101
      vertex 17.51878058500655 0.6917569480341773 7.250930371948848
      vertex 17.40476057818451 0.793371191567891 7.250930371948848
    endloop
  endfacet
  facet normal 0.30681679910462234 0.473779962259187 0.8254671399570532
    outer loop
      vertex 17.27656549598112 0.8763894868014934 7.250930371948848
      vertex 17.18217585480981 0.7028098007287539 7.385640646055101
      vertex 17.28498032877331 0.6362342970187411 7.385640646055101
    endloop
  endfacet
  facet normal 0.45325057360934246 0.5085865100977064 0.7320544237073071
    outer loop
      vertex 17.51103147561584 0.9327854847038438 7.088276380433471
      vertex 17.40476057818451 0.793371191567891 7.250930371948848
      vertex 17.51878058500655 0.6917569480341773 7.250930371948848
    endloop
  endfacet
  facet normal 0.23089886412594765 0.5150628266497916 0.825467139957051
    outer loop
      vertex 17.18217585480981 0.7028098007287539 7.385640646055101
      vertex 17.13720012247012 0.9388659552577533 7.250930371948848
      vertex 17.070413502726804 0.7529120383836494 7.385640646055101
    endloop
  endfacet
  facet normal 0.23089886412594116 0.5150628266497916 0.8254671399570531
    outer loop
      vertex 17.27656549598112 0.8763894868014934 7.250930371948848
      vertex 17.13720012247012 0.9388659552577533 7.250930371948848
      vertex 17.18217585480981 0.7028098007287539 7.385640646055101
    endloop
  endfacet
  facet normal 0.1495688554729461 0.5442730549307377 0.8254671399570518
    outer loop
      vertex 17.070413502726804 0.7529120383836494 7.385640646055101
      vertex 17.13720012247012 0.9388659552577533 7.250930371948848
      vertex 16.98993106388599 0.9793362014686547 7.250930371948848
    endloop
  endfacet
  facet normal 0.14956885547294368 0.5442730549307374 0.8254671399570527
    outer loop
      vertex 16.952312887331736 0.785366655997484 7.385640646055101
      vertex 17.070413502726804 0.7529120383836494 7.385640646055101
      vertex 16.98993106388599 0.9793362014686547 7.250930371948848
    endloop
  endfacet
  facet normal 0.3068167991046219 0.47377996225918706 0.8254671399570533
    outer loop
      vertex 17.40476057818451 0.793371191567891 7.250930371948848
      vertex 17.27656549598112 0.8763894868014934 7.250930371948848
      vertex 17.28498032877331 0.6362342970187411 7.385640646055101
    endloop
  endfacet
  facet normal 0.049878041099046797 0.4320497934970432 0.9004694092279227
    outer loop
      vertex 16.822389695939762 0.5841166883196776 7.489397997830727
      vertex 16.91129229256396 0.5738533172106619 7.489397997830727
      vertex 16.83064218695203 0.7994129448406481 7.385640646055101
    endloop
  endfacet
  facet normal -0.016658600129532287 0.4346002002834792 0.9004694092279226
    outer loop
      vertex 16.822389695939762 0.5841166883196776 7.489397997830727
      vertex 16.83064218695203 0.7994129448406481 7.385640646055101
      vertex 16.8 0.5874402265115202 7.487379726763567
    endloop
  endfacet
  facet normal -0.016658600129529223 0.4346002002834788 0.900469409227923
    outer loop
      vertex 16.8 0.5874402265115202 7.487379726763567
      vertex 16.83064218695203 0.7994129448406481 7.385640646055101
      vertex 16.8 0.7399760268497985 7.413760247081013
    endloop
  endfacet
  facet normal -0.01665860012953612 0.43460020028348173 0.9004694092279213
    outer loop
      vertex 16.8 0.7399760268497985 7.413760247081013
      vertex 16.83064218695203 0.7994129448406481 7.385640646055101
      vertex 16.761644632583156 0.7967682091332157 7.385640646055101
    endloop
  endfacet
  facet normal -0.021619984761242612 0.5640359714681211 0.8254671399570892
    outer loop
      vertex 16.761644632583156 0.7967682091332157 7.385640646055101
      vertex 16.83064218695203 0.7994129448406481 7.385640646055101
      vertex 16.8 0.8021070986430526 7.382997193437119
    endloop
  endfacet
  facet normal 0.11524558331893676 0.41937250573946083 0.9004694092279225
    outer loop
      vertex 16.99758629217743 0.5501393107217459 7.489397997830727
      vertex 16.952312887331736 0.785366655997484 7.385640646055101
      vertex 16.91129229256396 0.5738533172106619 7.489397997830727
    endloop
  endfacet
  facet normal 0.2364080468026114 0.365056267514597 0.9004694092279233
    outer loop
      vertex 17.154366420223184 0.4648849796197202 7.489397997830727
      vertex 17.28498032877331 0.6362342970187411 7.385640646055101
      vertex 17.18217585480981 0.7028098007287539 7.385640646055101
    endloop
  endfacet
  facet normal 0.17791186674345943 0.3968654818909967 0.900469409227923
    outer loop
      vertex 17.079249036568637 0.5135305050659698 7.489397997830727
      vertex 17.070413502726804 0.7529120383836494 7.385640646055101
      vertex 16.99758629217743 0.5501393107217459 7.489397997830727
    endloop
  endfacet
  facet normal 0.17791186674346063 0.3968654818909966 0.9004694092279227
    outer loop
      vertex 17.079249036568637 0.5135305050659698 7.489397997830727
      vertex 17.18217585480981 0.7028098007287539 7.385640646055101
      vertex 17.070413502726804 0.7529120383836494 7.385640646055101
    endloop
  endfacet
  facet normal 0.1152455833189351 0.41937250573946067 0.9004694092279228
    outer loop
      vertex 16.99758629217743 0.5501393107217459 7.489397997830727
      vertex 17.070413502726804 0.7529120383836494 7.385640646055101
      vertex 16.952312887331736 0.785366655997484 7.385640646055101
    endloop
  endfacet
  facet normal 0.04987804109904733 0.4320497934970433 0.9004694092279226
    outer loop
      vertex 16.91129229256396 0.5738533172106619 7.489397997830727
      vertex 16.952312887331736 0.785366655997484 7.385640646055101
      vertex 16.83064218695203 0.7994129448406481 7.385640646055101
    endloop
  endfacet
  facet normal -0.021619984761245496 0.5640359714681753 0.825467139957052
    outer loop
      vertex 16.8 0.8021070986430526 7.382997193437119
      vertex 16.83821018214248 0.9968516371640045 7.250930371948848
      vertex 16.8 0.9630063770074524 7.273055832493891
    endloop
  endfacet
  facet normal -0.021619984761244132 0.5640359714681744 0.8254671399570527
    outer loop
      vertex 16.8 0.9630063770074524 7.273055832493891
      vertex 16.83821018214248 0.9968516371640045 7.250930371948848
      vertex 16.77587038280296 0.9944620989431865 7.250930371948848
    endloop
  endfacet
  facet normal -0.026093589968781077 0.6807462414828589 0.7320544237073514
    outer loop
      vertex 16.77587038280296 0.9944620989431865 7.250930371948848
      vertex 16.83821018214248 0.9968516371640045 7.250930371948848
      vertex 16.8 0.9982589138821834 7.248259751980207
    endloop
  endfacet
  facet normal -0.02609358996878708 0.6807462414829065 0.7320544237073068
    outer loop
      vertex 16.8 1.155536950824232 7.102005007730595
      vertex 16.8 0.9982589138821834 7.248259751980207
      vertex 16.84492462500429 1.1720223111608614 7.088276380433471
    endloop
  endfacet
  facet normal -0.026093589968776018 0.6807462414829053 0.7320544237073084
    outer loop
      vertex 16.84492462500429 1.1720223111608614 7.088276380433471
      vertex 16.8 0.9982589138821834 7.248259751980207
      vertex 16.83821018214248 0.9968516371640045 7.250930371948848
    endloop
  endfacet
  facet normal 0.2786764353118485 0.6216395781579875 0.7320544237073092
    outer loop
      vertex 17.196454248683885 1.1038471581206883 7.088276380433471
      vertex 17.13720012247012 0.9388659552577533 7.250930371948848
      vertex 17.27656549598112 0.8763894868014934 7.250930371948848
    endloop
  endfacet
  facet normal 0.0781276423447551 0.676751351851041 0.7320544237073079
    outer loop
      vertex 16.84492462500429 1.1720223111608614 7.088276380433471
      vertex 16.83821018214248 0.9968516371640045 7.250930371948848
      vertex 16.98993106388599 0.9793362014686547 7.250930371948848
    endloop
  endfacet
  facet normal 0.1805176289396513 0.6568939841196348 0.7320544237073082
    outer loop
      vertex 17.023306494324668 1.1514289945033738 7.088276380433471
      vertex 16.98993106388599 0.9793362014686547 7.250930371948848
      vertex 17.13720012247012 0.9388659552577533 7.250930371948848
    endloop
  endfacet
  facet normal 0.3703033022355327 0.5718144673615924 0.7320544237073076
    outer loop
      vertex 17.51103147561584 0.9327854847038438 7.088276380433471
      vertex 17.360309451472993 1.0303920799291206 7.088276380433471
      vertex 17.40476057818451 0.793371191567891 7.250930371948848
    endloop
  endfacet
  facet normal 0.3703033022355228 0.5718144673615934 0.7320544237073117
    outer loop
      vertex 17.360309451472993 1.0303920799291206 7.088276380433471
      vertex 17.27656549598112 0.8763894868014934 7.250930371948848
      vertex 17.40476057818451 0.793371191567891 7.250930371948848
    endloop
  endfacet
  facet normal 0.27867643531184505 0.6216395781579872 0.7320544237073106
    outer loop
      vertex 17.360309451472993 1.0303920799291206 7.088276380433471
      vertex 17.196454248683885 1.1038471581206883 7.088276380433471
      vertex 17.27656549598112 0.8763894868014934 7.250930371948848
    endloop
  endfacet
  facet normal 0.0647330796163471 0.5607259841085547 0.8254671399570528
    outer loop
      vertex 16.952312887331736 0.785366655997484 7.385640646055101
      vertex 16.98993106388599 0.9793362014686547 7.250930371948848
      vertex 16.83821018214248 0.9968516371640045 7.250930371948848
    endloop
  endfacet
  facet normal 0.07812764234475453 0.6767513518510407 0.7320544237073082
    outer loop
      vertex 16.84492462500429 1.1720223111608614 7.088276380433471
      vertex 16.98993106388599 0.9793362014686547 7.250930371948848
      vertex 17.023306494324668 1.1514289945033738 7.088276380433471
    endloop
  endfacet
  facet normal 0.18051762893965007 0.6568939841196347 0.7320544237073088
    outer loop
      vertex 17.196454248683885 1.1038471581206883 7.088276380433471
      vertex 17.023306494324668 1.1514289945033738 7.088276380433471
      vertex 17.13720012247012 0.9388659552577533 7.250930371948848
    endloop
  endfacet
  facet normal 0.5255740356951081 0.43343771609507237 0.7320544237073121
    outer loop
      vertex 17.61595298412621 0.5739285079445438 7.250930371948848
      vertex 17.759335438295388 0.6747814732350204 7.088276380433471
      vertex 17.64508752461259 0.8133151883094245 7.088276380433471
    endloop
  endfacet
  facet normal 0.5255740356951089 0.43343771609507203 0.7320544237073117
    outer loop
      vertex 17.61595298412621 0.5739285079445438 7.250930371948848
      vertex 17.64508752461259 0.8133151883094245 7.088276380433471
      vertex 17.51878058500655 0.6917569480341773 7.250930371948848
    endloop
  endfacet
  facet normal 0.4532505736093334 0.5085865100977088 0.7320544237073111
    outer loop
      vertex 17.51103147561584 0.9327854847038438 7.088276380433471
      vertex 17.51878058500655 0.6917569480341773 7.250930371948848
      vertex 17.64508752461259 0.8133151883094245 7.088276380433471
    endloop
  endfacet
  facet normal 0.4079314730254936 0.9099669605187944 0.07451203982872658
    outer loop
      vertex 17.340827005453605 1.5058240767672988 6
      vertex 17.55581453254976 1.3899199918674634 6.238467625881879
      vertex 17.564351709619622 1.4056196014575078 6
    endloop
  endfacet
  facet normal 0.4079314730254912 0.9099669605187953 0.07451203982872921
    outer loop
      vertex 17.340827005453605 1.5058240767672988 6
      vertex 17.33478641464755 1.4890052659794992 6.238467625881879
      vertex 17.55581453254976 1.3899199918674634 6.238467625881879
    endloop
  endfacet
  facet normal -0.03819625645986042 0.9964883350611862 0.07451203982872638
    outer loop
      vertex 16.8 1.5964768068267763 6
      vertex 16.8 1.5786454799437764 6.238467625881879
      vertex 16.861284373904056 1.5988258896812961 6
    endloop
  endfacet
  facet normal -0.03819625645985507 0.9964883350611863 0.07451203982872778
    outer loop
      vertex 16.861284373904056 1.5988258896812961 6
      vertex 16.8 1.5786454799437764 6.238467625881879
      vertex 16.860599878082237 1.5809683254836822 6.238467625881879
    endloop
  endfacet
  facet normal 0.1143646185585795 0.9906405452748805 0.07451203982872803
    outer loop
      vertex 16.861284373904056 1.5988258896812961 6
      vertex 17.10122335644995 1.5531895186793168 6.238467625881879
      vertex 17.10462577466347 1.570733311994968 6
    endloop
  endfacet
  facet normal 0.2642448838489601 0.9615729807353218 0.07451203982872853
    outer loop
      vertex 17.10462577466347 1.570733311994968 6
      vertex 17.10122335644995 1.5531895186793168 6.238467625881879
      vertex 17.33478641464755 1.4890052659794992 6.238467625881879
    endloop
  endfacet
  facet normal 0.11436461855857957 0.9906405452748807 0.07451203982872795
    outer loop
      vertex 16.861284373904056 1.5988258896812961 6
      vertex 16.860599878082237 1.5809683254836822 6.238467625881879
      vertex 17.10122335644995 1.5531895186793168 6.238467625881879
    endloop
  endfacet
  facet normal 0.2642448838489597 0.9615729807353218 0.07451203982872888
    outer loop
      vertex 17.10462577466347 1.570733311994968 6
      vertex 17.33478641464755 1.4890052659794992 6.238467625881879
      vertex 17.340827005453605 1.5058240767672988 6
    endloop
  endfacet
  facet normal 0.6634761706177401 0.7444778888207365 0.07451203982873125
    outer loop
      vertex 17.9399583403413 1.0970998923035993 6.238467625881879
      vertex 17.769960657546623 1.2724685940374822 6
      vertex 17.759126998407694 1.2582561711876112 6.238467625881879
    endloop
  endfacet
  facet normal 0.5420564942209949 0.8370320859999373 0.07451203982873056
    outer loop
      vertex 17.769960657546623 1.2724685940374822 6
      vertex 17.564351709619622 1.4056196014575078 6
      vertex 17.759126998407694 1.2582561711876112 6.238467625881879
    endloop
  endfacet
  facet normal 0.5420564942209983 0.8370320859999354 0.07451203982872653
    outer loop
      vertex 17.564351709619622 1.4056196014575078 6
      vertex 17.55581453254976 1.3899199918674634 6.238467625881879
      vertex 17.759126998407694 1.2582561711876112 6.238467625881879
    endloop
  endfacet
  facet normal 0.2583753493202702 0.9402140589273824 0.22190020788391562
    outer loop
      vertex 17.31679957904622 1.4389245380568527 6.471608279057446
      vertex 17.10122335644995 1.5531895186793168 6.238467625881879
      vertex 17.09109210620995 1.500950038084789 6.471608279057446
    endloop
  endfacet
  facet normal 0.39887030282841857 0.889754336467455 0.22190020788391474
    outer loop
      vertex 17.33478641464755 1.4890052659794992 6.238467625881879
      vertex 17.530393707768656 1.3431718664327477 6.471608279057446
      vertex 17.55581453254976 1.3899199918674634 6.238467625881879
    endloop
  endfacet
  facet normal 0.39887030282842195 0.8897543364674543 0.2219002078839114
    outer loop
      vertex 17.33478641464755 1.4890052659794992 6.238467625881879
      vertex 17.31679957904622 1.4389245380568527 6.471608279057446
      vertex 17.530393707768656 1.3431718664327477 6.471608279057446
    endloop
  endfacet
  facet normal 0.2583753493202736 0.9402140589273823 0.2219002078839124
    outer loop
      vertex 17.33478641464755 1.4890052659794992 6.238467625881879
      vertex 17.10122335644995 1.5531895186793168 6.238467625881879
      vertex 17.31679957904622 1.4389245380568527 6.471608279057446
    endloop
  endfacet
  facet normal -0.03566896089933196 0.9305546342557909 0.3644115776061913
    outer loop
      vertex 16.8 1.5255498216719616 6.471608279057446
      vertex 16.8 1.43837590127919 6.694213982588093
      vertex 16.858561681122346 1.5277945413662788 6.471608279057446
    endloop
  endfacet
  facet normal -0.035668960899334724 0.9305546342557911 0.36441157760619075
    outer loop
      vertex 16.858561681122346 1.5277945413662788 6.471608279057446
      vertex 16.8 1.43837590127919 6.694213982588093
      vertex 16.855215312976448 1.4404923517992354 6.694213982588093
    endloop
  endfacet
  facet normal 0.38094025722775443 0.8497580376376676 0.3644115776061905
    outer loop
      vertex 17.530393707768656 1.3431718664327477 6.471608279057446
      vertex 17.31679957904622 1.4389245380568527 6.471608279057446
      vertex 17.48865709449527 1.2664195010266204 6.694213982588093
    endloop
  endfacet
  facet normal 0.24676084264341597 0.8979494911432819 0.36441157760619003
    outer loop
      vertex 17.09109210620995 1.500950038084789 6.471608279057446
      vertex 17.074458339332445 1.4151818138847236 6.694213982588093
      vertex 17.28726829483459 1.3567006137052384 6.694213982588093
    endloop
  endfacet
  facet normal 0.10679756305230431 0.9250937696431949 0.3644115776061902
    outer loop
      vertex 16.858561681122346 1.5277945413662788 6.471608279057446
      vertex 17.074458339332445 1.4151818138847236 6.694213982588093
      vertex 17.09109210620995 1.500950038084789 6.471608279057446
    endloop
  endfacet
  facet normal 0.10679756305230473 0.9250937696431951 0.3644115776061898
    outer loop
      vertex 16.858561681122346 1.5277945413662788 6.471608279057446
      vertex 16.855215312976448 1.4404923517992354 6.694213982588093
      vertex 17.074458339332445 1.4151818138847236 6.694213982588093
    endloop
  endfacet
  facet normal 0.3809402572277511 0.8497580376376679 0.36441157760619325
    outer loop
      vertex 17.31679957904622 1.4389245380568527 6.471608279057446
      vertex 17.28726829483459 1.3567006137052384 6.694213982588093
      vertex 17.48865709449527 1.2664195010266204 6.694213982588093
    endloop
  endfacet
  facet normal 0.2467608426434128 0.8979494911432817 0.3644115776061926
    outer loop
      vertex 17.31679957904622 1.4389245380568527 6.471608279057446
      vertex 17.09109210620995 1.500950038084789 6.471608279057446
      vertex 17.28726829483459 1.3567006137052384 6.694213982588093
    endloop
  endfacet
  facet normal -0.03734782282930709 0.9743538565998424 0.22190020788391432
    outer loop
      vertex 16.8 1.5786454799437764 6.238467625881879
      vertex 16.8 1.5255498216719616 6.471608279057446
      vertex 16.860599878082237 1.5809683254836822 6.238467625881879
    endloop
  endfacet
  facet normal -0.03734782282930404 0.9743538565998423 0.2219002078839151
    outer loop
      vertex 16.860599878082237 1.5809683254836822 6.238467625881879
      vertex 16.8 1.5255498216719616 6.471608279057446
      vertex 16.858561681122346 1.5277945413662788 6.471608279057446
    endloop
  endfacet
  facet normal 0.11182429661284474 0.9686359607345361 0.22190020788391532
    outer loop
      vertex 16.860599878082237 1.5809683254836822 6.238467625881879
      vertex 17.09109210620995 1.500950038084789 6.471608279057446
      vertex 17.10122335644995 1.5531895186793168 6.238467625881879
    endloop
  endfacet
  facet normal 0.11182429661284547 0.9686359607345362 0.22190020788391457
    outer loop
      vertex 16.860599878082237 1.5809683254836822 6.238467625881879
      vertex 16.858561681122346 1.5277945413662788 6.471608279057446
      vertex 17.09109210620995 1.500950038084789 6.471608279057446
    endloop
  endfacet
  facet normal 0.5300160745050666 0.818439526481532 0.22190020788391632
    outer loop
      vertex 17.759126998407694 1.2582561711876112 6.238467625881879
      vertex 17.55581453254976 1.3899199918674634 6.238467625881879
      vertex 17.726868027033994 1.2159363846791427 6.471608279057446
    endloop
  endfacet
  facet normal 0.5300160745050685 0.8184395264815313 0.22190020788391449
    outer loop
      vertex 17.530393707768656 1.3431718664327477 6.471608279057446
      vertex 17.726868027033994 1.2159363846791427 6.471608279057446
      vertex 17.55581453254976 1.3899199918674634 6.238467625881879
    endloop
  endfacet
  facet normal 0.5061907550526692 0.781648975951339 0.36441157760618953
    outer loop
      vertex 17.673904355539666 1.1464545886113333 6.694213982588093
      vertex 17.726868027033994 1.2159363846791427 6.471608279057446
      vertex 17.530393707768656 1.3431718664327477 6.471608279057446
    endloop
  endfacet
  facet normal 0.5061907550526682 0.7816489759513391 0.36441157760619036
    outer loop
      vertex 17.673904355539666 1.1464545886113333 6.694213982588093
      vertex 17.530393707768656 1.3431718664327477 6.471608279057446
      vertex 17.48865709449527 1.2664195010266204 6.694213982588093
    endloop
  endfacet
  facet normal -0.03319546411970677 0.8660244704084191 0.49889846443509356
    outer loop
      vertex 16.8 1.43837590127919 6.694213982588093
      vertex 16.8 1.3196188468913108 6.900361169771723
      vertex 16.855215312976448 1.4404923517992354 6.694213982588093
    endloop
  endfacet
  facet normal -0.0331954641197078 0.8660244704084192 0.4988984644350934
    outer loop
      vertex 16.855215312976448 1.4404923517992354 6.694213982588093
      vertex 16.8 1.3196188468913108 6.900361169771723
      vertex 16.85063552597921 1.321011943434954 6.9013120929017955
    endloop
  endfacet
  facet normal 0.22964898588539803 0.8356803608235126 0.4988984644350912
    outer loop
      vertex 17.074458339332445 1.4151818138847236 6.694213982588093
      vertex 17.246852242102978 1.2441702395237275 6.9013120929017955
      vertex 17.28726829483459 1.3567006137052384 6.694213982588093
    endloop
  endfacet
  facet normal 0.3545236060070233 0.7908307878225779 0.49889846443509694
    outer loop
      vertex 17.43153701970245 1.1613774166627884 6.9013120929017955
      vertex 17.48865709449527 1.2664195010266204 6.694213982588093
      vertex 17.28726829483459 1.3567006137052384 6.694213982588093
    endloop
  endfacet
  facet normal 0.2296489858853918 0.8356803608235116 0.49889846443509567
    outer loop
      vertex 17.074458339332445 1.4151818138847236 6.694213982588093
      vertex 17.051693626683004 1.2978007664800255 6.9013120929017955
      vertex 17.246852242102978 1.2441702395237275 6.9013120929017955
    endloop
  endfacet
  facet normal 0.3545236060070329 0.7908307878225778 0.4988984644350902
    outer loop
      vertex 17.43153701970245 1.1613774166627884 6.9013120929017955
      vertex 17.28726829483459 1.3567006137052384 6.694213982588093
      vertex 17.246852242102978 1.2441702395237275 6.9013120929017955
    endloop
  endfacet
  facet normal 0.09939158817606662 0.8609422944565703 0.4988984644350945
    outer loop
      vertex 16.855215312976448 1.4404923517992354 6.694213982588093
      vertex 17.051693626683004 1.2978007664800255 6.9013120929017955
      vertex 17.074458339332445 1.4151818138847236 6.694213982588093
    endloop
  endfacet
  facet normal 0.09939158817606719 0.8609422944565706 0.4988984644350941
    outer loop
      vertex 16.855215312976448 1.4404923517992354 6.694213982588093
      vertex 16.85063552597921 1.321011943434954 6.9013120929017955
      vertex 17.051693626683004 1.2978007664800255 6.9013120929017955
    endloop
  endfacet
  facet normal -0.029980449233353492 0.7821491085736618 0.6223696205802406
    outer loop
      vertex 16.8 1.1719300884989978 7.086228194718183
      vertex 16.85063552597921 1.321011943434954 6.9013120929017955
      vertex 16.8 1.3148593793325845 6.906605003421778
    endloop
  endfacet
  facet normal -0.03319546411970754 0.8660244704084494 0.4988984644350411
    outer loop
      vertex 16.79538099589704 1.3188939896894567 6.9013120929017955
      vertex 16.85063552597921 1.321011943434954 6.9013120929017955
      vertex 16.8 1.3196188468913108 6.900361169771723
    endloop
  endfacet
  facet normal -0.029980449233347906 0.7821491085736404 0.6223696205802677
    outer loop
      vertex 16.79538099589704 1.3188939896894567 6.9013120929017955
      vertex 16.8 1.3148593793325845 6.906605003421778
      vertex 16.85063552597921 1.321011943434954 6.9013120929017955
    endloop
  endfacet
  facet normal -0.029980449233352822 0.7821491085736617 0.6223696205802406
    outer loop
      vertex 16.8 1.1719300884989978 7.086228194718183
      vertex 16.84492462500429 1.1720223111608614 7.088276380433471
      vertex 16.85063552597921 1.321011943434954 6.9013120929017955
    endloop
  endfacet
  facet normal 0.08976541050274198 0.7775591465966316 0.6223696205802403
    outer loop
      vertex 17.023306494324668 1.1514289945033738 7.088276380433471
      vertex 17.051693626683004 1.2978007664800255 6.9013120929017955
      vertex 16.85063552597921 1.321011943434954 6.9013120929017955
    endloop
  endfacet
  facet normal 0.20740724509827724 0.7547438572519481 0.6223696205802417
    outer loop
      vertex 17.196454248683885 1.1038471581206883 7.088276380433471
      vertex 17.246852242102978 1.2441702395237275 6.9013120929017955
      vertex 17.051693626683004 1.2978007664800255 6.9013120929017955
    endloop
  endfacet
  facet normal 0.0897654105027419 0.7775591465966317 0.6223696205802403
    outer loop
      vertex 16.84492462500429 1.1720223111608614 7.088276380433471
      vertex 17.023306494324668 1.1514289945033738 7.088276380433471
      vertex 16.85063552597921 1.321011943434954 6.9013120929017955
    endloop
  endfacet
  facet normal -0.012981423197933955 -0.9999157377758168 0
    outer loop
      vertex 16.8 -4.798786589888304 0
      vertex 16.86231083135007 -4.799595541323922 0
      vertex 16.8 -4.798786589888304 0.44
    endloop
  endfacet
  facet normal 0.038935519213737634 -0.9992417251814281 0
    outer loop
      vertex 16.86231083135007 -4.799595541323922 0
      vertex 17.111344175941166 -4.789891940754773 0
      vertex 17.111344175941166 -4.789891940754773 0.44
    endloop
  endfacet
  facet normal 0.09074749834931393 -0.9958739335595351 0
    outer loop
      vertex 17.111344175941166 -4.789891940754773 0
      vertex 17.359538191678848 -4.767275638354969 0
      vertex 17.359538191678848 -4.767275638354969 0.44
    endloop
  endfacet
  facet normal 0.14231483827328395 -0.9898214418809328 0
    outer loop
      vertex 17.359538191678848 -4.767275638354969 0
      vertex 17.60622379137679 -4.731807603677272 0
      vertex 17.60622379137679 -4.731807603677272 0.44
    endloop
  endfacet
  facet normal -0.012981423197933955 -0.9999157377758168 0
    outer loop
      vertex 16.86231083135007 -4.799595541323922 0
      vertex 16.86231083135007 -4.799595541323922 0.44
      vertex 16.8 -4.798786589888304 0.44
    endloop
  endfacet
  facet normal 0.038935519213737634 -0.9992417251814281 0
    outer loop
      vertex 16.86231083135007 -4.799595541323922 0
      vertex 17.111344175941166 -4.789891940754773 0.44
      vertex 16.86231083135007 -4.799595541323922 0.44
    endloop
  endfacet
  facet normal 0.09074749834931393 -0.9958739335595351 0
    outer loop
      vertex 17.111344175941166 -4.789891940754773 0
      vertex 17.359538191678848 -4.767275638354969 0.44
      vertex 17.111344175941166 -4.789891940754773 0.44
    endloop
  endfacet
  facet normal 0.14231483827328395 -0.9898214418809328 0
    outer loop
      vertex 17.359538191678848 -4.767275638354969 0
      vertex 17.60622379137679 -4.731807603677272 0.44
      vertex 17.359538191678848 -4.767275638354969 0.44
    endloop
  endfacet
  facet normal 0.19349852255419883 -0.9811005665931205 0
    outer loop
      vertex 17.60622379137679 -4.731807603677272 0
      vertex 17.850735954271656 -4.683583452272506 0
      vertex 17.850735954271656 -4.683583452272506 0.44
    endloop
  endfacet
  facet normal 0.2441605690283924 -0.9697348176340436 0
    outer loop
      vertex 17.850735954271656 -4.683583452272506 0
      vertex 18.09241551880145 -4.622733187926943 0
      vertex 18.09241551880145 -4.622733187926943 0.44
    endloop
  endfacet
  facet normal 0.2941644017754978 -0.9557548350534585 0
    outer loop
      vertex 18.09241551880145 -4.622733187926943 0
      vertex 18.33061095958857 -4.549420852195076 0
      vertex 18.33061095958857 -4.549420852195076 0.44
    endloop
  endfacet
  facet normal 0.19349852255419883 -0.9811005665931205 0
    outer loop
      vertex 17.60622379137679 -4.731807603677272 0
      vertex 17.850735954271656 -4.683583452272506 0.44
      vertex 17.60622379137679 -4.731807603677272 0.44
    endloop
  endfacet
  facet normal 0.2441605690283924 -0.9697348176340436 0
    outer loop
      vertex 17.850735954271656 -4.683583452272506 0
      vertex 18.09241551880145 -4.622733187926943 0.44
      vertex 17.850735954271656 -4.683583452272506 0.44
    endloop
  endfacet
  facet normal 0.2941644017754978 -0.9557548350534585 0
    outer loop
      vertex 18.09241551880145 -4.622733187926943 0
      vertex 18.33061095958857 -4.549420852195076 0.44
      vertex 18.09241551880145 -4.622733187926943 0.44
    endloop
  endfacet
  facet normal 0.343375219302991 -0.939198306412774 0
    outer loop
      vertex 18.33061095958857 -4.549420852195076 0
      vertex 18.564680143837055 -4.463844082172588 0.44
      vertex 18.33061095958857 -4.549420852195076 0.44
    endloop
  endfacet
  facet normal 0.343375219302991 -0.939198306412774 0
    outer loop
      vertex 18.33061095958857 -4.549420852195076 0
      vertex 18.564680143837055 -4.463844082172588 0
      vertex 18.564680143837055 -4.463844082172588 0.44
    endloop
  endfacet
  facet normal 0.39166035794716697 -0.9201098651860532 0
    outer loop
      vertex 18.564680143837055 -4.463844082172588 0
      vertex 18.793992062409057 -4.3662335777016885 0
      vertex 18.793992062409057 -4.3662335777016885 0.44
    endloop
  endfacet
  facet normal 0.39166035794716697 -0.9201098651860532 0
    outer loop
      vertex 18.564680143837055 -4.463844082172588 0
      vertex 18.793992062409057 -4.3662335777016885 0.44
      vertex 18.564680143837055 -4.463844082172588 0.44
    endloop
  endfacet
  facet normal 0.43888964951095394 -0.8985409704360464 0
    outer loop
      vertex 18.793992062409057 -4.3662335777016885 0
      vertex 19.017928530913903 -4.256852479445126 0.44
      vertex 18.793992062409057 -4.3662335777016885 0.44
    endloop
  endfacet
  facet normal 0 0 1
    outer loop
      vertex 16.8 -4.798786589888304 0.44
      vertex 16.86231083135007 -4.799595541323922 0.44
      vertex 16.8 -1.5964768068267767 0.44
    endloop
  endfacet
  facet normal 0 0 1
    outer loop
      vertex 16.86231083135007 -4.799595541323922 0.44
      vertex 17.111344175941166 -4.789891940754773 0.44
      vertex 16.861284373904056 -1.5988258896812961 0.44
    endloop
  endfacet
  facet normal 0 0 1
    outer loop
      vertex 17.111344175941166 -4.789891940754773 0.44
      vertex 17.359538191678848 -4.767275638354969 0.44
      vertex 17.10462577466347 -1.5707333119949678 0.44
    endloop
  endfacet
  facet normal 0 0 1
    outer loop
      vertex 17.359538191678848 -4.767275638354969 0.44
      vertex 17.60622379137679 -4.731807603677272 0.44
      vertex 17.340827005453605 -1.5058240767672988 0.44
    endloop
  endfacet
  facet normal 0 0 1
    outer loop
      vertex 17.60622379137679 -4.731807603677272 0.44
      vertex 17.850735954271656 -4.683583452272506 0.44
      vertex 17.564351709619622 -1.4056196014575075 0.44
    endloop
  endfacet
  facet normal 0.43888964951095394 -0.8985409704360464 0
    outer loop
      vertex 18.793992062409057 -4.3662335777016885 0
      vertex 19.017928530913903 -4.256852479445126 0
      vertex 19.017928530913903 -4.256852479445126 0.44
    endloop
  endfacet
  facet normal 0.48493577217432215 -0.874549768089669 0
    outer loop
      vertex 19.017928530913903 -4.256852479445126 0
      vertex 19.235885856223945 -4.135995659505476 0.44
      vertex 19.017928530913903 -4.256852479445126 0.44
    endloop
  endfacet
  facet normal 0.48493577217432215 -0.874549768089669 0
    outer loop
      vertex 19.017928530913903 -4.256852479445126 0
      vertex 19.235885856223945 -4.135995659505476 0
      vertex 19.235885856223945 -4.135995659505476 0.44
    endloop
  endfacet
  facet normal 0.5296745937313918 -0.8482009341868736 0
    outer loop
      vertex 19.235885856223945 -4.135995659505476 0
      vertex 19.447276463924503 -4.003988926502095 0
      vertex 19.447276463924503 -4.003988926502095 0.44
    endloop
  endfacet
  facet normal 0.5729855062290053 -0.819565500525425 0
    outer loop
      vertex 19.447276463924503 -4.003988926502095 0
      vertex 19.65153048231056 -3.8611881472486838 0
      vertex 19.65153048231056 -3.8611881472486838 0.44
    endloop
  endfacet
  facet normal 0.5296745937313918 -0.8482009341868736 0
    outer loop
      vertex 19.235885856223945 -4.135995659505476 0
      vertex 19.447276463924503 -4.003988926502095 0.44
      vertex 19.235885856223945 -4.135995659505476 0.44
    endloop
  endfacet
  facet normal 0.5729855062290053 -0.819565500525425 0
    outer loop
      vertex 19.447276463924503 -4.003988926502095 0
      vertex 19.65153048231056 -3.8611881472486838 0.44
      vertex 19.447276463924503 -4.003988926502095 0.44
    endloop
  endfacet
  facet normal 0.6147517511043005 -0.7887206631718203 0
    outer loop
      vertex 19.65153048231056 -3.8611881472486838 0
      vertex 19.848097278660184 -3.707978287399266 0
      vertex 19.848097278660184 -3.707978287399266 0.44
    endloop
  endfacet
  facet normal 0.6147517511043005 -0.7887206631718203 0
    outer loop
      vertex 19.65153048231056 -3.8611881472486838 0
      vertex 19.848097278660184 -3.707978287399266 0.44
      vertex 19.65153048231056 -3.8611881472486838 0.44
    endloop
  endfacet
  facet normal 0.6548607339452861 -0.7557495743542574 0
    outer loop
      vertex 19.848097278660184 -3.707978287399266 0
      vertex 20.036446943642968 -3.5447723736488497 0.44
      vertex 19.848097278660184 -3.707978287399266 0.44
    endloop
  endfacet
  facet normal 0 0 -1
    outer loop
      vertex 16.8 -4.798786589888304 0
      vertex 17.045878092847396 -0.9176295349746149 0
      vertex 16.86231083135007 -4.799595541323922 0
    endloop
  endfacet
  facet normal 0 0 -1
    outer loop
      vertex 16.86231083135007 -4.799595541323922 0
      vertex 17.045878092847396 -0.9176295349746149 0
      vertex 17.111344175941166 -4.789891940754773 0
    endloop
  endfacet
  facet normal 0 0 -1
    outer loop
      vertex 17.111344175941166 -4.789891940754773 0
      vertex 17.275000000000002 -0.8227241335952167 0
      vertex 17.359538191678848 -4.767275638354969 0
    endloop
  endfacet
  facet normal 0 0 -1
    outer loop
      vertex 17.359538191678848 -4.767275638354969 0
      vertex 17.47175144212722 -0.6717514421272202 0
      vertex 17.60622379137679 -4.731807603677272 0
    endloop
  endfacet
  facet normal 0 0 1
    outer loop
      vertex 17.850735954271656 -4.683583452272506 0.44
      vertex 18.09241551880145 -4.622733187926943 0.44
      vertex 17.769960657546623 -1.2724685940374825 0.44
    endloop
  endfacet
  facet normal 0 0 1
    outer loop
      vertex 18.09241551880145 -4.622733187926943 0.44
      vertex 18.33061095958857 -4.549420852195076 0.44
      vertex 17.95283454976126 -1.1094920012675862 0.44
    endloop
  endfacet
  facet normal 0 0 -1
    outer loop
      vertex 17.60622379137679 -4.731807603677272 0
      vertex 17.75 0 0
      vertex 17.850735954271656 -4.683583452272506 0
    endloop
  endfacet
  facet normal 0 0 1
    outer loop
      vertex 18.33061095958857 -4.549420852195076 0.44
      vertex 18.564680143837055 -4.463844082172588 0.44
      vertex 18.32543422728789 -0.48275295775230775 0.44
    endloop
  endfacet
  facet normal 0 0 1
    outer loop
      vertex 16.86231083135007 -4.799595541323922 0.44
      vertex 16.861284373904056 -1.5988258896812961 0.44
      vertex 16.8 -1.5964768068267767 0.44
    endloop
  endfacet
  facet normal 0 0 1
    outer loop
      vertex 17.111344175941166 -4.789891940754773 0.44
      vertex 17.10462577466347 -1.5707333119949678 0.44
      vertex 16.861284373904056 -1.5988258896812961 0.44
    endloop
  endfacet
  facet normal 0 0 1
    outer loop
      vertex 17.359538191678848 -4.767275638354969 0.44
      vertex 17.340827005453605 -1.5058240767672988 0.44
      vertex 17.10462577466347 -1.5707333119949678 0.44
    endloop
  endfacet
  facet normal 0 0 1
    outer loop
      vertex 17.60622379137679 -4.731807603677272 0.44
      vertex 17.564351709619622 -1.4056196014575075 0.44
      vertex 17.340827005453605 -1.5058240767672988 0.44
    endloop
  endfacet
  facet normal 0 0 1
    outer loop
      vertex 17.850735954271656 -4.683583452272506 0.44
      vertex 17.769960657546623 -1.2724685940374825 0.44
      vertex 17.564351709619622 -1.4056196014575075 0.44
    endloop
  endfacet
  facet normal 0.6548607339452861 -0.7557495743542574 0
    outer loop
      vertex 19.848097278660184 -3.707978287399266 0
      vertex 20.036446943642968 -3.5447723736488497 0
      vertex 20.036446943642968 -3.5447723736488497 0.44
    endloop
  endfacet
  facet normal 0.6932043280253872 -0.7207411182989848 0
    outer loop
      vertex 20.036446943642968 -3.5447723736488497 0
      vertex 20.21607171986189 -3.3720103802864902 0
      vertex 20.21607171986189 -3.3720103802864902 0.44
    endloop
  endfacet
  facet normal 0.6932043280253872 -0.7207411182989848 0
    outer loop
      vertex 20.036446943642968 -3.5447723736488497 0
      vertex 20.21607171986189 -3.3720103802864902 0.44
      vertex 20.036446943642968 -3.5447723736488497 0.44
    endloop
  endfacet
  facet normal 0.729679165794029 -0.6837896716141082 0
    outer loop
      vertex 20.21607171986189 -3.3720103802864902 0
      vertex 20.386487370677504 -3.1901580431023766 0
      vertex 20.21607171986189 -3.3720103802864902 0.44
    endloop
  endfacet
  facet normal 0.7641869175372487 -0.6449948488669646 0
    outer loop
      vertex 20.386487370677504 -3.1901580431023766 0
      vertex 20.547234485624298 -2.9997056038464884 0
      vertex 20.386487370677504 -3.1901580431023766 0.44
    endloop
  endfacet
  facet normal 0.729679165794029 -0.6837896716141082 0
    outer loop
      vertex 20.21607171986189 -3.3720103802864902 0.44
      vertex 20.386487370677504 -3.1901580431023766 0
      vertex 20.386487370677504 -3.1901580431023766 0.44
    endloop
  endfacet
  facet normal 0.7641869175372487 -0.6449948488669646 0
    outer loop
      vertex 20.386487370677504 -3.1901580431023766 0.44
      vertex 20.547234485624298 -2.9997056038464884 0
      vertex 20.547234485624298 -2.9997056038464884 0.44
    endloop
  endfacet
  facet normal 0.7966345564572418 -0.6044612340408387 0
    outer loop
      vertex 20.547234485624298 -2.9997056038464884 0
      vertex 20.69787971890008 -2.801166488623523 0
      vertex 20.547234485624298 -2.9997056038464884 0.44
    endloop
  endfacet
  facet normal 0.8269346094561264 -0.5622980985950813 0
    outer loop
      vertex 20.69787971890008 -2.801166488623523 0
      vertex 20.83801695758967 -2.59507592378687 0
      vertex 20.69787971890008 -2.801166488623523 0.44
    endloop
  endfacet
  facet normal 0.7966345564572418 -0.6044612340408387 0
    outer loop
      vertex 20.69787971890008 -2.801166488623523 0
      vertex 20.69787971890008 -2.801166488623523 0.44
      vertex 20.547234485624298 -2.9997056038464884 0.44
    endloop
  endfacet
  facet normal 0.8550053929480154 -0.5186191068884851 0
    outer loop
      vertex 20.83801695758967 -2.59507592378687 0
      vertex 20.967268416473495 -2.381989493062999 0
      vertex 20.83801695758967 -2.59507592378687 0.44
    endloop
  endfacet
  facet normal 0.8269346094561264 -0.5622980985950813 0
    outer loop
      vertex 20.69787971890008 -2.801166488623523 0.44
      vertex 20.83801695758967 -2.59507592378687 0
      vertex 20.83801695758967 -2.59507592378687 0.44
    endloop
  endfacet
  facet normal 0.8550053929480154 -0.5186191068884851 0
    outer loop
      vertex 20.83801695758967 -2.59507592378687 0.44
      vertex 20.967268416473495 -2.381989493062999 0
      vertex 20.967268416473495 -2.381989493062999 0.44
    endloop
  endfacet
  facet normal 0 0 -1
    outer loop
      vertex 16.8 -4.798786589888304 0
      vertex 16.8 -0.95 0
      vertex 17.045878092847396 -0.9176295349746149 0
    endloop
  endfacet
  facet normal 0 0 -1
    outer loop
      vertex 17.111344175941166 -4.789891940754773 0
      vertex 17.045878092847396 -0.9176295349746149 0
      vertex 17.275000000000002 -0.8227241335952167 0
    endloop
  endfacet
  facet normal 0 0 -1
    outer loop
      vertex 17.359538191678848 -4.767275638354969 0
      vertex 17.275000000000002 -0.8227241335952167 0
      vertex 17.47175144212722 -0.6717514421272202 0
    endloop
  endfacet
  facet normal 0 0 1
    outer loop
      vertex 18.09241551880145 -4.622733187926943 0.44
      vertex 17.95283454976126 -1.1094920012675862 0.44
      vertex 17.769960657546623 -1.2724685940374825 0.44
    endloop
  endfacet
  facet normal 0 0 1
    outer loop
      vertex 18.33061095958857 -4.549420852195076 0.44
      vertex 18.10868697722675 -0.9205098563497931 0.44
      vertex 17.95283454976126 -1.1094920012675862 0.44
    endloop
  endfacet
  facet normal 0 0 -1
    outer loop
      vertex 17.60622379137679 -4.731807603677272 0
      vertex 17.47175144212722 -0.6717514421272202 0
      vertex 17.622724133595217 -0.475 0
    endloop
  endfacet
  facet normal 0 0 -1
    outer loop
      vertex 17.60622379137679 -4.731807603677272 0
      vertex 17.622724133595217 -0.475 0
      vertex 17.717629534974616 -0.2458780928473947 0
    endloop
  endfacet
  facet normal 0 0 1
    outer loop
      vertex 18.33061095958857 -4.549420852195076 0.44
      vertex 18.23386489113769 -0.7099517405871348 0.44
      vertex 18.10868697722675 -0.9205098563497931 0.44
    endloop
  endfacet
  facet normal 0 0 1
    outer loop
      vertex 18.33061095958857 -4.549420852195076 0.44
      vertex 18.32543422728789 -0.48275295775230775 0.44
      vertex 18.23386489113769 -0.7099517405871348 0.44
    endloop
  endfacet
  facet normal 0 0 -1
    outer loop
      vertex 17.60622379137679 -4.731807603677272 0
      vertex 17.717629534974616 -0.2458780928473947 0
      vertex 17.75 0 0
    endloop
  endfacet
  facet normal 0 0 -1
    outer loop
      vertex 17.850735954271656 -4.683583452272506 0
      vertex 18.092415518801445 4.622733187926943 0
      vertex 18.09241551880145 -4.622733187926943 0
    endloop
  endfacet
  facet normal 0 0 -1
    outer loop
      vertex 18.09241551880145 -4.622733187926943 0
      vertex 18.33061095958857 4.549420852195076 0
      vertex 18.33061095958857 -4.549420852195076 0
    endloop
  endfacet
  facet normal 0 0 -1
    outer loop
      vertex 18.33061095958857 -4.549420852195076 0
      vertex 18.56468014383706 4.463844082172588 0
      vertex 18.564680143837055 -4.463844082172588 0
    endloop
  endfacet
  facet normal 0 0 1
    outer loop
      vertex 18.564680143837055 -4.463844082172588 0.44
      vertex 18.381248678048557 -0.24423885475019846 0.44
      vertex 18.32543422728789 -0.48275295775230775 0.44
    endloop
  endfacet
  facet normal 0 0 1
    outer loop
      vertex 18.564680143837055 -4.463844082172588 0.44
      vertex 18.400000000000002 0 0.44
      vertex 18.381248678048557 -0.24423885475019846 0.44
    endloop
  endfacet
  facet normal 0 0 -1
    outer loop
      vertex 18.564680143837055 -4.463844082172588 0
      vertex 18.793992062409057 4.3662335777016885 0
      vertex 18.793992062409057 -4.3662335777016885 0
    endloop
  endfacet
  facet normal 0 0 1
    outer loop
      vertex 18.564680143837055 -4.463844082172588 0.44
      vertex 18.793992062409057 -4.3662335777016885 0.44
      vertex 18.56468014383706 4.463844082172588 0.44
    endloop
  endfacet
  facet normal 0 0 1
    outer loop
      vertex 18.793992062409057 -4.3662335777016885 0.44
      vertex 19.017928530913903 -4.256852479445126 0.44
      vertex 18.793992062409057 4.3662335777016885 0.44
    endloop
  endfacet
  facet normal 0.8807712330634676 -0.4735420097603366 0
    outer loop
      vertex 20.967268416473495 -2.381989493062999 0
      vertex 21.085285656469747 -2.162481639795969 0
      vertex 20.967268416473495 -2.381989493062999 0.44
    endloop
  endfacet
  facet normal 0.8807712330634676 -0.4735420097603366 0
    outer loop
      vertex 21.085285656469747 -2.162481639795969 0
      vertex 21.085285656469747 -2.162481639795969 0.44
      vertex 20.967268416473495 -2.381989493062999 0.44
    endloop
  endfacet
  facet normal 0.9041626696528505 -0.4271883270950064 0
    outer loop
      vertex 21.085285656469747 -2.162481639795969 0
      vertex 21.191750523964576 -1.937144118349713 0
      vertex 21.085285656469747 -2.162481639795969 0.44
    endloop
  endfacet
  facet normal 0.925116643538683 -0.37968302022571604 0
    outer loop
      vertex 21.191750523964576 -1.937144118349713 0
      vertex 21.286376008497953 -1.7065843988429021 0
      vertex 21.191750523964576 -1.937144118349713 0.44
    endloop
  endfacet
  facet normal 0.9041626696528505 -0.4271883270950064 0
    outer loop
      vertex 21.085285656469747 -2.162481639795969 0.44
      vertex 21.191750523964576 -1.937144118349713 0
      vertex 21.191750523964576 -1.937144118349713 0.44
    endloop
  endfacet
  facet normal 0 0 -1
    outer loop
      vertex 18.793992062409057 -4.3662335777016885 0
      vertex 19.017928530913903 4.256852479445126 0
      vertex 19.017928530913903 -4.256852479445126 0
    endloop
  endfacet
  facet normal 0 0 -1
    outer loop
      vertex 19.017928530913903 -4.256852479445126 0
      vertex 19.23588585622395 4.135995659505475 0
      vertex 19.235885856223945 -4.135995659505476 0
    endloop
  endfacet
  facet normal 0 0 -1
    outer loop
      vertex 19.235885856223945 -4.135995659505476 0
      vertex 19.4472764639245 4.003988926502095 0
      vertex 19.447276463924503 -4.003988926502095 0
    endloop
  endfacet
  facet normal 0 0 -1
    outer loop
      vertex 19.447276463924503 -4.003988926502095 0
      vertex 19.65153048231056 3.8611881472486838 0
      vertex 19.65153048231056 -3.8611881472486838 0
    endloop
  endfacet
  facet normal 0 0 -1
    outer loop
      vertex 19.65153048231056 -3.8611881472486838 0
      vertex 19.848097278660184 3.707978287399265 0
      vertex 19.848097278660184 -3.707978287399266 0
    endloop
  endfacet
  facet normal 0 0 -1
    outer loop
      vertex 19.848097278660184 -3.707978287399266 0
      vertex 20.036446943642968 3.54477237364885 0
      vertex 20.036446943642968 -3.5447723736488497 0
    endloop
  endfacet
  facet normal 0 0 1
    outer loop
      vertex 19.017928530913903 -4.256852479445126 0.44
      vertex 19.235885856223945 -4.135995659505476 0.44
      vertex 19.017928530913903 4.256852479445126 0.44
    endloop
  endfacet
  facet normal 0 0 1
    outer loop
      vertex 19.235885856223945 -4.135995659505476 0.44
      vertex 19.447276463924503 -4.003988926502095 0.44
      vertex 19.23588585622395 4.135995659505475 0.44
    endloop
  endfacet
  facet normal 0 0 1
    outer loop
      vertex 19.447276463924503 -4.003988926502095 0.44
      vertex 19.65153048231056 -3.8611881472486838 0.44
      vertex 19.4472764639245 4.003988926502095 0.44
    endloop
  endfacet
  facet normal 0 0 1
    outer loop
      vertex 19.65153048231056 -3.8611881472486838 0.44
      vertex 19.848097278660184 -3.707978287399266 0.44
      vertex 19.65153048231056 3.8611881472486838 0.44
    endloop
  endfacet
  facet normal 0.9435766665119819 -0.33115415506095663 0
    outer loop
      vertex 21.286376008497953 -1.7065843988429021 0
      vertex 21.368907016493136 -1.4714240295169199 0
      vertex 21.286376008497953 -1.7065843988429021 0.44
    endloop
  endfacet
  facet normal 0.925116643538683 -0.37968302022571604 0
    outer loop
      vertex 21.191750523964576 -1.937144118349713 0.44
      vertex 21.286376008497953 -1.7065843988429021 0
      vertex 21.286376008497953 -1.7065843988429021 0.44
    endloop
  endfacet
  facet normal 0.9435766665119819 -0.33115415506095663 0
    outer loop
      vertex 21.286376008497953 -1.7065843988429021 0.44
      vertex 21.368907016493136 -1.4714240295169199 0
      vertex 21.368907016493136 -1.4714240295169199 0.44
    endloop
  endfacet
  facet normal 0.9594929736144985 -0.2817325568414263 0
    outer loop
      vertex 21.368907016493136 -1.4714240295169199 0
      vertex 21.439121058943858 -1.2322969611516645 0
      vertex 21.368907016493136 -1.4714240295169199 0.44
    endloop
  endfacet
  facet normal 0.9594929736144985 -0.2817325568414263 0
    outer loop
      vertex 21.439121058943858 -1.2322969611516645 0
      vertex 21.439121058943858 -1.2322969611516645 0.44
      vertex 21.368907016493136 -1.4714240295169199 0.44
    endloop
  endfacet
  facet normal 0 0 -1
    outer loop
      vertex 20.036446943642968 -3.5447723736488497 0
      vertex 20.21607171986189 3.3720103802864902 0
      vertex 20.21607171986189 -3.3720103802864902 0
    endloop
  endfacet
  facet normal 0 0 1
    outer loop
      vertex 19.848097278660184 -3.707978287399266 0.44
      vertex 20.036446943642968 -3.5447723736488497 0.44
      vertex 19.848097278660184 3.707978287399265 0.44
    endloop
  endfacet
  facet normal 0 0 1
    outer loop
      vertex 20.036446943642968 -3.5447723736488497 0.44
      vertex 20.21607171986189 -3.3720103802864902 0.44
      vertex 20.036446943642968 3.54477237364885 0.44
    endloop
  endfacet
  facet normal 0 0 -1
    outer loop
      vertex 20.21607171986189 -3.3720103802864902 0
      vertex 20.386487370677504 3.1901580431023757 0
      vertex 20.386487370677504 -3.1901580431023766 0
    endloop
  endfacet
  facet normal 0 0 -1
    outer loop
      vertex 20.386487370677504 -3.1901580431023766 0
      vertex 20.547234485624294 2.9997056038464893 0
      vertex 20.547234485624298 -2.9997056038464884 0
    endloop
  endfacet
  facet normal 0 0 -1
    outer loop
      vertex 20.547234485624298 -2.9997056038464884 0
      vertex 20.69787971890008 2.801166488623523 0
      vertex 20.69787971890008 -2.801166488623523 0
    endloop
  endfacet
  facet normal 0 0 -1
    outer loop
      vertex 20.69787971890008 -2.801166488623523 0
      vertex 20.838016957589673 2.595075923786869 0
      vertex 20.83801695758967 -2.59507592378687 0
    endloop
  endfacet
  facet normal 0.972822657296246 -0.23155145745831707 0
    outer loop
      vertex 21.439121058943858 -1.2322969611516645 0
      vertex 21.496828851205354 -0.9898478380463418 0
      vertex 21.439121058943858 -1.2322969611516645 0.44
    endloop
  endfacet
  facet normal 0.9835297830866842 -0.18074613628362865 0
    outer loop
      vertex 21.496828851205354 -0.9898478380463418 0
      vertex 21.54187482327228 -0.7447302601724187 0
      vertex 21.496828851205354 -0.9898478380463418 0.44
    endloop
  endfacet
  facet normal 0 0 1
    outer loop
      vertex 20.21607171986189 -3.3720103802864902 0.44
      vertex 20.386487370677504 -3.1901580431023766 0.44
      vertex 20.21607171986189 3.3720103802864902 0.44
    endloop
  endfacet
  facet normal 0 0 1
    outer loop
      vertex 20.386487370677504 -3.1901580431023766 0.44
      vertex 20.547234485624298 -2.9997056038464884 0.44
      vertex 20.386487370677504 3.1901580431023757 0.44
    endloop
  endfacet
  facet normal 0 0 1
    outer loop
      vertex 20.547234485624298 -2.9997056038464884 0.44
      vertex 20.69787971890008 -2.801166488623523 0.44
      vertex 20.547234485624294 2.9997056038464893 0.44
    endloop
  endfacet
  facet normal 0.972822657296246 -0.23155145745831707 0
    outer loop
      vertex 21.439121058943858 -1.2322969611516645 0.44
      vertex 21.496828851205354 -0.9898478380463418 0
      vertex 21.496828851205354 -0.9898478380463418 0.44
    endloop
  endfacet
  facet normal 0 0 -1
    outer loop
      vertex 20.83801695758967 -2.59507592378687 0
      vertex 20.96726841647349 2.381989493063 0
      vertex 20.967268416473495 -2.381989493062999 0
    endloop
  endfacet
  facet normal 0 0 -1
    outer loop
      vertex 20.967268416473495 -2.381989493062999 0
      vertex 21.085285656469747 2.162481639795969 0
      vertex 21.085285656469747 -2.162481639795969 0
    endloop
  endfacet
  facet normal 0 0 -1
    outer loop
      vertex 21.085285656469747 -2.162481639795969 0
      vertex 21.191750523964576 1.9371441183497116 0
      vertex 21.191750523964576 -1.937144118349713 0
    endloop
  endfacet
  facet normal 0 0 -1
    outer loop
      vertex 21.191750523964576 -1.937144118349713 0
      vertex 21.286376008497953 1.7065843988429035 0
      vertex 21.286376008497953 -1.7065843988429021 0
    endloop
  endfacet
  facet normal 0.9915854864676662 -0.12945355548103665 0
    outer loop
      vertex 21.54187482327228 -0.7447302601724187 0
      vertex 21.574137539167975 -0.4976050211836276 0
      vertex 21.54187482327228 -0.7447302601724187 0.44
    endloop
  endfacet
  facet normal 0 0 1
    outer loop
      vertex 20.69787971890008 -2.801166488623523 0.44
      vertex 20.83801695758967 -2.59507592378687 0.44
      vertex 20.69787971890008 2.801166488623523 0.44
    endloop
  endfacet
  facet normal 0 0 1
    outer loop
      vertex 20.83801695758967 -2.59507592378687 0.44
      vertex 20.967268416473495 -2.381989493062999 0.44
      vertex 20.838016957589673 2.595075923786869 0.44
    endloop
  endfacet
  facet normal 0.9835297830866842 -0.18074613628362865 0
    outer loop
      vertex 21.496828851205354 -0.9898478380463418 0.44
      vertex 21.54187482327228 -0.7447302601724187 0
      vertex 21.54187482327228 -0.7447302601724187 0.44
    endloop
  endfacet
  facet normal 0 0 1
    outer loop
      vertex 20.967268416473495 -2.381989493062999 0.44
      vertex 21.085285656469747 -2.162481639795969 0.44
      vertex 20.96726841647349 2.381989493063 0.44
    endloop
  endfacet
  facet normal 0 0 1
    outer loop
      vertex 21.085285656469747 -2.162481639795969 0.44
      vertex 21.191750523964576 -1.937144118349713 0.44
      vertex 21.085285656469747 2.162481639795969 0.44
    endloop
  endfacet
  facet normal 0 0 -1
    outer loop
      vertex 21.286376008497953 -1.7065843988429021 0
      vertex 21.368907016493136 1.4714240295169199 0
      vertex 21.368907016493136 -1.4714240295169199 0
    endloop
  endfacet
  facet normal 0 0 -1
    outer loop
      vertex 21.368907016493136 -1.4714240295169199 0
      vertex 21.439121058943858 1.232296961151663 0
      vertex 21.439121058943858 -1.2322969611516645 0
    endloop
  endfacet
  facet normal 0 0 -1
    outer loop
      vertex 21.439121058943858 -1.2322969611516645 0
      vertex 21.496828851205354 0.9898478380463435 0
      vertex 21.496828851205354 -0.9898478380463418 0
    endloop
  endfacet
  facet normal 0 0 -1
    outer loop
      vertex 21.496828851205354 -0.9898478380463418 0
      vertex 21.54187482327228 0.7447302601724187 0
      vertex 21.54187482327228 -0.7447302601724187 0
    endloop
  endfacet
  facet normal 0.9969680506871134 -0.07781199077993943 0
    outer loop
      vertex 21.574137539167975 -0.4976050211836276 0
      vertex 21.59353002431435 -0.24913832703311722 0
      vertex 21.574137539167975 -0.4976050211836276 0.44
    endloop
  endfacet
  facet normal 0.9915854864676662 -0.12945355548103665 0
    outer loop
      vertex 21.54187482327228 -0.7447302601724187 0.44
      vertex 21.574137539167975 -0.4976050211836276 0
      vertex 21.574137539167975 -0.4976050211836276 0.44
    endloop
  endfacet
  facet normal 0 0 1
    outer loop
      vertex 21.191750523964576 -1.937144118349713 0.44
      vertex 21.286376008497953 -1.7065843988429021 0.44
      vertex 21.191750523964576 1.9371441183497116 0.44
    endloop
  endfacet
  facet normal 0 0 1
    outer loop
      vertex 21.286376008497953 -1.7065843988429021 0.44
      vertex 21.368907016493136 -1.4714240295169199 0.44
      vertex 21.286376008497953 1.7065843988429035 0.44
    endloop
  endfacet
  facet normal 0.9969680506871134 -0.07781199077993943 0
    outer loop
      vertex 21.574137539167975 -0.4976050211836276 0.44
      vertex 21.59353002431435 -0.24913832703311722 0
      vertex 21.59353002431435 -0.24913832703311722 0.44
    endloop
  endfacet
  facet normal 0 0 1
    outer loop
      vertex 21.368907016493136 -1.4714240295169199 0.44
      vertex 21.439121058943858 -1.2322969611516645 0.44
      vertex 21.368907016493136 1.4714240295169199 0.44
    endloop
  endfacet
  facet normal 0 0 1
    outer loop
      vertex 21.439121058943858 -1.2322969611516645 0.44
      vertex 21.496828851205354 -0.9898478380463418 0.44
      vertex 21.439121058943858 1.232296961151663 0.44
    endloop
  endfacet
  facet normal 0 0 -1
    outer loop
      vertex 21.54187482327228 -0.7447302601724187 0
      vertex 21.574137539167975 0.49760502118362604 0
      vertex 21.574137539167975 -0.4976050211836276 0
    endloop
  endfacet
  facet normal 0 0 -1
    outer loop
      vertex 21.574137539167975 -0.4976050211836276 0
      vertex 21.59353002431435 0.24913832703311878 0
      vertex 21.59353002431435 -0.24913832703311722 0
    endloop
  endfacet
  facet normal 0.9996629653035123 -0.025960658708683196 0
    outer loop
      vertex 21.59353002431435 -0.24913832703311722 0
      vertex 21.6 0 0
      vertex 21.59353002431435 -0.24913832703311722 0.44
    endloop
  endfacet
  facet normal 0 0 1
    outer loop
      vertex 21.496828851205354 -0.9898478380463418 0.44
      vertex 21.54187482327228 -0.7447302601724187 0.44
      vertex 21.496828851205354 0.9898478380463435 0.44
    endloop
  endfacet
  facet normal 0 0 1
    outer loop
      vertex 21.54187482327228 -0.7447302601724187 0.44
      vertex 21.574137539167975 -0.4976050211836276 0.44
      vertex 21.54187482327228 0.7447302601724187 0.44
    endloop
  endfacet
  facet normal 0.9996629653035123 -0.025960658708683196 0
    outer loop
      vertex 21.59353002431435 -0.24913832703311722 0.44
      vertex 21.6 0 0
      vertex 21.6 0 0.44
    endloop
  endfacet
  facet normal 0 0 1
    outer loop
      vertex 21.574137539167975 -0.4976050211836276 0.44
      vertex 21.59353002431435 -0.24913832703311722 0.44
      vertex 21.574137539167975 0.49760502118362604 0.44
    endloop
  endfacet
  facet normal 0 0 -1
    outer loop
      vertex 17.850735954271656 -4.683583452272506 0
      vertex 17.75 0 0
      vertex 17.850735954271656 4.683583452272505 0
    endloop
  endfacet
  facet normal 0 0 1
    outer loop
      vertex 18.564680143837055 -4.463844082172588 0.44
      vertex 18.33061095958857 4.549420852195076 0.44
      vertex 18.400000000000002 0 0.44
    endloop
  endfacet
  facet normal 0 0 -1
    outer loop
      vertex 21.59353002431435 -0.24913832703311722 0
      vertex 21.59353002431435 0.24913832703311878 0
      vertex 21.6 0 0
    endloop
  endfacet
  facet normal 0 0 -1
    outer loop
      vertex 21.574137539167975 -0.4976050211836276 0
      vertex 21.574137539167975 0.49760502118362604 0
      vertex 21.59353002431435 0.24913832703311878 0
    endloop
  endfacet
  facet normal 0.9996629653035123 0.025960658708683037 0
    outer loop
      vertex 21.6 0 0
      vertex 21.59353002431435 0.24913832703311878 0
      vertex 21.6 0 0.44
    endloop
  endfacet
  facet normal 0 0 -1
    outer loop
      vertex 21.54187482327228 -0.7447302601724187 0
      vertex 21.54187482327228 0.7447302601724187 0
      vertex 21.574137539167975 0.49760502118362604 0
    endloop
  endfacet
  facet normal 0 0 -1
    outer loop
      vertex 21.496828851205354 -0.9898478380463418 0
      vertex 21.496828851205354 0.9898478380463435 0
      vertex 21.54187482327228 0.7447302601724187 0
    endloop
  endfacet
  facet normal 0 0 1
    outer loop
      vertex 21.59353002431435 -0.24913832703311722 0.44
      vertex 21.6 0 0.44
      vertex 21.59353002431435 0.24913832703311878 0.44
    endloop
  endfacet
  facet normal 0.9996629653035123 0.025960658708683037 0
    outer loop
      vertex 21.59353002431435 0.24913832703311878 0
      vertex 21.59353002431435 0.24913832703311878 0.44
      vertex 21.6 0 0.44
    endloop
  endfacet
  facet normal 0 0 1
    outer loop
      vertex 21.59353002431435 -0.24913832703311722 0.44
      vertex 21.59353002431435 0.24913832703311878 0.44
      vertex 21.574137539167975 0.49760502118362604 0.44
    endloop
  endfacet
  facet normal 0 0 1
    outer loop
      vertex 21.574137539167975 -0.4976050211836276 0.44
      vertex 21.574137539167975 0.49760502118362604 0.44
      vertex 21.54187482327228 0.7447302601724187 0.44
    endloop
  endfacet
  facet normal 0 0 -1
    outer loop
      vertex 21.439121058943858 -1.2322969611516645 0
      vertex 21.439121058943858 1.232296961151663 0
      vertex 21.496828851205354 0.9898478380463435 0
    endloop
  endfacet
  facet normal 0 0 -1
    outer loop
      vertex 21.368907016493136 -1.4714240295169199 0
      vertex 21.368907016493136 1.4714240295169199 0
      vertex 21.439121058943858 1.232296961151663 0
    endloop
  endfacet
  facet normal 0.9969680506871134 0.07781199077994039 0
    outer loop
      vertex 21.59353002431435 0.24913832703311878 0
      vertex 21.574137539167975 0.49760502118362604 0
      vertex 21.59353002431435 0.24913832703311878 0.44
    endloop
  endfacet
  facet normal 0 0 -1
    outer loop
      vertex 21.191750523964576 -1.937144118349713 0
      vertex 21.191750523964576 1.9371441183497116 0
      vertex 21.286376008497953 1.7065843988429035 0
    endloop
  endfacet
  facet normal 0 0 -1
    outer loop
      vertex 21.286376008497953 -1.7065843988429021 0
      vertex 21.286376008497953 1.7065843988429035 0
      vertex 21.368907016493136 1.4714240295169199 0
    endloop
  endfacet
  facet normal 0.9915854864676662 0.12945355548103585 0
    outer loop
      vertex 21.574137539167975 0.49760502118362604 0
      vertex 21.54187482327228 0.7447302601724187 0
      vertex 21.574137539167975 0.49760502118362604 0.44
    endloop
  endfacet
  facet normal 0.9969680506871134 0.07781199077994039 0
    outer loop
      vertex 21.59353002431435 0.24913832703311878 0.44
      vertex 21.574137539167975 0.49760502118362604 0
      vertex 21.574137539167975 0.49760502118362604 0.44
    endloop
  endfacet
  facet normal 0 0 1
    outer loop
      vertex 21.54187482327228 -0.7447302601724187 0.44
      vertex 21.54187482327228 0.7447302601724187 0.44
      vertex 21.496828851205354 0.9898478380463435 0.44
    endloop
  endfacet
  facet normal 0 0 1
    outer loop
      vertex 21.496828851205354 -0.9898478380463418 0.44
      vertex 21.496828851205354 0.9898478380463435 0.44
      vertex 21.439121058943858 1.232296961151663 0.44
    endloop
  endfacet
  facet normal 0 0 1
    outer loop
      vertex 21.439121058943858 -1.2322969611516645 0.44
      vertex 21.439121058943858 1.232296961151663 0.44
      vertex 21.368907016493136 1.4714240295169199 0.44
    endloop
  endfacet
  facet normal 0 0 1
    outer loop
      vertex 21.368907016493136 -1.4714240295169199 0.44
      vertex 21.368907016493136 1.4714240295169199 0.44
      vertex 21.286376008497953 1.7065843988429035 0.44
    endloop
  endfacet
  facet normal 0 0 -1
    outer loop
      vertex 19.848097278660184 -3.707978287399266 0
      vertex 19.848097278660184 3.707978287399265 0
      vertex 20.036446943642968 3.54477237364885 0
    endloop
  endfacet
  facet normal 0 0 -1
    outer loop
      vertex 20.036446943642968 -3.5447723736488497 0
      vertex 20.036446943642968 3.54477237364885 0
      vertex 20.21607171986189 3.3720103802864902 0
    endloop
  endfacet
  facet normal 0 0 1
    outer loop
      vertex 20.21607171986189 -3.3720103802864902 0.44
      vertex 20.21607171986189 3.3720103802864902 0.44
      vertex 20.036446943642968 3.54477237364885 0.44
    endloop
  endfacet
  facet normal 0 0 -1
    outer loop
      vertex 20.83801695758967 -2.59507592378687 0
      vertex 20.838016957589673 2.595075923786869 0
      vertex 20.96726841647349 2.381989493063 0
    endloop
  endfacet
  facet normal 0 0 -1
    outer loop
      vertex 20.69787971890008 -2.801166488623523 0
      vertex 20.69787971890008 2.801166488623523 0
      vertex 20.838016957589673 2.595075923786869 0
    endloop
  endfacet
  facet normal 0 0 -1
    outer loop
      vertex 21.085285656469747 -2.162481639795969 0
      vertex 21.085285656469747 2.162481639795969 0
      vertex 21.191750523964576 1.9371441183497116 0
    endloop
  endfacet
  facet normal 0 0 -1
    outer loop
      vertex 20.967268416473495 -2.381989493062999 0
      vertex 20.96726841647349 2.381989493063 0
      vertex 21.085285656469747 2.162481639795969 0
    endloop
  endfacet
  facet normal 0.9835297830866844 0.18074613628362746 0
    outer loop
      vertex 21.54187482327228 0.7447302601724187 0
      vertex 21.496828851205354 0.9898478380463435 0
      vertex 21.54187482327228 0.7447302601724187 0.44
    endloop
  endfacet
  facet normal 0 0 1
    outer loop
      vertex 20.967268416473495 -2.381989493062999 0.44
      vertex 20.96726841647349 2.381989493063 0.44
      vertex 20.838016957589673 2.595075923786869 0.44
    endloop
  endfacet
  facet normal 0.9915854864676662 0.12945355548103585 0
    outer loop
      vertex 21.574137539167975 0.49760502118362604 0.44
      vertex 21.54187482327228 0.7447302601724187 0
      vertex 21.54187482327228 0.7447302601724187 0.44
    endloop
  endfacet
  facet normal 0 0 1
    outer loop
      vertex 21.286376008497953 -1.7065843988429021 0.44
      vertex 21.286376008497953 1.7065843988429035 0.44
      vertex 21.191750523964576 1.9371441183497116 0.44
    endloop
  endfacet
  facet normal 0 0 1
    outer loop
      vertex 21.191750523964576 -1.937144118349713 0.44
      vertex 21.191750523964576 1.9371441183497116 0.44
      vertex 21.085285656469747 2.162481639795969 0.44
    endloop
  endfacet
  facet normal 0 0 1
    outer loop
      vertex 21.085285656469747 -2.162481639795969 0.44
      vertex 21.085285656469747 2.162481639795969 0.44
      vertex 20.96726841647349 2.381989493063 0.44
    endloop
  endfacet
  facet normal 0 0 -1
    outer loop
      vertex 20.386487370677504 -3.1901580431023766 0
      vertex 20.386487370677504 3.1901580431023757 0
      vertex 20.547234485624294 2.9997056038464893 0
    endloop
  endfacet
  facet normal 0 0 -1
    outer loop
      vertex 20.547234485624298 -2.9997056038464884 0
      vertex 20.547234485624294 2.9997056038464893 0
      vertex 20.69787971890008 2.801166488623523 0
    endloop
  endfacet
  facet normal 0 0 -1
    outer loop
      vertex 20.21607171986189 -3.3720103802864902 0
      vertex 20.21607171986189 3.3720103802864902 0
      vertex 20.386487370677504 3.1901580431023757 0
    endloop
  endfacet
  facet normal 0.9728226572962452 0.23155145745831998 0
    outer loop
      vertex 21.496828851205354 0.9898478380463435 0
      vertex 21.439121058943858 1.232296961151663 0
      vertex 21.496828851205354 0.9898478380463435 0.44
    endloop
  endfacet
  facet normal 0 0 1
    outer loop
      vertex 20.83801695758967 -2.59507592378687 0.44
      vertex 20.838016957589673 2.595075923786869 0.44
      vertex 20.69787971890008 2.801166488623523 0.44
    endloop
  endfacet
  facet normal 0 0 1
    outer loop
      vertex 20.69787971890008 -2.801166488623523 0.44
      vertex 20.69787971890008 2.801166488623523 0.44
      vertex 20.547234485624294 2.9997056038464893 0.44
    endloop
  endfacet
  facet normal 0 0 1
    outer loop
      vertex 20.386487370677504 -3.1901580431023766 0.44
      vertex 20.386487370677504 3.1901580431023757 0.44
      vertex 20.21607171986189 3.3720103802864902 0.44
    endloop
  endfacet
  facet normal 0 0 1
    outer loop
      vertex 20.547234485624298 -2.9997056038464884 0.44
      vertex 20.547234485624294 2.9997056038464893 0.44
      vertex 20.386487370677504 3.1901580431023757 0.44
    endloop
  endfacet
  facet normal 0.9835297830866844 0.18074613628362746 0
    outer loop
      vertex 21.54187482327228 0.7447302601724187 0.44
      vertex 21.496828851205354 0.9898478380463435 0
      vertex 21.496828851205354 0.9898478380463435 0.44
    endloop
  endfacet
  facet normal 0.9728226572962452 0.23155145745831998 0
    outer loop
      vertex 21.496828851205354 0.9898478380463435 0.44
      vertex 21.439121058943858 1.232296961151663 0
      vertex 21.439121058943858 1.232296961151663 0.44
    endloop
  endfacet
  facet normal 0 0 -1
    outer loop
      vertex 18.33061095958857 -4.549420852195076 0
      vertex 18.33061095958857 4.549420852195076 0
      vertex 18.56468014383706 4.463844082172588 0
    endloop
  endfacet
  facet normal 0 0 -1
    outer loop
      vertex 18.793992062409057 -4.3662335777016885 0
      vertex 18.793992062409057 4.3662335777016885 0
      vertex 19.017928530913903 4.256852479445126 0
    endloop
  endfacet
  facet normal 0 0 -1
    outer loop
      vertex 18.564680143837055 -4.463844082172588 0
      vertex 18.56468014383706 4.463844082172588 0
      vertex 18.793992062409057 4.3662335777016885 0
    endloop
  endfacet
  facet normal 0 0 1
    outer loop
      vertex 18.793992062409057 -4.3662335777016885 0.44
      vertex 18.793992062409057 4.3662335777016885 0.44
      vertex 18.56468014383706 4.463844082172588 0.44
    endloop
  endfacet
  facet normal 0 0 -1
    outer loop
      vertex 17.850735954271656 4.683583452272505 0
      vertex 17.75 0 0
      vertex 17.717629534974616 0.2458780928473947 0
    endloop
  endfacet
  facet normal 0 0 -1
    outer loop
      vertex 17.850735954271656 -4.683583452272506 0
      vertex 17.850735954271656 4.683583452272505 0
      vertex 18.092415518801445 4.622733187926943 0
    endloop
  endfacet
  facet normal 0 0 -1
    outer loop
      vertex 18.09241551880145 -4.622733187926943 0
      vertex 18.092415518801445 4.622733187926943 0
      vertex 18.33061095958857 4.549420852195076 0
    endloop
  endfacet
  facet normal 0 0 1
    outer loop
      vertex 18.564680143837055 -4.463844082172588 0.44
      vertex 18.56468014383706 4.463844082172588 0.44
      vertex 18.33061095958857 4.549420852195076 0.44
    endloop
  endfacet
  facet normal 0 0 1
    outer loop
      vertex 18.400000000000002 0 0.44
      vertex 18.33061095958857 4.549420852195076 0.44
      vertex 18.381248678048557 0.2442388547501992 0.44
    endloop
  endfacet
  facet normal 0 0 1
    outer loop
      vertex 18.381248678048557 0.2442388547501992 0.44
      vertex 18.33061095958857 4.549420852195076 0.44
      vertex 18.32543422728789 0.48275295775230775 0.44
    endloop
  endfacet
  facet normal 0 0 -1
    outer loop
      vertex 17.60622379137679 4.731807603677272 0
      vertex 17.47175144212722 0.6717514421272202 0
      vertex 17.275000000000002 0.8227241335952167 0
    endloop
  endfacet
  facet normal 0 0 -1
    outer loop
      vertex 17.111344175941166 4.789891940754773 0
      vertex 17.045878092847396 0.9176295349746149 0
      vertex 16.8 0.95 0
    endloop
  endfacet
  facet normal 0 0 -1
    outer loop
      vertex 17.359538191678844 4.767275638354969 0
      vertex 17.275000000000002 0.8227241335952167 0
      vertex 17.045878092847396 0.9176295349746149 0
    endloop
  endfacet
  facet normal 0 0 -1
    outer loop
      vertex 17.850735954271656 4.683583452272505 0
      vertex 17.717629534974616 0.2458780928473947 0
      vertex 17.622724133595217 0.475 0
    endloop
  endfacet
  facet normal 0 0 -1
    outer loop
      vertex 17.850735954271656 4.683583452272505 0
      vertex 17.622724133595217 0.475 0
      vertex 17.47175144212722 0.6717514421272202 0
    endloop
  endfacet
  facet normal 0 0 1
    outer loop
      vertex 18.23386489113769 0.7099517405871355 0.44
      vertex 18.092415518801445 4.622733187926943 0.44
      vertex 18.10868697722675 0.9205098563497931 0.44
    endloop
  endfacet
  facet normal 0 0 1
    outer loop
      vertex 18.32543422728789 0.48275295775230775 0.44
      vertex 18.33061095958857 4.549420852195076 0.44
      vertex 18.23386489113769 0.7099517405871355 0.44
    endloop
  endfacet
  facet normal 0 0 1
    outer loop
      vertex 18.10868697722675 0.9205098563497931 0.44
      vertex 18.092415518801445 4.622733187926943 0.44
      vertex 17.95283454976126 1.1094920012675868 0.44
    endloop
  endfacet
  facet normal 0 0 1
    outer loop
      vertex 17.95283454976126 1.1094920012675868 0.44
      vertex 17.850735954271656 4.683583452272505 0.44
      vertex 17.769960657546623 1.2724685940374822 0.44
    endloop
  endfacet
  facet normal 0 0 -1
    outer loop
      vertex 19.235885856223945 -4.135995659505476 0
      vertex 19.23588585622395 4.135995659505475 0
      vertex 19.4472764639245 4.003988926502095 0
    endloop
  endfacet
  facet normal 0 0 -1
    outer loop
      vertex 19.447276463924503 -4.003988926502095 0
      vertex 19.4472764639245 4.003988926502095 0
      vertex 19.65153048231056 3.8611881472486838 0
    endloop
  endfacet
  facet normal 0 0 -1
    outer loop
      vertex 19.017928530913903 -4.256852479445126 0
      vertex 19.017928530913903 4.256852479445126 0
      vertex 19.23588585622395 4.135995659505475 0
    endloop
  endfacet
  facet normal 0 0 -1
    outer loop
      vertex 19.65153048231056 -3.8611881472486838 0
      vertex 19.65153048231056 3.8611881472486838 0
      vertex 19.848097278660184 3.707978287399265 0
    endloop
  endfacet
  facet normal 0 0 1
    outer loop
      vertex 19.235885856223945 -4.135995659505476 0.44
      vertex 19.23588585622395 4.135995659505475 0.44
      vertex 19.017928530913903 4.256852479445126 0.44
    endloop
  endfacet
  facet normal 0 0 1
    outer loop
      vertex 19.017928530913903 -4.256852479445126 0.44
      vertex 19.017928530913903 4.256852479445126 0.44
      vertex 18.793992062409057 4.3662335777016885 0.44
    endloop
  endfacet
  facet normal 0 0 1
    outer loop
      vertex 19.447276463924503 -4.003988926502095 0.44
      vertex 19.4472764639245 4.003988926502095 0.44
      vertex 19.23588585622395 4.135995659505475 0.44
    endloop
  endfacet
  facet normal 0 0 1
    outer loop
      vertex 19.65153048231056 -3.8611881472486838 0.44
      vertex 19.65153048231056 3.8611881472486838 0.44
      vertex 19.4472764639245 4.003988926502095 0.44
    endloop
  endfacet
  facet normal 0 0 1
    outer loop
      vertex 19.848097278660184 -3.707978287399266 0.44
      vertex 19.848097278660184 3.707978287399265 0.44
      vertex 19.65153048231056 3.8611881472486838 0.44
    endloop
  endfacet
  facet normal 0 0 1
    outer loop
      vertex 20.036446943642968 -3.5447723736488497 0.44
      vertex 20.036446943642968 3.54477237364885 0.44
      vertex 19.848097278660184 3.707978287399265 0.44
    endloop
  endfacet
  facet normal 0.9594929736144988 0.28173255684142456 0
    outer loop
      vertex 21.439121058943858 1.232296961151663 0
      vertex 21.368907016493136 1.4714240295169199 0
      vertex 21.439121058943858 1.232296961151663 0.44
    endloop
  endfacet
  facet normal 0.9594929736144988 0.28173255684142456 0
    outer loop
      vertex 21.368907016493136 1.4714240295169199 0
      vertex 21.368907016493136 1.4714240295169199 0.44
      vertex 21.439121058943858 1.232296961151663 0.44
    endloop
  endfacet
  facet normal 0.9435766665119826 0.33115415506095497 0
    outer loop
      vertex 21.368907016493136 1.4714240295169199 0
      vertex 21.286376008497953 1.7065843988429035 0
      vertex 21.368907016493136 1.4714240295169199 0.44
    endloop
  endfacet
  facet normal 0.9251166435386814 0.3796830202257198 0
    outer loop
      vertex 21.286376008497953 1.7065843988429035 0
      vertex 21.191750523964576 1.9371441183497116 0
      vertex 21.286376008497953 1.7065843988429035 0.44
    endloop
  endfacet
  facet normal 0.9435766665119826 0.33115415506095497 0
    outer loop
      vertex 21.368907016493136 1.4714240295169199 0.44
      vertex 21.286376008497953 1.7065843988429035 0
      vertex 21.286376008497953 1.7065843988429035 0.44
    endloop
  endfacet
  facet normal 0.9041626696528515 0.42718832709500437 0
    outer loop
      vertex 21.191750523964576 1.9371441183497116 0
      vertex 21.085285656469747 2.162481639795969 0
      vertex 21.191750523964576 1.9371441183497116 0.44
    endloop
  endfacet
  facet normal 0.9251166435386814 0.3796830202257198 0
    outer loop
      vertex 21.286376008497953 1.7065843988429035 0.44
      vertex 21.191750523964576 1.9371441183497116 0
      vertex 21.191750523964576 1.9371441183497116 0.44
    endloop
  endfacet
  facet normal 0.9041626696528515 0.42718832709500437 0
    outer loop
      vertex 21.191750523964576 1.9371441183497116 0.44
      vertex 21.085285656469747 2.162481639795969 0
      vertex 21.085285656469747 2.162481639795969 0.44
    endloop
  endfacet
  facet normal 0.8807712330634628 0.4735420097603455 0
    outer loop
      vertex 21.085285656469747 2.162481639795969 0
      vertex 20.96726841647349 2.381989493063 0
      vertex 21.085285656469747 2.162481639795969 0.44
    endloop
  endfacet
  facet normal 0.8807712330634628 0.4735420097603455 0
    outer loop
      vertex 20.96726841647349 2.381989493063 0
      vertex 20.96726841647349 2.381989493063 0.44
      vertex 21.085285656469747 2.162481639795969 0.44
    endloop
  endfacet
  facet normal 0 0 1
    outer loop
      vertex 16.8 1.5964768068267767 0.44
      vertex 16.861284373904056 1.5988258896812961 0.44
      vertex 16.8 4.798786589888304 0.44
    endloop
  endfacet
  facet normal 0 0 1
    outer loop
      vertex 17.10462577466347 1.570733311994968 0.44
      vertex 17.340827005453605 1.5058240767672988 0.44
      vertex 17.111344175941166 4.789891940754773 0.44
    endloop
  endfacet
  facet normal 0 0 1
    outer loop
      vertex 16.861284373904056 1.5988258896812961 0.44
      vertex 17.10462577466347 1.570733311994968 0.44
      vertex 16.86231083135007 4.799595541323922 0.44
    endloop
  endfacet
  facet normal 0 0 1
    outer loop
      vertex 17.340827005453605 1.5058240767672988 0.44
      vertex 17.564351709619622 1.4056196014575078 0.44
      vertex 17.359538191678844 4.767275638354969 0.44
    endloop
  endfacet
  facet normal 0 0 1
    outer loop
      vertex 17.769960657546623 1.2724685940374822 0.44
      vertex 17.60622379137679 4.731807603677272 0.44
      vertex 17.564351709619622 1.4056196014575078 0.44
    endloop
  endfacet
  facet normal 0 0 -1
    outer loop
      vertex 16.8 4.798786589888304 0
      vertex 16.86231083135007 4.799595541323922 0
      vertex 16.8 0.95 0
    endloop
  endfacet
  facet normal 0 0 -1
    outer loop
      vertex 17.359538191678844 4.767275638354969 0
      vertex 17.60622379137679 4.731807603677272 0
      vertex 17.275000000000002 0.8227241335952167 0
    endloop
  endfacet
  facet normal 0 0 -1
    outer loop
      vertex 16.86231083135007 4.799595541323922 0
      vertex 17.111344175941166 4.789891940754773 0
      vertex 16.8 0.95 0
    endloop
  endfacet
  facet normal 0 0 -1
    outer loop
      vertex 17.111344175941166 4.789891940754773 0
      vertex 17.359538191678844 4.767275638354969 0
      vertex 17.045878092847396 0.9176295349746149 0
    endloop
  endfacet
  facet normal 0 0 1
    outer loop
      vertex 18.23386489113769 0.7099517405871355 0.44
      vertex 18.33061095958857 4.549420852195076 0.44
      vertex 18.092415518801445 4.622733187926943 0.44
    endloop
  endfacet
  facet normal 0 0 -1
    outer loop
      vertex 17.850735954271656 4.683583452272505 0
      vertex 17.47175144212722 0.6717514421272202 0
      vertex 17.60622379137679 4.731807603677272 0
    endloop
  endfacet
  facet normal 0 0 1
    outer loop
      vertex 17.769960657546623 1.2724685940374822 0.44
      vertex 17.850735954271656 4.683583452272505 0.44
      vertex 17.60622379137679 4.731807603677272 0.44
    endloop
  endfacet
  facet normal 0 0 1
    outer loop
      vertex 17.95283454976126 1.1094920012675868 0.44
      vertex 18.092415518801445 4.622733187926943 0.44
      vertex 17.850735954271656 4.683583452272505 0.44
    endloop
  endfacet
  facet normal 0.8550053929480251 0.5186191068884689 0
    outer loop
      vertex 20.96726841647349 2.381989493063 0
      vertex 20.838016957589673 2.595075923786869 0
      vertex 20.96726841647349 2.381989493063 0.44
    endloop
  endfacet
  facet normal 0.8269346094561215 0.5622980985950886 0
    outer loop
      vertex 20.838016957589673 2.595075923786869 0
      vertex 20.69787971890008 2.801166488623523 0
      vertex 20.838016957589673 2.595075923786869 0.44
    endloop
  endfacet
  facet normal 0.8550053929480251 0.5186191068884689 0
    outer loop
      vertex 20.96726841647349 2.381989493063 0.44
      vertex 20.838016957589673 2.595075923786869 0
      vertex 20.838016957589673 2.595075923786869 0.44
    endloop
  endfacet
  facet normal 0.7966345564572362 0.6044612340408462 0
    outer loop
      vertex 20.69787971890008 2.801166488623523 0
      vertex 20.547234485624294 2.9997056038464893 0
      vertex 20.69787971890008 2.801166488623523 0.44
    endloop
  endfacet
  facet normal 0.8269346094561215 0.5622980985950886 0
    outer loop
      vertex 20.838016957589673 2.595075923786869 0.44
      vertex 20.69787971890008 2.801166488623523 0
      vertex 20.69787971890008 2.801166488623523 0.44
    endloop
  endfacet
  facet normal 0.7966345564572362 0.6044612340408462 0
    outer loop
      vertex 20.547234485624294 2.9997056038464893 0
      vertex 20.547234485624294 2.9997056038464893 0.44
      vertex 20.69787971890008 2.801166488623523 0.44
    endloop
  endfacet
  facet normal 0.6932043280253882 0.720741118298984 0
    outer loop
      vertex 20.21607171986189 3.3720103802864902 0
      vertex 20.036446943642968 3.54477237364885 0
      vertex 20.036446943642968 3.54477237364885 0.44
    endloop
  endfacet
  facet normal 0.6932043280253882 0.720741118298984 0
    outer loop
      vertex 20.21607171986189 3.3720103802864902 0
      vertex 20.036446943642968 3.54477237364885 0.44
      vertex 20.21607171986189 3.3720103802864902 0.44
    endloop
  endfacet
  facet normal 0.654860733945283 0.7557495743542599 0
    outer loop
      vertex 20.036446943642968 3.54477237364885 0
      vertex 19.848097278660184 3.707978287399265 0.44
      vertex 20.036446943642968 3.54477237364885 0.44
    endloop
  endfacet
  facet normal 0.7641869175372528 0.6449948488669597 0
    outer loop
      vertex 20.547234485624294 2.9997056038464893 0
      vertex 20.386487370677504 3.1901580431023757 0
      vertex 20.547234485624294 2.9997056038464893 0.44
    endloop
  endfacet
  facet normal 0.7296791657940306 0.6837896716141064 0
    outer loop
      vertex 20.21607171986189 3.3720103802864902 0
      vertex 20.386487370677504 3.1901580431023757 0.44
      vertex 20.386487370677504 3.1901580431023757 0
    endloop
  endfacet
  facet normal 0.7641869175372528 0.6449948488669597 0
    outer loop
      vertex 20.547234485624294 2.9997056038464893 0.44
      vertex 20.386487370677504 3.1901580431023757 0
      vertex 20.386487370677504 3.1901580431023757 0.44
    endloop
  endfacet
  facet normal 0.7296791657940306 0.6837896716141064 0
    outer loop
      vertex 20.21607171986189 3.3720103802864902 0
      vertex 20.21607171986189 3.3720103802864902 0.44
      vertex 20.386487370677504 3.1901580431023757 0.44
    endloop
  endfacet
  facet normal 0 0 1
    outer loop
      vertex 16.861284373904056 1.5988258896812961 0.44
      vertex 16.86231083135007 4.799595541323922 0.44
      vertex 16.8 4.798786589888304 0.44
    endloop
  endfacet
  facet normal 0 0 1
    outer loop
      vertex 17.10462577466347 1.570733311994968 0.44
      vertex 17.111344175941166 4.789891940754773 0.44
      vertex 16.86231083135007 4.799595541323922 0.44
    endloop
  endfacet
  facet normal 0 0 1
    outer loop
      vertex 17.564351709619622 1.4056196014575078 0.44
      vertex 17.60622379137679 4.731807603677272 0.44
      vertex 17.359538191678844 4.767275638354969 0.44
    endloop
  endfacet
  facet normal 0 0 1
    outer loop
      vertex 17.340827005453605 1.5058240767672988 0.44
      vertex 17.359538191678844 4.767275638354969 0.44
      vertex 17.111344175941166 4.789891940754773 0.44
    endloop
  endfacet
  facet normal -0.012981423197933955 0.9999157377758168 0
    outer loop
      vertex 16.8 4.798786589888304 0
      vertex 16.86231083135007 4.799595541323922 0.44
      vertex 16.86231083135007 4.799595541323922 0
    endloop
  endfacet
  facet normal 0.038935519213737634 0.9992417251814281 0
    outer loop
      vertex 16.86231083135007 4.799595541323922 0
      vertex 16.86231083135007 4.799595541323922 0.44
      vertex 17.111344175941166 4.789891940754773 0
    endloop
  endfacet
  facet normal 0.09074749834931523 0.995873933559535 0
    outer loop
      vertex 17.111344175941166 4.789891940754773 0
      vertex 17.111344175941166 4.789891940754773 0.44
      vertex 17.359538191678844 4.767275638354969 0
    endloop
  endfacet
  facet normal 0.14231483827328192 0.9898214418809331 0
    outer loop
      vertex 17.359538191678844 4.767275638354969 0
      vertex 17.359538191678844 4.767275638354969 0.44
      vertex 17.60622379137679 4.731807603677272 0
    endloop
  endfacet
  facet normal -0.012981423197933955 0.9999157377758168 0
    outer loop
      vertex 16.8 4.798786589888304 0
      vertex 16.8 4.798786589888304 0.44
      vertex 16.86231083135007 4.799595541323922 0.44
    endloop
  endfacet
  facet normal 0.038935519213737634 0.9992417251814281 0
    outer loop
      vertex 17.111344175941166 4.789891940754773 0
      vertex 16.86231083135007 4.799595541323922 0.44
      vertex 17.111344175941166 4.789891940754773 0.44
    endloop
  endfacet
  facet normal 0.09074749834931523 0.995873933559535 0
    outer loop
      vertex 17.359538191678844 4.767275638354969 0
      vertex 17.111344175941166 4.789891940754773 0.44
      vertex 17.359538191678844 4.767275638354969 0.44
    endloop
  endfacet
  facet normal 0.14231483827328192 0.9898214418809331 0
    outer loop
      vertex 17.359538191678844 4.767275638354969 0.44
      vertex 17.60622379137679 4.731807603677272 0.44
      vertex 17.60622379137679 4.731807603677272 0
    endloop
  endfacet
  facet normal 0.43888964951095394 0.8985409704360464 0
    outer loop
      vertex 18.793992062409057 4.3662335777016885 0
      vertex 18.793992062409057 4.3662335777016885 0.44
      vertex 19.017928530913903 4.256852479445126 0
    endloop
  endfacet
  facet normal 0.3916603579471721 0.920109865186051 0
    outer loop
      vertex 18.793992062409057 4.3662335777016885 0
      vertex 18.56468014383706 4.463844082172588 0
      vertex 18.56468014383706 4.463844082172588 0.44
    endloop
  endfacet
  facet normal 0.34337521930298637 0.9391983064127757 0
    outer loop
      vertex 18.56468014383706 4.463844082172588 0
      vertex 18.33061095958857 4.549420852195076 0.44
      vertex 18.56468014383706 4.463844082172588 0.44
    endloop
  endfacet
  facet normal 0.3916603579471721 0.920109865186051 0
    outer loop
      vertex 18.793992062409057 4.3662335777016885 0
      vertex 18.56468014383706 4.463844082172588 0.44
      vertex 18.793992062409057 4.3662335777016885 0.44
    endloop
  endfacet
  facet normal 0.29416440177549374 0.9557548350534596 0
    outer loop
      vertex 18.092415518801445 4.622733187926943 0
      vertex 18.092415518801445 4.622733187926943 0.44
      vertex 18.33061095958857 4.549420852195076 0
    endloop
  endfacet
  facet normal 0.19349852255420225 0.98110056659312 0
    outer loop
      vertex 17.850735954271656 4.683583452272505 0
      vertex 17.60622379137679 4.731807603677272 0
      vertex 17.60622379137679 4.731807603677272 0.44
    endloop
  endfacet
  facet normal 0.24416056902839248 0.9697348176340436 0
    outer loop
      vertex 18.092415518801445 4.622733187926943 0
      vertex 17.850735954271656 4.683583452272505 0
      vertex 17.850735954271656 4.683583452272505 0.44
    endloop
  endfacet
  facet normal 0.34337521930298637 0.9391983064127757 0
    outer loop
      vertex 18.56468014383706 4.463844082172588 0
      vertex 18.33061095958857 4.549420852195076 0
      vertex 18.33061095958857 4.549420852195076 0.44
    endloop
  endfacet
  facet normal 0.24416056902839248 0.9697348176340436 0
    outer loop
      vertex 18.092415518801445 4.622733187926943 0
      vertex 17.850735954271656 4.683583452272505 0.44
      vertex 18.092415518801445 4.622733187926943 0.44
    endloop
  endfacet
  facet normal 0.19349852255420225 0.98110056659312 0
    outer loop
      vertex 17.850735954271656 4.683583452272505 0
      vertex 17.60622379137679 4.731807603677272 0.44
      vertex 17.850735954271656 4.683583452272505 0.44
    endloop
  endfacet
  facet normal 0.29416440177549374 0.9557548350534596 0
    outer loop
      vertex 18.33061095958857 4.549420852195076 0
      vertex 18.092415518801445 4.622733187926943 0.44
      vertex 18.33061095958857 4.549420852195076 0.44
    endloop
  endfacet
  facet normal 0.654860733945283 0.7557495743542599 0
    outer loop
      vertex 20.036446943642968 3.54477237364885 0
      vertex 19.848097278660184 3.707978287399265 0
      vertex 19.848097278660184 3.707978287399265 0.44
    endloop
  endfacet
  facet normal 0.6147517511043027 0.7887206631718187 0
    outer loop
      vertex 19.848097278660184 3.707978287399265 0
      vertex 19.65153048231056 3.8611881472486838 0
      vertex 19.65153048231056 3.8611881472486838 0.44
    endloop
  endfacet
  facet normal 0.6147517511043027 0.7887206631718187 0
    outer loop
      vertex 19.848097278660184 3.707978287399265 0
      vertex 19.65153048231056 3.8611881472486838 0.44
      vertex 19.848097278660184 3.707978287399265 0.44
    endloop
  endfacet
  facet normal 0.5729855062289987 0.8195655005254298 0
    outer loop
      vertex 19.65153048231056 3.8611881472486838 0
      vertex 19.4472764639245 4.003988926502095 0
      vertex 19.4472764639245 4.003988926502095 0.44
    endloop
  endfacet
  facet normal 0.5296745937314019 0.848200934186867 0
    outer loop
      vertex 19.4472764639245 4.003988926502095 0
      vertex 19.23588585622395 4.135995659505475 0
      vertex 19.23588585622395 4.135995659505475 0.44
    endloop
  endfacet
  facet normal 0.5296745937314019 0.848200934186867 0
    outer loop
      vertex 19.4472764639245 4.003988926502095 0
      vertex 19.23588585622395 4.135995659505475 0.44
      vertex 19.4472764639245 4.003988926502095 0.44
    endloop
  endfacet
  facet normal 0.4849357721743188 0.8745497680896709 0
    outer loop
      vertex 19.23588585622395 4.135995659505475 0
      vertex 19.017928530913903 4.256852479445126 0.44
      vertex 19.23588585622395 4.135995659505475 0.44
    endloop
  endfacet
  facet normal 0.5729855062289987 0.8195655005254298 0
    outer loop
      vertex 19.65153048231056 3.8611881472486838 0
      vertex 19.4472764639245 4.003988926502095 0.44
      vertex 19.65153048231056 3.8611881472486838 0.44
    endloop
  endfacet
  facet normal 0.4849357721743188 0.8745497680896709 0
    outer loop
      vertex 19.23588585622395 4.135995659505475 0
      vertex 19.017928530913903 4.256852479445126 0
      vertex 19.017928530913903 4.256852479445126 0.44
    endloop
  endfacet
  facet normal 0.43888964951095394 0.8985409704360464 0
    outer loop
      vertex 18.793992062409057 4.3662335777016885 0.44
      vertex 19.017928530913903 4.256852479445126 0.44
      vertex 19.017928530913903 4.256852479445126 0
    endloop
  endfacet
  facet normal 0.7714891798219399 -0.6362424423265636 0
    outer loop
      vertex -15.647165450238742 -1.1094920012675862 0.44
      vertex -15.491313022773252 -0.9205098563497931 0.44
      vertex -15.491313022773252 -0.9205098563497931 4.691313022773252
    endloop
  endfacet
  facet normal 0.8595696069872023 -0.5110186794471085 0
    outer loop
      vertex -15.491313022773252 -0.9205098563497931 0.44
      vertex -15.366135108862311 -0.7099517405871348 0.44
      vertex -15.366135108862311 -0.7099517405871348 4.56613510886231
    endloop
  endfacet
  facet normal 0.9275024511020955 -0.37381707184076673 0
    outer loop
      vertex -15.366135108862311 -0.7099517405871348 0.44
      vertex -15.274565772712112 -0.48275295775230775 0.44
      vertex -15.274565772712112 -0.48275295775230775 4.474565772712111
    endloop
  endfacet
  facet normal 0.9736954238777786 -0.22785350890313966 0
    outer loop
      vertex -15.274565772712112 -0.48275295775230775 0.44
      vertex -15.218751321951443 -0.24423885475019846 0.44
      vertex -15.218751321951443 -0.24423885475019846 4.418751321951442
    endloop
  endfacet
  facet normal 0.9970658011837408 -0.07654925283649226 0
    outer loop
      vertex -15.218751321951443 -0.24423885475019846 0.44
      vertex -15.200000000000001 0 0.44
      vertex -15.200000000000001 0 4.4
    endloop
  endfacet
  facet normal -0.6062254109666393 -0.7952928712734255 0
    outer loop
      vertex -17.669708080001953 -1.34298468181112 0.44
      vertex -17.669708080001953 -1.34298468181112 6
      vertex -17.864521120264904 -1.1944851545791402 0.44
    endloop
  endfacet
  facet normal 0.2649815021966622 -0.9642534954531408 0
    outer loop
      vertex -16.49537422533653 -1.5707333119949678 0.44
      vertex -16.259172994546397 -1.5058240767672988 0.44
      vertex -16.259172994546397 -1.5058240767672988 5.459172994546396
    endloop
  endfacet
  facet normal -0.33801687840850475 -0.9411400479795609 0
    outer loop
      vertex -17.22397040351466 -1.5428055927250257 0.44
      vertex -17.22397040351466 -1.5428055927250257 6
      vertex -17.454509819474143 -1.46000578636248 0.44
    endloop
  endfacet
  facet normal -0.19039110916466873 -0.9817083199968549 0
    outer loop
      vertex -17.22397040351466 -1.5428055927250257 0.44
      vertex -16.983493480637442 -1.5894433436154802 0.44
      vertex -16.983493480637442 -1.5894433436154802 6
    endloop
  endfacet
  facet normal 0.11468342539839982 -0.993402089759675 0
    outer loop
      vertex -16.738715626095946 -1.5988258896812961 0.44
      vertex -16.49537422533653 -1.5707333119949678 0.44
      vertex -16.49537422533653 -1.5707333119949678 5.69537422533653
    endloop
  endfacet
  facet normal -0.0383027336900356 -0.9992661810508101 8.375373171587615e-18
    outer loop
      vertex -16.983493480637442 -1.5894433436154802 0.44
      vertex -16.8 -1.5964768068267767 0.44
      vertex -16.738715626095946 -1.5988258896812961 5.938715626095943
    endloop
  endfacet
  facet normal -0.03830273369003486 -0.9992661810508101 0
    outer loop
      vertex -16.8 -1.5964768068267767 0.44
      vertex -16.738715626095946 -1.5988258896812961 0.44
      vertex -16.738715626095946 -1.5988258896812961 5.938715626095943
    endloop
  endfacet
  facet normal -0.47771981851226286 -0.8785122509109424 0
    outer loop
      vertex -17.669708080001953 -1.34298468181112 0.44
      vertex -17.454509819474143 -1.46000578636248 0.44
      vertex -17.454509819474143 -1.46000578636248 6
    endloop
  endfacet
  facet normal -0.7205215936007852 -0.6934325007922436 0
    outer loop
      vertex -17.864521120264904 -1.1944851545791402 0.44
      vertex -17.864521120264904 -1.1944851545791402 6
      vertex -18.03438268771511 -1.0179879077224956 0.44
    endloop
  endfacet
  facet normal -0.8179293607667187 -0.5753186602186191 0
    outer loop
      vertex -18.03438268771511 -1.0179879077224956 0.44
      vertex -18.03438268771511 -1.0179879077224956 6
      vertex -18.17531137117952 -0.8176298871153762 0.44
    endloop
  endfacet
  facet normal -0.8961655569610512 -0.4437198378669688 0
    outer loop
      vertex -18.17531137117952 -0.8176298871153762 0.44
      vertex -18.17531137117952 -0.8176298871153762 6
      vertex -18.284003921763354 -0.5981073149452298 0.44
    endloop
  endfacet
  facet normal -0.9533963920549338 -0.3017205985951821 0
    outer loop
      vertex -18.284003921763354 -0.5981073149452298 0.44
      vertex -18.284003921763354 -0.5981073149452298 6
      vertex -18.357912678204446 -0.36456561424501976 0.44
    endloop
  endfacet
  facet normal -0.9882804237803476 -0.15264928421888052 0
    outer loop
      vertex -18.357912678204446 -0.36456561424501976 0.44
      vertex -18.357912678204446 -0.36456561424501976 6
      vertex -18.395305281893986 -0.12247880453839265 0.44
    endloop
  endfacet
  facet normal -1 0 0
    outer loop
      vertex -18.395305281893986 -0.12247880453839265 0.44
      vertex -18.395305281893986 -0.12247880453839265 6
      vertex -18.395305281893986 0.12247880453839265 0.44
    endloop
  endfacet
  facet normal 0.4090686371713402 -0.91250361647655 0
    outer loop
      vertex -16.259172994546397 -1.5058240767672988 0.44
      vertex -16.03564829038038 -1.4056196014575075 0.44
      vertex -16.03564829038038 -1.4056196014575075 5.235648290380379
    endloop
  endfacet
  facet normal 0.5435675500012221 -0.8393654261319492 0
    outer loop
      vertex -16.03564829038038 -1.4056196014575075 0.44
      vertex -15.83003934245338 -1.2724685940374825 0.44
      vertex -15.83003934245338 -1.2724685940374825 5.030039342453379
    endloop
  endfacet
  facet normal 0.665325700165566 -0.746553221611962 0
    outer loop
      vertex -15.83003934245338 -1.2724685940374825 0.44
      vertex -15.647165450238742 -1.1094920012675862 4.84716545023874
      vertex -15.83003934245338 -1.2724685940374825 5.030039342453379
    endloop
  endfacet
  facet normal 0.5435675500012221 -0.8393654261319493 0
    outer loop
      vertex -16.03564829038038 -1.4056196014575075 0.44
      vertex -15.83003934245338 -1.2724685940374825 5.030039342453379
      vertex -16.03564829038038 -1.4056196014575075 5.235648290380379
    endloop
  endfacet
  facet normal 0.4090686371713401 -0.91250361647655 0
    outer loop
      vertex -16.259172994546397 -1.5058240767672988 0.44
      vertex -16.03564829038038 -1.4056196014575075 5.235648290380379
      vertex -16.259172994546397 -1.5058240767672988 5.459172994546396
    endloop
  endfacet
  facet normal 0.6653257001655661 -0.7465532216119621 0
    outer loop
      vertex -15.83003934245338 -1.2724685940374825 0.44
      vertex -15.647165450238742 -1.1094920012675862 0.44
      vertex -15.647165450238742 -1.1094920012675862 4.84716545023874
    endloop
  endfacet
  facet normal 0.8595696069872022 -0.5110186794471085 0
    outer loop
      vertex -15.491313022773252 -0.9205098563497931 0.44
      vertex -15.366135108862311 -0.7099517405871348 4.56613510886231
      vertex -15.491313022773252 -0.9205098563497931 4.691313022773252
    endloop
  endfacet
  facet normal 0.9275024511020956 -0.37381707184076673 0
    outer loop
      vertex -15.366135108862311 -0.7099517405871348 0.44
      vertex -15.274565772712112 -0.48275295775230775 4.474565772712111
      vertex -15.366135108862311 -0.7099517405871348 4.56613510886231
    endloop
  endfacet
  facet normal 0.7714891798219398 -0.6362424423265636 0
    outer loop
      vertex -15.647165450238742 -1.1094920012675862 0.44
      vertex -15.491313022773252 -0.9205098563497931 4.691313022773252
      vertex -15.647165450238742 -1.1094920012675862 4.84716545023874
    endloop
  endfacet
  facet normal 0.9736954238777785 -0.22785350890313966 0
    outer loop
      vertex -15.274565772712112 -0.48275295775230775 0.44
      vertex -15.218751321951443 -0.24423885475019846 4.418751321951442
      vertex -15.274565772712112 -0.48275295775230775 4.474565772712111
    endloop
  endfacet
  facet normal 0.9970658011837407 -0.07654925283649228 0
    outer loop
      vertex -15.218751321951443 -0.24423885475019846 0.44
      vertex -15.200000000000001 0 4.4
      vertex -15.218751321951443 -0.24423885475019846 4.418751321951442
    endloop
  endfacet
  facet normal -0.47771981851226286 -0.8785122509109424 0
    outer loop
      vertex -17.669708080001953 -1.34298468181112 0.44
      vertex -17.454509819474143 -1.46000578636248 6
      vertex -17.669708080001953 -1.34298468181112 6
    endloop
  endfacet
  facet normal -0.6062254109666393 -0.7952928712734255 0
    outer loop
      vertex -17.864521120264904 -1.1944851545791402 0.44
      vertex -17.669708080001953 -1.34298468181112 6
      vertex -17.864521120264904 -1.1944851545791402 6
    endloop
  endfacet
  facet normal 0.2649815021966623 -0.9642534954531409 0
    outer loop
      vertex -16.49537422533653 -1.5707333119949678 0.44
      vertex -16.259172994546397 -1.5058240767672988 5.459172994546396
      vertex -16.49537422533653 -1.5707333119949678 5.69537422533653
    endloop
  endfacet
  facet normal 0.1146834253983998 -0.9934020897596751 0
    outer loop
      vertex -16.738715626095946 -1.5988258896812961 0.44
      vertex -16.49537422533653 -1.5707333119949678 5.69537422533653
      vertex -16.738715626095946 -1.5988258896812961 5.938715626095943
    endloop
  endfacet
  facet normal -0.038302733690035604 -0.99926618105081 0
    outer loop
      vertex -16.983493480637442 -1.5894433436154802 0.44
      vertex -16.8 -1.5964768068267767 5.918367578341078
      vertex -16.983493480637442 -1.5894433436154802 6
    endloop
  endfacet
  facet normal -0.19039110916466873 -0.9817083199968549 0
    outer loop
      vertex -17.22397040351466 -1.5428055927250257 0.44
      vertex -16.983493480637442 -1.5894433436154802 6
      vertex -17.22397040351466 -1.5428055927250257 6
    endloop
  endfacet
  facet normal -0.03830273369003485 -0.99926618105081 -2.54531755936704e-17
    outer loop
      vertex -16.983493480637442 -1.5894433436154802 0.44
      vertex -16.738715626095946 -1.5988258896812961 5.938715626095943
      vertex -16.8 -1.5964768068267767 5.918367578341078
    endloop
  endfacet
  facet normal -0.33801687840850475 -0.9411400479795609 0
    outer loop
      vertex -17.454509819474143 -1.46000578636248 0.44
      vertex -17.22397040351466 -1.5428055927250257 6
      vertex -17.454509819474143 -1.46000578636248 6
    endloop
  endfacet
  facet normal -0.7205215936007852 -0.6934325007922436 0
    outer loop
      vertex -18.03438268771511 -1.0179879077224956 0.44
      vertex -17.864521120264904 -1.1944851545791402 6
      vertex -18.03438268771511 -1.0179879077224956 6
    endloop
  endfacet
  facet normal -0.8961655569610512 -0.4437198378669688 0
    outer loop
      vertex -18.284003921763354 -0.5981073149452298 0.44
      vertex -18.17531137117952 -0.8176298871153762 6
      vertex -18.284003921763354 -0.5981073149452298 6
    endloop
  endfacet
  facet normal -0.8179293607667187 -0.5753186602186191 0
    outer loop
      vertex -18.17531137117952 -0.8176298871153762 0.44
      vertex -18.03438268771511 -1.0179879077224956 6
      vertex -18.17531137117952 -0.8176298871153762 6
    endloop
  endfacet
  facet normal -0.9533963920549338 -0.3017205985951821 0
    outer loop
      vertex -18.357912678204446 -0.36456561424501976 0.44
      vertex -18.284003921763354 -0.5981073149452298 6
      vertex -18.357912678204446 -0.36456561424501976 6
    endloop
  endfacet
  facet normal -0.9882804237803476 -0.15264928421888052 0
    outer loop
      vertex -18.395305281893986 -0.12247880453839265 0.44
      vertex -18.357912678204446 -0.36456561424501976 6
      vertex -18.395305281893986 -0.12247880453839265 6
    endloop
  endfacet
  facet normal -0.03830273369003292 -0.9992661810508102 6.051994369132402e-15
    outer loop
      vertex -16.8 -1.5964768068267767 5.918367578341078
      vertex -16.799999999999994 -1.5964768068267765 6
      vertex -16.983493480637442 -1.5894433436154802 6
    endloop
  endfacet
  facet normal -0.03830273369004291 -0.9992661810508098 0
    outer loop
      vertex -16.738715626095946 -1.5988258896812961 5.938715626095943
      vertex -16.738715626095946 -1.5988258896812961 6
      vertex -16.799999999999994 -1.5964768068267765 6
    endloop
  endfacet
  facet normal 0.1146834253983925 -0.9934020897596759 0
    outer loop
      vertex -16.738715626095946 -1.5988258896812961 5.938715626095943
      vertex -16.718367578341077 -1.5964768068267765 6
      vertex -16.738715626095946 -1.5988258896812961 6
    endloop
  endfacet
  facet normal 0.9970658011837408 0.07654925283649203 0
    outer loop
      vertex -15.200000000000001 0 0.44
      vertex -15.218751321951443 0.2442388547501992 0.44
      vertex -15.200000000000001 0 4.4
    endloop
  endfacet
  facet normal 0.9736954238777784 0.22785350890314035 0
    outer loop
      vertex -15.218751321951443 0.2442388547501992 0.44
      vertex -15.274565772712112 0.48275295775230775 0.44
      vertex -15.218751321951443 0.2442388547501992 4.418751321951442
    endloop
  endfacet
  facet normal 0.9275024511020958 0.3738170718407658 0
    outer loop
      vertex -15.274565772712112 0.48275295775230775 0.44
      vertex -15.366135108862311 0.7099517405871355 0.44
      vertex -15.274565772712112 0.48275295775230775 4.474565772712111
    endloop
  endfacet
  facet normal 0.8595696069872014 0.5110186794471097 0
    outer loop
      vertex -15.366135108862311 0.7099517405871355 0.44
      vertex -15.491313022773252 0.9205098563497931 0.44
      vertex -15.366135108862311 0.7099517405871355 4.566135108862311
    endloop
  endfacet
  facet normal 0.771489179821941 0.6362424423265624 0
    outer loop
      vertex -15.647165450238742 1.1094920012675868 0.44
      vertex -15.491313022773252 0.9205098563497931 4.691313022773252
      vertex -15.491313022773252 0.9205098563497931 0.44
    endloop
  endfacet
  facet normal -0.9882804237803476 0.15264928421888052 0
    outer loop
      vertex -18.395305281893986 0.12247880453839265 0.44
      vertex -18.395305281893986 0.12247880453839265 6
      vertex -18.357912678204446 0.36456561424501976 0.44
    endloop
  endfacet
  facet normal -0.9533963920549338 0.3017205985951821 0
    outer loop
      vertex -18.357912678204446 0.36456561424501976 0.44
      vertex -18.357912678204446 0.36456561424501976 6
      vertex -18.284003921763354 0.5981073149452298 0.44
    endloop
  endfacet
  facet normal -0.8961655569610512 0.4437198378669688 0
    outer loop
      vertex -18.284003921763354 0.5981073149452298 0.44
      vertex -18.284003921763354 0.5981073149452298 6
      vertex -18.17531137117952 0.8176298871153762 0.44
    endloop
  endfacet
  facet normal -0.8179293607667187 0.5753186602186191 0
    outer loop
      vertex -18.17531137117952 0.8176298871153762 0.44
      vertex -18.17531137117952 0.8176298871153762 6
      vertex -18.03438268771511 1.0179879077224956 0.44
    endloop
  endfacet
  facet normal -0.7205215936007852 0.6934325007922436 0
    outer loop
      vertex -18.03438268771511 1.0179879077224956 0.44
      vertex -18.03438268771511 1.0179879077224956 6
      vertex -17.864521120264904 1.1944851545791402 0.44
    endloop
  endfacet
  facet normal -0.6062254109666393 0.7952928712734255 0
    outer loop
      vertex -17.864521120264904 1.1944851545791402 0.44
      vertex -17.864521120264904 1.1944851545791402 6
      vertex -17.669708080001953 1.34298468181112 0.44
    endloop
  endfacet
  facet normal -0.4777198185122635 0.878512250910942 0
    outer loop
      vertex -17.669708080001953 1.34298468181112 0.44
      vertex -17.669708080001953 1.34298468181112 6
      vertex -17.454509819474143 1.4600057863624802 0.44
    endloop
  endfacet
  facet normal -0.3380168784085039 0.9411400479795612 0
    outer loop
      vertex -17.454509819474143 1.4600057863624802 0.44
      vertex -17.454509819474143 1.4600057863624802 6
      vertex -17.22397040351466 1.5428055927250257 0.44
    endloop
  endfacet
  facet normal 0.26498150219666305 0.9642534954531407 0
    outer loop
      vertex -16.49537422533653 1.570733311994968 0.44
      vertex -16.259172994546397 1.5058240767672988 5.459172994546396
      vertex -16.259172994546397 1.5058240767672988 0.44
    endloop
  endfacet
  facet normal -0.19039110916466873 0.9817083199968549 0
    outer loop
      vertex -17.22397040351466 1.5428055927250257 0.44
      vertex -17.22397040351466 1.5428055927250257 6
      vertex -16.983493480637442 1.5894433436154802 0.44
    endloop
  endfacet
  facet normal -0.038302733690035604 0.99926618105081 0
    outer loop
      vertex -16.983493480637442 1.5894433436154802 0.44
      vertex -16.983493480637442 1.5894433436154802 6
      vertex -16.8 1.5964768068267767 0.44
    endloop
  endfacet
  facet normal 0.11468342539839893 0.9934020897596753 0
    outer loop
      vertex -16.738715626095946 1.5988258896812961 0.44
      vertex -16.49537422533653 1.570733311994968 5.695374225336531
      vertex -16.49537422533653 1.570733311994968 0.44
    endloop
  endfacet
  facet normal -0.038302733690034854 0.99926618105081 0
    outer loop
      vertex -16.8 1.5964768068267767 0.44
      vertex -16.8 1.5964768068267767 5.918367578341078
      vertex -16.738715626095946 1.5988258896812961 0.44
    endloop
  endfacet
  facet normal 0.665325700165564 0.7465532216119639 0
    outer loop
      vertex -15.647165450238742 1.1094920012675868 0.44
      vertex -15.83003934245338 1.2724685940374822 0.44
      vertex -15.647165450238742 1.1094920012675868 4.847165450238741
    endloop
  endfacet
  facet normal 0.9970658011837407 0.07654925283649204 0
    outer loop
      vertex -15.218751321951443 0.2442388547501992 0.44
      vertex -15.218751321951443 0.2442388547501992 4.418751321951442
      vertex -15.200000000000001 0 4.4
    endloop
  endfacet
  facet normal 0.9736954238777784 0.22785350890314035 0
    outer loop
      vertex -15.274565772712112 0.48275295775230775 0.44
      vertex -15.274565772712112 0.48275295775230775 4.474565772712111
      vertex -15.218751321951443 0.2442388547501992 4.418751321951442
    endloop
  endfacet
  facet normal 0.9275024511020958 0.3738170718407658 0
    outer loop
      vertex -15.366135108862311 0.7099517405871355 0.44
      vertex -15.366135108862311 0.7099517405871355 4.566135108862311
      vertex -15.274565772712112 0.48275295775230775 4.474565772712111
    endloop
  endfacet
  facet normal 0.8595696069872015 0.5110186794471098 0
    outer loop
      vertex -15.491313022773252 0.9205098563497931 0.44
      vertex -15.491313022773252 0.9205098563497931 4.691313022773252
      vertex -15.366135108862311 0.7099517405871355 4.566135108862311
    endloop
  endfacet
  facet normal 0.771489179821941 0.6362424423265622 0
    outer loop
      vertex -15.647165450238742 1.1094920012675868 0.44
      vertex -15.647165450238742 1.1094920012675868 4.847165450238741
      vertex -15.491313022773252 0.9205098563497931 4.691313022773252
    endloop
  endfacet
  facet normal 0.5435675500012235 0.8393654261319484 0
    outer loop
      vertex -15.83003934245338 1.2724685940374822 0.44
      vertex -16.03564829038038 1.4056196014575078 0.44
      vertex -15.83003934245338 1.2724685940374822 5.030039342453379
    endloop
  endfacet
  facet normal 0.4090686371713394 0.9125036164765503 0
    outer loop
      vertex -16.259172994546397 1.5058240767672988 0.44
      vertex -16.03564829038038 1.4056196014575078 5.235648290380379
      vertex -16.03564829038038 1.4056196014575078 0.44
    endloop
  endfacet
  facet normal 0.6653257001655639 0.7465532216119638 0
    outer loop
      vertex -15.83003934245338 1.2724685940374822 0.44
      vertex -15.83003934245338 1.2724685940374822 5.030039342453379
      vertex -15.647165450238742 1.1094920012675868 4.847165450238741
    endloop
  endfacet
  facet normal 0.5435675500012235 0.8393654261319485 0
    outer loop
      vertex -16.03564829038038 1.4056196014575078 0.44
      vertex -16.03564829038038 1.4056196014575078 5.235648290380379
      vertex -15.83003934245338 1.2724685940374822 5.030039342453379
    endloop
  endfacet
  facet normal 0.4090686371713394 0.9125036164765503 0
    outer loop
      vertex -16.259172994546397 1.5058240767672988 0.44
      vertex -16.259172994546397 1.5058240767672988 5.459172994546396
      vertex -16.03564829038038 1.4056196014575078 5.235648290380379
    endloop
  endfacet
  facet normal -1 0 0
    outer loop
      vertex -18.395305281893986 -0.12247880453839265 6
      vertex -18.395305281893986 0.12247880453839265 6
      vertex -18.395305281893986 0.12247880453839265 0.44
    endloop
  endfacet
  facet normal -0.9882804237803476 0.15264928421888052 0
    outer loop
      vertex -18.357912678204446 0.36456561424501976 0.44
      vertex -18.395305281893986 0.12247880453839265 6
      vertex -18.357912678204446 0.36456561424501976 6
    endloop
  endfacet
  facet normal -0.9533963920549338 0.3017205985951821 0
    outer loop
      vertex -18.284003921763354 0.5981073149452298 0.44
      vertex -18.357912678204446 0.36456561424501976 6
      vertex -18.284003921763354 0.5981073149452298 6
    endloop
  endfacet
  facet normal -0.8961655569610512 0.4437198378669688 0
    outer loop
      vertex -18.17531137117952 0.8176298871153762 0.44
      vertex -18.284003921763354 0.5981073149452298 6
      vertex -18.17531137117952 0.8176298871153762 6
    endloop
  endfacet
  facet normal -0.8179293607667187 0.5753186602186191 0
    outer loop
      vertex -18.03438268771511 1.0179879077224956 0.44
      vertex -18.17531137117952 0.8176298871153762 6
      vertex -18.03438268771511 1.0179879077224956 6
    endloop
  endfacet
  facet normal -0.7205215936007852 0.6934325007922436 0
    outer loop
      vertex -17.864521120264904 1.1944851545791402 0.44
      vertex -18.03438268771511 1.0179879077224956 6
      vertex -17.864521120264904 1.1944851545791402 6
    endloop
  endfacet
  facet normal -0.6062254109666393 0.7952928712734255 0
    outer loop
      vertex -17.669708080001953 1.34298468181112 0.44
      vertex -17.864521120264904 1.1944851545791402 6
      vertex -17.669708080001953 1.34298468181112 6
    endloop
  endfacet
  facet normal -0.4777198185122635 0.878512250910942 0
    outer loop
      vertex -17.454509819474143 1.4600057863624802 0.44
      vertex -17.669708080001953 1.34298468181112 6
      vertex -17.454509819474143 1.4600057863624802 6
    endloop
  endfacet
  facet normal 0.2649815021966631 0.9642534954531405 0
    outer loop
      vertex -16.49537422533653 1.570733311994968 0.44
      vertex -16.49537422533653 1.570733311994968 5.695374225336531
      vertex -16.259172994546397 1.5058240767672988 5.459172994546396
    endloop
  endfacet
  facet normal 0.11468342539839893 0.9934020897596753 0
    outer loop
      vertex -16.738715626095946 1.5988258896812961 0.44
      vertex -16.738715626095946 1.5988258896812961 5.938715626095943
      vertex -16.49537422533653 1.570733311994968 5.695374225336531
    endloop
  endfacet
  facet normal -0.3380168784085039 0.9411400479795612 0
    outer loop
      vertex -17.22397040351466 1.5428055927250257 0.44
      vertex -17.454509819474143 1.4600057863624802 6
      vertex -17.22397040351466 1.5428055927250257 6
    endloop
  endfacet
  facet normal -0.19039110916466873 0.9817083199968549 0
    outer loop
      vertex -16.983493480637442 1.5894433436154802 0.44
      vertex -17.22397040351466 1.5428055927250257 6
      vertex -16.983493480637442 1.5894433436154802 6
    endloop
  endfacet
  facet normal -0.038302733690035604 0.9992661810508101 0
    outer loop
      vertex -16.8 1.5964768068267767 0.44
      vertex -16.983493480637442 1.5894433436154802 6
      vertex -16.8 1.5964768068267767 5.918367578341078
    endloop
  endfacet
  facet normal -0.03830273369003486 0.9992661810508101 0
    outer loop
      vertex -16.738715626095946 1.5988258896812961 0.44
      vertex -16.8 1.5964768068267767 5.918367578341078
      vertex -16.738715626095946 1.5988258896812961 5.938715626095943
    endloop
  endfacet
  facet normal -0.03830273369003318 0.99926618105081 5.436116187106195e-15
    outer loop
      vertex -16.8 1.5964768068267767 5.918367578341078
      vertex -16.983493480637442 1.5894433436154802 6
      vertex -16.8 1.5964768068267763 6
    endloop
  endfacet
  facet normal -0.038302733690042085 0.9992661810508098 0
    outer loop
      vertex -16.738715626095946 1.5988258896812961 5.938715626095943
      vertex -16.8 1.5964768068267763 6
      vertex -16.738715626095946 1.5988258896812961 6
    endloop
  endfacet
  facet normal 0.11468342539841227 0.9934020897596738 0
    outer loop
      vertex -16.738715626095946 1.5988258896812961 5.938715626095943
      vertex -16.738715626095946 1.5988258896812961 6
      vertex -16.71836757834108 1.5964768068267765 6
    endloop
  endfacet
  facet normal -0.4763918119138383 -0.876070087071812 0.07451203982872714
    outer loop
      vertex -17.669708080001953 -1.34298468181112 6
      vertex -17.454509819474143 -1.46000578636248 6
      vertex -17.659994159323002 -1.327984652522981 6.238467625881879
    endloop
  endfacet
  facet normal -0.6045401734807705 -0.7930820478162409 0.074512039828727
    outer loop
      vertex -17.669708080001953 -1.34298468181112 6
      vertex -17.659994159323002 -1.327984652522981 6.238467625881879
      vertex -17.852631298885647 -1.1811437423161415 6.238467625881879
    endloop
  endfacet
  facet normal -0.604540173480777 -0.7930820478162366 0.07451203982871914
    outer loop
      vertex -17.669708080001953 -1.34298468181112 6
      vertex -17.852631298885647 -1.1811437423161415 6.238467625881879
      vertex -17.864521120264904 -1.1944851545791402 6
    endloop
  endfacet
  facet normal -0.33707723004661777 -0.9385237860089973 0.07451203982872562
    outer loop
      vertex -17.22397040351466 -1.5428055927250257 6
      vertex -17.219235004402403 -1.5255737289590363 6.238467625881879
      vertex -17.44719948556308 -1.4436987280222797 6.238467625881879
    endloop
  endfacet
  facet normal -0.03819625645985304 -0.9964883350611864 0.07451203982872756
    outer loop
      vertex -16.983493480637442 -1.5894433436154802 6
      vertex -16.8 -1.5786454799437764 6.238467625881879
      vertex -16.981444010065644 -1.5716905747053262 6.238467625881879
    endloop
  endfacet
  facet normal -0.18986184360051553 -0.978979282858006 0.07451203982872642
    outer loop
      vertex -17.22397040351466 -1.5428055927250257 6
      vertex -16.983493480637442 -1.5894433436154802 6
      vertex -17.219235004402403 -1.5255737289590363 6.238467625881879
    endloop
  endfacet
  facet normal -0.18986184360051298 -0.9789792828580063 0.07451203982872905
    outer loop
      vertex -16.983493480637442 -1.5894433436154802 6
      vertex -16.981444010065644 -1.5716905747053262 6.238467625881879
      vertex -17.219235004402403 -1.5255737289590363 6.238467625881879
    endloop
  endfacet
  facet normal -0.03819625645986125 -0.9964883350611864 0.07451203982872553
    outer loop
      vertex -16.799999999999994 -1.5964768068267765 6
      vertex -16.738715626095946 -1.5988258896812961 6
      vertex -16.73890008827734 -1.5940135224742662 6.064263735525901
    endloop
  endfacet
  facet normal 0.11436461855857309 -0.9906405452748813 0.0745120398287275
    outer loop
      vertex -16.738715626095946 -1.5988258896812961 6
      vertex -16.718367578341077 -1.5964768068267765 6
      vertex -16.73890008827734 -1.5940135224742662 6.064263735525901
    endloop
  endfacet
  facet normal -0.03819625645985127 -0.9964883350611866 0.07451203982872621
    outer loop
      vertex -16.983493480637442 -1.5894433436154802 6
      vertex -16.799999999999994 -1.5964768068267765 6
      vertex -16.8 -1.5786454799437764 6.238467625881879
    endloop
  endfacet
  facet normal -0.3370772300466191 -0.9385237860089969 0.07451203982872429
    outer loop
      vertex -17.22397040351466 -1.5428055927250257 6
      vertex -17.44719948556308 -1.4436987280222797 6.238467625881879
      vertex -17.454509819474143 -1.46000578636248 6
    endloop
  endfacet
  facet normal -0.47639181191384194 -0.8760700870718103 0.07451203982872309
    outer loop
      vertex -17.454509819474143 -1.46000578636248 6
      vertex -17.44719948556308 -1.4436987280222797 6.238467625881879
      vertex -17.659994159323002 -1.327984652522981 6.238467625881879
    endloop
  endfacet
  facet normal -0.46580996772264044 -0.8566103966864458 0.22190020788391032
    outer loop
      vertex -17.659994159323002 -1.327984652522981 6.238467625881879
      vertex -17.44719948556308 -1.4436987280222797 6.238467625881879
      vertex -17.631069390222347 -1.2833196405260592 6.471608279057446
    endloop
  endfacet
  facet normal -0.5911118362106643 -0.775465727697059 0.22190020788392087
    outer loop
      vertex -17.659994159323002 -1.327984652522981 6.238467625881879
      vertex -17.81722743371014 -1.141417530631081 6.471608279057446
      vertex -17.852631298885647 -1.1811437423161415 6.238467625881879
    endloop
  endfacet
  facet normal -0.591111836210676 -0.7754657276970537 0.22190020788390877
    outer loop
      vertex -17.659994159323002 -1.327984652522981 6.238467625881879
      vertex -17.631069390222347 -1.2833196405260592 6.471608279057446
      vertex -17.81722743371014 -1.141417530631081 6.471608279057446
    endloop
  endfacet
  facet normal -0.18564454095888336 -0.9572337238904826 0.22190020788391535
    outer loop
      vertex -17.219235004402403 -1.5255737289590363 6.238467625881879
      vertex -16.981444010065644 -1.5716905747053262 6.238467625881879
      vertex -17.205134588056787 -1.4742630690228027 6.471608279057446
    endloop
  endfacet
  facet normal -0.18564454095888647 -0.9572337238904827 0.2219002078839124
    outer loop
      vertex -16.981444010065644 -1.5716905747053262 6.238467625881879
      vertex -16.975341380136186 -1.5188288354967496 6.471608279057446
      vertex -17.205134588056787 -1.4742630690228027 6.471608279057446
    endloop
  endfacet
  facet normal -0.037347822829304836 -0.9743538565998425 0.22190020788391412
    outer loop
      vertex -16.981444010065644 -1.5716905747053262 6.238467625881879
      vertex -16.8 -1.5255498216719616 6.471608279057446
      vertex -16.975341380136186 -1.5188288354967496 6.471608279057446
    endloop
  endfacet
  facet normal -0.03819625645985669 -0.9964883350611863 0.0745120398287276
    outer loop
      vertex -16.739347403200753 -1.582343685045351 6.220101250391042
      vertex -16.739400121917765 -1.5809683254836822 6.238467625881879
      vertex -16.796445254022544 -1.5787817364198706 6.238467625881879
    endloop
  endfacet
  facet normal 0.11436461855857473 -0.9906405452748817 0.07451203982872136
    outer loop
      vertex -16.739347403200753 -1.582343685045351 6.220101250391042
      vertex -16.720459615581387 -1.5787817364198709 6.238467625881879
      vertex -16.739400121917765 -1.5809683254836822 6.238467625881879
    endloop
  endfacet
  facet normal -0.03734782282930872 -0.9743538565998426 0.22190020788391326
    outer loop
      vertex -16.796445254022544 -1.5787817364198706 6.238467625881879
      vertex -16.739400121917765 -1.5809683254836822 6.238467625881879
      vertex -16.73996009183824 -1.566359472536997 6.302520195671082
    endloop
  endfacet
  facet normal 0.11182429661283991 -0.9686359607345365 0.22190020788391632
    outer loop
      vertex -16.739400121917765 -1.5809683254836822 6.238467625881879
      vertex -16.720459615581387 -1.5787817364198709 6.238467625881879
      vertex -16.73996009183824 -1.566359472536997 6.302520195671082
    endloop
  endfacet
  facet normal -0.03734782282930514 -0.9743538565998425 0.22190020788391432
    outer loop
      vertex -16.981444010065644 -1.5716905747053262 6.238467625881879
      vertex -16.8 -1.5786454799437764 6.238467625881879
      vertex -16.8 -1.5255498216719616 6.471608279057446
    endloop
  endfacet
  facet normal -0.03734782282930235 -0.9743538565998456 0.22190020788390077
    outer loop
      vertex -16.74129836635813 -1.5314457120854434 6.455599707532009
      vertex -16.741438318877655 -1.5277945413662788 6.471608279057446
      vertex -16.796183164995316 -1.5256961242462863 6.471608279057446
    endloop
  endfacet
  facet normal 0.11182429661285291 -0.9686359607345353 0.2219002078839142
    outer loop
      vertex -16.74129836635813 -1.5314457120854434 6.455599707532009
      vertex -16.723261568881338 -1.525696124246286 6.471608279057446
      vertex -16.741438318877655 -1.5277945413662788 6.471608279057446
    endloop
  endfacet
  facet normal -0.03566896089933022 -0.9305546342557902 0.36441157760619297
    outer loop
      vertex -16.796183164995316 -1.5256961242462863 6.471608279057446
      vertex -16.741438318877655 -1.5277945413662788 6.471608279057446
      vertex -16.742393465553842 -1.5028760648110318 6.535146147145312
    endloop
  endfacet
  facet normal 0.10679756305231133 -0.9250937696431933 0.3644115776061923
    outer loop
      vertex -16.741438318877655 -1.5277945413662788 6.471608279057446
      vertex -16.723261568881338 -1.525696124246286 6.471608279057446
      vertex -16.742393465553842 -1.5028760648110318 6.535146147145312
    endloop
  endfacet
  facet normal -0.32958990839340624 -0.9176768440068114 0.22190020788391496
    outer loop
      vertex -17.219235004402403 -1.5255737289590363 6.238467625881879
      vertex -17.42543178460949 -1.3951418257383958 6.471608279057446
      vertex -17.44719948556308 -1.4436987280222797 6.238467625881879
    endloop
  endfacet
  facet normal -0.32958990839340563 -0.9176768440068114 0.22190020788391548
    outer loop
      vertex -17.219235004402403 -1.5255737289590363 6.238467625881879
      vertex -17.205134588056787 -1.4742630690228027 6.471608279057446
      vertex -17.42543178460949 -1.3951418257383958 6.471608279057446
    endloop
  endfacet
  facet normal -0.46580996772263594 -0.8566103966864472 0.22190020788391474
    outer loop
      vertex -17.631069390222347 -1.2833196405260592 6.471608279057446
      vertex -17.44719948556308 -1.4436987280222797 6.238467625881879
      vertex -17.42543178460949 -1.3951418257383958 6.471608279057446
    endloop
  endfacet
  facet normal -0.31477415990296087 -0.8764253706756514 0.36441157760619
    outer loop
      vertex -17.42543178460949 -1.3951418257383958 6.471608279057446
      vertex -17.205134588056787 -1.4742630690228027 6.471608279057446
      vertex -17.38969297108264 -1.3154197604699849 6.694213982588093
    endloop
  endfacet
  facet normal -0.31477415990296015 -0.8764253706756514 0.36441157760619053
    outer loop
      vertex -17.205134588056787 -1.4742630690228027 6.471608279057446
      vertex -17.181984134478736 -1.3900198082709871 6.694213982588093
      vertex -17.38969297108264 -1.3154197604699849 6.694213982588093
    endloop
  endfacet
  facet normal -0.177299434639102 -0.9142040869429661 0.36441157760619053
    outer loop
      vertex -16.975341380136186 -1.5188288354967496 6.471608279057446
      vertex -17.181984134478736 -1.3900198082709871 6.694213982588093
      vertex -17.205134588056787 -1.4742630690228027 6.471608279057446
    endloop
  endfacet
  facet normal -0.035668960899332566 -0.930554634255791 0.3644115776061912
    outer loop
      vertex -16.975341380136186 -1.5188288354967496 6.471608279057446
      vertex -16.8 -1.43837590127919 6.694213982588093
      vertex -16.96532191351739 -1.432038969892275 6.694213982588093
    endloop
  endfacet
  facet normal -0.17729943463909978 -0.9142040869429657 0.3644115776061924
    outer loop
      vertex -16.975341380136186 -1.5188288354967496 6.471608279057446
      vertex -16.96532191351739 -1.432038969892275 6.694213982588093
      vertex -17.181984134478736 -1.3900198082709871 6.694213982588093
    endloop
  endfacet
  facet normal -0.4448708456489004 -0.8181039865433976 0.36441157760619064
    outer loop
      vertex -17.631069390222347 -1.2833196405260592 6.471608279057446
      vertex -17.42543178460949 -1.3951418257383958 6.471608279057446
      vertex -17.58357990424495 -1.2099873883816552 6.694213982588093
    endloop
  endfacet
  facet normal -0.4448708456489014 -0.8181039865433973 0.3644115776061897
    outer loop
      vertex -17.42543178460949 -1.3951418257383958 6.471608279057446
      vertex -17.38969297108264 -1.3154197604699849 6.694213982588093
      vertex -17.58357990424495 -1.2099873883816552 6.694213982588093
    endloop
  endfacet
  facet normal -0.035668960899332726 -0.9305546342557908 0.3644115776061913
    outer loop
      vertex -16.975341380136186 -1.5188288354967496 6.471608279057446
      vertex -16.8 -1.5255498216719616 6.471608279057446
      vertex -16.8 -1.43837590127919 6.694213982588093
    endloop
  endfacet
  facet normal -0.165004442871682 -0.850807766782198 0.49889846443509417
    outer loop
      vertex -16.96532191351739 -1.432038969892275 6.694213982588093
      vertex -17.15030078654621 -1.274725801940987 6.9013120929017955
      vertex -17.181984134478736 -1.3900198082709871 6.694213982588093
    endloop
  endfacet
  facet normal -0.03319546411970459 -0.8660244704084195 0.49889846443509334
    outer loop
      vertex -16.96532191351739 -1.432038969892275 6.694213982588093
      vertex -16.8 -1.3196188468913088 6.900361169771727
      vertex -16.951609428536855 -1.3132597200735712 6.9013120929017955
    endloop
  endfacet
  facet normal -0.2929458573340284 -0.8156488502138256 0.49889846443509467
    outer loop
      vertex -17.181984134478736 -1.3900198082709871 6.694213982588093
      vertex -17.3407813910201 -1.2063133914183957 6.9013120929017955
      vertex -17.38969297108264 -1.3154197604699849 6.694213982588093
    endloop
  endfacet
  facet normal -0.4140208691898595 -0.761371815908348 0.49889846443509717
    outer loop
      vertex -17.58357990424495 -1.2099873883816552 6.694213982588093
      vertex -17.38969297108264 -1.3154197604699849 6.694213982588093
      vertex -17.51858653803353 -1.109626017424776 6.9013120929017955
    endloop
  endfacet
  facet normal -0.2929458573340289 -0.8156488502138256 0.4988984644350942
    outer loop
      vertex -17.181984134478736 -1.3900198082709871 6.694213982588093
      vertex -17.15030078654621 -1.274725801940987 6.9013120929017955
      vertex -17.3407813910201 -1.2063133914183957 6.9013120929017955
    endloop
  endfacet
  facet normal -0.41402086918986303 -0.7613718159083477 0.4988984644350947
    outer loop
      vertex -17.38969297108264 -1.3154197604699849 6.694213982588093
      vertex -17.3407813910201 -1.2063133914183957 6.9013120929017955
      vertex -17.51858653803353 -1.109626017424776 6.9013120929017955
    endloop
  endfacet
  facet normal -0.16500444287168348 -0.8508077667821983 0.4988984644350931
    outer loop
      vertex -16.96532191351739 -1.432038969892275 6.694213982588093
      vertex -16.951609428536855 -1.3132597200735712 6.9013120929017955
      vertex -17.15030078654621 -1.274725801940987 6.9013120929017955
    endloop
  endfacet
  facet normal -0.03566896089933613 -0.9305546342557904 0.36441157760619197
    outer loop
      vertex -16.79897091824081 -1.4384153468696792 6.694213982588093
      vertex -16.74457872997718 -1.4458654907729855 6.680513394007768
      vertex -16.744784687023554 -1.4404923517992354 6.694213982588093
    endloop
  endfacet
  facet normal 0.10679756305230544 -0.9250937696432023 0.3644115776061714
    outer loop
      vertex -16.74457872997718 -1.4458654907729855 6.680513394007768
      vertex -16.726793412083044 -1.4384153468696794 6.694213982588093
      vertex -16.744784687023554 -1.4404923517992354 6.694213982588093
    endloop
  endfacet
  facet normal -0.03319546411970812 -0.8660244704084199 0.49889846443509256
    outer loop
      vertex -16.79897091824081 -1.4384153468696792 6.694213982588093
      vertex -16.744784687023554 -1.4404923517992354 6.694213982588093
      vertex -16.746170497675763 -1.4043384383658637 6.756880383339489
    endloop
  endfacet
  facet normal 0.09939158817606644 -0.8609422944565698 0.4988984644350954
    outer loop
      vertex -16.744784687023554 -1.4404923517992354 6.694213982588093
      vertex -16.726793412083044 -1.4384153468696794 6.694213982588093
      vertex -16.746170497675763 -1.4043384383658637 6.756880383339489
    endloop
  endfacet
  facet normal -0.033195464119704754 -0.8660244704084193 0.49889846443509356
    outer loop
      vertex -16.96532191351739 -1.432038969892275 6.694213982588093
      vertex -16.8 -1.43837590127919 6.694213982588093
      vertex -16.8 -1.3196188468913088 6.900361169771727
    endloop
  endfacet
  facet normal -0.149023592649659 -0.7684061583645695 0.6223696205802407
    outer loop
      vertex -16.951609428536855 -1.3132597200735712 6.9013120929017955
      vertex -17.110792297896868 -1.1309565276166047 7.088276380433471
      vertex -17.15030078654621 -1.274725801940987 6.9013120929017955
    endloop
  endfacet
  facet normal -0.14902359264965875 -0.7684061583645693 0.6223696205802409
    outer loop
      vertex -16.951609428536855 -1.3132597200735712 6.9013120929017955
      vertex -16.934510239449846 -1.1651444182047856 7.088276380433471
      vertex -17.110792297896868 -1.1309565276166047 7.088276380433471
    endloop
  endfacet
  facet normal -0.029980449233345648 -0.7821491085736618 0.6223696205802407
    outer loop
      vertex -16.951609428536855 -1.3132597200735712 6.9013120929017955
      vertex -16.8 -1.1719300884989978 7.086228194718183
      vertex -16.934510239449846 -1.1651444182047856 7.088276380433471
    endloop
  endfacet
  facet normal -0.03319546411970667 -0.8660244704084592 0.49889846443502417
    outer loop
      vertex -16.951609428536855 -1.3132597200735712 6.9013120929017955
      vertex -16.8 -1.3196188468913088 6.900361169771727
      vertex -16.74936447402079 -1.321011943434954 6.9013120929017955
    endloop
  endfacet
  facet normal -0.0299804492333484 -0.7821491085736827 0.6223696205802146
    outer loop
      vertex -16.951609428536855 -1.3132597200735712 6.9013120929017955
      vertex -16.74936447402079 -1.321011943434954 6.9013120929017955
      vertex -16.8 -1.3148593793326007 6.906605003421759
    endloop
  endfacet
  facet normal -0.03319546411970685 -0.8660244704084249 0.4988984644350837
    outer loop
      vertex -16.8 -1.3196188468913088 6.900361169771727
      vertex -16.749111767871167 -1.3276047028736802 6.889884712963904
      vertex -16.74936447402079 -1.321011943434954 6.9013120929017955
    endloop
  endfacet
  facet normal 0.09939158817606257 -0.8609422944565838 0.498898464435072
    outer loop
      vertex -16.749111767871167 -1.3276047028736802 6.889884712963904
      vertex -16.731018495345303 -1.3188939896894574 6.9013120929017955
      vertex -16.74936447402079 -1.321011943434954 6.9013120929017955
    endloop
  endfacet
  facet normal -0.029980449233342386 -0.782149108573659 0.6223696205802444
    outer loop
      vertex -16.8 -1.3148593793326007 6.906605003421759
      vertex -16.74936447402079 -1.321011943434954 6.9013120929017955
      vertex -16.751233085010778 -1.2722624264175386 6.962486944987521
    endloop
  endfacet
  facet normal 0.08976541050273631 -0.7775591465966304 0.6223696205802425
    outer loop
      vertex -16.74936447402079 -1.321011943434954 6.9013120929017955
      vertex -16.731018495345303 -1.3188939896894574 6.9013120929017955
      vertex -16.751233085010778 -1.2722624264175386 6.962486944987521
    endloop
  endfacet
  facet normal -0.02998044923334913 -0.7821491085736604 0.6223696205802424
    outer loop
      vertex -16.951609428536855 -1.3132597200735712 6.9013120929017955
      vertex -16.8 -1.3148593793326007 6.906605003421759
      vertex -16.8 -1.1719300884989978 7.086228194718183
    endloop
  endfacet
  facet normal -0.7185186257658125 -0.6915048375450252 0.07451203982871749
    outer loop
      vertex -17.864521120264904 -1.1944851545791402 6
      vertex -17.852631298885647 -1.1811437423161415 6.238467625881879
      vertex -18.03438268771511 -1.0179879077224956 6
    endloop
  endfacet
  facet normal -0.7185186257658169 -0.69150483754502 0.0745120398287245
    outer loop
      vertex -18.03438268771511 -1.0179879077224956 6
      vertex -17.852631298885647 -1.1811437423161415 6.238467625881879
      vertex -18.020595652971327 -1.006617823880425 6.238467625881879
    endloop
  endfacet
  facet normal -0.8156556104510504 -0.573719339974074 0.07451203982872397
    outer loop
      vertex -18.03438268771511 -1.0179879077224956 6
      vertex -18.020595652971327 -1.006617823880425 6.238467625881879
      vertex -18.17531137117952 -0.8176298871153762 6
    endloop
  endfacet
  facet normal -0.8936743189449525 -0.4424863473360911 0.07451203982873743
    outer loop
      vertex -18.159950279480263 -0.8084976368226561 6.238467625881879
      vertex -18.267428824078586 -0.5914269504085847 6.238467625881879
      vertex -18.284003921763354 -0.5981073149452298 6
    endloop
  endfacet
  facet normal -0.8156556104510478 -0.5737193399740782 0.07451203982871889
    outer loop
      vertex -18.17531137117952 -0.8176298871153762 6
      vertex -18.020595652971327 -1.006617823880425 6.238467625881879
      vertex -18.159950279480263 -0.8084976368226561 6.238467625881879
    endloop
  endfacet
  facet normal -0.8936743189449455 -0.4424863473361087 0.07451203982871818
    outer loop
      vertex -18.17531137117952 -0.8176298871153762 6
      vertex -18.159950279480263 -0.8084976368226561 6.238467625881879
      vertex -18.284003921763354 -0.5981073149452298 6
    endloop
  endfacet
  facet normal -0.7025585442610869 -0.6761447993047159 0.221900207883922
    outer loop
      vertex -17.852631298885647 -1.1811437423161415 6.238467625881879
      vertex -17.81722743371014 -1.141417530631081 6.471608279057446
      vertex -18.020595652971327 -1.006617823880425 6.238467625881879
    endloop
  endfacet
  facet normal -0.7025585442610836 -0.6761447993047214 0.22190020788391615
    outer loop
      vertex -18.020595652971327 -1.006617823880425 6.238467625881879
      vertex -17.81722743371014 -1.141417530631081 6.471608279057446
      vertex -17.979542528313765 -0.972761561238748 6.471608279057446
    endloop
  endfacet
  facet normal -0.797537875495028 -0.5609756098904405 0.2219002078839164
    outer loop
      vertex -18.020595652971327 -1.006617823880425 6.238467625881879
      vertex -17.979542528313765 -0.972761561238748 6.471608279057446
      vertex -18.159950279480263 -0.8084976368226561 6.238467625881879
    endloop
  endfacet
  facet normal -0.5645401358278813 -0.7406069383593489 0.36441157760618553
    outer loop
      vertex -17.631069390222347 -1.2833196405260592 6.471608279057446
      vertex -17.75910038858329 -1.076193937447414 6.694213982588093
      vertex -17.81722743371014 -1.141417530631081 6.471608279057446
    endloop
  endfacet
  facet normal -0.5645401358278754 -0.7406069383593507 0.36441157760619064
    outer loop
      vertex -17.631069390222347 -1.2833196405260592 6.471608279057446
      vertex -17.58357990424495 -1.2099873883816552 6.694213982588093
      vertex -17.75910038858329 -1.076193937447414 6.694213982588093
    endloop
  endfacet
  facet normal -0.6709770837050756 -0.6457506912494975 0.3644115776061845
    outer loop
      vertex -17.81722743371014 -1.141417530631081 6.471608279057446
      vertex -17.75910038858329 -1.076193937447414 6.694213982588093
      vertex -17.979542528313765 -0.972761561238748 6.471608279057446
    endloop
  endfacet
  facet normal -0.670977083705077 -0.6457506912494946 0.36441157760618714
    outer loop
      vertex -17.979542528313765 -0.972761561238748 6.471608279057446
      vertex -17.75910038858329 -1.076193937447414 6.694213982588093
      vertex -17.91214037270903 -0.9171754127590891 6.694213982588093
    endloop
  endfacet
  facet normal -0.7975378754950273 -0.5609756098904423 0.2219002078839148
    outer loop
      vertex -17.979542528313765 -0.972761561238748 6.471608279057446
      vertex -18.114210145787602 -0.7813048853254456 6.471608279057446
      vertex -18.159950279480263 -0.8084976368226561 6.238467625881879
    endloop
  endfacet
  facet normal -0.873823594889133 -0.4326576276411959 0.2219002078839147
    outer loop
      vertex -18.159950279480263 -0.8084976368226561 6.238467625881879
      vertex -18.114210145787602 -0.7813048853254456 6.471608279057446
      vertex -18.267428824078586 -0.5914269504085847 6.238467625881879
    endloop
  endfacet
  facet normal -0.8738235948891326 -0.4326576276411975 0.22190020788391315
    outer loop
      vertex -18.114210145787602 -0.7813048853254456 6.471608279057446
      vertex -18.218073791317043 -0.5715350851034282 6.471608279057446
      vertex -18.267428824078586 -0.5914269504085847 6.238467625881879
    endloop
  endfacet
  facet normal -0.7616868974340314 -0.5357585952496605 0.3644115776061867
    outer loop
      vertex -17.979542528313765 -0.972761561238748 6.471608279057446
      vertex -17.91214037270903 -0.9171754127590891 6.694213982588093
      vertex -18.114210145787602 -0.7813048853254456 6.471608279057446
    endloop
  endfacet
  facet normal -0.7616868974340332 -0.5357585952496544 0.36441157760619197
    outer loop
      vertex -18.114210145787602 -0.7813048853254456 6.471608279057446
      vertex -17.91214037270903 -0.9171754127590891 6.694213982588093
      vertex -18.03911272910494 -0.7366590737575233 6.694213982588093
    endloop
  endfacet
  facet normal -0.834543415863017 -0.4132087718650875 0.3644115776061918
    outer loop
      vertex -18.114210145787602 -0.7813048853254456 6.471608279057446
      vertex -18.03911272910494 -0.7366590737575233 6.694213982588093
      vertex -18.218073791317043 -0.5715350851034282 6.471608279057446
    endloop
  endfacet
  facet normal -0.8345434158630165 -0.41320877186509103 0.36441157760618875
    outer loop
      vertex -18.218073791317043 -0.5715350851034282 6.471608279057446
      vertex -18.03911272910494 -0.7366590737575233 6.694213982588093
      vertex -18.137041333353878 -0.5388760704303593 6.694213982588093
    endloop
  endfacet
  facet normal -0.9507460588460112 -0.30088184975059157 0.0745120398287379
    outer loop
      vertex -18.284003921763354 -0.5981073149452298 6
      vertex -18.267428824078586 -0.5914269504085847 6.238467625881879
      vertex -18.357912678204446 -0.36456561424501976 6
    endloop
  endfacet
  facet normal -0.9507460588460068 -0.30088184975061033 0.07451203982871842
    outer loop
      vertex -18.357912678204446 -0.36456561424501976 6
      vertex -18.267428824078586 -0.5914269504085847 6.238467625881879
      vertex -18.340512080775508 -0.3604937175471744 6.238467625881879
    endloop
  endfacet
  facet normal -0.9855331169427098 -0.1522249366225871 0.07451203982871818
    outer loop
      vertex -18.357912678204446 -0.36456561424501976 6
      vertex -18.340512080775508 -0.3604937175471744 6.238467625881879
      vertex -18.395305281893986 -0.12247880453839265 6
    endloop
  endfacet
  facet normal -0.9855331169427111 -0.15222493662257003 0.07451203982873554
    outer loop
      vertex -18.395305281893986 -0.12247880453839265 6
      vertex -18.340512080775508 -0.3604937175471744 6.238467625881879
      vertex -18.37748703997654 -0.12111081748676482 6.238467625881879
    endloop
  endfacet
  facet normal -0.9972201140774092 0 0.07451203982873557
    outer loop
      vertex -18.395305281893986 -0.12247880453839265 6
      vertex -18.37748703997654 -0.12111081748676482 6.238467625881879
      vertex -18.395305281893986 0.12247880453839265 6
    endloop
  endfacet
  facet normal -0.9296276298375601 -0.29419851730366764 0.22190020788391313
    outer loop
      vertex -18.267428824078586 -0.5914269504085847 6.238467625881879
      vertex -18.218073791317043 -0.5715350851034282 6.471608279057446
      vertex -18.340512080775508 -0.3604937175471744 6.238467625881879
    endloop
  endfacet
  facet normal -0.929627629837561 -0.29419851730365776 0.22190020788392262
    outer loop
      vertex -18.340512080775508 -0.3604937175471744 6.238467625881879
      vertex -18.218073791317043 -0.5715350851034282 6.471608279057446
      vertex -18.288698989081624 -0.3483689868972614 6.471608279057446
    endloop
  endfacet
  facet normal -0.8878389439503674 -0.28097368508752746 0.36441157760618864
    outer loop
      vertex -18.288698989081624 -0.3483689868972614 6.471608279057446
      vertex -18.218073791317043 -0.5715350851034282 6.471608279057446
      vertex -18.137041333353878 -0.5388760704303593 6.694213982588093
    endloop
  endfacet
  facet normal -0.8878389439503676 -0.28097368508753257 0.3644115776061843
    outer loop
      vertex -18.288698989081624 -0.3483689868972614 6.471608279057446
      vertex -18.137041333353878 -0.5388760704303593 6.694213982588093
      vertex -18.203630821972688 -0.3284622687424855 6.694213982588093
    endloop
  endfacet
  facet normal -0.9636419810584447 -0.14884364307160736 0.22190020788392273
    outer loop
      vertex -18.340512080775508 -0.3604937175471744 6.238467625881879
      vertex -18.288698989081624 -0.3483689868972614 6.471608279057446
      vertex -18.37748703997654 -0.12111081748676482 6.238467625881879
    endloop
  endfacet
  facet normal -0.9636419810584458 -0.1488436430716236 0.2219002078839073
    outer loop
      vertex -18.288698989081624 -0.3483689868972614 6.471608279057446
      vertex -18.324430344304886 -0.11703741490208418 6.471608279057446
      vertex -18.37748703997654 -0.12111081748676482 6.238467625881879
    endloop
  endfacet
  facet normal -0.9750693809883884 0 0.22190020788390732
    outer loop
      vertex -18.37748703997654 -0.12111081748676482 6.238467625881879
      vertex -18.324430344304886 -0.11703741490208418 6.471608279057446
      vertex -18.37748703997654 0.12111081748676482 6.238467625881879
    endloop
  endfacet
  facet normal -0.9203242796889175 -0.14215281327376927 0.3644115776061843
    outer loop
      vertex -18.288698989081624 -0.3483689868972614 6.471608279057446
      vertex -18.203630821972688 -0.3284622687424855 6.694213982588093
      vertex -18.324430344304886 -0.11703741490208418 6.471608279057446
    endloop
  endfacet
  facet normal -0.9203242796889162 -0.1421528132737619 0.36441157760619053
    outer loop
      vertex -18.324430344304886 -0.11703741490208418 6.471608279057446
      vertex -18.203630821972688 -0.3284622687424855 6.694213982588093
      vertex -18.237320393786774 -0.11034958986699729 6.694213982588093
    endloop
  endfacet
  facet normal -0.9312379943422451 0 0.36441157760619053
    outer loop
      vertex -18.324430344304886 -0.11703741490208418 6.471608279057446
      vertex -18.237320393786774 -0.11034958986699729 6.694213982588093
      vertex -18.324430344304886 0.11703741490208418 6.471608279057446
    endloop
  endfacet
  facet normal -0.5253915827796962 -0.6892488715468067 0.4988984644350985
    outer loop
      vertex -17.58357990424495 -1.2099873883816552 6.694213982588093
      vertex -17.679548625641164 -0.9869299500581205 6.9013120929017955
      vertex -17.75910038858329 -1.076193937447414 6.694213982588093
    endloop
  endfacet
  facet normal -0.5253915827796966 -0.6892488715468067 0.49889846443509833
    outer loop
      vertex -17.58357990424495 -1.2099873883816552 6.694213982588093
      vertex -17.51858653803353 -1.109626017424776 6.9013120929017955
      vertex -17.679548625641164 -0.9869299500581205 6.9013120929017955
    endloop
  endfacet
  facet normal -0.6244475629704335 -0.600970517816462 0.49889846443509944
    outer loop
      vertex -17.75910038858329 -1.076193937447414 6.694213982588093
      vertex -17.679548625641164 -0.9869299500581205 6.9013120929017955
      vertex -17.91214037270903 -0.9171754127590891 6.694213982588093
    endloop
  endfacet
  facet normal -0.6244475629704319 -0.6009705178164664 0.4988984644350961
    outer loop
      vertex -17.91214037270903 -0.9171754127590891 6.694213982588093
      vertex -17.679548625641164 -0.9869299500581205 6.9013120929017955
      vertex -17.819894838934616 -0.8411010811451388 6.9013120929017955
    endloop
  endfacet
  facet normal -0.4745068669127211 -0.6224944085142328 0.6223696205802375
    outer loop
      vertex -17.679548625641164 -0.9869299500581205 6.9013120929017955
      vertex -17.51858653803353 -1.109626017424776 6.9013120929017955
      vertex -17.580349199812574 -0.8756195784371782 7.088276380433471
    endloop
  endfacet
  facet normal -0.7088670215423565 -0.49860592450749214 0.49889846443509667
    outer loop
      vertex -17.91214037270903 -0.9171754127590891 6.694213982588093
      vertex -17.819894838934616 -0.8411010811451388 6.9013120929017955
      vertex -18.03911272910494 -0.7366590737575233 6.694213982588093
    endloop
  endfacet
  facet normal -0.7088670215423551 -0.49860592450749835 0.4988984644350923
    outer loop
      vertex -18.03911272910494 -0.7366590737575233 6.694213982588093
      vertex -17.819894838934616 -0.8411010811451388 6.9013120929017955
      vertex -17.93633558162622 -0.6755575157743337 6.9013120929017955
    endloop
  endfacet
  facet normal -0.7766712379371554 -0.38455443092685004 0.49889846443509217
    outer loop
      vertex -18.03911272910494 -0.7366590737575233 6.694213982588093
      vertex -17.93633558162622 -0.6755575157743337 6.9013120929017955
      vertex -18.137041333353878 -0.5388760704303593 6.694213982588093
    endloop
  endfacet
  facet normal -0.5639691734091345 -0.5427659042561764 0.6223696205802406
    outer loop
      vertex -17.679548625641164 -0.9869299500581205 6.9013120929017955
      vertex -17.704866539783893 -0.7462379412561039 7.088276380433471
      vertex -17.819894838934616 -0.8411010811451388 6.9013120929017955
    endloop
  endfacet
  facet normal -0.640212520478947 -0.4503154272294044 0.6223696205802408
    outer loop
      vertex -17.819894838934616 -0.8411010811451388 6.9013120929017955
      vertex -17.704866539783893 -0.7462379412561039 7.088276380433471
      vertex -17.93633558162622 -0.6755575157743337 6.9013120929017955
    endloop
  endfacet
  facet normal -0.563969173409141 -0.5427659042561743 0.6223696205802368
    outer loop
      vertex -17.679548625641164 -0.9869299500581205 6.9013120929017955
      vertex -17.580349199812574 -0.8756195784371782 7.088276380433471
      vertex -17.704866539783893 -0.7462379412561039 7.088276380433471
    endloop
  endfacet
  facet normal -0.6402125204789475 -0.45031542722940066 0.6223696205802428
    outer loop
      vertex -17.93633558162622 -0.6755575157743337 6.9013120929017955
      vertex -17.704866539783893 -0.7462379412561039 7.088276380433471
      vertex -17.808174574991995 -0.5993651192139361 7.088276380433471
    endloop
  endfacet
  facet normal -0.26457374936080164 -0.7366524190742715 0.6223696205802397
    outer loop
      vertex -17.3407813910201 -1.2063133914183957 6.9013120929017955
      vertex -17.15030078654621 -1.274725801940987 6.9013120929017955
      vertex -17.279789648296525 -1.0702599745753936 7.088276380433471
    endloop
  endfacet
  facet normal -0.3739225216292421 -0.6876321714385092 0.6223696205802383
    outer loop
      vertex -17.3407813910201 -1.2063133914183957 6.9013120929017955
      vertex -17.43754113599096 -0.9844774348404252 7.088276380433471
      vertex -17.51858653803353 -1.109626017424776 6.9013120929017955
    endloop
  endfacet
  facet normal -0.37392252162923956 -0.6876321714385092 0.6223696205802396
    outer loop
      vertex -17.3407813910201 -1.2063133914183957 6.9013120929017955
      vertex -17.279789648296525 -1.0702599745753936 7.088276380433471
      vertex -17.43754113599096 -0.9844774348404252 7.088276380433471
    endloop
  endfacet
  facet normal -0.2645737493607993 -0.7366524190742713 0.6223696205802411
    outer loop
      vertex -17.15030078654621 -1.274725801940987 6.9013120929017955
      vertex -17.110792297896868 -1.1309565276166047 7.088276380433471
      vertex -17.279789648296525 -1.0702599745753936 7.088276380433471
    endloop
  endfacet
  facet normal -0.474506866912721 -0.6224944085142328 0.6223696205802375
    outer loop
      vertex -17.580349199812574 -0.8756195784371782 7.088276380433471
      vertex -17.51858653803353 -1.109626017424776 6.9013120929017955
      vertex -17.43754113599096 -0.9844774348404252 7.088276380433471
    endloop
  endfacet
  facet normal -0.029980449233349638 -0.7821491085737196 0.6223696205801681
    outer loop
      vertex -16.934510239449846 -1.1651444182047856 7.088276380433471
      vertex -16.8 -1.1719300884989978 7.086228194718183
      vertex -16.755075374995712 -1.1720223111608614 7.088276380433471
    endloop
  endfacet
  facet normal -0.029980449233351997 -0.7821491085736766 0.6223696205802218
    outer loop
      vertex -16.8 -1.1719300884989978 7.086228194718183
      vertex -16.754795316736764 -1.1793286498978102 7.079107793360877
      vertex -16.755075374995712 -1.1720223111608614 7.088276380433471
    endloop
  endfacet
  facet normal 0.08976541050274019 -0.7775591465966455 0.6223696205802229
    outer loop
      vertex -16.754795316736764 -1.1793286498978102 7.079107793360877
      vertex -16.73584181047563 -1.1698018899592937 7.088276380433471
      vertex -16.755075374995712 -1.1720223111608614 7.088276380433471
    endloop
  endfacet
  facet normal -0.026093589968782853 -0.6807462414829001 0.732054423707313
    outer loop
      vertex -16.934510239449846 -1.1651444182047856 7.088276380433471
      vertex -16.755075374995712 -1.1720223111608614 7.088276380433471
      vertex -16.8 -1.155536950824232 7.102005007730595
    endloop
  endfacet
  facet normal -0.026093589968784456 -0.6807462414829025 0.7320544237073106
    outer loop
      vertex -16.755075374995712 -1.1720223111608614 7.088276380433471
      vertex -16.757494640764463 -1.108906960563398 7.1468818733868975
      vertex -16.8 -1.155536950824232 7.102005007730595
    endloop
  endfacet
  facet normal 0.0781276423447515 -0.6767513518510394 0.7320544237073097
    outer loop
      vertex -16.755075374995712 -1.1720223111608614 7.088276380433471
      vertex -16.73584181047563 -1.1698018899592937 7.088276380433471
      vertex -16.757494640764463 -1.108906960563398 7.1468818733868975
    endloop
  endfacet
  facet normal -0.4908525636634856 -0.47239822340430593 0.7320544237073083
    outer loop
      vertex -17.580349199812574 -0.8756195784371782 7.088276380433471
      vertex -17.569625017381345 -0.6347050788804854 7.250930371948848
      vertex -17.704866539783893 -0.7462379412561039 7.088276380433471
    endloop
  endfacet
  facet normal -0.5572112302999522 -0.39193362391886255 0.7320544237073097
    outer loop
      vertex -17.704866539783893 -0.7462379412561039 7.088276380433471
      vertex -17.657492614310783 -0.5097838963113446 7.250930371948848
      vertex -17.808174574991995 -0.5993651192139361 7.088276380433471
    endloop
  endfacet
  facet normal -0.5572112302999556 -0.3919336239188607 0.732054423707308
    outer loop
      vertex -17.704866539783893 -0.7462379412561039 7.088276380433471
      vertex -17.569625017381345 -0.6347050788804854 7.250930371948848
      vertex -17.657492614310783 -0.5097838963113446 7.250930371948848
    endloop
  endfacet
  facet normal -0.1297032106493547 -0.668785016188169 0.7320544237073086
    outer loop
      vertex -17.110792297896868 -1.1309565276166047 7.088276380433471
      vertex -16.934510239449846 -1.1651444182047856 7.088276380433471
      vertex -17.06434122288132 -0.961923553314672 7.250930371948848
    endloop
  endfacet
  facet normal -0.026093589968786083 -0.6807462414829051 0.7320544237073084
    outer loop
      vertex -16.934510239449846 -1.1651444182047856 7.088276380433471
      vertex -16.8 -0.9982589138821835 7.248259751980207
      vertex -16.914406313885006 -0.9910017153764986 7.250930371948848
    endloop
  endfacet
  facet normal -0.32544478848682623 -0.5984830911373573 0.732054423707308
    outer loop
      vertex -17.279789648296525 -1.0702599745753936 7.088276380433471
      vertex -17.34225411847536 -0.8373372531617294 7.250930371948848
      vertex -17.43754113599096 -0.9844774348404252 7.088276380433471
    endloop
  endfacet
  facet normal -0.3254447884868184 -0.5984830911373574 0.7320544237073111
    outer loop
      vertex -17.279789648296525 -1.0702599745753936 7.088276380433471
      vertex -17.20808019765853 -0.910298718451747 7.250930371948848
      vertex -17.34225411847536 -0.8373372531617294 7.250930371948848
    endloop
  endfacet
  facet normal -0.2302726980036461 -0.6411480369498762 0.73205442370731
    outer loop
      vertex -17.279789648296525 -1.0702599745753936 7.088276380433471
      vertex -17.110792297896868 -1.1309565276166047 7.088276380433471
      vertex -17.20808019765853 -0.910298718451747 7.250930371948848
    endloop
  endfacet
  facet normal -0.2302726980036485 -0.6411480369498765 0.732054423707309
    outer loop
      vertex -17.110792297896868 -1.1309565276166047 7.088276380433471
      vertex -17.06434122288132 -0.961923553314672 7.250930371948848
      vertex -17.20808019765853 -0.910298718451747 7.250930371948848
    endloop
  endfacet
  facet normal -0.12970321064935503 -0.668785016188169 0.7320544237073084
    outer loop
      vertex -16.934510239449846 -1.1651444182047856 7.088276380433471
      vertex -16.914406313885006 -0.9910017153764986 7.250930371948848
      vertex -17.06434122288132 -0.961923553314672 7.250930371948848
    endloop
  endfacet
  facet normal -0.10746629502028239 -0.554125433711301 0.8254671399570526
    outer loop
      vertex -16.914406313885006 -0.9910017153764986 7.250930371948848
      vertex -17.01198520175733 -0.7714027963625129 7.385640646055101
      vertex -17.06434122288132 -0.961923553314672 7.250930371948848
    endloop
  endfacet
  facet normal -0.026093589968781722 -0.680746241482907 0.7320544237073067
    outer loop
      vertex -16.934510239449846 -1.1651444182047856 7.088276380433471
      vertex -16.8 -1.155536950824232 7.102005007730595
      vertex -16.8 -0.9982589138821835 7.248259751980207
    endloop
  endfacet
  facet normal -0.02609358996878071 -0.6807462414828431 0.732054423707366
    outer loop
      vertex -16.914406313885006 -0.9910017153764986 7.250930371948848
      vertex -16.8 -0.9982589138821835 7.248259751980207
      vertex -16.761789817857522 -0.9968516371640045 7.250930371948848
    endloop
  endfacet
  facet normal -0.02161998476124441 -0.5640359714681757 0.8254671399570517
    outer loop
      vertex -16.914406313885006 -0.9910017153764986 7.250930371948848
      vertex -16.761789817857522 -0.9968516371640045 7.250930371948848
      vertex -16.8 -0.9630063770074525 7.273055832493891
    endloop
  endfacet
  facet normal -0.026093589968772417 -0.6807462414829246 0.7320544237072905
    outer loop
      vertex -16.8 -0.9982589138821835 7.248259751980207
      vertex -16.761503689375978 -1.0043163397451815 7.2439990538086585
      vertex -16.761789817857522 -0.9968516371640045 7.250930371948848
    endloop
  endfacet
  facet normal 0.07812764234475345 -0.6767513518510548 0.7320544237072951
    outer loop
      vertex -16.761503689375978 -1.0043163397451815 7.2439990538086585
      vertex -16.741091340689827 -0.9944620989431859 7.250930371948848
      vertex -16.761789817857522 -0.9968516371640045 7.250930371948848
    endloop
  endfacet
  facet normal 0.0647330796163443 -0.5607259841085537 0.8254671399570537
    outer loop
      vertex -16.761789817857522 -0.9968516371640045 7.250930371948848
      vertex -16.741091340689827 -0.9944620989431859 7.250930371948848
      vertex -16.764843842346572 -0.91717629564123 7.305291991597666
    endloop
  endfacet
  facet normal -0.021619984761239323 -0.564035971468172 0.8254671399570545
    outer loop
      vertex -16.761789817857522 -0.9968516371640045 7.250930371948848
      vertex -16.764843842346572 -0.91717629564123 7.305291991597666
      vertex -16.8 -0.9630063770074525 7.273055832493891
    endloop
  endfacet
  facet normal -0.021619984761244708 -0.564035971468175 0.8254671399570522
    outer loop
      vertex -16.914406313885006 -0.9910017153764986 7.250930371948848
      vertex -16.8 -0.9630063770074525 7.273055832493891
      vertex -16.8 -0.8021070986430526 7.382997193437119
    endloop
  endfacet
  facet normal -0.41298872896208155 -0.5417902089193214 0.7320544237073104
    outer loop
      vertex -17.580349199812574 -0.8756195784371782 7.088276380433471
      vertex -17.43754113599096 -0.9844774348404252 7.088276380433471
      vertex -17.463718062348402 -0.7447493123517467 7.250930371948848
    endloop
  endfacet
  facet normal -0.4129887289620882 -0.5417902089193202 0.7320544237073076
    outer loop
      vertex -17.43754113599096 -0.9844774348404252 7.088276380433471
      vertex -17.34225411847536 -0.8373372531617294 7.250930371948848
      vertex -17.463718062348402 -0.7447493123517467 7.250930371948848
    endloop
  endfacet
  facet normal -0.49085256366347957 -0.4723982234043081 0.732054423707311
    outer loop
      vertex -17.580349199812574 -0.8756195784371782 7.088276380433471
      vertex -17.463718062348402 -0.7447493123517467 7.250930371948848
      vertex -17.569625017381345 -0.6347050788804854 7.250930371948848
    endloop
  endfacet
  facet normal -0.2696490354960374 -0.4958763943839031 0.8254671399570528
    outer loop
      vertex -17.20808019765853 -0.910298718451747 7.250930371948848
      vertex -17.23485404000098 -0.67149234090556 7.385640646055101
      vertex -17.34225411847536 -0.8373372531617294 7.250930371948848
    endloop
  endfacet
  facet normal -0.19079368640825212 -0.5312266654431735 0.8254671399570525
    outer loop
      vertex -17.06434122288132 -0.961923553314672 7.250930371948848
      vertex -17.127254909737072 -0.73000289318124 7.385640646055101
      vertex -17.20808019765853 -0.910298718451747 7.250930371948848
    endloop
  endfacet
  facet normal -0.10746629502028064 -0.5541254337113006 0.8254671399570531
    outer loop
      vertex -16.914406313885006 -0.9910017153764986 7.250930371948848
      vertex -16.89174674031872 -0.7947216718077401 7.385640646055101
      vertex -17.01198520175733 -0.7714027963625129 7.385640646055101
    endloop
  endfacet
  facet normal -0.1907936864082532 -0.5312266654431737 0.8254671399570522
    outer loop
      vertex -17.06434122288132 -0.961923553314672 7.250930371948848
      vertex -17.01198520175733 -0.7714027963625129 7.385640646055101
      vertex -17.127254909737072 -0.73000289318124 7.385640646055101
    endloop
  endfacet
  facet normal -0.2696490354960387 -0.49587639438390296 0.8254671399570523
    outer loop
      vertex -17.20808019765853 -0.910298718451747 7.250930371948848
      vertex -17.127254909737072 -0.73000289318124 7.385640646055101
      vertex -17.23485404000098 -0.67149234090556 7.385640646055101
    endloop
  endfacet
  facet normal -0.3421840397357347 -0.4489032009256101 0.8254671399570515
    outer loop
      vertex -17.34225411847536 -0.8373372531617294 7.250930371948848
      vertex -17.332260560132454 -0.5972425772895701 7.385640646055101
      vertex -17.463718062348402 -0.7447493123517467 7.250930371948848
    endloop
  endfacet
  facet normal -0.34218403973572975 -0.44890320092561115 0.825467139957053
    outer loop
      vertex -17.34225411847536 -0.8373372531617294 7.250930371948848
      vertex -17.23485404000098 -0.67149234090556 7.385640646055101
      vertex -17.332260560132454 -0.5972425772895701 7.385640646055101
    endloop
  endfacet
  facet normal -0.4066985401057542 -0.39140809691033995 0.8254671399570513
    outer loop
      vertex -17.569625017381345 -0.6347050788804854 7.250930371948848
      vertex -17.463718062348402 -0.7447493123517467 7.250930371948848
      vertex -17.417191343857557 -0.5089939538612478 7.385640646055101
    endloop
  endfacet
  facet normal -0.4066985401057551 -0.39140809691033956 0.8254671399570511
    outer loop
      vertex -17.463718062348402 -0.7447493123517467 7.250930371948848
      vertex -17.332260560132454 -0.5972425772895701 7.385640646055101
      vertex -17.417191343857557 -0.5089939538612478 7.385640646055101
    endloop
  endfacet
  facet normal -0.02161998476124817 -0.5640359714681735 0.8254671399570531
    outer loop
      vertex -16.914406313885006 -0.9910017153764986 7.250930371948848
      vertex -16.8 -0.8021070986430526 7.382997193437119
      vertex -16.89174674031872 -0.7947216718077401 7.385640646055101
    endloop
  endfacet
  facet normal -0.14701008183930814 -0.409320020133777 0.9004694092279227
    outer loop
      vertex -17.01198520175733 -0.7714027963625129 7.385640646055101
      vertex -17.039119287904548 -0.5334000095705325 7.489397997830727
      vertex -17.127254909737072 -0.73000289318124 7.385640646055101
    endloop
  endfacet
  facet normal -0.08280477789025689 -0.426963946725319 0.9004694092279228
    outer loop
      vertex -16.89174674031872 -0.7947216718077401 7.385640646055101
      vertex -16.95489378152108 -0.563650175644364 7.489397997830727
      vertex -17.01198520175733 -0.7714027963625129 7.385640646055101
    endloop
  endfacet
  facet normal -0.20776959407000833 -0.38208197919386383 0.9004694092279224
    outer loop
      vertex -17.23485404000098 -0.67149234090556 7.385640646055101
      vertex -17.127254909737072 -0.73000289318124 7.385640646055101
      vertex -17.117740040847647 -0.49064739936125157 7.489397997830727
    endloop
  endfacet
  facet normal -0.0828047778902588 -0.4269639467253193 0.9004694092279223
    outer loop
      vertex -16.89174674031872 -0.7947216718077401 7.385640646055101
      vertex -16.86703769618064 -0.5806888593288275 7.489397997830727
      vertex -16.95489378152108 -0.563650175644364 7.489397997830727
    endloop
  endfacet
  facet normal -0.14701008183930778 -0.409320020133777 0.9004694092279228
    outer loop
      vertex -17.01198520175733 -0.7714027963625129 7.385640646055101
      vertex -16.95489378152108 -0.563650175644364 7.489397997830727
      vertex -17.039119287904548 -0.5334000095705325 7.489397997830727
    endloop
  endfacet
  facet normal -0.021619984761242807 -0.5640359714681198 0.8254671399570901
    outer loop
      vertex -16.89174674031872 -0.7947216718077401 7.385640646055101
      vertex -16.8 -0.8021070986430526 7.382997193437119
      vertex -16.76935781304797 -0.7994129448406481 7.385640646055101
    endloop
  endfacet
  facet normal -0.021619984761235632 -0.5640359714681686 0.8254671399570567
    outer loop
      vertex -16.8 -0.8021070986430526 7.382997193437119
      vertex -16.76908962215769 -0.8064096800839733 7.380866849635636
      vertex -16.76935781304797 -0.7994129448406481 7.385640646055101
    endloop
  endfacet
  facet normal 0.06473307961634425 -0.560725984108554 0.8254671399570533
    outer loop
      vertex -16.76908962215769 -0.8064096800839733 7.380866849635636
      vertex -16.7464487835217 -0.7967682091332152 7.385640646055101
      vertex -16.76935781304797 -0.7994129448406481 7.385640646055101
    endloop
  endfacet
  facet normal -0.01665860012953629 -0.43460020028348184 0.9004694092279215
    outer loop
      vertex -16.89174674031872 -0.7947216718077401 7.385640646055101
      vertex -16.76935781304797 -0.7994129448406481 7.385640646055101
      vertex -16.8 -0.7399760268497985 7.413760247081013
    endloop
  endfacet
  facet normal 0.04987804109904522 -0.4320497934970407 0.9004694092279241
    outer loop
      vertex -16.76935781304797 -0.7994129448406481 7.385640646055101
      vertex -16.7464487835217 -0.7967682091332152 7.385640646055101
      vertex -16.77315944130782 -0.7002336386393027 7.433437957205252
    endloop
  endfacet
  facet normal -0.01665860012952215 -0.43460020028347596 0.9004694092279244
    outer loop
      vertex -16.76935781304797 -0.7994129448406481 7.385640646055101
      vertex -16.77315944130782 -0.7002336386393027 7.433437957205252
      vertex -16.8 -0.7399760268497985 7.413760247081013
    endloop
  endfacet
  facet normal -0.01665860012953853 -0.4346002002834787 0.9004694092279228
    outer loop
      vertex -16.89174674031872 -0.7947216718077401 7.385640646055101
      vertex -16.8 -0.7399760268497985 7.413760247081013
      vertex -16.8 -0.5874402265115202 7.487379726763567
    endloop
  endfacet
  facet normal -0.01665860012953717 -0.43460020028347923 0.9004694092279225
    outer loop
      vertex -16.89174674031872 -0.7947216718077401 7.385640646055101
      vertex -16.8 -0.5874402265115202 7.487379726763567
      vertex -16.86703769618064 -0.5806888593288275 7.489397997830727
    endloop
  endfacet
  facet normal -0.8262709387907143 -0.26148930741850895 0.4988984644350992
    outer loop
      vertex -18.137041333353878 -0.5388760704303593 6.694213982588093
      vertex -18.02614158139788 -0.49417945480977743 6.9013120929017955
      vertex -18.203630821972688 -0.3284622687424855 6.694213982588093
    endloop
  endfacet
  facet normal -0.776671237937156 -0.38455443092684005 0.4988984644350991
    outer loop
      vertex -17.93633558162622 -0.6755575157743337 6.9013120929017955
      vertex -18.02614158139788 -0.49417945480977743 6.9013120929017955
      vertex -18.137041333353878 -0.5388760704303593 6.694213982588093
    endloop
  endfacet
  facet normal -0.8262709387907149 -0.26148930741851406 0.4988984644350956
    outer loop
      vertex -18.203630821972688 -0.3284622687424855 6.694213982588093
      vertex -18.02614158139788 -0.49417945480977743 6.9013120929017955
      vertex -18.08720786173099 -0.30121824627156296 6.9013120929017955
    endloop
  endfacet
  facet normal -0.7014498286877093 -0.34730993825801737 0.6223696205802427
    outer loop
      vertex -17.93633558162622 -0.6755575157743337 6.9013120929017955
      vertex -17.808174574991995 -0.5993651192139361 7.088276380433471
      vertex -18.02614158139788 -0.49417945480977743 6.9013120929017955
    endloop
  endfacet
  facet normal -0.7014498286877094 -0.34730993825803375 0.6223696205802337
    outer loop
      vertex -18.02614158139788 -0.49417945480977743 6.9013120929017955
      vertex -17.808174574991995 -0.5993651192139361 7.088276380433471
      vertex -17.88785185265143 -0.43844368677571216 7.088276380433471
    endloop
  endfacet
  facet normal -0.7462457474333317 -0.2361637987001486 0.6223696205802336
    outer loop
      vertex -18.02614158139788 -0.49417945480977743 6.9013120929017955
      vertex -17.88785185265143 -0.43844368677571216 7.088276380433471
      vertex -18.08720786173099 -0.30121824627156296 6.9013120929017955
    endloop
  endfacet
  facet normal -0.7462457474333287 -0.23616379870012968 0.6223696205802443
    outer loop
      vertex -18.08720786173099 -0.30121824627156296 6.9013120929017955
      vertex -17.88785185265143 -0.43844368677571216 7.088276380433471
      vertex -17.942030804905187 -0.26724550592710217 7.088276380433471
    endloop
  endfacet
  facet normal -0.856503549153801 -0.132295096172329 0.498898464435096
    outer loop
      vertex -18.203630821972688 -0.3284622687424855 6.694213982588093
      vertex -18.08720786173099 -0.30121824627156296 6.9013120929017955
      vertex -18.237320393786774 -0.11034958986699729 6.694213982588093
    endloop
  endfacet
  facet normal -0.8565035491538023 -0.13229509617233456 0.4988984644350919
    outer loop
      vertex -18.08720786173099 -0.30121824627156296 6.9013120929017955
      vertex -18.11810308077192 -0.10119673734148985 6.9013120929017955
      vertex -18.237320393786774 -0.11034958986699729 6.694213982588093
    endloop
  endfacet
  facet normal -0.8666604422634664 0 0.4988984644350921
    outer loop
      vertex -18.237320393786774 -0.11034958986699729 6.694213982588093
      vertex -18.11810308077192 -0.10119673734148985 6.9013120929017955
      vertex -18.237320393786774 0.11034958986699729 6.694213982588093
    endloop
  endfacet
  facet normal -0.7735502983476763 -0.11948217986387735 0.6223696205802441
    outer loop
      vertex -18.08720786173099 -0.30121824627156296 6.9013120929017955
      vertex -17.942030804905187 -0.26724550592710217 7.088276380433471
      vertex -18.11810308077192 -0.10119673734148985 6.9013120929017955
    endloop
  endfacet
  facet normal -0.7735502983476757 -0.11948217986387553 0.6223696205802453
    outer loop
      vertex -17.942030804905187 -0.26724550592710217 7.088276380433471
      vertex -17.969441523032394 -0.08978331692634815 7.088276380433471
      vertex -18.11810308077192 -0.10119673734148985 6.9013120929017955
    endloop
  endfacet
  facet normal -0.7827234858995872 0 0.6223696205802453
    outer loop
      vertex -18.11810308077192 -0.10119673734148985 6.9013120929017955
      vertex -17.969441523032394 -0.08978331692634815 7.088276380433471
      vertex -18.11810308077192 0.10119673734148985 6.9013120929017955
    endloop
  endfacet
  facet normal -0.6105093379685307 -0.30228243247629816 0.7320544237073077
    outer loop
      vertex -17.808174574991995 -0.5993651192139361 7.088276380433471
      vertex -17.725261311137817 -0.3729138112854604 7.250930371948848
      vertex -17.88785185265143 -0.43844368677571216 7.088276380433471
    endloop
  endfacet
  facet normal -0.6105093379685261 -0.30228243247630165 0.7320544237073102
    outer loop
      vertex -17.808174574991995 -0.5993651192139361 7.088276380433471
      vertex -17.657492614310783 -0.5097838963113446 7.250930371948848
      vertex -17.725261311137817 -0.3729138112854604 7.250930371948848
    endloop
  endfacet
  facet normal -0.4616803713974001 -0.3247387188456008 0.8254671399570528
    outer loop
      vertex -17.569625017381345 -0.6347050788804854 7.250930371948848
      vertex -17.48765568558976 -0.4088149435576881 7.385640646055101
      vertex -17.657492614310783 -0.5097838963113446 7.250930371948848
    endloop
  endfacet
  facet normal -0.6494976241988493 -0.20554599701918377 0.732054423707309
    outer loop
      vertex -17.88785185265143 -0.43844368677571216 7.088276380433471
      vertex -17.7713426670469 -0.22730294259013484 7.250930371948848
      vertex -17.942030804905187 -0.26724550592710217 7.088276380433471
    endloop
  endfacet
  facet normal -0.6494976241988517 -0.2055459970191811 0.7320544237073073
    outer loop
      vertex -17.88785185265143 -0.43844368677571216 7.088276380433471
      vertex -17.725261311137817 -0.3729138112854604 7.250930371948848
      vertex -17.7713426670469 -0.22730294259013484 7.250930371948848
    endloop
  endfacet
  facet normal -0.5058408060856219 -0.2504577404469084 0.8254671399570532
    outer loop
      vertex -17.657492614310783 -0.5097838963113446 7.250930371948848
      vertex -17.542001960881677 -0.2990536574726149 7.385640646055101
      vertex -17.725261311137817 -0.3729138112854604 7.250930371948848
    endloop
  endfacet
  facet normal -0.505840806085623 -0.25045774044690766 0.8254671399570528
    outer loop
      vertex -17.657492614310783 -0.5097838963113446 7.250930371948848
      vertex -17.48765568558976 -0.4088149435576881 7.385640646055101
      vertex -17.542001960881677 -0.2990536574726149 7.385640646055101
    endloop
  endfacet
  facet normal -0.6732622366065977 -0.10399173760468206 0.7320544237073092
    outer loop
      vertex -17.942030804905187 -0.26724550592710217 7.088276380433471
      vertex -17.7713426670469 -0.22730294259013484 7.250930371948848
      vertex -17.794656574112274 -0.07636428557353697 7.250930371948848
    endloop
  endfacet
  facet normal -0.5381447610099955 -0.17030624489025503 0.8254671399570521
    outer loop
      vertex -17.725261311137817 -0.3729138112854604 7.250930371948848
      vertex -17.578956339102223 -0.18228280712250988 7.385640646055101
      vertex -17.7713426670469 -0.22730294259013484 7.250930371948848
    endloop
  endfacet
  facet normal -0.5381447610099925 -0.1703062448902582 0.8254671399570533
    outer loop
      vertex -17.725261311137817 -0.3729138112854604 7.250930371948848
      vertex -17.542001960881677 -0.2990536574726149 7.385640646055101
      vertex -17.578956339102223 -0.18228280712250988 7.385640646055101
    endloop
  endfacet
  facet normal -0.5578350588466328 -0.08616291529828128 0.8254671399570518
    outer loop
      vertex -17.7713426670469 -0.22730294259013484 7.250930371948848
      vertex -17.578956339102223 -0.18228280712250988 7.385640646055101
      vertex -17.597652640946993 -0.06123940226919632 7.385640646055101
    endloop
  endfacet
  facet normal -0.6732622366066064 -0.10399173760466998 0.7320544237073029
    outer loop
      vertex -17.942030804905187 -0.26724550592710217 7.088276380433471
      vertex -17.794656574112274 -0.07636428557353697 7.250930371948848
      vertex -17.969441523032394 -0.08978331692634815 7.088276380433471
    endloop
  endfacet
  facet normal -0.6812461528189122 0 0.7320544237073029
    outer loop
      vertex -17.969441523032394 -0.08978331692634815 7.088276380433471
      vertex -17.794656574112274 -0.07636428557353697 7.250930371948848
      vertex -17.969441523032394 0.08978331692634815 7.088276380433471
    endloop
  endfacet
  facet normal -0.5578350588466275 -0.08616291529828897 0.8254671399570545
    outer loop
      vertex -17.7713426670469 -0.22730294259013484 7.250930371948848
      vertex -17.597652640946993 -0.06123940226919632 7.385640646055101
      vertex -17.794656574112274 -0.07636428557353697 7.250930371948848
    endloop
  endfacet
  facet normal -0.5644501757029753 0 0.8254671399570549
    outer loop
      vertex -17.794656574112274 -0.07636428557353697 7.250930371948848
      vertex -17.597652640946993 -0.06123940226919632 7.385640646055101
      vertex -17.794656574112274 0.07636428557353697 7.250930371948848
    endloop
  endfacet
  facet normal -0.46168037139740536 -0.3247387188455979 0.825467139957051
    outer loop
      vertex -17.569625017381345 -0.6347050788804854 7.250930371948848
      vertex -17.417191343857557 -0.5089939538612478 7.385640646055101
      vertex -17.48765568558976 -0.4088149435576881 7.385640646055101
    endloop
  endfacet
  facet normal -0.2636591631130548 -0.3458882604993093 0.9004694092279235
    outer loop
      vertex -17.23485404000098 -0.67149234090556 7.385640646055101
      vertex -17.188913236537243 -0.43639442996439476 7.489397997830727
      vertex -17.332260560132454 -0.5972425772895701 7.385640646055101
    endloop
  endfacet
  facet normal -0.31336878483987235 -0.3015872141399516 0.9004694092279231
    outer loop
      vertex -17.332260560132454 -0.5972425772895701 7.385640646055101
      vertex -17.250970635589983 -0.3719127449999397 7.489397997830727
      vertex -17.417191343857557 -0.5089939538612478 7.385640646055101
    endloop
  endfacet
  facet normal -0.3133687848398689 -0.3015872141399532 0.9004694092279237
    outer loop
      vertex -17.332260560132454 -0.5972425772895701 7.385640646055101
      vertex -17.188913236537243 -0.43639442996439476 7.489397997830727
      vertex -17.250970635589983 -0.3719127449999397 7.489397997830727
    endloop
  endfacet
  facet normal -0.20776959407000553 -0.3820819791938642 0.9004694092279231
    outer loop
      vertex -17.127254909737072 -0.73000289318124 7.385640646055101
      vertex -17.039119287904548 -0.5334000095705325 7.489397997830727
      vertex -17.117740040847647 -0.49064739936125157 7.489397997830727
    endloop
  endfacet
  facet normal -0.2636591631130607 -0.3458882604993077 0.9004694092279224
    outer loop
      vertex -17.23485404000098 -0.67149234090556 7.385640646055101
      vertex -17.117740040847647 -0.49064739936125157 7.489397997830727
      vertex -17.188913236537243 -0.43639442996439476 7.489397997830727
    endloop
  endfacet
  facet normal -0.05626950673661035 -0.2901408745808181 0.9553282239676039
    outer loop
      vertex -16.95489378152108 -0.563650175644364 7.489397997830727
      vertex -16.86703769618064 -0.5806888593288275 7.489397997830727
      vertex -16.89434229015992 -0.34330654140619793 7.559884659490918
    endloop
  endfacet
  facet normal -0.09989984879096837 -0.27815104656003914 0.9553282239676041
    outer loop
      vertex -16.95489378152108 -0.563650175644364 7.489397997830727
      vertex -16.945642136312966 -0.3248818511630023 7.559884659490918
      vertex -17.039119287904548 -0.5334000095705325 7.489397997830727
    endloop
  endfacet
  facet normal -0.3557333078491136 -0.25021721909461503 0.9004694092279233
    outer loop
      vertex -17.417191343857557 -0.5089939538612478 7.385640646055101
      vertex -17.302457665169477 -0.29871374051131144 7.489397997830727
      vertex -17.48765568558976 -0.4088149435576881 7.385640646055101
    endloop
  endfacet
  facet normal -0.3557333078491153 -0.25021721909461403 0.900469409227923
    outer loop
      vertex -17.417191343857557 -0.5089939538612478 7.385640646055101
      vertex -17.250970635589983 -0.3719127449999397 7.489397997830727
      vertex -17.302457665169477 -0.29871374051131144 7.489397997830727
    endloop
  endfacet
  facet normal -0.3897597436279351 -0.19298234450799714 0.9004694092279221
    outer loop
      vertex -17.48765568558976 -0.4088149435576881 7.385640646055101
      vertex -17.342167512940772 -0.21851313912312428 7.489397997830727
      vertex -17.542001960881677 -0.2990536574726149 7.385640646055101
    endloop
  endfacet
  facet normal -0.38975974362792926 -0.19298234450800225 0.9004694092279235
    outer loop
      vertex -17.48765568558976 -0.4088149435576881 7.385640646055101
      vertex -17.302457665169477 -0.29871374051131144 7.489397997830727
      vertex -17.342167512940772 -0.21851313912312428 7.489397997830727
    endloop
  endfacet
  facet normal -0.14118862306084784 -0.2596415937577895 0.9553282239676042
    outer loop
      vertex -17.039119287904548 -0.5334000095705325 7.489397997830727
      vertex -16.99352825423139 -0.29884220568563413 7.559884659490918
      vertex -17.117740040847647 -0.49064739936125157 7.489397997830727
    endloop
  endfacet
  facet normal -0.17916805567211888 -0.23504636205986076 0.9553282239676043
    outer loop
      vertex -17.117740040847647 -0.49064739936125157 7.489397997830727
      vertex -17.036878233897568 -0.26579795219390284 7.559884659490918
      vertex -17.188913236537243 -0.43639442996439476 7.489397997830727
    endloop
  endfacet
  facet normal -0.14118862306084892 -0.25964159375778917 0.9553282239676041
    outer loop
      vertex -17.039119287904548 -0.5334000095705325 7.489397997830727
      vertex -16.945642136312966 -0.3248818511630023 7.559884659490918
      vertex -16.99352825423139 -0.29884220568563413 7.559884659490918
    endloop
  endfacet
  facet normal -0.09989984879097084 -0.278151046560039 0.9553282239676039
    outer loop
      vertex -16.95489378152108 -0.563650175644364 7.489397997830727
      vertex -16.89434229015992 -0.34330654140619793 7.559884659490918
      vertex -16.945642136312966 -0.3248818511630023 7.559884659490918
    endloop
  endfacet
  facet normal -0.21294794091422628 -0.20494184285131783 0.9553282239676043
    outer loop
      vertex -17.250970635589983 -0.3719127449999397 7.489397997830727
      vertex -17.188913236537243 -0.43639442996439476 7.489397997830727
      vertex -17.074675988529872 -0.22652361998264411 7.559884659490918
    endloop
  endfacet
  facet normal -0.17916805567212257 -0.2350463620598594 0.9553282239676041
    outer loop
      vertex -17.117740040847647 -0.49064739936125157 7.489397997830727
      vertex -16.99352825423139 -0.29884220568563413 7.559884659490918
      vertex -17.036878233897568 -0.26579795219390284 7.559884659490918
    endloop
  endfacet
  facet normal -0.21294794091422345 -0.2049418428513193 0.9553282239676044
    outer loop
      vertex -17.188913236537243 -0.43639442996439476 7.489397997830727
      vertex -17.036878233897568 -0.26579795219390284 7.559884659490918
      vertex -17.074675988529872 -0.22652361998264411 7.559884659490918
    endloop
  endfacet
  facet normal -0.016658600129535347 -0.4346002002834632 0.9004694092279304
    outer loop
      vertex -16.8 -0.5874402265115202 7.487379726763567
      vertex -16.77761030406024 -0.5841166883196776 7.489397997830727
      vertex -16.86703769618064 -0.5806888593288275 7.489397997830727
    endloop
  endfacet
  facet normal -0.016658600129536648 -0.4346002002834565 0.9004694092279337
    outer loop
      vertex -16.8 -0.5874402265115202 7.487379726763567
      vertex -16.77738640719679 -0.5899578526996722 7.486582975604387
      vertex -16.77761030406024 -0.5841166883196776 7.489397997830727
    endloop
  endfacet
  facet normal 0.04987804109904063 -0.4320497934970055 0.900469409227941
    outer loop
      vertex -16.77761030406024 -0.5841166883196776 7.489397997830727
      vertex -16.77738640719679 -0.5899578526996722 7.486582975604387
      vertex -16.751156816191514 -0.581062762186651 7.489397997830727
    endloop
  endfacet
  facet normal 0.03389433365006102 -0.29359693226823885 0.9553282239676045
    outer loop
      vertex -16.77761030406024 -0.5841166883196776 7.489397997830727
      vertex -16.751156816191514 -0.581062762186651 7.489397997830727
      vertex -16.782369806671205 -0.4599477442373258 7.5277271713193885
    endloop
  endfacet
  facet normal -0.011320255136167617 -0.2953300464134242 0.955328223967604
    outer loop
      vertex -16.86703769618064 -0.5806888593288275 7.489397997830727
      vertex -16.77761030406024 -0.5841166883196776 7.489397997830727
      vertex -16.84083114068634 -0.3536844172919638 7.559884659490918
    endloop
  endfacet
  facet normal -0.011320255136144361 -0.29533004641342314 0.9553282239676049
    outer loop
      vertex -16.77761030406024 -0.5841166883196776 7.489397997830727
      vertex -16.782369806671205 -0.4599477442373258 7.5277271713193885
      vertex -16.8 -0.48845112017801223 7.51870673058511
    endloop
  endfacet
  facet normal -0.011320255136270477 -0.29533004641344995 0.955328223967595
    outer loop
      vertex -16.77761030406024 -0.5841166883196776 7.489397997830727
      vertex -16.8 -0.48845112017801223 7.51870673058511
      vertex -16.84083114068634 -0.3536844172919638 7.559884659490918
    endloop
  endfacet
  facet normal -0.05626950673661028 -0.2901408745808181 0.955328223967604
    outer loop
      vertex -16.89434229015992 -0.34330654140619793 7.559884659490918
      vertex -16.86703769618064 -0.5806888593288275 7.489397997830727
      vertex -16.84083114068634 -0.3536844172919638 7.559884659490918
    endloop
  endfacet
  facet normal -0.011320255136161132 -0.2953300464134198 0.9553282239676056
    outer loop
      vertex -16.8 -0.48845112017801223 7.51870673058511
      vertex -16.8 -0.3586954585331015 7.5588193794262
      vertex -16.84083114068634 -0.3536844172919638 7.559884659490918
    endloop
  endfacet
  facet normal -0.011320255136185373 -0.29533004641342553 0.9553282239676035
    outer loop
      vertex -16.8 -0.3586954585331015 7.5588193794262
      vertex -16.78621040208627 -0.35975183800174215 7.558656211598658
      vertex -16.786362943881944 -0.3557722302054173 7.559884659490918
    endloop
  endfacet
  facet normal -0.011320255136170255 -0.29533004641348903 0.9553282239675841
    outer loop
      vertex -16.8 -0.3586954585331015 7.5588193794262
      vertex -16.786362943881944 -0.3557722302054173 7.559884659490918
      vertex -16.84083114068634 -0.3536844172919638 7.559884659490918
    endloop
  endfacet
  facet normal 0.033894333650060636 -0.29359693226822736 0.955328223967608
    outer loop
      vertex -16.78621040208627 -0.35975183800174215 7.558656211598658
      vertex -16.751943153517267 -0.35179863330924926 7.559884659490918
      vertex -16.786362943881944 -0.3557722302054173 7.559884659490918
    endloop
  endfacet
  facet normal -0.41465054136116286 -0.13122412733034314 0.900469409227923
    outer loop
      vertex -17.578956339102223 -0.18228280712250988 7.385640646055101
      vertex -17.542001960881677 -0.2990536574726149 7.385640646055101
      vertex -17.369169413728606 -0.13319077495703954 7.489397997830727
    endloop
  endfacet
  facet normal -0.4146505413611664 -0.1312241273303389 0.9004694092279217
    outer loop
      vertex -17.542001960881677 -0.2990536574726149 7.385640646055101
      vertex -17.342167512940772 -0.21851313912312428 7.489397997830727
      vertex -17.369169413728606 -0.13319077495703954 7.489397997830727
    endloop
  endfacet
  facet normal -0.24173650690762158 -0.17003366054698063 0.9553282239676035
    outer loop
      vertex -17.250970635589983 -0.3719127449999397 7.489397997830727
      vertex -17.10603557079561 -0.18193976611150942 7.559884659490918
      vertex -17.302457665169477 -0.29871374051131144 7.489397997830727
    endloop
  endfacet
  facet normal -0.26485897406544706 -0.13114003335328422 0.9553282239676049
    outer loop
      vertex -17.302457665169477 -0.29871374051131144 7.489397997830727
      vertex -17.130221938665613 -0.13309139832771602 7.559884659490918
      vertex -17.342167512940772 -0.21851313912312428 7.489397997830727
    endloop
  endfacet
  facet normal -0.24173650690761317 -0.17003366054698726 0.9553282239676044
    outer loop
      vertex -17.250970635589983 -0.3719127449999397 7.489397997830727
      vertex -17.074675988529872 -0.22652361998264411 7.559884659490918
      vertex -17.10603557079561 -0.18193976611150942 7.559884659490918
    endloop
  endfacet
  facet normal -0.050523750461926885 -0.14067322660846093 0.9887660966855738
    outer loop
      vertex -16.89434229015992 -0.34330654140619793 7.559884659490918
      vertex -16.848911580062538 -0.10910636905158907 7.595526075489889
      vertex -16.945642136312966 -0.3248818511630023 7.559884659490918
    endloop
  endfacet
  facet normal -0.07140530086802413 -0.13131218166309347 0.9887660966855739
    outer loop
      vertex -16.945642136312966 -0.3248818511630023 7.559884659490918
      vertex -16.864993366211415 -0.10036137095687918 7.595526075489889
      vertex -16.99352825423139 -0.29884220568563413 7.559884659490918
    endloop
  endfacet
  facet normal -0.26485897406546194 -0.13114003335326793 0.9553282239676031
    outer loop
      vertex -17.302457665169477 -0.29871374051131144 7.489397997830727
      vertex -17.10603557079561 -0.18193976611150942 7.559884659490918
      vertex -17.130221938665613 -0.13309139832771602 7.559884659490918
    endloop
  endfacet
  facet normal -0.09061317154210874 -0.11887329047458388 0.9887660966855738
    outer loop
      vertex -16.99352825423139 -0.29884220568563413 7.559884659490918
      vertex -16.87955176294212 -0.08926398738929359 7.595526075489889
      vertex -17.036878233897568 -0.26579795219390284 7.559884659490918
    endloop
  endfacet
  facet normal -0.10769714627539988 -0.10364811010968698 0.9887660966855737
    outer loop
      vertex -17.074675988529872 -0.22652361998264411 7.559884659490918
      vertex -17.036878233897568 -0.26579795219390284 7.559884659490918
      vertex -16.892245533774414 -0.07607433161395032 7.595526075489889
    endloop
  endfacet
  facet normal -0.12225679117986836 -0.08599350589187721 0.988766096685574
    outer loop
      vertex -17.074675988529872 -0.22652361998264411 7.559884659490918
      vertex -16.90277714747872 -0.06110155798318956 7.595526075489889
      vertex -17.10603557079561 -0.18193976611150942 7.559884659490918
    endloop
  endfacet
  facet normal -0.07140530086803165 -0.1313121816630908 0.9887660966855738
    outer loop
      vertex -16.945642136312966 -0.3248818511630023 7.559884659490918
      vertex -16.848911580062538 -0.10910636905158907 7.595526075489889
      vertex -16.864993366211415 -0.10036137095687918 7.595526075489889
    endloop
  endfacet
  facet normal -0.09061317154210506 -0.11887329047458574 0.988766096685574
    outer loop
      vertex -16.99352825423139 -0.29884220568563413 7.559884659490918
      vertex -16.864993366211415 -0.10036137095687918 7.595526075489889
      vertex -16.87955176294212 -0.08926398738929359 7.595526075489889
    endloop
  endfacet
  facet normal -0.42982228184638266 -0.06639012782849768 0.9004694092279228
    outer loop
      vertex -17.578956339102223 -0.18228280712250988 7.385640646055101
      vertex -17.369169413728606 -0.13319077495703954 7.489397997830727
      vertex -17.38283046586427 -0.04474653191322784 7.489397997830727
    endloop
  endfacet
  facet normal -0.42982228184638427 -0.06639012782849499 0.9004694092279224
    outer loop
      vertex -17.578956339102223 -0.18228280712250988 7.385640646055101
      vertex -17.38283046586427 -0.04474653191322784 7.489397997830727
      vertex -17.597652640946993 -0.06123940226919632 7.385640646055101
    endloop
  endfacet
  facet normal -0.4349193523456002 0 0.9004694092279225
    outer loop
      vertex -17.597652640946993 -0.06123940226919632 7.385640646055101
      vertex -17.38283046586427 -0.04474653191322784 7.489397997830727
      vertex -17.597652640946993 0.06123940226919632 7.385640646055101
    endloop
  endfacet
  facet normal -0.2817733713552542 -0.08917259492690399 0.9553282239676038
    outer loop
      vertex -17.342167512940772 -0.21851313912312428 7.489397997830727
      vertex -17.146668184176438 -0.08112348097015924 7.559884659490918
      vertex -17.369169413728606 -0.13319077495703954 7.489397997830727
    endloop
  endfacet
  facet normal -0.2920832396405181 -0.04511502645464698 0.9553282239676039
    outer loop
      vertex -17.369169413728606 -0.13319077495703954 7.489397997830727
      vertex -17.146668184176438 -0.08112348097015924 7.559884659490918
      vertex -17.154988821272493 -0.02725409797573601 7.559884659490918
    endloop
  endfacet
  facet normal -0.29208323964051874 -0.04511502645464575 0.9553282239676038
    outer loop
      vertex -17.369169413728606 -0.13319077495703954 7.489397997830727
      vertex -17.154988821272493 -0.02725409797573601 7.559884659490918
      vertex -17.38283046586427 -0.04474653191322784 7.489397997830727
    endloop
  endfacet
  facet normal -0.2955469243468859 0 0.9553282239676038
    outer loop
      vertex -17.38283046586427 -0.04474653191322784 7.489397997830727
      vertex -17.154988821272493 -0.02725409797573601 7.559884659490918
      vertex -17.38283046586427 0.04474653191322784 7.489397997830727
    endloop
  endfacet
  facet normal -0.28177337135524433 -0.08917259492691901 0.9553282239676054
    outer loop
      vertex -17.342167512940772 -0.21851313912312428 7.489397997830727
      vertex -17.130221938665613 -0.13309139832771602 7.559884659490918
      vertex -17.146668184176438 -0.08112348097015924 7.559884659490918
    endloop
  endfacet
  facet normal -0.1339508405191367 -0.06632328678067068 0.9887660966855739
    outer loop
      vertex -17.10603557079561 -0.18193976611150942 7.559884659490918
      vertex -16.910899751955995 -0.04469661562058195 7.595526075489889
      vertex -17.130221938665613 -0.13309139832771602 7.559884659490918
    endloop
  endfacet
  facet normal -0.14250519568809622 -0.045098506040355896 0.9887660966855737
    outer loop
      vertex -17.130221938665613 -0.13309139832771602 7.559884659490918
      vertex -16.916422960241697 -0.02724402247092257 7.595526075489889
      vertex -17.146668184176438 -0.08112348097015924 7.559884659490918
    endloop
  endfacet
  facet normal -0.10769714627539177 -0.10364811010969346 0.9887660966855739
    outer loop
      vertex -17.036878233897568 -0.26579795219390284 7.559884659490918
      vertex -16.87955176294212 -0.08926398738929359 7.595526075489889
      vertex -16.892245533774414 -0.07607433161395032 7.595526075489889
    endloop
  endfacet
  facet normal -0.12225679117987798 -0.08599350589186702 0.9887660966855736
    outer loop
      vertex -17.074675988529872 -0.22652361998264411 7.559884659490918
      vertex -16.892245533774414 -0.07607433161395032 7.595526075489889
      vertex -16.90277714747872 -0.06110155798318956 7.595526075489889
    endloop
  endfacet
  facet normal -0.13395084051913791 -0.06632328678066897 0.9887660966855738
    outer loop
      vertex -17.10603557079561 -0.18193976611150942 7.559884659490918
      vertex -16.90277714747872 -0.06110155798318956 7.595526075489889
      vertex -16.910899751955995 -0.04469661562058195 7.595526075489889
    endloop
  endfacet
  facet normal -0.14771934985193302 -0.022816654542162022 0.9887660966855739
    outer loop
      vertex -17.146668184176438 -0.08112348097015924 7.559884659490918
      vertex -16.919217313014855 -0.009152852525507446 7.595526075489889
      vertex -17.154988821272493 -0.02725409797573601 7.559884659490918
    endloop
  endfacet
  facet normal -0.14947108765635608 0 0.988766096685574
    outer loop
      vertex -17.154988821272493 -0.02725409797573601 7.559884659490918
      vertex -16.919217313014855 -0.009152852525507446 7.595526075489889
      vertex -17.154988821272493 0.02725409797573601 7.559884659490918
    endloop
  endfacet
  facet normal -0.14250519568809006 -0.0450985060403688 0.9887660966855741
    outer loop
      vertex -17.130221938665613 -0.13309139832771602 7.559884659490918
      vertex -16.910899751955995 -0.04469661562058195 7.595526075489889
      vertex -16.916422960241697 -0.02724402247092257 7.595526075489889
    endloop
  endfacet
  facet normal -0.147719349851937 -0.022816654542149605 0.9887660966855737
    outer loop
      vertex -17.146668184176438 -0.08112348097015924 7.559884659490918
      vertex -16.916422960241697 -0.02724402247092257 7.595526075489889
      vertex -16.919217313014855 -0.009152852525507446 7.595526075489889
    endloop
  endfacet
  facet normal 0 0 1
    outer loop
      vertex -16.87955176294212 -0.08926398738929359 7.595526075489889
      vertex -16.892245533774414 0.07607433161395032 7.595526075489889
      vertex -16.892245533774414 -0.07607433161395032 7.595526075489889
    endloop
  endfacet
  facet normal 0 0 1
    outer loop
      vertex -16.87955176294212 -0.08926398738929359 7.595526075489889
      vertex -16.864993366211415 -0.10036137095687918 7.595526075489889
      vertex -16.87955176294212 0.08926398738929359 7.595526075489889
    endloop
  endfacet
  facet normal 0 0 1
    outer loop
      vertex -16.892245533774414 -0.07607433161395032 7.595526075489889
      vertex -16.90277714747872 0.06110155798318956 7.595526075489889
      vertex -16.90277714747872 -0.06110155798318956 7.595526075489889
    endloop
  endfacet
  facet normal 0 0 1
    outer loop
      vertex -16.90277714747872 -0.06110155798318956 7.595526075489889
      vertex -16.910899751955995 0.04469661562058195 7.595526075489889
      vertex -16.910899751955995 -0.04469661562058195 7.595526075489889
    endloop
  endfacet
  facet normal 0 0 1
    outer loop
      vertex -16.916422960241697 -0.02724402247092257 7.595526075489889
      vertex -16.919217313014855 0.009152852525507446 7.595526075489889
      vertex -16.919217313014855 -0.009152852525507446 7.595526075489889
    endloop
  endfacet
  facet normal 0 0 1
    outer loop
      vertex -16.910899751955995 -0.04469661562058195 7.595526075489889
      vertex -16.916422960241697 0.02724402247092257 7.595526075489889
      vertex -16.916422960241697 -0.02724402247092257 7.595526075489889
    endloop
  endfacet
  facet normal -0.02845796616694344 -0.1467370103512249 0.9887660966855738
    outer loop
      vertex -16.89434229015992 -0.34330654140619793 7.559884659490918
      vertex -16.84083114068634 -0.3536844172919638 7.559884659490918
      vertex -16.831683347932525 -0.1152940063299999 7.595526075489889
    endloop
  endfacet
  facet normal -0.0057251512648613875 -0.1493614029398789 0.9887660966855738
    outer loop
      vertex -16.84083114068634 -0.3536844172919638 7.559884659490918
      vertex -16.786362943881944 -0.3557722302054173 7.559884659490918
      vertex -16.813712484980535 -0.11877924981870393 7.595526075489889
    endloop
  endfacet
  facet normal 0.017141856330455493 -0.14848489083647826 0.9887660966855736
    outer loop
      vertex -16.786362943881944 -0.3557722302054173 7.559884659490918
      vertex -16.751943153517267 -0.35179863330924926 7.559884659490918
      vertex -16.79285635286531 -0.18636802920713494 7.585436985224021
    endloop
  endfacet
  facet normal -0.005725151264922235 -0.14936140293988256 0.9887660966855729
    outer loop
      vertex -16.786362943881944 -0.3557722302054173 7.559884659490918
      vertex -16.79285635286531 -0.18636802920713494 7.585436985224021
      vertex -16.8 -0.1985297003714342 7.583558499772458
    endloop
  endfacet
  facet normal -0.005725151264810313 -0.14936140293987316 0.988766096685575
    outer loop
      vertex -16.786362943881944 -0.3557722302054173 7.559884659490918
      vertex -16.8 -0.1985297003714342 7.583558499772458
      vertex -16.813712484980535 -0.11877924981870393 7.595526075489889
    endloop
  endfacet
  facet normal -0.05052375046192463 -0.14067322660846143 0.9887660966855738
    outer loop
      vertex -16.89434229015992 -0.34330654140619793 7.559884659490918
      vertex -16.831683347932525 -0.1152940063299999 7.595526075489889
      vertex -16.848911580062538 -0.10910636905158907 7.595526075489889
    endloop
  endfacet
  facet normal -0.028457966166941448 -0.14673701035122502 0.9887660966855739
    outer loop
      vertex -16.84083114068634 -0.3536844172919638 7.559884659490918
      vertex -16.813712484980535 -0.11877924981870393 7.595526075489889
      vertex -16.831683347932525 -0.1152940063299999 7.595526075489889
    endloop
  endfacet
  facet normal -0.00572515126486099 -0.1493614029398817 0.9887660966855735
    outer loop
      vertex -16.8 -0.1985297003714342 7.583558499772458
      vertex -16.8 -0.12076650534043107 7.595305281893985
      vertex -16.813712484980535 -0.11877924981870393 7.595526075489889
    endloop
  endfacet
  facet normal -0.005725151264874588 -0.14936140293983832 0.9887660966855798
    outer loop
      vertex -16.795420213002764 -0.11948040836428128 7.595526075489889
      vertex -16.8 -0.12076650534043107 7.595305281893985
      vertex -16.795364104485124 -0.12094420320981647 7.595305281893985
    endloop
  endfacet
  facet normal -0.005725151264861378 -0.1493614029398842 0.988766096685573
    outer loop
      vertex -16.813712484980535 -0.11877924981870393 7.595526075489889
      vertex -16.8 -0.12076650534043107 7.595305281893985
      vertex -16.795420213002764 -0.11948040836428128 7.595526075489889
    endloop
  endfacet
  facet normal 0.017141856330449998 -0.14848489083641755 0.9887660966855829
    outer loop
      vertex -16.795420213002764 -0.11948040836428128 7.595526075489889
      vertex -16.795364104485124 -0.12094420320981647 7.595305281893985
      vertex -16.77695638916556 -0.11881912226991508 7.595305281893985
    endloop
  endfacet
  facet normal 0.01714185633044946 -0.14848489083640173 0.9887660966855851
    outer loop
      vertex -16.795420213002764 -0.11948040836428128 7.595526075489889
      vertex -16.77695638916556 -0.11881912226991508 7.595305281893985
      vertex -16.777235287350564 -0.11738104740469807 7.595526075489889
    endloop
  endfacet
  facet normal 0.039607073342124925 -0.14412801874173548 0.988766096685588
    outer loop
      vertex -16.777235287350564 -0.11738104740469807 7.595526075489889
      vertex -16.77695638916556 -0.11881912226991508 7.595305281893985
      vertex -16.75908879655309 -0.11390902181042464 7.595305281893985
    endloop
  endfacet
  facet normal 0.039607073342137845 -0.14412801874180367 0.9887660966855776
    outer loop
      vertex -16.777235287350564 -0.11738104740469807 7.595526075489889
      vertex -16.75908879655309 -0.11390902181042464 7.595305281893985
      vertex -16.759583947268386 -0.11253037418151113 7.595526075489889
    endloop
  endfacet
  facet normal 0.06114393412410952 -0.1363929080450898 0.9887660966855761
    outer loop
      vertex -16.759583947268386 -0.11253037418151113 7.595526075489889
      vertex -16.75908879655309 -0.11390902181042464 7.595305281893985
      vertex -16.742180127874693 -0.10632899042450743 7.595305281893985
    endloop
  endfacet
  facet normal 0.06114393412412689 -0.13639290804513884 0.9887660966855684
    outer loop
      vertex -16.759583947268386 -0.11253037418151113 7.595526075489889
      vertex -16.742180127874693 -0.10632899042450743 7.595305281893985
      vertex -16.742879925207184 -0.1050420843638319 7.595526075489889
    endloop
  endfacet
  facet normal 0.08124763291340409 -0.12546086318512154 0.9887660966855675
    outer loop
      vertex -16.742879925207184 -0.1050420843638319 7.595526075489889
      vertex -16.742180127874693 -0.10632899042450743 7.595305281893985
      vertex -16.72662670799306 -0.09625669762331375 7.595305281893985
    endloop
  endfacet
  facet normal 0.08124763291340771 -0.12546086318512825 0.9887660966855664
    outer loop
      vertex -16.742879925207184 -0.1050420843638319 7.595526075489889
      vertex -16.72662670799306 -0.09625669762331375 7.595305281893985
      vertex -16.727514749286392 -0.09509169711820675 7.595526075489889
    endloop
  endfacet
  facet normal 0.0994469560495024 -0.11158812202775133 0.9887660966855649
    outer loop
      vertex -16.727514749286392 -0.09509169711820675 7.595526075489889
      vertex -16.72662670799306 -0.09625669762331375 7.595305281893985
      vertex -16.712793095887747 -0.08392822941322312 7.595305281893985
    endloop
  endfacet
  facet normal 0.09944695604939754 -0.11158812202761251 0.9887660966855911
    outer loop
      vertex -16.727514749286392 -0.09509169711820675 7.595526075489889
      vertex -16.712793095887747 -0.08392822941322312 7.595305281893985
      vertex -16.71384856620668 -0.08291244108811587 7.595526075489889
    endloop
  endfacet
  facet normal 0.11531532682300828 -0.09509984986758808 0.9887660966855938
    outer loop
      vertex -16.71384856620668 -0.08291244108811587 7.595526075489889
      vertex -16.712793095887747 -0.08392822941322312 7.595305281893985
      vertex -16.701003539701688 -0.06963255463995523 7.595305281893985
    endloop
  endfacet
  facet normal 0 0 1
    outer loop
      vertex -16.831683347932525 -0.1152940063299999 7.595526075489889
      vertex -16.848911580062538 0.10910636905158909 7.595526075489889
      vertex -16.848911580062538 -0.10910636905158907 7.595526075489889
    endloop
  endfacet
  facet normal 0 0 1
    outer loop
      vertex -16.831683347932525 -0.1152940063299999 7.595526075489889
      vertex -16.813712484980535 -0.11877924981870393 7.595526075489889
      vertex -16.831683347932525 0.1152940063299999 7.595526075489889
    endloop
  endfacet
  facet normal 0 0 1
    outer loop
      vertex -16.813712484980535 -0.11877924981870393 7.595526075489889
      vertex -16.795420213002764 -0.11948040836428128 7.595526075489889
      vertex -16.813712484980535 0.11877924981870391 7.595526075489889
    endloop
  endfacet
  facet normal 0 0 1
    outer loop
      vertex -16.795420213002764 -0.11948040836428128 7.595526075489889
      vertex -16.777235287350564 -0.11738104740469807 7.595526075489889
      vertex -16.795420213002764 0.11948040836428128 7.595526075489889
    endloop
  endfacet
  facet normal 0.1153153268231976 -0.09509984986777187 0.988766096685554
    outer loop
      vertex -16.71384856620668 -0.08291244108811587 7.595526075489889
      vertex -16.701003539701688 -0.06963255463995523 7.595305281893985
      vertex -16.70220169971651 -0.06878978771224599 7.595526075489889
    endloop
  endfacet
  facet normal 0 0 1
    outer loop
      vertex -16.777235287350564 -0.11738104740469807 7.595526075489889
      vertex -16.759583947268386 -0.11253037418151113 7.595526075489889
      vertex -16.777235287350564 0.11738104740469808 7.595526075489889
    endloop
  endfacet
  facet normal 0 0 1
    outer loop
      vertex -16.848911580062538 -0.10910636905158907 7.595526075489889
      vertex -16.864993366211415 0.10036137095687919 7.595526075489889
      vertex -16.864993366211415 -0.10036137095687918 7.595526075489889
    endloop
  endfacet
  facet normal 0 0 1
    outer loop
      vertex -16.759583947268386 -0.11253037418151113 7.595526075489889
      vertex -16.742879925207184 -0.1050420843638319 7.595526075489889
      vertex -16.759583947268386 0.11253037418151113 7.595526075489889
    endloop
  endfacet
  facet normal 0 0 1
    outer loop
      vertex -16.742879925207184 -0.1050420843638319 7.595526075489889
      vertex -16.727514749286392 -0.09509169711820675 7.595526075489889
      vertex -16.742879925207184 0.10504208436383192 7.595526075489889
    endloop
  endfacet
  facet normal 0 0 1
    outer loop
      vertex -16.727514749286392 -0.09509169711820675 7.595526075489889
      vertex -16.71384856620668 -0.08291244108811587 7.595526075489889
      vertex -16.727514749286392 0.09509169711820674 7.595526075489889
    endloop
  endfacet
  facet normal 0 0 1
    outer loop
      vertex -16.71384856620668 -0.08291244108811587 7.595526075489889
      vertex -16.70220169971651 -0.06878978771224599 7.595526075489889
      vertex -16.71384856620668 0.08291244108811589 7.595526075489889
    endloop
  endfacet
  facet normal 0.12848080407285323 -0.07638251782974419 0.9887660966855517
    outer loop
      vertex -16.70220169971651 -0.06878978771224599 7.595526075489889
      vertex -16.701003539701688 -0.06963255463995523 7.595305281893985
      vertex -16.69153437663951 -0.05370475180374326 7.595305281893985
    endloop
  endfacet
  facet normal 0.12848080407284712 -0.07638251782973984 0.9887660966855529
    outer loop
      vertex -16.70220169971651 -0.06878978771224599 7.595526075489889
      vertex -16.69153437663951 -0.05370475180374326 7.595305281893985
      vertex -16.692847142494994 -0.05305476001592138 7.595526075489889
    endloop
  endfacet
  facet normal 0.13863480017029942 -0.05587484431262462 0.9887660966855513
    outer loop
      vertex -16.692847142494994 -0.05305476001592138 7.595526075489889
      vertex -16.69153437663951 -0.05370475180374326 7.595305281893985
      vertex -16.6846075558577 -0.03651815510328852 7.595305281893985
    endloop
  endfacet
  facet normal 0.13863480017029878 -0.055874844312624294 0.9887660966855515
    outer loop
      vertex -16.692847142494994 -0.05305476001592138 7.595526075489889
      vertex -16.6846075558577 -0.03651815510328852 7.595305281893985
      vertex -16.68600415743484 -0.036076173711953076 7.595526075489889
    endloop
  endfacet
  facet normal 0.14553931405317785 -0.03405751180210977 0.9887660966855506
    outer loop
      vertex -16.68600415743484 -0.036076173711953076 7.595526075489889
      vertex -16.6846075558577 -0.03651815510328852 7.595305281893985
      vertex -16.680385436164485 -0.018475603798565575 7.595305281893985
    endloop
  endfacet
  facet normal 0.14553931405304252 -0.03405751180206629 0.988766096685572
    outer loop
      vertex -16.68600415743484 -0.036076173711953076 7.595526075489889
      vertex -16.680385436164485 -0.018475603798565575 7.595305281893985
      vertex -16.681833138306022 -0.01825199247292341 7.595526075489889
    endloop
  endfacet
  facet normal 0 0 1
    outer loop
      vertex -16.70220169971651 -0.06878978771224599 7.595526075489889
      vertex -16.692847142494994 -0.05305476001592138 7.595526075489889
      vertex -16.70220169971651 0.06878978771224599 7.595526075489889
    endloop
  endfacet
  facet normal 0 0 1
    outer loop
      vertex -16.692847142494994 -0.05305476001592138 7.595526075489889
      vertex -16.68600415743484 -0.036076173711953076 7.595526075489889
      vertex -16.692847142494994 0.05305476001592143 7.595526075489889
    endloop
  endfacet
  facet normal 0.14903250976790475 -0.011441900080746354 0.9887660966855719
    outer loop
      vertex -16.681833138306022 -0.01825199247292341 7.595526075489889
      vertex -16.680385436164485 -0.018475603798565575 7.595305281893985
      vertex -16.678966980466974 0 7.595305281893985
    endloop
  endfacet
  facet normal 0 0 1
    outer loop
      vertex -16.68600415743484 -0.036076173711953076 7.595526075489889
      vertex -16.681833138306022 -0.01825199247292341 7.595526075489889
      vertex -16.68600415743484 0.036076173711953076 7.595526075489889
    endloop
  endfacet
  facet normal 0.1490325097678543 -0.011441900080738334 0.9887660966855795
    outer loop
      vertex -16.681833138306022 -0.01825199247292341 7.595526075489889
      vertex -16.678966980466974 0 7.595305281893985
      vertex -16.680431850261723 0 7.595526075489889
    endloop
  endfacet
  facet normal -0.9972201140774092 0 0.07451203982873555
    outer loop
      vertex -18.37748703997654 -0.12111081748676482 6.238467625881879
      vertex -18.37748703997654 0.12111081748676482 6.238467625881879
      vertex -18.395305281893986 0.12247880453839265 6
    endloop
  endfacet
  facet normal -0.9855331169427111 0.15222493662257003 0.07451203982873554
    outer loop
      vertex -18.395305281893986 0.12247880453839265 6
      vertex -18.37748703997654 0.12111081748676482 6.238467625881879
      vertex -18.340512080775508 0.3604937175471744 6.238467625881879
    endloop
  endfacet
  facet normal -0.9855331169427098 0.1522249366225871 0.07451203982871817
    outer loop
      vertex -18.395305281893986 0.12247880453839265 6
      vertex -18.340512080775508 0.3604937175471744 6.238467625881879
      vertex -18.357912678204446 0.36456561424501976 6
    endloop
  endfacet
  facet normal -0.9507460588460068 0.30088184975061033 0.07451203982871842
    outer loop
      vertex -18.357912678204446 0.36456561424501976 6
      vertex -18.340512080775508 0.3604937175471744 6.238467625881879
      vertex -18.267428824078586 0.5914269504085847 6.238467625881879
    endloop
  endfacet
  facet normal -0.9507460588460112 0.30088184975059157 0.0745120398287379
    outer loop
      vertex -18.357912678204446 0.36456561424501976 6
      vertex -18.267428824078586 0.5914269504085847 6.238467625881879
      vertex -18.284003921763354 0.5981073149452298 6
    endloop
  endfacet
  facet normal -0.9750693809883882 0 0.22190020788390727
    outer loop
      vertex -18.324430344304886 -0.11703741490208418 6.471608279057446
      vertex -18.324430344304886 0.11703741490208418 6.471608279057446
      vertex -18.37748703997654 0.12111081748676482 6.238467625881879
    endloop
  endfacet
  facet normal -0.9636419810584458 0.1488436430716236 0.22190020788390727
    outer loop
      vertex -18.37748703997654 0.12111081748676482 6.238467625881879
      vertex -18.324430344304886 0.11703741490208418 6.471608279057446
      vertex -18.288698989081624 0.3483689868972614 6.471608279057446
    endloop
  endfacet
  facet normal -0.9636419810584447 0.14884364307160736 0.22190020788392273
    outer loop
      vertex -18.37748703997654 0.12111081748676482 6.238467625881879
      vertex -18.288698989081624 0.3483689868972614 6.471608279057446
      vertex -18.340512080775508 0.3604937175471744 6.238467625881879
    endloop
  endfacet
  facet normal -0.9312379943422452 0 0.3644115776061905
    outer loop
      vertex -18.237320393786774 -0.11034958986699729 6.694213982588093
      vertex -18.237320393786774 0.11034958986699729 6.694213982588093
      vertex -18.324430344304886 0.11703741490208418 6.471608279057446
    endloop
  endfacet
  facet normal -0.9203242796889162 0.1421528132737619 0.36441157760619053
    outer loop
      vertex -18.324430344304886 0.11703741490208418 6.471608279057446
      vertex -18.237320393786774 0.11034958986699729 6.694213982588093
      vertex -18.203630821972688 0.3284622687424855 6.694213982588093
    endloop
  endfacet
  facet normal -0.9203242796889175 0.14215281327376927 0.3644115776061843
    outer loop
      vertex -18.324430344304886 0.11703741490208418 6.471608279057446
      vertex -18.203630821972688 0.3284622687424855 6.694213982588093
      vertex -18.288698989081624 0.3483689868972614 6.471608279057446
    endloop
  endfacet
  facet normal -0.929627629837561 0.29419851730365776 0.22190020788392262
    outer loop
      vertex -18.340512080775508 0.3604937175471744 6.238467625881879
      vertex -18.288698989081624 0.3483689868972614 6.471608279057446
      vertex -18.218073791317043 0.5715350851034282 6.471608279057446
    endloop
  endfacet
  facet normal -0.9296276298375601 0.29419851730366764 0.2219002078839131
    outer loop
      vertex -18.340512080775508 0.3604937175471744 6.238467625881879
      vertex -18.218073791317043 0.5715350851034282 6.471608279057446
      vertex -18.267428824078586 0.5914269504085847 6.238467625881879
    endloop
  endfacet
  facet normal -0.8878389439503676 0.28097368508753257 0.3644115776061843
    outer loop
      vertex -18.288698989081624 0.3483689868972614 6.471608279057446
      vertex -18.203630821972688 0.3284622687424855 6.694213982588093
      vertex -18.137041333353878 0.5388760704303593 6.694213982588093
    endloop
  endfacet
  facet normal -0.8878389439503674 0.28097368508752746 0.36441157760618864
    outer loop
      vertex -18.288698989081624 0.3483689868972614 6.471608279057446
      vertex -18.137041333353878 0.5388760704303593 6.694213982588093
      vertex -18.218073791317043 0.5715350851034282 6.471608279057446
    endloop
  endfacet
  facet normal -0.8936743189449525 0.4424863473360911 0.07451203982873743
    outer loop
      vertex -18.284003921763354 0.5981073149452298 6
      vertex -18.267428824078586 0.5914269504085847 6.238467625881879
      vertex -18.159950279480263 0.8084976368226561 6.238467625881879
    endloop
  endfacet
  facet normal -0.8936743189449455 0.4424863473361087 0.07451203982871818
    outer loop
      vertex -18.284003921763354 0.5981073149452298 6
      vertex -18.159950279480263 0.8084976368226561 6.238467625881879
      vertex -18.17531137117952 0.8176298871153762 6
    endloop
  endfacet
  facet normal -0.8156556104510478 0.5737193399740782 0.07451203982871889
    outer loop
      vertex -18.17531137117952 0.8176298871153762 6
      vertex -18.159950279480263 0.8084976368226561 6.238467625881879
      vertex -18.020595652971327 1.006617823880425 6.238467625881879
    endloop
  endfacet
  facet normal -0.8156556104510504 0.573719339974074 0.074512039828724
    outer loop
      vertex -18.17531137117952 0.8176298871153762 6
      vertex -18.020595652971327 1.006617823880425 6.238467625881879
      vertex -18.03438268771511 1.0179879077224956 6
    endloop
  endfacet
  facet normal -0.7185186257658169 0.69150483754502 0.0745120398287245
    outer loop
      vertex -18.03438268771511 1.0179879077224956 6
      vertex -18.020595652971327 1.006617823880425 6.238467625881879
      vertex -17.852631298885647 1.1811437423161415 6.238467625881879
    endloop
  endfacet
  facet normal -0.7185186257658125 0.6915048375450252 0.0745120398287175
    outer loop
      vertex -18.03438268771511 1.0179879077224956 6
      vertex -17.852631298885647 1.1811437423161415 6.238467625881879
      vertex -17.864521120264904 1.1944851545791402 6
    endloop
  endfacet
  facet normal -0.8738235948891327 0.4326576276411975 0.2219002078839132
    outer loop
      vertex -18.267428824078586 0.5914269504085847 6.238467625881879
      vertex -18.218073791317043 0.5715350851034282 6.471608279057446
      vertex -18.114210145787602 0.7813048853254456 6.471608279057446
    endloop
  endfacet
  facet normal -0.873823594889133 0.4326576276411959 0.22190020788391468
    outer loop
      vertex -18.267428824078586 0.5914269504085847 6.238467625881879
      vertex -18.114210145787602 0.7813048853254456 6.471608279057446
      vertex -18.159950279480263 0.8084976368226561 6.238467625881879
    endloop
  endfacet
  facet normal -0.7975378754950273 0.5609756098904423 0.2219002078839148
    outer loop
      vertex -18.159950279480263 0.8084976368226561 6.238467625881879
      vertex -18.114210145787602 0.7813048853254456 6.471608279057446
      vertex -17.979542528313765 0.972761561238748 6.471608279057446
    endloop
  endfacet
  facet normal -0.8345434158630165 0.41320877186509103 0.36441157760618875
    outer loop
      vertex -18.218073791317043 0.5715350851034282 6.471608279057446
      vertex -18.137041333353878 0.5388760704303593 6.694213982588093
      vertex -18.03911272910494 0.7366590737575233 6.694213982588093
    endloop
  endfacet
  facet normal -0.834543415863017 0.4132087718650875 0.3644115776061918
    outer loop
      vertex -18.218073791317043 0.5715350851034282 6.471608279057446
      vertex -18.03911272910494 0.7366590737575233 6.694213982588093
      vertex -18.114210145787602 0.7813048853254456 6.471608279057446
    endloop
  endfacet
  facet normal -0.7616868974340332 0.5357585952496544 0.36441157760619197
    outer loop
      vertex -18.114210145787602 0.7813048853254456 6.471608279057446
      vertex -18.03911272910494 0.7366590737575233 6.694213982588093
      vertex -17.91214037270903 0.9171754127590891 6.694213982588093
    endloop
  endfacet
  facet normal -0.7616868974340314 0.5357585952496605 0.3644115776061867
    outer loop
      vertex -18.114210145787602 0.7813048853254456 6.471608279057446
      vertex -17.91214037270903 0.9171754127590891 6.694213982588093
      vertex -17.979542528313765 0.972761561238748 6.471608279057446
    endloop
  endfacet
  facet normal -0.797537875495028 0.5609756098904405 0.2219002078839164
    outer loop
      vertex -18.159950279480263 0.8084976368226561 6.238467625881879
      vertex -17.979542528313765 0.972761561238748 6.471608279057446
      vertex -18.020595652971327 1.006617823880425 6.238467625881879
    endloop
  endfacet
  facet normal -0.7025585442610836 0.6761447993047214 0.22190020788391615
    outer loop
      vertex -18.020595652971327 1.006617823880425 6.238467625881879
      vertex -17.979542528313765 0.972761561238748 6.471608279057446
      vertex -17.81722743371014 1.141417530631081 6.471608279057446
    endloop
  endfacet
  facet normal -0.7025585442610869 0.6761447993047159 0.221900207883922
    outer loop
      vertex -18.020595652971327 1.006617823880425 6.238467625881879
      vertex -17.81722743371014 1.141417530631081 6.471608279057446
      vertex -17.852631298885647 1.1811437423161415 6.238467625881879
    endloop
  endfacet
  facet normal -0.670977083705077 0.6457506912494946 0.36441157760618714
    outer loop
      vertex -17.979542528313765 0.972761561238748 6.471608279057446
      vertex -17.91214037270903 0.9171754127590891 6.694213982588093
      vertex -17.75910038858329 1.076193937447414 6.694213982588093
    endloop
  endfacet
  facet normal -0.6709770837050756 0.6457506912494975 0.3644115776061845
    outer loop
      vertex -17.979542528313765 0.972761561238748 6.471608279057446
      vertex -17.75910038858329 1.076193937447414 6.694213982588093
      vertex -17.81722743371014 1.141417530631081 6.471608279057446
    endloop
  endfacet
  facet normal -0.5645401358278751 0.7406069383593537 0.36441157760618526
    outer loop
      vertex -17.81722743371014 1.141417530631081 6.471608279057446
      vertex -17.75910038858329 1.076193937447414 6.694213982588093
      vertex -17.631069390222343 1.2833196405260594 6.471608279057446
    endloop
  endfacet
  facet normal -0.564540135827878 0.7406069383593529 0.3644115776061828
    outer loop
      vertex -17.75910038858329 1.076193937447414 6.694213982588093
      vertex -17.58357990424495 1.2099873883816554 6.694213982588093
      vertex -17.631069390222343 1.2833196405260594 6.471608279057446
    endloop
  endfacet
  facet normal -0.8666604422634664 0 0.49889846443509206
    outer loop
      vertex -18.11810308077192 -0.10119673734148985 6.9013120929017955
      vertex -18.11810308077192 0.10119673734148985 6.9013120929017955
      vertex -18.237320393786774 0.11034958986699729 6.694213982588093
    endloop
  endfacet
  facet normal -0.856503549153801 0.132295096172329 0.49889846443509595
    outer loop
      vertex -18.237320393786774 0.11034958986699729 6.694213982588093
      vertex -18.08720786173099 0.30121824627156296 6.9013120929017955
      vertex -18.203630821972688 0.3284622687424855 6.694213982588093
    endloop
  endfacet
  facet normal -0.8565035491538024 0.13229509617233456 0.49889846443509195
    outer loop
      vertex -18.237320393786774 0.11034958986699729 6.694213982588093
      vertex -18.11810308077192 0.10119673734148985 6.9013120929017955
      vertex -18.08720786173099 0.30121824627156296 6.9013120929017955
    endloop
  endfacet
  facet normal -0.7827234858995873 0 0.6223696205802454
    outer loop
      vertex -17.969441523032394 -0.08978331692634815 7.088276380433471
      vertex -17.969441523032394 0.08978331692634815 7.088276380433471
      vertex -18.11810308077192 0.10119673734148985 6.9013120929017955
    endloop
  endfacet
  facet normal -0.7735502983476762 0.11948217986387732 0.6223696205802441
    outer loop
      vertex -18.11810308077192 0.10119673734148985 6.9013120929017955
      vertex -17.942030804905187 0.26724550592710217 7.088276380433471
      vertex -18.08720786173099 0.30121824627156296 6.9013120929017955
    endloop
  endfacet
  facet normal -0.7735502983476757 0.11948217986387549 0.6223696205802453
    outer loop
      vertex -18.11810308077192 0.10119673734148985 6.9013120929017955
      vertex -17.969441523032394 0.08978331692634815 7.088276380433471
      vertex -17.942030804905187 0.26724550592710217 7.088276380433471
    endloop
  endfacet
  facet normal -0.8262709387907149 0.26148930741851406 0.4988984644350956
    outer loop
      vertex -18.203630821972688 0.3284622687424855 6.694213982588093
      vertex -18.08720786173099 0.30121824627156296 6.9013120929017955
      vertex -18.02614158139788 0.49417945480977743 6.9013120929017955
    endloop
  endfacet
  facet normal -0.8262709387907144 0.261489307418509 0.4988984644350992
    outer loop
      vertex -18.203630821972688 0.3284622687424855 6.694213982588093
      vertex -18.02614158139788 0.49417945480977743 6.9013120929017955
      vertex -18.137041333353878 0.5388760704303593 6.694213982588093
    endloop
  endfacet
  facet normal -0.776671237937156 0.38455443092684016 0.49889846443509916
    outer loop
      vertex -18.137041333353878 0.5388760704303593 6.694213982588093
      vertex -18.02614158139788 0.49417945480977743 6.9013120929017955
      vertex -17.93633558162622 0.6755575157743337 6.9013120929017955
    endloop
  endfacet
  facet normal -0.7462457474333317 0.2361637987001486 0.6223696205802336
    outer loop
      vertex -18.08720786173099 0.30121824627156296 6.9013120929017955
      vertex -17.88785185265143 0.43844368677571216 7.088276380433471
      vertex -18.02614158139788 0.49417945480977743 6.9013120929017955
    endloop
  endfacet
  facet normal -0.7462457474333287 0.23616379870012968 0.6223696205802443
    outer loop
      vertex -17.942030804905187 0.26724550592710217 7.088276380433471
      vertex -17.88785185265143 0.43844368677571216 7.088276380433471
      vertex -18.08720786173099 0.30121824627156296 6.9013120929017955
    endloop
  endfacet
  facet normal -0.7014498286877093 0.3473099382580174 0.6223696205802428
    outer loop
      vertex -18.02614158139788 0.49417945480977743 6.9013120929017955
      vertex -17.808174574991995 0.5993651192139361 7.088276380433471
      vertex -17.93633558162622 0.6755575157743337 6.9013120929017955
    endloop
  endfacet
  facet normal -0.7014498286877094 0.3473099382580337 0.6223696205802337
    outer loop
      vertex -17.88785185265143 0.43844368677571216 7.088276380433471
      vertex -17.808174574991995 0.5993651192139361 7.088276380433471
      vertex -18.02614158139788 0.49417945480977743 6.9013120929017955
    endloop
  endfacet
  facet normal -0.6732622366066064 0.10399173760466998 0.7320544237073029
    outer loop
      vertex -17.969441523032394 0.08978331692634815 7.088276380433471
      vertex -17.794656574112274 0.07636428557353697 7.250930371948848
      vertex -17.942030804905187 0.26724550592710217 7.088276380433471
    endloop
  endfacet
  facet normal -0.6812461528189122 0 0.7320544237073029
    outer loop
      vertex -17.794656574112274 -0.07636428557353697 7.250930371948848
      vertex -17.794656574112274 0.07636428557353697 7.250930371948848
      vertex -17.969441523032394 0.08978331692634815 7.088276380433471
    endloop
  endfacet
  facet normal -0.5644501757029754 0 0.8254671399570549
    outer loop
      vertex -17.597652640946993 -0.06123940226919632 7.385640646055101
      vertex -17.597652640946993 0.06123940226919632 7.385640646055101
      vertex -17.794656574112274 0.07636428557353697 7.250930371948848
    endloop
  endfacet
  facet normal -0.5578350588466275 0.08616291529828897 0.8254671399570545
    outer loop
      vertex -17.794656574112274 0.07636428557353697 7.250930371948848
      vertex -17.597652640946993 0.06123940226919632 7.385640646055101
      vertex -17.7713426670469 0.22730294259013484 7.250930371948848
    endloop
  endfacet
  facet normal -0.6732622366065977 0.10399173760468206 0.7320544237073092
    outer loop
      vertex -17.942030804905187 0.26724550592710217 7.088276380433471
      vertex -17.794656574112274 0.07636428557353697 7.250930371948848
      vertex -17.7713426670469 0.22730294259013484 7.250930371948848
    endloop
  endfacet
  facet normal -0.5578350588466328 0.08616291529828128 0.8254671399570518
    outer loop
      vertex -17.7713426670469 0.22730294259013484 7.250930371948848
      vertex -17.597652640946993 0.06123940226919632 7.385640646055101
      vertex -17.578956339102223 0.18228280712250988 7.385640646055101
    endloop
  endfacet
  facet normal -0.5381447610099955 0.17030624489025503 0.8254671399570521
    outer loop
      vertex -17.7713426670469 0.22730294259013484 7.250930371948848
      vertex -17.578956339102223 0.18228280712250988 7.385640646055101
      vertex -17.725261311137817 0.3729138112854604 7.250930371948848
    endloop
  endfacet
  facet normal -0.5381447610099925 0.1703062448902582 0.8254671399570533
    outer loop
      vertex -17.578956339102223 0.18228280712250988 7.385640646055101
      vertex -17.542001960881677 0.2990536574726149 7.385640646055101
      vertex -17.725261311137817 0.3729138112854604 7.250930371948848
    endloop
  endfacet
  facet normal -0.6494976241988493 0.20554599701918377 0.732054423707309
    outer loop
      vertex -17.942030804905187 0.26724550592710217 7.088276380433471
      vertex -17.7713426670469 0.22730294259013484 7.250930371948848
      vertex -17.88785185265143 0.43844368677571216 7.088276380433471
    endloop
  endfacet
  facet normal -0.6494976241988517 0.2055459970191811 0.7320544237073073
    outer loop
      vertex -17.88785185265143 0.43844368677571216 7.088276380433471
      vertex -17.7713426670469 0.22730294259013484 7.250930371948848
      vertex -17.725261311137817 0.3729138112854604 7.250930371948848
    endloop
  endfacet
  facet normal -0.5058408060856219 0.2504577404469084 0.8254671399570532
    outer loop
      vertex -17.725261311137817 0.3729138112854604 7.250930371948848
      vertex -17.542001960881677 0.2990536574726149 7.385640646055101
      vertex -17.657492614310783 0.5097838963113446 7.250930371948848
    endloop
  endfacet
  facet normal -0.505840806085623 0.25045774044690766 0.8254671399570528
    outer loop
      vertex -17.657492614310783 0.5097838963113446 7.250930371948848
      vertex -17.542001960881677 0.2990536574726149 7.385640646055101
      vertex -17.48765568558976 0.4088149435576881 7.385640646055101
    endloop
  endfacet
  facet normal -0.6105093379685307 0.30228243247629816 0.7320544237073077
    outer loop
      vertex -17.88785185265143 0.43844368677571216 7.088276380433471
      vertex -17.725261311137817 0.3729138112854604 7.250930371948848
      vertex -17.808174574991995 0.5993651192139361 7.088276380433471
    endloop
  endfacet
  facet normal -0.6105093379685261 0.30228243247630165 0.7320544237073102
    outer loop
      vertex -17.808174574991995 0.5993651192139361 7.088276380433471
      vertex -17.725261311137817 0.3729138112854604 7.250930371948848
      vertex -17.657492614310783 0.5097838963113446 7.250930371948848
    endloop
  endfacet
  facet normal -0.4616803713974001 0.3247387188456008 0.8254671399570528
    outer loop
      vertex -17.657492614310783 0.5097838963113446 7.250930371948848
      vertex -17.48765568558976 0.4088149435576881 7.385640646055101
      vertex -17.569625017381345 0.6347050788804854 7.250930371948848
    endloop
  endfacet
  facet normal -0.43491935234560014 0 0.9004694092279224
    outer loop
      vertex -17.38283046586427 -0.04474653191322784 7.489397997830727
      vertex -17.38283046586427 0.04474653191322784 7.489397997830727
      vertex -17.597652640946993 0.06123940226919632 7.385640646055101
    endloop
  endfacet
  facet normal -0.42982228184638427 0.06639012782849499 0.9004694092279224
    outer loop
      vertex -17.597652640946993 0.06123940226919632 7.385640646055101
      vertex -17.38283046586427 0.04474653191322784 7.489397997830727
      vertex -17.578956339102223 0.18228280712250988 7.385640646055101
    endloop
  endfacet
  facet normal -0.42982228184638266 0.06639012782849768 0.9004694092279228
    outer loop
      vertex -17.578956339102223 0.18228280712250988 7.385640646055101
      vertex -17.38283046586427 0.04474653191322784 7.489397997830727
      vertex -17.369169413728606 0.13319077495703954 7.489397997830727
    endloop
  endfacet
  facet normal -0.29208323964051874 0.04511502645464575 0.9553282239676038
    outer loop
      vertex -17.38283046586427 0.04474653191322784 7.489397997830727
      vertex -17.154988821272493 0.02725409797573601 7.559884659490918
      vertex -17.369169413728606 0.13319077495703954 7.489397997830727
    endloop
  endfacet
  facet normal -0.2955469243468859 0 0.9553282239676038
    outer loop
      vertex -17.154988821272493 -0.02725409797573601 7.559884659490918
      vertex -17.154988821272493 0.02725409797573601 7.559884659490918
      vertex -17.38283046586427 0.04474653191322784 7.489397997830727
    endloop
  endfacet
  facet normal -0.2817733713552542 0.08917259492690399 0.9553282239676038
    outer loop
      vertex -17.369169413728606 0.13319077495703954 7.489397997830727
      vertex -17.146668184176438 0.08112348097015924 7.559884659490918
      vertex -17.342167512940772 0.21851313912312428 7.489397997830727
    endloop
  endfacet
  facet normal -0.2920832396405181 0.04511502645464698 0.9553282239676039
    outer loop
      vertex -17.369169413728606 0.13319077495703954 7.489397997830727
      vertex -17.154988821272493 0.02725409797573601 7.559884659490918
      vertex -17.146668184176438 0.08112348097015924 7.559884659490918
    endloop
  endfacet
  facet normal -0.14771934985193302 0.022816654542162022 0.988766096685574
    outer loop
      vertex -17.154988821272493 0.02725409797573601 7.559884659490918
      vertex -16.919217313014855 0.009152852525507446 7.595526075489889
      vertex -17.146668184176438 0.08112348097015924 7.559884659490918
    endloop
  endfacet
  facet normal -0.14947108765635608 0 0.988766096685574
    outer loop
      vertex -16.919217313014855 -0.009152852525507446 7.595526075489889
      vertex -16.919217313014855 0.009152852525507446 7.595526075489889
      vertex -17.154988821272493 0.02725409797573601 7.559884659490918
    endloop
  endfacet
  facet normal 0 0 1
    outer loop
      vertex -16.916422960241697 -0.02724402247092257 7.595526075489889
      vertex -16.916422960241697 0.02724402247092257 7.595526075489889
      vertex -16.919217313014855 0.009152852525507446 7.595526075489889
    endloop
  endfacet
  facet normal 0 0 1
    outer loop
      vertex -16.910899751955995 -0.04469661562058195 7.595526075489889
      vertex -16.910899751955995 0.04469661562058195 7.595526075489889
      vertex -16.916422960241697 0.02724402247092257 7.595526075489889
    endloop
  endfacet
  facet normal 0 0 1
    outer loop
      vertex -16.90277714747872 -0.06110155798318956 7.595526075489889
      vertex -16.90277714747872 0.06110155798318956 7.595526075489889
      vertex -16.910899751955995 0.04469661562058195 7.595526075489889
    endloop
  endfacet
  facet normal 0 0 1
    outer loop
      vertex -16.892245533774414 -0.07607433161395032 7.595526075489889
      vertex -16.892245533774414 0.07607433161395032 7.595526075489889
      vertex -16.90277714747872 0.06110155798318956 7.595526075489889
    endloop
  endfacet
  facet normal 0 0 1
    outer loop
      vertex -16.87955176294212 -0.08926398738929359 7.595526075489889
      vertex -16.87955176294212 0.08926398738929359 7.595526075489889
      vertex -16.892245533774414 0.07607433161395032 7.595526075489889
    endloop
  endfacet
  facet normal -0.14771934985193694 0.022816654542149477 0.9887660966855737
    outer loop
      vertex -16.919217313014855 0.009152852525507446 7.595526075489889
      vertex -16.916422960241697 0.02724402247092257 7.595526075489889
      vertex -17.146668184176438 0.08112348097015924 7.559884659490918
    endloop
  endfacet
  facet normal -0.14250519568809003 0.04509850604036848 0.9887660966855739
    outer loop
      vertex -16.916422960241697 0.02724402247092257 7.595526075489889
      vertex -16.910899751955995 0.04469661562058195 7.595526075489889
      vertex -17.130221938665613 0.13309139832771602 7.559884659490918
    endloop
  endfacet
  facet normal -0.1425051956880962 0.04509850604035596 0.9887660966855737
    outer loop
      vertex -16.916422960241697 0.02724402247092257 7.595526075489889
      vertex -17.130221938665613 0.13309139832771602 7.559884659490918
      vertex -17.146668184176438 0.08112348097015924 7.559884659490918
    endloop
  endfacet
  facet normal -0.2817733713552443 0.08917259492691902 0.9553282239676054
    outer loop
      vertex -17.146668184176438 0.08112348097015924 7.559884659490918
      vertex -17.130221938665613 0.13309139832771602 7.559884659490918
      vertex -17.342167512940772 0.21851313912312428 7.489397997830727
    endloop
  endfacet
  facet normal -0.13395084051913672 0.06632328678067073 0.9887660966855739
    outer loop
      vertex -16.910899751955995 0.04469661562058195 7.595526075489889
      vertex -17.10603557079561 0.18193976611150942 7.559884659490918
      vertex -17.130221938665613 0.13309139832771602 7.559884659490918
    endloop
  endfacet
  facet normal -0.13395084051913786 0.06632328678066897 0.9887660966855738
    outer loop
      vertex -16.910899751955995 0.04469661562058195 7.595526075489889
      vertex -16.90277714747872 0.06110155798318956 7.595526075489889
      vertex -17.10603557079561 0.18193976611150942 7.559884659490918
    endloop
  endfacet
  facet normal -0.12225679117987823 0.08599350589186688 0.9887660966855736
    outer loop
      vertex -16.90277714747872 0.06110155798318956 7.595526075489889
      vertex -16.892245533774414 0.07607433161395032 7.595526075489889
      vertex -17.074675988529872 0.22652361998264411 7.559884659490918
    endloop
  endfacet
  facet normal -0.10769714627539174 0.10364811010969328 0.9887660966855739
    outer loop
      vertex -16.892245533774414 0.07607433161395032 7.595526075489889
      vertex -16.87955176294212 0.08926398738929359 7.595526075489889
      vertex -17.036878233897568 0.26579795219390284 7.559884659490918
    endloop
  endfacet
  facet normal -0.41465054136116286 0.13122412733034314 0.900469409227923
    outer loop
      vertex -17.578956339102223 0.18228280712250988 7.385640646055101
      vertex -17.369169413728606 0.13319077495703954 7.489397997830727
      vertex -17.542001960881677 0.2990536574726149 7.385640646055101
    endloop
  endfacet
  facet normal -0.41465054136116636 0.13122412733033886 0.900469409227922
    outer loop
      vertex -17.369169413728606 0.13319077495703954 7.489397997830727
      vertex -17.342167512940772 0.21851313912312428 7.489397997830727
      vertex -17.542001960881677 0.2990536574726149 7.385640646055101
    endloop
  endfacet
  facet normal -0.264858974065447 0.13114003335328428 0.9553282239676049
    outer loop
      vertex -17.130221938665613 0.13309139832771602 7.559884659490918
      vertex -17.302457665169477 0.29871374051131144 7.489397997830727
      vertex -17.342167512940772 0.21851313912312428 7.489397997830727
    endloop
  endfacet
  facet normal -0.24173650690762158 0.17003366054698063 0.9553282239676035
    outer loop
      vertex -17.302457665169477 0.29871374051131144 7.489397997830727
      vertex -17.10603557079561 0.18193976611150942 7.559884659490918
      vertex -17.250970635589983 0.3719127449999397 7.489397997830727
    endloop
  endfacet
  facet normal -0.264858974065462 0.13114003335326788 0.955328223967603
    outer loop
      vertex -17.130221938665613 0.13309139832771602 7.559884659490918
      vertex -17.10603557079561 0.18193976611150942 7.559884659490918
      vertex -17.302457665169477 0.29871374051131144 7.489397997830727
    endloop
  endfacet
  facet normal -0.12225679117986832 0.08599350589187724 0.9887660966855739
    outer loop
      vertex -16.90277714747872 0.06110155798318956 7.595526075489889
      vertex -17.074675988529872 0.22652361998264411 7.559884659490918
      vertex -17.10603557079561 0.18193976611150942 7.559884659490918
    endloop
  endfacet
  facet normal -0.09061317154210521 0.1188732904745858 0.988766096685574
    outer loop
      vertex -16.87955176294212 0.08926398738929359 7.595526075489889
      vertex -16.864993366211415 0.10036137095687919 7.595526075489889
      vertex -16.99352825423139 0.29884220568563413 7.559884659490918
    endloop
  endfacet
  facet normal -0.07140530086803153 0.13131218166309075 0.9887660966855738
    outer loop
      vertex -16.864993366211415 0.10036137095687919 7.595526075489889
      vertex -16.848911580062538 0.10910636905158909 7.595526075489889
      vertex -16.945642136312966 0.32488185116300233 7.559884659490918
    endloop
  endfacet
  facet normal -0.10769714627539985 0.1036481101096871 0.9887660966855737
    outer loop
      vertex -16.892245533774414 0.07607433161395032 7.595526075489889
      vertex -17.036878233897568 0.26579795219390284 7.559884659490918
      vertex -17.074675988529872 0.22652361998264411 7.559884659490918
    endloop
  endfacet
  facet normal -0.09061317154210873 0.11887329047458395 0.9887660966855738
    outer loop
      vertex -16.87955176294212 0.08926398738929359 7.595526075489889
      vertex -16.99352825423139 0.29884220568563413 7.559884659490918
      vertex -17.036878233897568 0.26579795219390284 7.559884659490918
    endloop
  endfacet
  facet normal -0.24173650690761322 0.17003366054698738 0.9553282239676045
    outer loop
      vertex -17.10603557079561 0.18193976611150942 7.559884659490918
      vertex -17.074675988529872 0.22652361998264411 7.559884659490918
      vertex -17.250970635589983 0.3719127449999397 7.489397997830727
    endloop
  endfacet
  facet normal -0.07140530086802425 0.1313121816630934 0.9887660966855739
    outer loop
      vertex -16.99352825423139 0.29884220568563413 7.559884659490918
      vertex -16.864993366211415 0.10036137095687919 7.595526075489889
      vertex -16.945642136312966 0.32488185116300233 7.559884659490918
    endloop
  endfacet
  facet normal -0.05052375046192671 0.140673226608461 0.9887660966855738
    outer loop
      vertex -16.848911580062538 0.10910636905158909 7.595526075489889
      vertex -16.89434229015992 0.34330654140619793 7.559884659490918
      vertex -16.945642136312966 0.32488185116300233 7.559884659490918
    endloop
  endfacet
  facet normal 0 0 1
    outer loop
      vertex -16.864993366211415 -0.10036137095687918 7.595526075489889
      vertex -16.864993366211415 0.10036137095687919 7.595526075489889
      vertex -16.87955176294212 0.08926398738929359 7.595526075489889
    endloop
  endfacet
  facet normal 0 0 1
    outer loop
      vertex -16.848911580062538 -0.10910636905158907 7.595526075489889
      vertex -16.848911580062538 0.10910636905158909 7.595526075489889
      vertex -16.864993366211415 0.10036137095687919 7.595526075489889
    endloop
  endfacet
  facet normal 0 0 1
    outer loop
      vertex -16.831683347932525 -0.1152940063299999 7.595526075489889
      vertex -16.831683347932525 0.1152940063299999 7.595526075489889
      vertex -16.848911580062538 0.10910636905158909 7.595526075489889
    endloop
  endfacet
  facet normal 0 0 1
    outer loop
      vertex -16.70220169971651 -0.06878978771224599 7.595526075489889
      vertex -16.70220169971651 0.06878978771224599 7.595526075489889
      vertex -16.71384856620668 0.08291244108811589 7.595526075489889
    endloop
  endfacet
  facet normal 0 0 1
    outer loop
      vertex -16.727514749286392 -0.09509169711820675 7.595526075489889
      vertex -16.727514749286392 0.09509169711820674 7.595526075489889
      vertex -16.742879925207184 0.10504208436383192 7.595526075489889
    endloop
  endfacet
  facet normal 0 0 1
    outer loop
      vertex -16.71384856620668 -0.08291244108811587 7.595526075489889
      vertex -16.71384856620668 0.08291244108811589 7.595526075489889
      vertex -16.727514749286392 0.09509169711820674 7.595526075489889
    endloop
  endfacet
  facet normal 0 0 1
    outer loop
      vertex -16.813712484980535 -0.11877924981870393 7.595526075489889
      vertex -16.813712484980535 0.11877924981870391 7.595526075489889
      vertex -16.831683347932525 0.1152940063299999 7.595526075489889
    endloop
  endfacet
  facet normal 0 0 1
    outer loop
      vertex -16.795420213002764 -0.11948040836428128 7.595526075489889
      vertex -16.795420213002764 0.11948040836428128 7.595526075489889
      vertex -16.813712484980535 0.11877924981870391 7.595526075489889
    endloop
  endfacet
  facet normal 0 0 1
    outer loop
      vertex -16.777235287350564 -0.11738104740469807 7.595526075489889
      vertex -16.777235287350564 0.11738104740469808 7.595526075489889
      vertex -16.795420213002764 0.11948040836428128 7.595526075489889
    endloop
  endfacet
  facet normal 0 0 1
    outer loop
      vertex -16.759583947268386 -0.11253037418151113 7.595526075489889
      vertex -16.759583947268386 0.11253037418151113 7.595526075489889
      vertex -16.777235287350564 0.11738104740469808 7.595526075489889
    endloop
  endfacet
  facet normal 0 0 1
    outer loop
      vertex -16.742879925207184 -0.1050420843638319 7.595526075489889
      vertex -16.742879925207184 0.10504208436383192 7.595526075489889
      vertex -16.759583947268386 0.11253037418151113 7.595526075489889
    endloop
  endfacet
  facet normal 0.11531532682320887 0.09509984986775304 0.9887660966855545
    outer loop
      vertex -16.70220169971651 0.06878978771224599 7.595526075489889
      vertex -16.701003539701688 0.06963255463995525 7.595305281893985
      vertex -16.712793095887747 0.08392822941322321 7.595305281893985
    endloop
  endfacet
  facet normal 0 0 1
    outer loop
      vertex -16.681833138306022 -0.01825199247292341 7.595526075489889
      vertex -16.680431850261723 0 7.595526075489889
      vertex -16.681833138306022 0.018251992472923466 7.595526075489889
    endloop
  endfacet
  facet normal 0.14903250976785426 0.011441900080742442 0.9887660966855795
    outer loop
      vertex -16.680431850261723 0 7.595526075489889
      vertex -16.678966980466974 0 7.595305281893985
      vertex -16.680385436164485 0.01847560379856563 7.595305281893985
    endloop
  endfacet
  facet normal 0 0 1
    outer loop
      vertex -16.68600415743484 -0.036076173711953076 7.595526075489889
      vertex -16.68600415743484 0.036076173711953076 7.595526075489889
      vertex -16.692847142494994 0.05305476001592143 7.595526075489889
    endloop
  endfacet
  facet normal 0 0 1
    outer loop
      vertex -16.681833138306022 -0.01825199247292341 7.595526075489889
      vertex -16.681833138306022 0.018251992472923466 7.595526075489889
      vertex -16.68600415743484 0.036076173711953076 7.595526075489889
    endloop
  endfacet
  facet normal 0.14903250976790536 0.011441900080742222 0.9887660966855718
    outer loop
      vertex -16.680431850261723 0 7.595526075489889
      vertex -16.680385436164485 0.01847560379856563 7.595305281893985
      vertex -16.681833138306022 0.018251992472923466 7.595526075489889
    endloop
  endfacet
  facet normal 0 0 1
    outer loop
      vertex -16.692847142494994 -0.05305476001592138 7.595526075489889
      vertex -16.692847142494994 0.05305476001592143 7.595526075489889
      vertex -16.70220169971651 0.06878978771224599 7.595526075489889
    endloop
  endfacet
  facet normal 0.1455393140530407 0.03405751180207778 0.9887660966855719
    outer loop
      vertex -16.681833138306022 0.018251992472923466 7.595526075489889
      vertex -16.680385436164485 0.01847560379856563 7.595305281893985
      vertex -16.6846075558577 0.03651815510328852 7.595305281893985
    endloop
  endfacet
  facet normal 0.1455393140531813 0.03405751180209887 0.9887660966855505
    outer loop
      vertex -16.681833138306022 0.018251992472923466 7.595526075489889
      vertex -16.6846075558577 0.03651815510328852 7.595305281893985
      vertex -16.68600415743484 0.036076173711953076 7.595526075489889
    endloop
  endfacet
  facet normal 0.13863480017029886 0.055874844312624225 0.9887660966855514
    outer loop
      vertex -16.68600415743484 0.036076173711953076 7.595526075489889
      vertex -16.6846075558577 0.03651815510328852 7.595305281893985
      vertex -16.69153437663951 0.05370475180374331 7.595305281893985
    endloop
  endfacet
  facet normal 0.1386348001702995 0.055874844312624426 0.9887660966855513
    outer loop
      vertex -16.68600415743484 0.036076173711953076 7.595526075489889
      vertex -16.69153437663951 0.05370475180374331 7.595305281893985
      vertex -16.692847142494994 0.05305476001592143 7.595526075489889
    endloop
  endfacet
  facet normal 0.1284808040728523 0.07638251782974317 0.9887660966855519
    outer loop
      vertex -16.692847142494994 0.05305476001592143 7.595526075489889
      vertex -16.701003539701688 0.06963255463995525 7.595305281893985
      vertex -16.70220169971651 0.06878978771224599 7.595526075489889
    endloop
  endfacet
  facet normal 0.1284808040728467 0.07638251782974041 0.9887660966855528
    outer loop
      vertex -16.692847142494994 0.05305476001592143 7.595526075489889
      vertex -16.69153437663951 0.05370475180374331 7.595305281893985
      vertex -16.701003539701688 0.06963255463995525 7.595305281893985
    endloop
  endfacet
  facet normal 0.11531532682299016 0.0950998498676006 0.9887660966855947
    outer loop
      vertex -16.70220169971651 0.06878978771224599 7.595526075489889
      vertex -16.712793095887747 0.08392822941322321 7.595305281893985
      vertex -16.71384856620668 0.08291244108811589 7.595526075489889
    endloop
  endfacet
  facet normal 0.09944695604951204 0.11158812202774136 0.9887660966855651
    outer loop
      vertex -16.71384856620668 0.08291244108811589 7.595526075489889
      vertex -16.72662670799306 0.09625669762331376 7.595305281893985
      vertex -16.727514749286392 0.09509169711820674 7.595526075489889
    endloop
  endfacet
  facet normal 0.09944695604938399 0.1115881220276192 0.9887660966855918
    outer loop
      vertex -16.71384856620668 0.08291244108811589 7.595526075489889
      vertex -16.712793095887747 0.08392822941322321 7.595305281893985
      vertex -16.72662670799306 0.09625669762331376 7.595305281893985
    endloop
  endfacet
  facet normal 0.061143934124110635 0.13639290804510282 0.9887660966855744
    outer loop
      vertex -16.742879925207184 0.10504208436383192 7.595526075489889
      vertex -16.75908879655309 0.1139090218104245 7.595305281893985
      vertex -16.759583947268386 0.11253037418151113 7.595526075489889
    endloop
  endfacet
  facet normal 0.061143934124116214 0.136392908045113 0.9887660966855726
    outer loop
      vertex -16.742879925207184 0.10504208436383192 7.595526075489889
      vertex -16.742180127874693 0.10632899042450775 7.595305281893985
      vertex -16.75908879655309 0.1139090218104245 7.595305281893985
    endloop
  endfacet
  facet normal 0.08124763291338981 0.12546086318510027 0.9887660966855714
    outer loop
      vertex -16.727514749286392 0.09509169711820674 7.595526075489889
      vertex -16.742180127874693 0.10632899042450775 7.595305281893985
      vertex -16.742879925207184 0.10504208436383192 7.595526075489889
    endloop
  endfacet
  facet normal 0.08124763291340852 0.1254608631851246 0.9887660966855667
    outer loop
      vertex -16.727514749286392 0.09509169711820674 7.595526075489889
      vertex -16.72662670799306 0.09625669762331376 7.595305281893985
      vertex -16.742180127874693 0.10632899042450775 7.595305281893985
    endloop
  endfacet
  facet normal -0.005725151264852941 0.14936140293991507 0.9887660966855685
    outer loop
      vertex -16.795420213002764 0.11948040836428128 7.595526075489889
      vertex -16.795364104485124 0.12094420320981569 7.595305281893985
      vertex -16.8 0.12076650534043105 7.595305281893985
    endloop
  endfacet
  facet normal -0.0057251512648615315 0.14936140293988526 0.988766096685573
    outer loop
      vertex -16.813712484980535 0.11877924981870391 7.595526075489889
      vertex -16.795420213002764 0.11948040836428128 7.595526075489889
      vertex -16.8 0.12076650534043105 7.595305281893985
    endloop
  endfacet
  facet normal 0.017141856330460024 0.14848489083649424 0.9887660966855711
    outer loop
      vertex -16.795420213002764 0.11948040836428128 7.595526075489889
      vertex -16.777235287350564 0.11738104740469808 7.595526075489889
      vertex -16.795364104485124 0.12094420320981569 7.595305281893985
    endloop
  endfacet
  facet normal -0.0057251512648610016 0.14936140293988168 0.9887660966855736
    outer loop
      vertex -16.813712484980535 0.11877924981870391 7.595526075489889
      vertex -16.8 0.12076650534043105 7.595305281893985
      vertex -16.8 0.1985297003714342 7.583558499772458
    endloop
  endfacet
  facet normal 0.039607073342128735 0.1441280187417701 0.9887660966855828
    outer loop
      vertex -16.777235287350564 0.11738104740469808 7.595526075489889
      vertex -16.759583947268386 0.11253037418151113 7.595526075489889
      vertex -16.77695638916556 0.11881912226991473 7.595305281893985
    endloop
  endfacet
  facet normal 0.017141856330448915 0.14848489083643826 0.9887660966855798
    outer loop
      vertex -16.795364104485124 0.12094420320981569 7.595305281893985
      vertex -16.777235287350564 0.11738104740469808 7.595526075489889
      vertex -16.77695638916556 0.11881912226991473 7.595305281893985
    endloop
  endfacet
  facet normal 0.03960707334214517 0.14412801874181524 0.9887660966855756
    outer loop
      vertex -16.759583947268386 0.11253037418151113 7.595526075489889
      vertex -16.75908879655309 0.1139090218104245 7.595305281893985
      vertex -16.77695638916556 0.11881912226991473 7.595305281893985
    endloop
  endfacet
  facet normal -0.05052375046192422 0.14067322660846146 0.9887660966855738
    outer loop
      vertex -16.848911580062538 0.10910636905158909 7.595526075489889
      vertex -16.831683347932525 0.1152940063299999 7.595526075489889
      vertex -16.89434229015992 0.34330654140619793 7.559884659490918
    endloop
  endfacet
  facet normal -0.028457966166941663 0.14673701035122502 0.9887660966855739
    outer loop
      vertex -16.831683347932525 0.1152940063299999 7.595526075489889
      vertex -16.813712484980535 0.11877924981870391 7.595526075489889
      vertex -16.84083114068634 0.3536844172919638 7.559884659490918
    endloop
  endfacet
  facet normal -0.005725151264810317 0.1493614029398732 0.988766096685575
    outer loop
      vertex -16.813712484980535 0.11877924981870391 7.595526075489889
      vertex -16.8 0.1985297003714342 7.583558499772458
      vertex -16.786362943881944 0.3557722302054173 7.559884659490918
    endloop
  endfacet
  facet normal -0.005725151264879744 0.14936140293987907 0.9887660966855738
    outer loop
      vertex -16.79285635286531 0.18636802920711498 7.585436985224024
      vertex -16.786362943881944 0.3557722302054173 7.559884659490918
      vertex -16.8 0.1985297003714342 7.583558499772458
    endloop
  endfacet
  facet normal -0.02845796616694345 0.1467370103512249 0.9887660966855738
    outer loop
      vertex -16.831683347932525 0.1152940063299999 7.595526075489889
      vertex -16.84083114068634 0.3536844172919638 7.559884659490918
      vertex -16.89434229015992 0.34330654140619793 7.559884659490918
    endloop
  endfacet
  facet normal -0.005725151264861322 0.14936140293987887 0.9887660966855738
    outer loop
      vertex -16.813712484980535 0.11877924981870391 7.595526075489889
      vertex -16.786362943881944 0.3557722302054173 7.559884659490918
      vertex -16.84083114068634 0.3536844172919638 7.559884659490918
    endloop
  endfacet
  facet normal 0.01714185633045528 0.14848489083647637 0.9887660966855739
    outer loop
      vertex -16.79285635286531 0.18636802920711498 7.585436985224024
      vertex -16.751943153517267 0.35179863330924926 7.559884659490918
      vertex -16.786362943881944 0.3557722302054173 7.559884659490918
    endloop
  endfacet
  facet normal -0.46168037139740536 0.3247387188455978 0.825467139957051
    outer loop
      vertex -17.48765568558976 0.4088149435576881 7.385640646055101
      vertex -17.417191343857557 0.5089939538612478 7.385640646055101
      vertex -17.569625017381345 0.6347050788804854 7.250930371948848
    endloop
  endfacet
  facet normal -0.3897597436279351 0.19298234450799714 0.9004694092279221
    outer loop
      vertex -17.542001960881677 0.2990536574726149 7.385640646055101
      vertex -17.342167512940772 0.21851313912312428 7.489397997830727
      vertex -17.48765568558976 0.4088149435576881 7.385640646055101
    endloop
  endfacet
  facet normal -0.3897597436279293 0.1929823445080023 0.9004694092279235
    outer loop
      vertex -17.342167512940772 0.21851313912312428 7.489397997830727
      vertex -17.302457665169477 0.29871374051131144 7.489397997830727
      vertex -17.48765568558976 0.4088149435576881 7.385640646055101
    endloop
  endfacet
  facet normal -0.3557333078491137 0.25021721909461503 0.9004694092279233
    outer loop
      vertex -17.302457665169477 0.29871374051131144 7.489397997830727
      vertex -17.417191343857557 0.5089939538612478 7.385640646055101
      vertex -17.48765568558976 0.4088149435576881 7.385640646055101
    endloop
  endfacet
  facet normal -0.3557333078491152 0.250217219094614 0.900469409227923
    outer loop
      vertex -17.302457665169477 0.29871374051131144 7.489397997830727
      vertex -17.250970635589983 0.3719127449999397 7.489397997830727
      vertex -17.417191343857557 0.5089939538612478 7.385640646055101
    endloop
  endfacet
  facet normal -0.21294794091422625 0.20494184285131775 0.9553282239676043
    outer loop
      vertex -17.074675988529872 0.22652361998264411 7.559884659490918
      vertex -17.188913236537243 0.43639442996439476 7.489397997830727
      vertex -17.250970635589983 0.3719127449999397 7.489397997830727
    endloop
  endfacet
  facet normal -0.21294794091422345 0.20494184285131933 0.9553282239676044
    outer loop
      vertex -17.074675988529872 0.22652361998264411 7.559884659490918
      vertex -17.036878233897568 0.26579795219390284 7.559884659490918
      vertex -17.188913236537243 0.43639442996439476 7.489397997830727
    endloop
  endfacet
  facet normal -0.17916805567212246 0.23504636205985932 0.9553282239676041
    outer loop
      vertex -17.036878233897568 0.26579795219390284 7.559884659490918
      vertex -16.99352825423139 0.29884220568563413 7.559884659490918
      vertex -17.117740040847647 0.4906473993612516 7.489397997830727
    endloop
  endfacet
  facet normal -0.179168055672119 0.23504636205986063 0.9553282239676043
    outer loop
      vertex -17.036878233897568 0.26579795219390284 7.559884659490918
      vertex -17.117740040847647 0.4906473993612516 7.489397997830727
      vertex -17.188913236537243 0.43639442996439476 7.489397997830727
    endloop
  endfacet
  facet normal -0.14118862306084792 0.2596415937577894 0.9553282239676042
    outer loop
      vertex -16.99352825423139 0.29884220568563413 7.559884659490918
      vertex -17.039119287904548 0.5334000095705326 7.489397997830727
      vertex -17.117740040847647 0.4906473993612516 7.489397997830727
    endloop
  endfacet
  facet normal -0.14118862306084928 0.2596415937577891 0.9553282239676041
    outer loop
      vertex -16.99352825423139 0.29884220568563413 7.559884659490918
      vertex -16.945642136312966 0.32488185116300233 7.559884659490918
      vertex -17.039119287904548 0.5334000095705326 7.489397997830727
    endloop
  endfacet
  facet normal -0.09989984879097051 0.2781510465600391 0.9553282239676039
    outer loop
      vertex -16.945642136312966 0.32488185116300233 7.559884659490918
      vertex -16.89434229015992 0.34330654140619793 7.559884659490918
      vertex -16.95489378152108 0.563650175644364 7.489397997830727
    endloop
  endfacet
  facet normal -0.31336878483986896 0.3015872141399532 0.9004694092279237
    outer loop
      vertex -17.250970635589983 0.3719127449999397 7.489397997830727
      vertex -17.188913236537243 0.43639442996439476 7.489397997830727
      vertex -17.332260560132454 0.5972425772895701 7.385640646055101
    endloop
  endfacet
  facet normal -0.3133687848398723 0.30158721413995165 0.9004694092279232
    outer loop
      vertex -17.250970635589983 0.3719127449999397 7.489397997830727
      vertex -17.332260560132454 0.5972425772895701 7.385640646055101
      vertex -17.417191343857557 0.5089939538612478 7.385640646055101
    endloop
  endfacet
  facet normal -0.2636591631130549 0.3458882604993094 0.9004694092279234
    outer loop
      vertex -17.188913236537243 0.43639442996439476 7.489397997830727
      vertex -17.23485404000098 0.67149234090556 7.385640646055101
      vertex -17.332260560132454 0.5972425772895701 7.385640646055101
    endloop
  endfacet
  facet normal -0.26365916311306076 0.3458882604993076 0.9004694092279223
    outer loop
      vertex -17.188913236537243 0.43639442996439476 7.489397997830727
      vertex -17.117740040847647 0.4906473993612516 7.489397997830727
      vertex -17.23485404000098 0.67149234090556 7.385640646055101
    endloop
  endfacet
  facet normal -0.2077695940700057 0.38208197919386405 0.900469409227923
    outer loop
      vertex -17.117740040847647 0.4906473993612516 7.489397997830727
      vertex -17.039119287904548 0.5334000095705326 7.489397997830727
      vertex -17.127254909737072 0.7300028931812401 7.385640646055101
    endloop
  endfacet
  facet normal -0.09989984879096808 0.27815104656003914 0.9553282239676041
    outer loop
      vertex -16.945642136312966 0.32488185116300233 7.559884659490918
      vertex -16.95489378152108 0.563650175644364 7.489397997830727
      vertex -17.039119287904548 0.5334000095705326 7.489397997830727
    endloop
  endfacet
  facet normal -0.05626950673660996 0.2901408745808183 0.9553282239676041
    outer loop
      vertex -16.89434229015992 0.34330654140619793 7.559884659490918
      vertex -16.86703769618064 0.5806888593288274 7.489397997830727
      vertex -16.95489378152108 0.563650175644364 7.489397997830727
    endloop
  endfacet
  facet normal -0.011320255136170255 0.29533004641348903 0.9553282239675841
    outer loop
      vertex -16.84083114068634 0.3536844172919638 7.559884659490918
      vertex -16.786362943881944 0.3557722302054173 7.559884659490918
      vertex -16.8 0.3586954585331015 7.5588193794262
    endloop
  endfacet
  facet normal -0.01132025513620001 0.2953300464133642 0.9553282239676223
    outer loop
      vertex -16.8 0.3586954585331015 7.5588193794262
      vertex -16.786362943881944 0.3557722302054173 7.559884659490918
      vertex -16.786210402086272 0.35975183800174293 7.558656211598658
    endloop
  endfacet
  facet normal 0.033894333650057805 0.29359693226820277 0.9553282239676157
    outer loop
      vertex -16.786362943881944 0.3557722302054173 7.559884659490918
      vertex -16.751943153517267 0.35179863330924926 7.559884659490918
      vertex -16.786210402086272 0.35975183800174293 7.558656211598658
    endloop
  endfacet
  facet normal -0.011320255136161196 0.2953300464134198 0.9553282239676056
    outer loop
      vertex -16.84083114068634 0.3536844172919638 7.559884659490918
      vertex -16.8 0.3586954585331015 7.5588193794262
      vertex -16.8 0.48845112017801223 7.51870673058511
    endloop
  endfacet
  facet normal -0.0562695067366103 0.2901408745808182 0.9553282239676039
    outer loop
      vertex -16.89434229015992 0.34330654140619793 7.559884659490918
      vertex -16.84083114068634 0.3536844172919638 7.559884659490918
      vertex -16.86703769618064 0.5806888593288274 7.489397997830727
    endloop
  endfacet
  facet normal -0.011320255136270477 0.2953300464134498 0.9553282239675951
    outer loop
      vertex -16.84083114068634 0.3536844172919638 7.559884659490918
      vertex -16.8 0.48845112017801223 7.51870673058511
      vertex -16.77761030406024 0.5841166883196776 7.489397997830727
    endloop
  endfacet
  facet normal -0.011320255136168076 0.2953300464134243 0.955328223967604
    outer loop
      vertex -16.84083114068634 0.3536844172919638 7.559884659490918
      vertex -16.77761030406024 0.5841166883196776 7.489397997830727
      vertex -16.86703769618064 0.5806888593288274 7.489397997830727
    endloop
  endfacet
  facet normal -0.011320255136136586 0.2953300464134215 0.9553282239676052
    outer loop
      vertex -16.782369806671202 0.45994774423739715 7.527727171319366
      vertex -16.77761030406024 0.5841166883196776 7.489397997830727
      vertex -16.8 0.48845112017801223 7.51870673058511
    endloop
  endfacet
  facet normal 0.033894333650061524 0.2935969322682378 0.9553282239676049
    outer loop
      vertex -16.782369806671202 0.45994774423739715 7.527727171319366
      vertex -16.751156816191532 0.581062762186653 7.489397997830727
      vertex -16.77761030406024 0.5841166883196776 7.489397997830727
    endloop
  endfacet
  facet normal -0.016658600129535798 0.4346002002834608 0.9004694092279315
    outer loop
      vertex -16.86703769618064 0.5806888593288274 7.489397997830727
      vertex -16.77761030406024 0.5841166883196776 7.489397997830727
      vertex -16.8 0.5874402265115202 7.487379726763567
    endloop
  endfacet
  facet normal -0.016658600129521053 0.4346002002835377 0.9004694092278945
    outer loop
      vertex -16.8 0.5874402265115202 7.487379726763567
      vertex -16.77761030406024 0.5841166883196776 7.489397997830727
      vertex -16.777386407196794 0.5899578526996688 7.486582975604388
    endloop
  endfacet
  facet normal 0.049878041099054506 0.4320497934971183 0.9004694092278862
    outer loop
      vertex -16.751156816191532 0.581062762186653 7.489397997830727
      vertex -16.777386407196794 0.5899578526996688 7.486582975604388
      vertex -16.77761030406024 0.5841166883196776 7.489397997830727
    endloop
  endfacet
  facet normal -0.7766712379371555 0.3845544309268501 0.49889846443509217
    outer loop
      vertex -18.137041333353878 0.5388760704303593 6.694213982588093
      vertex -17.93633558162622 0.6755575157743337 6.9013120929017955
      vertex -18.03911272910494 0.7366590737575233 6.694213982588093
    endloop
  endfacet
  facet normal -0.7088670215423564 0.4986059245074921 0.49889846443509667
    outer loop
      vertex -18.03911272910494 0.7366590737575233 6.694213982588093
      vertex -17.819894838934616 0.8411010811451388 6.9013120929017955
      vertex -17.91214037270903 0.9171754127590891 6.694213982588093
    endloop
  endfacet
  facet normal -0.7088670215423551 0.49860592450749835 0.4988984644350923
    outer loop
      vertex -18.03911272910494 0.7366590737575233 6.694213982588093
      vertex -17.93633558162622 0.6755575157743337 6.9013120929017955
      vertex -17.819894838934616 0.8411010811451388 6.9013120929017955
    endloop
  endfacet
  facet normal -0.6402125204789476 0.45031542722940066 0.6223696205802429
    outer loop
      vertex -17.808174574991995 0.5993651192139361 7.088276380433471
      vertex -17.704866539783893 0.7462379412561039 7.088276380433471
      vertex -17.93633558162622 0.6755575157743337 6.9013120929017955
    endloop
  endfacet
  facet normal -0.640212520478947 0.4503154272294044 0.6223696205802408
    outer loop
      vertex -17.93633558162622 0.6755575157743337 6.9013120929017955
      vertex -17.704866539783893 0.7462379412561039 7.088276380433471
      vertex -17.819894838934616 0.8411010811451388 6.9013120929017955
    endloop
  endfacet
  facet normal -0.5639691734091345 0.5427659042561764 0.6223696205802405
    outer loop
      vertex -17.704866539783893 0.7462379412561039 7.088276380433471
      vertex -17.679548625641164 0.9869299500581205 6.9013120929017955
      vertex -17.819894838934616 0.8411010811451388 6.9013120929017955
    endloop
  endfacet
  facet normal -0.5639691734091409 0.5427659042561742 0.6223696205802368
    outer loop
      vertex -17.704866539783893 0.7462379412561039 7.088276380433471
      vertex -17.580349199812574 0.8756195784371782 7.088276380433471
      vertex -17.679548625641164 0.9869299500581205 6.9013120929017955
    endloop
  endfacet
  facet normal -0.6244475629704335 0.600970517816462 0.49889846443509944
    outer loop
      vertex -17.91214037270903 0.9171754127590891 6.694213982588093
      vertex -17.679548625641164 0.9869299500581205 6.9013120929017955
      vertex -17.75910038858329 1.076193937447414 6.694213982588093
    endloop
  endfacet
  facet normal -0.6244475629704318 0.6009705178164663 0.49889846443509617
    outer loop
      vertex -17.819894838934616 0.8411010811451388 6.9013120929017955
      vertex -17.679548625641164 0.9869299500581205 6.9013120929017955
      vertex -17.91214037270903 0.9171754127590891 6.694213982588093
    endloop
  endfacet
  facet normal -0.5253915827796967 0.6892488715468063 0.49889846443509855
    outer loop
      vertex -17.75910038858329 1.076193937447414 6.694213982588093
      vertex -17.679548625641164 0.9869299500581205 6.9013120929017955
      vertex -17.58357990424495 1.2099873883816554 6.694213982588093
    endloop
  endfacet
  facet normal -0.5253915827796963 0.6892488715468064 0.4988984644350989
    outer loop
      vertex -17.679548625641164 0.9869299500581205 6.9013120929017955
      vertex -17.51858653803353 1.109626017424776 6.9013120929017955
      vertex -17.58357990424495 1.2099873883816554 6.694213982588093
    endloop
  endfacet
  facet normal -0.47450686691272104 0.6224944085142328 0.6223696205802375
    outer loop
      vertex -17.580349199812574 0.8756195784371782 7.088276380433471
      vertex -17.51858653803353 1.109626017424776 6.9013120929017955
      vertex -17.679548625641164 0.9869299500581205 6.9013120929017955
    endloop
  endfacet
  facet normal -0.4745068669127214 0.6224944085142327 0.6223696205802373
    outer loop
      vertex -17.580349199812574 0.8756195784371782 7.088276380433471
      vertex -17.43754113599096 0.9844774348404253 7.088276380433471
      vertex -17.51858653803353 1.109626017424776 6.9013120929017955
    endloop
  endfacet
  facet normal -0.37392252162924283 0.687632171438509 0.6223696205802381
    outer loop
      vertex -17.43754113599096 0.9844774348404253 7.088276380433471
      vertex -17.3407813910201 1.2063133914183959 6.9013120929017955
      vertex -17.51858653803353 1.109626017424776 6.9013120929017955
    endloop
  endfacet
  facet normal -0.2645737493608008 0.7366524190742714 0.6223696205802403
    outer loop
      vertex -17.279789648296525 1.0702599745753936 7.088276380433471
      vertex -17.15030078654621 1.274725801940987 6.9013120929017955
      vertex -17.3407813910201 1.2063133914183959 6.9013120929017955
    endloop
  endfacet
  facet normal -0.37392252162923906 0.6876321714385092 0.6223696205802403
    outer loop
      vertex -17.43754113599096 0.9844774348404253 7.088276380433471
      vertex -17.279789648296525 1.0702599745753936 7.088276380433471
      vertex -17.3407813910201 1.2063133914183959 6.9013120929017955
    endloop
  endfacet
  facet normal -0.2645737493607992 0.7366524190742713 0.622369620580241
    outer loop
      vertex -17.279789648296525 1.0702599745753936 7.088276380433471
      vertex -17.110792297896868 1.1309565276166047 7.088276380433471
      vertex -17.15030078654621 1.274725801940987 6.9013120929017955
    endloop
  endfacet
  facet normal 0.07812764234475197 0.6767513518510436 0.7320544237073057
    outer loop
      vertex -16.755075374995712 1.1720223111608614 7.088276380433471
      vertex -16.757494640764463 1.1089069605634037 7.146881873386893
      vertex -16.73584181047563 1.1698018899592937 7.088276380433471
    endloop
  endfacet
  facet normal -0.026093589968787426 0.6807462414829071 0.7320544237073062
    outer loop
      vertex -16.8 1.155536950824232 7.102005007730595
      vertex -16.757494640764463 1.1089069605634037 7.146881873386893
      vertex -16.755075374995712 1.1720223111608614 7.088276380433471
    endloop
  endfacet
  facet normal -0.029980449233349638 0.7821491085737196 0.6223696205801681
    outer loop
      vertex -16.934510239449846 1.1651444182047856 7.088276380433471
      vertex -16.755075374995712 1.1720223111608614 7.088276380433471
      vertex -16.8 1.1719300884989978 7.086228194718183
    endloop
  endfacet
  facet normal -0.029980449233353103 0.7821491085736564 0.622369620580247
    outer loop
      vertex -16.8 1.1719300884989978 7.086228194718183
      vertex -16.755075374995712 1.1720223111608614 7.088276380433471
      vertex -16.754795316736764 1.17932864989781 7.079107793360878
    endloop
  endfacet
  facet normal 0.08976541050273786 0.7775591465966255 0.6223696205802486
    outer loop
      vertex -16.754795316736764 1.17932864989781 7.079107793360878
      vertex -16.755075374995712 1.1720223111608614 7.088276380433471
      vertex -16.73584181047563 1.1698018899592937 7.088276380433471
    endloop
  endfacet
  facet normal -0.026093589968782853 0.6807462414829001 0.732054423707313
    outer loop
      vertex -16.934510239449846 1.1651444182047856 7.088276380433471
      vertex -16.8 1.155536950824232 7.102005007730595
      vertex -16.755075374995712 1.1720223111608614 7.088276380433471
    endloop
  endfacet
  facet normal -0.5572112302999522 0.39193362391886255 0.7320544237073097
    outer loop
      vertex -17.808174574991995 0.5993651192139361 7.088276380433471
      vertex -17.657492614310783 0.5097838963113446 7.250930371948848
      vertex -17.704866539783893 0.7462379412561039 7.088276380433471
    endloop
  endfacet
  facet normal -0.5572112302999556 0.3919336239188608 0.7320544237073081
    outer loop
      vertex -17.657492614310783 0.5097838963113446 7.250930371948848
      vertex -17.569625017381345 0.6347050788804854 7.250930371948848
      vertex -17.704866539783893 0.7462379412561039 7.088276380433471
    endloop
  endfacet
  facet normal -0.49085256366348573 0.47239822340430604 0.7320544237073083
    outer loop
      vertex -17.704866539783893 0.7462379412561039 7.088276380433471
      vertex -17.569625017381345 0.6347050788804854 7.250930371948848
      vertex -17.580349199812574 0.8756195784371782 7.088276380433471
    endloop
  endfacet
  facet normal -0.4066985401057542 0.39140809691033995 0.8254671399570513
    outer loop
      vertex -17.417191343857557 0.5089939538612478 7.385640646055101
      vertex -17.463718062348402 0.7447493123517467 7.250930371948848
      vertex -17.569625017381345 0.6347050788804854 7.250930371948848
    endloop
  endfacet
  facet normal -0.4066985401057551 0.3914080969103395 0.825467139957051
    outer loop
      vertex -17.417191343857557 0.5089939538612478 7.385640646055101
      vertex -17.332260560132454 0.5972425772895701 7.385640646055101
      vertex -17.463718062348402 0.7447493123517467 7.250930371948848
    endloop
  endfacet
  facet normal -0.3421840397357349 0.4489032009256099 0.8254671399570516
    outer loop
      vertex -17.332260560132454 0.5972425772895701 7.385640646055101
      vertex -17.34225411847536 0.8373372531617295 7.250930371948848
      vertex -17.463718062348402 0.7447493123517467 7.250930371948848
    endloop
  endfacet
  facet normal -0.3421840397357297 0.44890320092561103 0.8254671399570531
    outer loop
      vertex -17.332260560132454 0.5972425772895701 7.385640646055101
      vertex -17.23485404000098 0.67149234090556 7.385640646055101
      vertex -17.34225411847536 0.8373372531617295 7.250930371948848
    endloop
  endfacet
  facet normal -0.49085256366347957 0.4723982234043081 0.732054423707311
    outer loop
      vertex -17.580349199812574 0.8756195784371782 7.088276380433471
      vertex -17.569625017381345 0.6347050788804854 7.250930371948848
      vertex -17.463718062348402 0.7447493123517467 7.250930371948848
    endloop
  endfacet
  facet normal -0.41298872896208183 0.5417902089193212 0.7320544237073103
    outer loop
      vertex -17.580349199812574 0.8756195784371782 7.088276380433471
      vertex -17.463718062348402 0.7447493123517467 7.250930371948848
      vertex -17.43754113599096 0.9844774348404253 7.088276380433471
    endloop
  endfacet
  facet normal -0.4129887289620886 0.54179020891932 0.7320544237073076
    outer loop
      vertex -17.43754113599096 0.9844774348404253 7.088276380433471
      vertex -17.463718062348402 0.7447493123517467 7.250930371948848
      vertex -17.34225411847536 0.8373372531617295 7.250930371948848
    endloop
  endfacet
  facet normal -0.2696490354960373 0.49587639438390285 0.825467139957053
    outer loop
      vertex -17.34225411847536 0.8373372531617295 7.250930371948848
      vertex -17.23485404000098 0.67149234090556 7.385640646055101
      vertex -17.20808019765853 0.9102987184517471 7.250930371948848
    endloop
  endfacet
  facet normal -0.269649035496039 0.49587639438390274 0.8254671399570525
    outer loop
      vertex -17.23485404000098 0.67149234090556 7.385640646055101
      vertex -17.127254909737072 0.7300028931812401 7.385640646055101
      vertex -17.20808019765853 0.9102987184517471 7.250930371948848
    endloop
  endfacet
  facet normal -0.19079368640825267 0.5312266654431738 0.8254671399570522
    outer loop
      vertex -17.127254909737072 0.7300028931812401 7.385640646055101
      vertex -17.01198520175733 0.7714027963625129 7.385640646055101
      vertex -17.06434122288132 0.961923553314672 7.250930371948848
    endloop
  endfacet
  facet normal -0.1907936864082517 0.5312266654431738 0.8254671399570526
    outer loop
      vertex -17.127254909737072 0.7300028931812401 7.385640646055101
      vertex -17.06434122288132 0.961923553314672 7.250930371948848
      vertex -17.20808019765853 0.9102987184517471 7.250930371948848
    endloop
  endfacet
  facet normal -0.10746629502028068 0.5541254337113007 0.8254671399570529
    outer loop
      vertex -17.01198520175733 0.7714027963625129 7.385640646055101
      vertex -16.89174674031872 0.7947216718077401 7.385640646055101
      vertex -16.914406313885006 0.9910017153764985 7.250930371948848
    endloop
  endfacet
  facet normal -0.021619984761248365 0.5640359714681752 0.8254671399570519
    outer loop
      vertex -16.89174674031872 0.7947216718077401 7.385640646055101
      vertex -16.8 0.8021070986430526 7.382997193437119
      vertex -16.8 0.9630063770074524 7.273055832493891
    endloop
  endfacet
  facet normal -0.2077695940700087 0.3820819791938637 0.9004694092279224
    outer loop
      vertex -17.117740040847647 0.4906473993612516 7.489397997830727
      vertex -17.127254909737072 0.7300028931812401 7.385640646055101
      vertex -17.23485404000098 0.67149234090556 7.385640646055101
    endloop
  endfacet
  facet normal -0.14701008183930725 0.4093200201337772 0.9004694092279228
    outer loop
      vertex -17.039119287904548 0.5334000095705326 7.489397997830727
      vertex -16.95489378152108 0.563650175644364 7.489397997830727
      vertex -17.01198520175733 0.7714027963625129 7.385640646055101
    endloop
  endfacet
  facet normal -0.08280477789025831 0.42696394672531923 0.9004694092279225
    outer loop
      vertex -16.95489378152108 0.563650175644364 7.489397997830727
      vertex -16.86703769618064 0.5806888593288274 7.489397997830727
      vertex -16.89174674031872 0.7947216718077401 7.385640646055101
    endloop
  endfacet
  facet normal -0.14701008183930783 0.4093200201337772 0.9004694092279227
    outer loop
      vertex -17.039119287904548 0.5334000095705326 7.489397997830727
      vertex -17.01198520175733 0.7714027963625129 7.385640646055101
      vertex -17.127254909737072 0.7300028931812401 7.385640646055101
    endloop
  endfacet
  facet normal -0.08280477789025688 0.426963946725319 0.9004694092279228
    outer loop
      vertex -16.95489378152108 0.563650175644364 7.489397997830727
      vertex -16.89174674031872 0.7947216718077401 7.385640646055101
      vertex -17.01198520175733 0.7714027963625129 7.385640646055101
    endloop
  endfacet
  facet normal -0.016658600129537862 0.43460020028347873 0.900469409227923
    outer loop
      vertex -16.86703769618064 0.5806888593288274 7.489397997830727
      vertex -16.8 0.5874402265115202 7.487379726763567
      vertex -16.8 0.7399760268497985 7.413760247081013
    endloop
  endfacet
  facet normal -0.01665860012951968 0.43460020028347496 0.9004694092279251
    outer loop
      vertex -16.8 0.7399760268497985 7.413760247081013
      vertex -16.77315944130782 0.7002336386393226 7.433437957205242
      vertex -16.76935781304797 0.7994129448406481 7.385640646055101
    endloop
  endfacet
  facet normal -0.01665860012953848 0.4346002002834789 0.9004694092279227
    outer loop
      vertex -16.86703769618064 0.5806888593288274 7.489397997830727
      vertex -16.8 0.7399760268497985 7.413760247081013
      vertex -16.89174674031872 0.7947216718077401 7.385640646055101
    endloop
  endfacet
  facet normal -0.01665860012953629 0.43460020028348184 0.9004694092279215
    outer loop
      vertex -16.89174674031872 0.7947216718077401 7.385640646055101
      vertex -16.8 0.7399760268497985 7.413760247081013
      vertex -16.76935781304797 0.7994129448406481 7.385640646055101
    endloop
  endfacet
  facet normal 0.04987804109904867 0.43204979349703926 0.9004694092279245
    outer loop
      vertex -16.77315944130782 0.7002336386393226 7.433437957205242
      vertex -16.746448783521714 0.7967682091332167 7.385640646055101
      vertex -16.76935781304797 0.7994129448406481 7.385640646055101
    endloop
  endfacet
  facet normal -0.021619984761242807 0.5640359714681198 0.8254671399570901
    outer loop
      vertex -16.89174674031872 0.7947216718077401 7.385640646055101
      vertex -16.76935781304797 0.7994129448406481 7.385640646055101
      vertex -16.8 0.8021070986430526 7.382997193437119
    endloop
  endfacet
  facet normal 0.0647330796163513 0.5607259841085732 0.8254671399570398
    outer loop
      vertex -16.76935781304797 0.7994129448406481 7.385640646055101
      vertex -16.746448783521714 0.7967682091332167 7.385640646055101
      vertex -16.76908962215769 0.8064096800839716 7.380866849635637
    endloop
  endfacet
  facet normal -0.02161998476123269 0.5640359714681887 0.825467139957043
    outer loop
      vertex -16.8 0.8021070986430526 7.382997193437119
      vertex -16.76935781304797 0.7994129448406481 7.385640646055101
      vertex -16.76908962215769 0.8064096800839716 7.380866849635637
    endloop
  endfacet
  facet normal -0.3254447884868259 0.5984830911373574 0.7320544237073079
    outer loop
      vertex -17.43754113599096 0.9844774348404253 7.088276380433471
      vertex -17.34225411847536 0.8373372531617295 7.250930371948848
      vertex -17.279789648296525 1.0702599745753936 7.088276380433471
    endloop
  endfacet
  facet normal -0.3254447884868184 0.5984830911373576 0.732054423707311
    outer loop
      vertex -17.279789648296525 1.0702599745753936 7.088276380433471
      vertex -17.34225411847536 0.8373372531617295 7.250930371948848
      vertex -17.20808019765853 0.9102987184517471 7.250930371948848
    endloop
  endfacet
  facet normal -0.23027269800364616 0.6411480369498764 0.7320544237073099
    outer loop
      vertex -17.279789648296525 1.0702599745753936 7.088276380433471
      vertex -17.20808019765853 0.9102987184517471 7.250930371948848
      vertex -17.110792297896868 1.1309565276166047 7.088276380433471
    endloop
  endfacet
  facet normal -0.23027269800364816 0.6411480369498767 0.7320544237073091
    outer loop
      vertex -17.110792297896868 1.1309565276166047 7.088276380433471
      vertex -17.20808019765853 0.9102987184517471 7.250930371948848
      vertex -17.06434122288132 0.961923553314672 7.250930371948848
    endloop
  endfacet
  facet normal -0.12970321064935453 0.6687850161881689 0.7320544237073087
    outer loop
      vertex -16.934510239449846 1.1651444182047856 7.088276380433471
      vertex -17.06434122288132 0.961923553314672 7.250930371948848
      vertex -16.914406313885006 0.9910017153764985 7.250930371948848
    endloop
  endfacet
  facet normal -0.10746629502028206 0.5541254337113011 0.8254671399570526
    outer loop
      vertex -17.01198520175733 0.7714027963625129 7.385640646055101
      vertex -16.914406313885006 0.9910017153764985 7.250930371948848
      vertex -17.06434122288132 0.961923553314672 7.250930371948848
    endloop
  endfacet
  facet normal -0.1297032106493547 0.668785016188169 0.7320544237073086
    outer loop
      vertex -17.110792297896868 1.1309565276166047 7.088276380433471
      vertex -17.06434122288132 0.961923553314672 7.250930371948848
      vertex -16.934510239449846 1.1651444182047856 7.088276380433471
    endloop
  endfacet
  facet normal -0.026093589968782024 0.6807462414829051 0.7320544237073082
    outer loop
      vertex -16.934510239449846 1.1651444182047856 7.088276380433471
      vertex -16.914406313885006 0.9910017153764985 7.250930371948848
      vertex -16.8 1.155536950824232 7.102005007730595
    endloop
  endfacet
  facet normal -0.026093589968786107 0.6807462414829066 0.7320544237073069
    outer loop
      vertex -16.8 1.155536950824232 7.102005007730595
      vertex -16.914406313885006 0.9910017153764985 7.250930371948848
      vertex -16.8 0.9982589138821834 7.248259751980207
    endloop
  endfacet
  facet normal 0.0647330796163478 0.560725984108556 0.8254671399570518
    outer loop
      vertex -16.764843842346572 0.9171762956412711 7.305291991597638
      vertex -16.741091340689838 0.994462098943187 7.250930371948848
      vertex -16.761789817857522 0.9968516371640045 7.250930371948848
    endloop
  endfacet
  facet normal -0.021619984761246106 0.5640359714681757 0.8254671399570516
    outer loop
      vertex -16.8 0.9630063770074524 7.273055832493891
      vertex -16.764843842346572 0.9171762956412711 7.305291991597638
      vertex -16.761789817857522 0.9968516371640045 7.250930371948848
    endloop
  endfacet
  facet normal -0.021619984761245093 0.564035971468174 0.8254671399570529
    outer loop
      vertex -16.89174674031872 0.7947216718077401 7.385640646055101
      vertex -16.8 0.9630063770074524 7.273055832493891
      vertex -16.914406313885006 0.9910017153764985 7.250930371948848
    endloop
  endfacet
  facet normal -0.02161998476124478 0.5640359714681749 0.8254671399570523
    outer loop
      vertex -16.914406313885006 0.9910017153764985 7.250930371948848
      vertex -16.8 0.9630063770074524 7.273055832493891
      vertex -16.761789817857522 0.9968516371640045 7.250930371948848
    endloop
  endfacet
  facet normal -0.02609358996878161 0.6807462414828537 0.7320544237073562
    outer loop
      vertex -16.914406313885006 0.9910017153764985 7.250930371948848
      vertex -16.761789817857522 0.9968516371640045 7.250930371948848
      vertex -16.8 0.9982589138821834 7.248259751980207
    endloop
  endfacet
  facet normal 0.07812764234475818 0.676751351851062 0.732054423707288
    outer loop
      vertex -16.761789817857522 0.9968516371640045 7.250930371948848
      vertex -16.741091340689838 0.994462098943187 7.250930371948848
      vertex -16.761503689375978 1.0043163397451775 7.243999053808662
    endloop
  endfacet
  facet normal -0.026093589968773517 0.6807462414829334 0.7320544237072825
    outer loop
      vertex -16.8 0.9982589138821834 7.248259751980207
      vertex -16.761789817857522 0.9968516371640045 7.250930371948848
      vertex -16.761503689375978 1.0043163397451775 7.243999053808662
    endloop
  endfacet
  facet normal -0.604540173480777 0.7930820478162366 0.07451203982871911
    outer loop
      vertex -17.864521120264904 1.1944851545791402 6
      vertex -17.852631298885647 1.1811437423161415 6.238467625881879
      vertex -17.669708080001953 1.34298468181112 6
    endloop
  endfacet
  facet normal -0.6045401734807712 0.7930820478162405 0.07451203982872628
    outer loop
      vertex -17.852631298885647 1.1811437423161415 6.238467625881879
      vertex -17.659994159323002 1.3279846525229813 6.238467625881879
      vertex -17.669708080001953 1.34298468181112 6
    endloop
  endfacet
  facet normal -0.476391811913839 0.8760700870718117 0.07451203982872633
    outer loop
      vertex -17.669708080001953 1.34298468181112 6
      vertex -17.659994159323002 1.3279846525229813 6.238467625881879
      vertex -17.454509819474143 1.4600057863624802 6
    endloop
  endfacet
  facet normal -0.4763918119138412 0.8760700870718107 0.07451203982872391
    outer loop
      vertex -17.454509819474143 1.4600057863624802 6
      vertex -17.659994159323002 1.3279846525229813 6.238467625881879
      vertex -17.44719948556308 1.4436987280222797 6.238467625881879
    endloop
  endfacet
  facet normal -0.3370772300466182 0.938523786008997 0.07451203982872509
    outer loop
      vertex -17.454509819474143 1.4600057863624802 6
      vertex -17.44719948556308 1.4436987280222797 6.238467625881879
      vertex -17.22397040351466 1.5428055927250257 6
    endloop
  endfacet
  facet normal -0.33707723004661777 0.9385237860089973 0.07451203982872562
    outer loop
      vertex -17.22397040351466 1.5428055927250257 6
      vertex -17.44719948556308 1.4436987280222797 6.238467625881879
      vertex -17.219235004402403 1.5255737289590363 6.238467625881879
    endloop
  endfacet
  facet normal -0.18986184360051553 0.978979282858006 0.07451203982872642
    outer loop
      vertex -17.22397040351466 1.5428055927250257 6
      vertex -17.219235004402403 1.5255737289590363 6.238467625881879
      vertex -16.983493480637442 1.5894433436154802 6
    endloop
  endfacet
  facet normal -0.18986184360051206 0.9789792828580064 0.07451203982872998
    outer loop
      vertex -16.983493480637442 1.5894433436154802 6
      vertex -17.219235004402403 1.5255737289590363 6.238467625881879
      vertex -16.981444010065644 1.571690574705326 6.238467625881879
    endloop
  endfacet
  facet normal -0.03819625645985154 0.9964883350611864 0.07451203982872846
    outer loop
      vertex -16.983493480637442 1.5894433436154802 6
      vertex -16.981444010065644 1.571690574705326 6.238467625881879
      vertex -16.8 1.5964768068267763 6
    endloop
  endfacet
  facet normal -0.03819625645986042 0.996488335061186 0.07451203982872792
    outer loop
      vertex -16.8 1.5964768068267763 6
      vertex -16.73890008827734 1.594013522474266 6.064263735525902
      vertex -16.738715626095946 1.5988258896812961 6
    endloop
  endfacet
  facet normal 0.11436461855859278 0.990640545274879 0.0745120398287298
    outer loop
      vertex -16.71836757834108 1.5964768068267765 6
      vertex -16.738715626095946 1.5988258896812961 6
      vertex -16.73890008827734 1.594013522474266 6.064263735525902
    endloop
  endfacet
  facet normal -0.03819625645985426 0.9964883350611864 0.07451203982872641
    outer loop
      vertex -16.8 1.5964768068267763 6
      vertex -16.981444010065644 1.571690574705326 6.238467625881879
      vertex -16.8 1.5786454799437764 6.238467625881879
    endloop
  endfacet
  facet normal -0.591111836210665 0.7754657276970587 0.22190020788392084
    outer loop
      vertex -17.852631298885647 1.1811437423161415 6.238467625881879
      vertex -17.81722743371014 1.141417530631081 6.471608279057446
      vertex -17.659994159323002 1.3279846525229813 6.238467625881879
    endloop
  endfacet
  facet normal -0.5911118362106682 0.7754657276970571 0.2219002078839175
    outer loop
      vertex -17.81722743371014 1.141417530631081 6.471608279057446
      vertex -17.631069390222343 1.2833196405260594 6.471608279057446
      vertex -17.659994159323002 1.3279846525229813 6.238467625881879
    endloop
  endfacet
  facet normal -0.465809967722639 0.8566103966864448 0.22190020788391707
    outer loop
      vertex -17.659994159323002 1.3279846525229813 6.238467625881879
      vertex -17.631069390222343 1.2833196405260594 6.471608279057446
      vertex -17.44719948556308 1.4436987280222797 6.238467625881879
    endloop
  endfacet
  facet normal -0.4658099677226422 0.8566103966864439 0.22190020788391396
    outer loop
      vertex -17.631069390222343 1.2833196405260594 6.471608279057446
      vertex -17.42543178460949 1.395141825738396 6.471608279057446
      vertex -17.44719948556308 1.4436987280222797 6.238467625881879
    endloop
  endfacet
  facet normal -0.32958990839340624 0.9176768440068115 0.22190020788391412
    outer loop
      vertex -17.44719948556308 1.4436987280222797 6.238467625881879
      vertex -17.42543178460949 1.395141825738396 6.471608279057446
      vertex -17.219235004402403 1.5255737289590363 6.238467625881879
    endloop
  endfacet
  facet normal -0.32958990839340474 0.9176768440068117 0.22190020788391557
    outer loop
      vertex -17.42543178460949 1.395141825738396 6.471608279057446
      vertex -17.205134588056787 1.4742630690228027 6.471608279057446
      vertex -17.219235004402403 1.5255737289590363 6.238467625881879
    endloop
  endfacet
  facet normal -0.44487084564890744 0.8181039865433963 0.36441157760618464
    outer loop
      vertex -17.631069390222343 1.2833196405260594 6.471608279057446
      vertex -17.58357990424495 1.2099873883816554 6.694213982588093
      vertex -17.42543178460949 1.395141825738396 6.471608279057446
    endloop
  endfacet
  facet normal -0.44487084564890056 0.8181039865433974 0.3644115776061904
    outer loop
      vertex -17.42543178460949 1.395141825738396 6.471608279057446
      vertex -17.58357990424495 1.2099873883816554 6.694213982588093
      vertex -17.38969297108264 1.3154197604699849 6.694213982588093
    endloop
  endfacet
  facet normal -0.3147741599029599 0.8764253706756514 0.36441157760619075
    outer loop
      vertex -17.42543178460949 1.395141825738396 6.471608279057446
      vertex -17.38969297108264 1.3154197604699849 6.694213982588093
      vertex -17.205134588056787 1.4742630690228027 6.471608279057446
    endloop
  endfacet
  facet normal -0.31477415990296015 0.8764253706756514 0.36441157760619053
    outer loop
      vertex -17.205134588056787 1.4742630690228027 6.471608279057446
      vertex -17.38969297108264 1.3154197604699849 6.694213982588093
      vertex -17.181984134478736 1.3900198082709871 6.694213982588093
    endloop
  endfacet
  facet normal -0.17729943463910117 0.9142040869429663 0.36441157760619053
    outer loop
      vertex -17.205134588056787 1.4742630690228027 6.471608279057446
      vertex -17.181984134478736 1.3900198082709871 6.694213982588093
      vertex -16.975341380136186 1.5188288354967494 6.471608279057446
    endloop
  endfacet
  facet normal -0.035668960899333906 0.9305546342557908 0.3644115776061912
    outer loop
      vertex -16.975341380136186 1.5188288354967494 6.471608279057446
      vertex -16.96532191351739 1.4320389698922749 6.694213982588093
      vertex -16.8 1.5255498216719616 6.471608279057446
    endloop
  endfacet
  facet normal -0.1772994346390989 0.9142040869429658 0.3644115776061924
    outer loop
      vertex -16.975341380136186 1.5188288354967494 6.471608279057446
      vertex -17.181984134478736 1.3900198082709871 6.694213982588093
      vertex -16.96532191351739 1.4320389698922749 6.694213982588093
    endloop
  endfacet
  facet normal -0.03566896089933379 0.9305546342557908 0.3644115776061913
    outer loop
      vertex -16.8 1.5255498216719616 6.471608279057446
      vertex -16.96532191351739 1.4320389698922749 6.694213982588093
      vertex -16.8 1.43837590127919 6.694213982588093
    endloop
  endfacet
  facet normal -0.18564454095888253 0.9572337238904828 0.22190020788391535
    outer loop
      vertex -17.205134588056787 1.4742630690228027 6.471608279057446
      vertex -16.981444010065644 1.571690574705326 6.238467625881879
      vertex -17.219235004402403 1.5255737289590363 6.238467625881879
    endloop
  endfacet
  facet normal -0.03734782282930633 0.9743538565998425 0.22190020788391415
    outer loop
      vertex -16.981444010065644 1.571690574705326 6.238467625881879
      vertex -16.975341380136186 1.5188288354967494 6.471608279057446
      vertex -16.8 1.5786454799437764 6.238467625881879
    endloop
  endfacet
  facet normal -0.18564454095888555 0.9572337238904828 0.22190020788391243
    outer loop
      vertex -17.205134588056787 1.4742630690228027 6.471608279057446
      vertex -16.975341380136186 1.5188288354967494 6.471608279057446
      vertex -16.981444010065644 1.571690574705326 6.238467625881879
    endloop
  endfacet
  facet normal -0.03819625645985669 0.9964883350611865 0.07451203982872401
    outer loop
      vertex -16.739347403200753 1.582343685045351 6.220101250391041
      vertex -16.796445254022544 1.5787817364198706 6.238467625881879
      vertex -16.739400121917765 1.5809683254836822 6.238467625881879
    endloop
  endfacet
  facet normal 0.1143646185585862 0.9906405452748805 0.0745120398287177
    outer loop
      vertex -16.739347403200753 1.582343685045351 6.220101250391041
      vertex -16.739400121917765 1.5809683254836822 6.238467625881879
      vertex -16.720459615581387 1.5787817364198706 6.238467625881879
    endloop
  endfacet
  facet normal -0.03734782282930871 0.9743538565998424 0.2219002078839141
    outer loop
      vertex -16.796445254022544 1.5787817364198706 6.238467625881879
      vertex -16.73996009183824 1.5663594725369963 6.302520195671085
      vertex -16.739400121917765 1.5809683254836822 6.238467625881879
    endloop
  endfacet
  facet normal 0.11182429661285107 0.9686359607345348 0.2219002078839169
    outer loop
      vertex -16.739400121917765 1.5809683254836822 6.238467625881879
      vertex -16.73996009183824 1.5663594725369963 6.302520195671085
      vertex -16.720459615581387 1.5787817364198706 6.238467625881879
    endloop
  endfacet
  facet normal -0.037347822829306064 0.9743538565998425 0.22190020788391435
    outer loop
      vertex -16.8 1.5786454799437764 6.238467625881879
      vertex -16.975341380136186 1.5188288354967494 6.471608279057446
      vertex -16.8 1.5255498216719616 6.471608279057446
    endloop
  endfacet
  facet normal -0.03734782282930224 0.9743538565998429 0.22190020788391362
    outer loop
      vertex -16.74129836635813 1.5314457120854437 6.455599707532009
      vertex -16.796183164995316 1.5256961242462863 6.471608279057446
      vertex -16.741438318877655 1.5277945413662788 6.471608279057446
    endloop
  endfacet
  facet normal 0.11182429661285259 0.9686359607345325 0.22190020788392698
    outer loop
      vertex -16.74129836635813 1.5314457120854437 6.455599707532009
      vertex -16.741438318877655 1.5277945413662788 6.471608279057446
      vertex -16.723261568881338 1.525696124246286 6.471608279057446
    endloop
  endfacet
  facet normal -0.0356689608993302 0.9305546342557898 0.3644115776061947
    outer loop
      vertex -16.796183164995316 1.5256961242462863 6.471608279057446
      vertex -16.742393465553842 1.502876064811032 6.535146147145311
      vertex -16.741438318877655 1.5277945413662788 6.471608279057446
    endloop
  endfacet
  facet normal 0.10679756305231126 0.9250937696431927 0.3644115776061939
    outer loop
      vertex -16.741438318877655 1.5277945413662788 6.471608279057446
      vertex -16.742393465553842 1.502876064811032 6.535146147145311
      vertex -16.723261568881338 1.525696124246286 6.471608279057446
    endloop
  endfacet
  facet normal -0.4140208691898586 0.761371815908348 0.4988984644350978
    outer loop
      vertex -17.51858653803353 1.109626017424776 6.9013120929017955
      vertex -17.38969297108264 1.3154197604699849 6.694213982588093
      vertex -17.58357990424495 1.2099873883816554 6.694213982588093
    endloop
  endfacet
  facet normal -0.2929458573340285 0.8156488502138259 0.49889846443509395
    outer loop
      vertex -17.38969297108264 1.3154197604699849 6.694213982588093
      vertex -17.3407813910201 1.2063133914183959 6.9013120929017955
      vertex -17.181984134478736 1.3900198082709871 6.694213982588093
    endloop
  endfacet
  facet normal -0.4140208691898639 0.7613718159083477 0.4988984644350941
    outer loop
      vertex -17.51858653803353 1.109626017424776 6.9013120929017955
      vertex -17.3407813910201 1.2063133914183959 6.9013120929017955
      vertex -17.38969297108264 1.3154197604699849 6.694213982588093
    endloop
  endfacet
  facet normal -0.292945857334028 0.8156488502138259 0.49889846443509434
    outer loop
      vertex -17.181984134478736 1.3900198082709871 6.694213982588093
      vertex -17.3407813910201 1.2063133914183959 6.9013120929017955
      vertex -17.15030078654621 1.274725801940987 6.9013120929017955
    endloop
  endfacet
  facet normal -0.16500444287168264 0.8508077667821985 0.4988984644350931
    outer loop
      vertex -16.96532191351739 1.4320389698922749 6.694213982588093
      vertex -17.15030078654621 1.274725801940987 6.9013120929017955
      vertex -16.951609428536855 1.313259720073571 6.9013120929017955
    endloop
  endfacet
  facet normal -0.16500444287168115 0.8508077667821982 0.4988984644350941
    outer loop
      vertex -17.181984134478736 1.3900198082709871 6.694213982588093
      vertex -17.15030078654621 1.274725801940987 6.9013120929017955
      vertex -16.96532191351739 1.4320389698922749 6.694213982588093
    endloop
  endfacet
  facet normal -0.03319546411970591 0.8660244704084193 0.4988984644350934
    outer loop
      vertex -16.96532191351739 1.4320389698922749 6.694213982588093
      vertex -16.951609428536855 1.313259720073571 6.9013120929017955
      vertex -16.8 1.43837590127919 6.694213982588093
    endloop
  endfacet
  facet normal -0.035668960899336084 0.9305546342557891 0.3644115776061953
    outer loop
      vertex -16.79897091824081 1.4384153468696792 6.694213982588093
      vertex -16.744784687023554 1.4404923517992354 6.694213982588093
      vertex -16.744578729977178 1.4458654907729864 6.680513394007766
    endloop
  endfacet
  facet normal 0.10679756305230559 0.9250937696431885 0.3644115776062064
    outer loop
      vertex -16.744784687023554 1.4404923517992354 6.694213982588093
      vertex -16.72679341208304 1.438415346869679 6.694213982588093
      vertex -16.744578729977178 1.4458654907729864 6.680513394007766
    endloop
  endfacet
  facet normal -0.03319546411970799 0.8660244704084183 0.498898464435095
    outer loop
      vertex -16.746170497675763 1.4043384383658568 6.7568803833395
      vertex -16.744784687023554 1.4404923517992354 6.694213982588093
      vertex -16.79897091824081 1.4384153468696792 6.694213982588093
    endloop
  endfacet
  facet normal 0.099391588176068 0.8609422944565686 0.4988984644350974
    outer loop
      vertex -16.746170497675763 1.4043384383658568 6.7568803833395
      vertex -16.72679341208304 1.438415346869679 6.694213982588093
      vertex -16.744784687023554 1.4404923517992354 6.694213982588093
    endloop
  endfacet
  facet normal -0.0331954641197055 0.8660244704084192 0.49889846443509367
    outer loop
      vertex -16.8 1.43837590127919 6.694213982588093
      vertex -16.951609428536855 1.313259720073571 6.9013120929017955
      vertex -16.8 1.3196188468913108 6.900361169771723
    endloop
  endfacet
  facet normal -0.14902359264965817 0.7684061583645696 0.6223696205802408
    outer loop
      vertex -17.110792297896868 1.1309565276166047 7.088276380433471
      vertex -16.951609428536855 1.313259720073571 6.9013120929017955
      vertex -17.15030078654621 1.274725801940987 6.9013120929017955
    endloop
  endfacet
  facet normal -0.029980449233346737 0.7821491085736624 0.6223696205802401
    outer loop
      vertex -16.934510239449846 1.1651444182047856 7.088276380433471
      vertex -16.8 1.3148593793325845 6.906605003421778
      vertex -16.951609428536855 1.313259720073571 6.9013120929017955
    endloop
  endfacet
  facet normal -0.14902359264965884 0.7684061583645697 0.6223696205802404
    outer loop
      vertex -17.110792297896868 1.1309565276166047 7.088276380433471
      vertex -16.934510239449846 1.1651444182047856 7.088276380433471
      vertex -16.951609428536855 1.313259720073571 6.9013120929017955
    endloop
  endfacet
  facet normal -0.029980449233353208 0.782149108573661 0.6223696205802414
    outer loop
      vertex -16.751233085010778 1.272262426417529 6.962486944987534
      vertex -16.74936447402079 1.321011943434954 6.9013120929017955
      vertex -16.8 1.3148593793325845 6.906605003421778
    endloop
  endfacet
  facet normal 0.0897654105027474 0.777559146596632 0.622369620580239
    outer loop
      vertex -16.751233085010778 1.272262426417529 6.962486944987534
      vertex -16.7310184953453 1.3188939896894567 6.9013120929017955
      vertex -16.74936447402079 1.321011943434954 6.9013120929017955
    endloop
  endfacet
  facet normal -0.0331954641197075 0.8660244704084562 0.49889846443502944
    outer loop
      vertex -16.951609428536855 1.313259720073571 6.9013120929017955
      vertex -16.74936447402079 1.321011943434954 6.9013120929017955
      vertex -16.8 1.3196188468913108 6.900361169771723
    endloop
  endfacet
  facet normal -0.029980449233347587 0.7821491085736392 0.6223696205802692
    outer loop
      vertex -16.951609428536855 1.313259720073571 6.9013120929017955
      vertex -16.8 1.3148593793325845 6.906605003421778
      vertex -16.74936447402079 1.321011943434954 6.9013120929017955
    endloop
  endfacet
  facet normal -0.03319546411970772 0.866024470408417 0.4988984644350975
    outer loop
      vertex -16.8 1.3196188468913108 6.900361169771723
      vertex -16.74936447402079 1.321011943434954 6.9013120929017955
      vertex -16.749111767871167 1.327604702873682 6.889884712963902
    endloop
  endfacet
  facet normal 0.09939158817607358 0.8609422944565752 0.4988984644350848
    outer loop
      vertex -16.749111767871167 1.327604702873682 6.889884712963902
      vertex -16.74936447402079 1.321011943434954 6.9013120929017955
      vertex -16.7310184953453 1.3188939896894567 6.9013120929017955
    endloop
  endfacet
  facet normal -0.029980449233345627 0.7821491085736619 0.6223696205802407
    outer loop
      vertex -16.934510239449846 1.1651444182047856 7.088276380433471
      vertex -16.8 1.1719300884989978 7.086228194718183
      vertex -16.8 1.3148593793325845 6.906605003421778
    endloop
  endfacet
  facet normal -0.46206844394039903 -0.886844266551066 0
    outer loop
      vertex -18.90667031765259 -4.312996658093019 0
      vertex -18.90667031765259 -4.312996658093019 0.44
      vertex -19.12769170643672 -4.197838886830427 0
    endloop
  endfacet
  facet normal -0.46206844394039903 -0.886844266551066 0
    outer loop
      vertex -18.90667031765259 -4.312996658093019 0.44
      vertex -19.12769170643672 -4.197838886830427 0.44
      vertex -19.12769170643672 -4.197838886830427 0
    endloop
  endfacet
  facet normal -0.5074762200466557 -0.861665762396974 0
    outer loop
      vertex -19.342438049910715 -4.071364484096973 0
      vertex -19.12769170643672 -4.197838886830427 0
      vertex -19.12769170643672 -4.197838886830427 0.44
    endloop
  endfacet
  facet normal -0.5515159299842696 -0.8341643596879372 0
    outer loop
      vertex -19.342438049910715 -4.071364484096973 0
      vertex -19.342438049910715 -4.071364484096973 0.44
      vertex -19.550330429899212 -3.933914402522052 0
    endloop
  endfacet
  facet normal -0.5074762200466557 -0.861665762396974 0
    outer loop
      vertex -19.342438049910715 -4.071364484096973 0
      vertex -19.12769170643672 -4.197838886830427 0.44
      vertex -19.342438049910715 -4.071364484096973 0.44
    endloop
  endfacet
  facet normal -0.5515159299842696 -0.8341643596879372 0
    outer loop
      vertex -19.550330429899212 -3.933914402522052 0
      vertex -19.342438049910715 -4.071364484096973 0.44
      vertex -19.550330429899212 -3.933914402522052 0.44
    endloop
  endfacet
  facet normal -0.5940688504813666 -0.8044141973434754 0
    outer loop
      vertex -19.550330429899212 -3.933914402522052 0
      vertex -19.550330429899212 -3.933914402522052 0.44
      vertex -19.750808405300646 -3.7858591832247375 0
    endloop
  endfacet
  facet normal -0.6350202663875367 -0.7724954765415147 0
    outer loop
      vertex -19.750808405300646 -3.7858591832247375 0
      vertex -19.750808405300646 -3.7858591832247375 0.44
      vertex -19.94333152293737 -3.627597956900441 0
    endloop
  endfacet
  facet normal -0.5940688504813666 -0.8044141973434754 0
    outer loop
      vertex -19.550330429899212 -3.933914402522052 0.44
      vertex -19.750808405300646 -3.7858591832247375 0.44
      vertex -19.750808405300646 -3.7858591832247375 0
    endloop
  endfacet
  facet normal -0.6350202663875367 -0.7724954765415147 0
    outer loop
      vertex -19.94333152293737 -3.627597956900441 0
      vertex -19.750808405300646 -3.7858591832247375 0.44
      vertex -19.94333152293737 -3.627597956900441 0.44
    endloop
  endfacet
  facet normal -0.3188772832476166 -0.9477960108739746 0
    outer loop
      vertex -18.448201052654344 -4.508151870781321 0
      vertex -18.211989128522383 -4.587623208256603 0
      vertex -18.211989128522383 -4.587623208256603 0.44
    endloop
  endfacet
  facet normal -0.16796328987016168 -0.9857932507660985 0
    outer loop
      vertex -17.728792908260157 -4.709282719646979 0
      vertex -17.48311122371177 -4.751142921028477 0
      vertex -17.48311122371177 -4.751142921028477 0.44
    endloop
  endfacet
  facet normal -0.21890332380659824 -0.975746552556771 0
    outer loop
      vertex -17.971970731336278 -4.6547271246434105 0
      vertex -17.728792908260157 -4.709282719646979 0
      vertex -17.728792908260157 -4.709282719646979 0.44
    endloop
  endfacet
  facet normal -0.2692532330836334 -0.9630694141514466 0
    outer loop
      vertex -17.971970731336278 -4.6547271246434105 0
      vertex -17.971970731336278 -4.6547271246434105 0.44
      vertex -18.211989128522383 -4.587623208256603 0
    endloop
  endfacet
  facet normal -0.3188772832476166 -0.9477960108739746 0
    outer loop
      vertex -18.448201052654344 -4.508151870781321 0
      vertex -18.211989128522383 -4.587623208256603 0.44
      vertex -18.448201052654344 -4.508151870781321 0.44
    endloop
  endfacet
  facet normal -0.21890332380659824 -0.975746552556771 0
    outer loop
      vertex -17.971970731336278 -4.6547271246434105 0
      vertex -17.728792908260157 -4.709282719646979 0.44
      vertex -17.971970731336278 -4.6547271246434105 0.44
    endloop
  endfacet
  facet normal -0.16796328987016168 -0.9857932507660985 0
    outer loop
      vertex -17.728792908260157 -4.709282719646979 0
      vertex -17.48311122371177 -4.751142921028477 0.44
      vertex -17.728792908260157 -4.709282719646979 0.44
    endloop
  endfacet
  facet normal -0.2692532330836334 -0.9630694141514466 0
    outer loop
      vertex -18.211989128522383 -4.587623208256603 0
      vertex -17.971970731336278 -4.6547271246434105 0.44
      vertex -18.211989128522383 -4.587623208256603 0.44
    endloop
  endfacet
  facet normal -0.4154150130018806 -0.909631995354521 0
    outer loop
      vertex -18.90667031765259 -4.312996658093019 0
      vertex -18.679969718146417 -4.416527352893049 0
      vertex -18.679969718146417 -4.416527352893049 0.44
    endloop
  endfacet
  facet normal -0.3676416966327222 -0.9299675171192883 0
    outer loop
      vertex -18.448201052654344 -4.508151870781321 0
      vertex -18.448201052654344 -4.508151870781321 0.44
      vertex -18.679969718146417 -4.416527352893049 0
    endloop
  endfacet
  facet normal -0.3676416966327222 -0.9299675171192883 0
    outer loop
      vertex -18.448201052654344 -4.508151870781321 0.44
      vertex -18.679969718146417 -4.416527352893049 0.44
      vertex -18.679969718146417 -4.416527352893049 0
    endloop
  endfacet
  facet normal -0.4154150130018806 -0.909631995354521 0
    outer loop
      vertex -18.90667031765259 -4.312996658093019 0
      vertex -18.679969718146417 -4.416527352893049 0.44
      vertex -18.90667031765259 -4.312996658093019 0.44
    endloop
  endfacet
  facet normal -0.11657045659976195 -0.9931824246572847 0
    outer loop
      vertex -17.48311122371177 -4.751142921028477 0
      vertex -17.235587992076713 -4.780194881085769 0
      vertex -17.235587992076713 -4.780194881085769 0.44
    endloop
  endfacet
  facet normal -0.06486336998774181 -0.9978941543239108 0
    outer loop
      vertex -17.235587992076713 -4.780194881085769 0
      vertex -16.98689049222594 -4.796360280870855 0
      vertex -16.98689049222594 -4.796360280870855 0.44
    endloop
  endfacet
  facet normal -0.01298142319793034 -0.9999157377758169 0
    outer loop
      vertex -16.98689049222594 -4.796360280870855 0
      vertex -16.8 -4.798786589888304 0
      vertex -16.98689049222594 -4.796360280870855 0.44
    endloop
  endfacet
  facet normal -0.11657045659976195 -0.9931824246572847 0
    outer loop
      vertex -17.48311122371177 -4.751142921028477 0
      vertex -17.235587992076713 -4.780194881085769 0.44
      vertex -17.48311122371177 -4.751142921028477 0.44
    endloop
  endfacet
  facet normal -0.06486336998774181 -0.9978941543239108 0
    outer loop
      vertex -17.235587992076713 -4.780194881085769 0
      vertex -16.98689049222594 -4.796360280870855 0.44
      vertex -17.235587992076713 -4.780194881085769 0.44
    endloop
  endfacet
  facet normal -0.01298142319793034 -0.9999157377758169 0
    outer loop
      vertex -16.8 -4.798786589888304 0
      vertex -16.8 -4.798786589888304 0.44
      vertex -16.98689049222594 -4.796360280870855 0.44
    endloop
  endfacet
  facet normal 0 0 1
    outer loop
      vertex -17.728792908260157 -4.709282719646979 0.44
      vertex -17.48311122371177 -4.751142921028477 0.44
      vertex -17.669708080001953 -1.34298468181112 0.44
    endloop
  endfacet
  facet normal 0 0 1
    outer loop
      vertex -17.48311122371177 -4.751142921028477 0.44
      vertex -17.235587992076713 -4.780194881085769 0.44
      vertex -17.454509819474143 -1.46000578636248 0.44
    endloop
  endfacet
  facet normal 0 0 1
    outer loop
      vertex -17.235587992076713 -4.780194881085769 0.44
      vertex -16.98689049222594 -4.796360280870855 0.44
      vertex -17.22397040351466 -1.5428055927250257 0.44
    endloop
  endfacet
  facet normal 0 0 1
    outer loop
      vertex -16.98689049222594 -4.796360280870855 0.44
      vertex -16.8 -4.798786589888304 0.44
      vertex -16.983493480637442 -1.5894433436154802 0.44
    endloop
  endfacet
  facet normal -0.7471848688911449 -0.664616258979663 0
    outer loop
      vertex -20.302459995811343 -3.2821904237477155 0
      vertex -20.468097204178797 -3.095975274561427 0.44
      vertex -20.468097204178797 -3.095975274561427 0
    endloop
  endfacet
  facet normal -0.7471848688911449 -0.664616258979663 0
    outer loop
      vertex -20.302459995811343 -3.2821904237477155 0
      vertex -20.302459995811343 -3.2821904237477155 0.44
      vertex -20.468097204178797 -3.095975274561427 0.44
    endloop
  endfacet
  facet normal -0.7806738511717266 -0.6249386674680204 0
    outer loop
      vertex -20.468097204178797 -3.095975274561427 0
      vertex -20.468097204178797 -3.095975274561427 0.44
      vertex -20.623845870994735 -2.901413923396062 0.44
    endloop
  endfacet
  facet normal -0.6742597799256236 -0.7384942445101719 0
    outer loop
      vertex -19.94333152293737 -3.627597956900441 0
      vertex -19.94333152293737 -3.627597956900441 0.44
      vertex -20.127380774521868 -3.4595573678351195 0
    endloop
  endfacet
  facet normal -0.71168160830456 -0.7025021625596857 0
    outer loop
      vertex -20.302459995811343 -3.2821904237477155 0
      vertex -20.127380774521868 -3.4595573678351195 0
      vertex -20.302459995811343 -3.2821904237477155 0.44
    endloop
  endfacet
  facet normal -0.6742597799256236 -0.7384942445101719 0
    outer loop
      vertex -19.94333152293737 -3.627597956900441 0.44
      vertex -20.127380774521868 -3.4595573678351195 0.44
      vertex -20.127380774521868 -3.4595573678351195 0
    endloop
  endfacet
  facet normal -0.71168160830456 -0.7025021625596857 0
    outer loop
      vertex -20.302459995811343 -3.2821904237477155 0.44
      vertex -20.127380774521868 -3.4595573678351195 0
      vertex -20.127380774521868 -3.4595573678351195 0.44
    endloop
  endfacet
  facet normal -0.7806738511717266 -0.6249386674680204 0
    outer loop
      vertex -20.468097204178797 -3.095975274561427 0
      vertex -20.623845870994735 -2.901413923396062 0.44
      vertex -20.623845870994735 -2.901413923396062 0
    endloop
  endfacet
  facet normal -0.8120582747708527 -0.5835763517965632 0
    outer loop
      vertex -20.623845870994735 -2.901413923396062 0
      vertex -20.769286125389417 -2.6990308732563753 0.44
      vertex -20.769286125389417 -2.6990308732563753 0
    endloop
  endfacet
  facet normal -0.8120582747708527 -0.5835763517965632 0
    outer loop
      vertex -20.623845870994735 -2.901413923396062 0
      vertex -20.623845870994735 -2.901413923396062 0.44
      vertex -20.769286125389417 -2.6990308732563753 0.44
    endloop
  endfacet
  facet normal -0.8412535328311813 -0.5406408174555973 0
    outer loop
      vertex -20.769286125389417 -2.6990308732563753 0
      vertex -20.904025886150496 -2.489371713064692 0.44
      vertex -20.904025886150496 -2.489371713064692 0
    endloop
  endfacet
  facet normal -0.8681809200986434 -0.4962478110547924 0
    outer loop
      vertex -20.904025886150496 -2.489371713064692 0
      vertex -20.904025886150496 -2.489371713064692 0.44
      vertex -21.02770191870463 -2.2730016468496457 0.44
    endloop
  endfacet
  facet normal -0.8412535328311813 -0.5406408174555973 0
    outer loop
      vertex -20.769286125389417 -2.6990308732563753 0
      vertex -20.769286125389417 -2.6990308732563753 0.44
      vertex -20.904025886150496 -2.489371713064692 0.44
    endloop
  endfacet
  facet normal 0 0 -1
    outer loop
      vertex -17.728792908260157 -4.709282719646979 0
      vertex -17.47175144212722 -0.6717514421272202 0
      vertex -17.48311122371177 -4.751142921028477 0
    endloop
  endfacet
  facet normal 0 0 1
    outer loop
      vertex -17.971970731336278 -4.6547271246434105 0.44
      vertex -17.728792908260157 -4.709282719646979 0.44
      vertex -17.864521120264904 -1.1944851545791402 0.44
    endloop
  endfacet
  facet normal 0 0 1
    outer loop
      vertex -17.971970731336278 -4.6547271246434105 0.44
      vertex -18.17531137117952 -0.8176298871153762 0.44
      vertex -18.211989128522383 -4.587623208256603 0.44
    endloop
  endfacet
  facet normal 0 0 -1
    outer loop
      vertex -17.971970731336278 -4.6547271246434105 0
      vertex -17.717629534974616 -0.2458780928473947 0
      vertex -17.728792908260157 -4.709282719646979 0
    endloop
  endfacet
  facet normal 0 0 1
    outer loop
      vertex -18.448201052654344 -4.508151870781321 0.44
      vertex -18.211989128522383 -4.587623208256603 0.44
      vertex -18.357912678204446 -0.36456561424501976 0.44
    endloop
  endfacet
  facet normal 0 0 -1
    outer loop
      vertex -17.48311122371177 -4.751142921028477 0
      vertex -17.045878092847396 -0.9176295349746149 0
      vertex -17.235587992076713 -4.780194881085769 0
    endloop
  endfacet
  facet normal 0 0 -1
    outer loop
      vertex -17.235587992076713 -4.780194881085769 0
      vertex -16.8 -0.95 0
      vertex -16.98689049222594 -4.796360280870855 0
    endloop
  endfacet
  facet normal 0 0 -1
    outer loop
      vertex -16.98689049222594 -4.796360280870855 0
      vertex -16.8 -0.95 0
      vertex -16.8 -4.798786589888304 0
    endloop
  endfacet
  facet normal 0 0 1
    outer loop
      vertex -17.728792908260157 -4.709282719646979 0.44
      vertex -17.669708080001953 -1.34298468181112 0.44
      vertex -17.864521120264904 -1.1944851545791402 0.44
    endloop
  endfacet
  facet normal 0 0 1
    outer loop
      vertex -17.235587992076713 -4.780194881085769 0.44
      vertex -17.22397040351466 -1.5428055927250257 0.44
      vertex -17.454509819474143 -1.46000578636248 0.44
    endloop
  endfacet
  facet normal 0 0 1
    outer loop
      vertex -16.98689049222594 -4.796360280870855 0.44
      vertex -16.983493480637442 -1.5894433436154802 0.44
      vertex -17.22397040351466 -1.5428055927250257 0.44
    endloop
  endfacet
  facet normal 0 0 1
    outer loop
      vertex -17.48311122371177 -4.751142921028477 0.44
      vertex -17.454509819474143 -1.46000578636248 0.44
      vertex -17.669708080001953 -1.34298468181112 0.44
    endloop
  endfacet
  facet normal 0 0 1
    outer loop
      vertex -16.8 -4.798786589888304 0.44
      vertex -16.8 -1.5964768068267767 0.44
      vertex -16.983493480637442 -1.5894433436154802 0.44
    endloop
  endfacet
  facet normal -0.8681809200986434 -0.4962478110547924 0
    outer loop
      vertex -20.904025886150496 -2.489371713064692 0
      vertex -21.02770191870463 -2.2730016468496457 0.44
      vertex -21.02770191870463 -2.2730016468496457 0
    endloop
  endfacet
  facet normal -0.8927678450978611 -0.45051700829083186 0
    outer loop
      vertex -21.02770191870463 -2.2730016468496457 0
      vertex -21.139980814333683 -2.0505039700560355 0.44
      vertex -21.139980814333683 -2.0505039700560355 0
    endloop
  endfacet
  facet normal -0.8927678450978611 -0.45051700829083186 0
    outer loop
      vertex -21.02770191870463 -2.2730016468496457 0
      vertex -21.02770191870463 -2.2730016468496457 0.44
      vertex -21.139980814333683 -2.0505039700560355 0.44
    endloop
  endfacet
  facet normal -0.9149480258259554 -0.40357169132285137 0
    outer loop
      vertex -21.139980814333683 -2.0505039700560355 0
      vertex -21.240559888985683 -1.8224784970834271 0.44
      vertex -21.240559888985683 -1.8224784970834271 0
    endloop
  endfacet
  facet normal -0.9149480258259554 -0.40357169132285137 0
    outer loop
      vertex -21.139980814333683 -2.0505039700560355 0
      vertex -21.139980814333683 -2.0505039700560355 0.44
      vertex -21.240559888985683 -1.8224784970834271 0.44
    endloop
  endfacet
  facet normal -0.9346616684370732 -0.35553841642560446 0
    outer loop
      vertex -21.240559888985683 -1.8224784970834271 0
      vertex -21.329167999257514 -1.5895399442925904 0.44
      vertex -21.329167999257514 -1.5895399442925904 0
    endloop
  endfacet
  facet normal -0.9346616684370732 -0.35553841642560446 0
    outer loop
      vertex -21.240559888985683 -1.8224784970834271 0
      vertex -21.240559888985683 -1.8224784970834271 0.44
      vertex -21.329167999257514 -1.5895399442925904 0.44
    endloop
  endfacet
  facet normal -0.9518556284360684 -0.3065466728160282 0
    outer loop
      vertex -21.329167999257514 -1.5895399442925904 0
      vertex -21.329167999257514 -1.5895399442925904 0.44
      vertex -21.40556627334959 -1.3523162728388634 0.44
    endloop
  endfacet
  facet normal -0.9518556284360684 -0.3065466728160282 0
    outer loop
      vertex -21.329167999257514 -1.5895399442925904 0
      vertex -21.40556627334959 -1.3523162728388634 0.44
      vertex -21.40556627334959 -1.3523162728388634 0
    endloop
  endfacet
  facet normal -0.9664835539466359 -0.25672853357326714 0
    outer loop
      vertex -21.40556627334959 -1.3523162728388634 0
      vertex -21.40556627334959 -1.3523162728388634 0.44
      vertex -21.46954875502199 -1.1114469957998947 0.44
    endloop
  endfacet
  facet normal 0 0 -1
    outer loop
      vertex -19.750808405300646 -3.7858591832247375 0
      vertex -19.94333152293737 -3.627597956900441 0
      vertex -19.750808405300646 3.785859183224737 0
    endloop
  endfacet
  facet normal 0 0 -1
    outer loop
      vertex -19.550330429899212 -3.933914402522052 0
      vertex -19.750808405300646 -3.7858591832247375 0
      vertex -19.550330429899212 3.933914402522052 0
    endloop
  endfacet
  facet normal 0 0 -1
    outer loop
      vertex -19.342438049910715 -4.071364484096973 0
      vertex -19.12769170643672 4.197838886830427 0
      vertex -19.12769170643672 -4.197838886830427 0
    endloop
  endfacet
  facet normal 0 0 -1
    outer loop
      vertex -18.90667031765259 -4.312996658093019 0
      vertex -19.12769170643672 -4.197838886830427 0
      vertex -18.90667031765259 4.312996658093019 0
    endloop
  endfacet
  facet normal 0 0 -1
    outer loop
      vertex -19.342438049910715 -4.071364484096973 0
      vertex -19.550330429899212 -3.933914402522052 0
      vertex -19.342438049910715 4.071364484096973 0
    endloop
  endfacet
  facet normal 0 0 1
    outer loop
      vertex -19.94333152293737 -3.627597956900441 0.44
      vertex -20.127380774521868 3.4595573678351195 0.44
      vertex -20.127380774521868 -3.4595573678351195 0.44
    endloop
  endfacet
  facet normal 0 0 1
    outer loop
      vertex -19.550330429899212 -3.933914402522052 0.44
      vertex -19.750808405300646 3.785859183224737 0.44
      vertex -19.750808405300646 -3.7858591832247375 0.44
    endloop
  endfacet
  facet normal 0 0 1
    outer loop
      vertex -19.750808405300646 -3.7858591832247375 0.44
      vertex -19.94333152293737 3.627597956900441 0.44
      vertex -19.94333152293737 -3.627597956900441 0.44
    endloop
  endfacet
  facet normal 0 0 1
    outer loop
      vertex -19.342438049910715 -4.071364484096973 0.44
      vertex -19.550330429899212 3.933914402522052 0.44
      vertex -19.550330429899212 -3.933914402522052 0.44
    endloop
  endfacet
  facet normal 0 0 1
    outer loop
      vertex -19.342438049910715 -4.071364484096973 0.44
      vertex -19.12769170643672 -4.197838886830427 0.44
      vertex -19.342438049910715 4.071364484096973 0.44
    endloop
  endfacet
  facet normal 0 0 1
    outer loop
      vertex -18.90667031765259 -4.312996658093019 0.44
      vertex -19.12769170643672 4.197838886830427 0.44
      vertex -19.12769170643672 -4.197838886830427 0.44
    endloop
  endfacet
  facet normal 0 0 1
    outer loop
      vertex -17.971970731336278 -4.6547271246434105 0.44
      vertex -17.864521120264904 -1.1944851545791402 0.44
      vertex -18.03438268771511 -1.0179879077224956 0.44
    endloop
  endfacet
  facet normal 0 0 1
    outer loop
      vertex -17.971970731336278 -4.6547271246434105 0.44
      vertex -18.03438268771511 -1.0179879077224956 0.44
      vertex -18.17531137117952 -0.8176298871153762 0.44
    endloop
  endfacet
  facet normal 0 0 -1
    outer loop
      vertex -17.728792908260157 -4.709282719646979 0
      vertex -17.622724133595217 -0.475 0
      vertex -17.47175144212722 -0.6717514421272202 0
    endloop
  endfacet
  facet normal 0 0 -1
    outer loop
      vertex -17.728792908260157 -4.709282719646979 0
      vertex -17.717629534974616 -0.2458780928473947 0
      vertex -17.622724133595217 -0.475 0
    endloop
  endfacet
  facet normal 0 0 1
    outer loop
      vertex -18.211989128522383 -4.587623208256603 0.44
      vertex -18.17531137117952 -0.8176298871153762 0.44
      vertex -18.284003921763354 -0.5981073149452298 0.44
    endloop
  endfacet
  facet normal 0 0 1
    outer loop
      vertex -18.211989128522383 -4.587623208256603 0.44
      vertex -18.284003921763354 -0.5981073149452298 0.44
      vertex -18.357912678204446 -0.36456561424501976 0.44
    endloop
  endfacet
  facet normal 0 0 -1
    outer loop
      vertex -17.48311122371177 -4.751142921028477 0
      vertex -17.275000000000002 -0.8227241335952167 0
      vertex -17.045878092847396 -0.9176295349746149 0
    endloop
  endfacet
  facet normal 0 0 -1
    outer loop
      vertex -17.235587992076713 -4.780194881085769 0
      vertex -17.045878092847396 -0.9176295349746149 0
      vertex -16.8 -0.95 0
    endloop
  endfacet
  facet normal 0 0 -1
    outer loop
      vertex -17.48311122371177 -4.751142921028477 0
      vertex -17.47175144212722 -0.6717514421272202 0
      vertex -17.275000000000002 -0.8227241335952167 0
    endloop
  endfacet
  facet normal 0 0 -1
    outer loop
      vertex -18.448201052654344 -4.508151870781321 0
      vertex -18.211989128522383 4.587623208256603 0
      vertex -18.211989128522383 -4.587623208256603 0
    endloop
  endfacet
  facet normal 0 0 -1
    outer loop
      vertex -17.971970731336278 -4.6547271246434105 0
      vertex -18.211989128522383 -4.587623208256603 0
      vertex -17.971970731336278 4.6547271246434105 0
    endloop
  endfacet
  facet normal 0 0 -1
    outer loop
      vertex -17.971970731336278 -4.6547271246434105 0
      vertex -17.75 0 0
      vertex -17.717629534974616 -0.2458780928473947 0
    endloop
  endfacet
  facet normal 0 0 1
    outer loop
      vertex -18.448201052654344 -4.508151870781321 0.44
      vertex -18.357912678204446 -0.36456561424501976 0.44
      vertex -18.395305281893986 -0.12247880453839265 0.44
    endloop
  endfacet
  facet normal 0 0 1
    outer loop
      vertex -18.448201052654344 -4.508151870781321 0.44
      vertex -18.679969718146417 4.416527352893049 0.44
      vertex -18.679969718146417 -4.416527352893049 0.44
    endloop
  endfacet
  facet normal 0 0 -1
    outer loop
      vertex -18.90667031765259 -4.312996658093019 0
      vertex -18.679969718146417 4.416527352893049 0
      vertex -18.679969718146417 -4.416527352893049 0
    endloop
  endfacet
  facet normal 0 0 -1
    outer loop
      vertex -18.448201052654344 -4.508151870781321 0
      vertex -18.679969718146417 -4.416527352893049 0
      vertex -18.448201052654344 4.508151870781321 0
    endloop
  endfacet
  facet normal 0 0 1
    outer loop
      vertex -18.90667031765259 -4.312996658093019 0.44
      vertex -18.679969718146417 -4.416527352893049 0.44
      vertex -18.90667031765259 4.312996658093019 0.44
    endloop
  endfacet
  facet normal -0.9664835539466359 -0.25672853357326714 0
    outer loop
      vertex -21.40556627334959 -1.3523162728388634 0
      vertex -21.46954875502199 -1.1114469957998947 0.44
      vertex -21.46954875502199 -1.1114469957998947 0
    endloop
  endfacet
  facet normal -0.9785060106677811 -0.2062182995929907 0
    outer loop
      vertex -21.46954875502199 -1.1114469957998947 0
      vertex -21.52094295881608 -0.8675814541614619 0.44
      vertex -21.52094295881608 -0.8675814541614619 0
    endloop
  endfacet
  facet normal 0 0 -1
    outer loop
      vertex -20.302459995811343 -3.2821904237477155 0
      vertex -20.468097204178797 -3.095975274561427 0
      vertex -20.302459995811343 3.2821904237477155 0
    endloop
  endfacet
  facet normal 0 0 -1
    outer loop
      vertex -20.468097204178797 -3.095975274561427 0
      vertex -20.623845870994735 -2.901413923396062 0
      vertex -20.468097204178797 3.095975274561427 0
    endloop
  endfacet
  facet normal -0.9785060106677811 -0.2062182995929907 0
    outer loop
      vertex -21.46954875502199 -1.1114469957998947 0
      vertex -21.46954875502199 -1.1114469957998947 0.44
      vertex -21.52094295881608 -0.8675814541614619 0.44
    endloop
  endfacet
  facet normal 0 0 1
    outer loop
      vertex -20.302459995811343 -3.2821904237477155 0.44
      vertex -20.468097204178797 3.095975274561427 0.44
      vertex -20.468097204178797 -3.095975274561427 0.44
    endloop
  endfacet
  facet normal 0 0 1
    outer loop
      vertex -20.623845870994735 -2.901413923396062 0.44
      vertex -20.769286125389417 2.6990308732563753 0.44
      vertex -20.769286125389417 -2.6990308732563753 0.44
    endloop
  endfacet
  facet normal 0 0 1
    outer loop
      vertex -20.468097204178797 -3.095975274561427 0.44
      vertex -20.623845870994735 2.901413923396062 0.44
      vertex -20.623845870994735 -2.901413923396062 0.44
    endloop
  endfacet
  facet normal 0 0 -1
    outer loop
      vertex -20.904025886150496 -2.489371713064692 0
      vertex -21.02770191870463 -2.2730016468496457 0
      vertex -20.904025886150496 2.489371713064692 0
    endloop
  endfacet
  facet normal 0 0 -1
    outer loop
      vertex -21.02770191870463 -2.2730016468496457 0
      vertex -21.139980814333683 -2.0505039700560355 0
      vertex -21.02770191870463 2.2730016468496457 0
    endloop
  endfacet
  facet normal 0 0 -1
    outer loop
      vertex -21.139980814333683 -2.0505039700560355 0
      vertex -21.240559888985683 -1.8224784970834271 0
      vertex -21.139980814333683 2.0505039700560355 0
    endloop
  endfacet
  facet normal -0.9878905881817248 -0.15515213753592247 0
    outer loop
      vertex -21.52094295881608 -0.8675814541614619 0
      vertex -21.559610335044802 -0.6213770663089709 0.44
      vertex -21.559610335044802 -0.6213770663089709 0
    endloop
  endfacet
  facet normal 0 0 -1
    outer loop
      vertex -20.769286125389417 -2.6990308732563753 0
      vertex -20.904025886150496 -2.489371713064692 0
      vertex -20.769286125389417 2.6990308732563753 0
    endloop
  endfacet
  facet normal 0 0 -1
    outer loop
      vertex -20.623845870994735 -2.901413923396062 0
      vertex -20.769286125389417 -2.6990308732563753 0
      vertex -20.623845870994735 2.901413923396062 0
    endloop
  endfacet
  facet normal -0.9878905881817248 -0.15515213753592247 0
    outer loop
      vertex -21.52094295881608 -0.8675814541614619 0
      vertex -21.52094295881608 -0.8675814541614619 0.44
      vertex -21.559610335044802 -0.6213770663089709 0.44
    endloop
  endfacet
  facet normal 0 0 1
    outer loop
      vertex -20.904025886150496 -2.489371713064692 0.44
      vertex -21.02770191870463 2.2730016468496457 0.44
      vertex -21.02770191870463 -2.2730016468496457 0.44
    endloop
  endfacet
  facet normal 0 0 1
    outer loop
      vertex -21.02770191870463 -2.2730016468496457 0.44
      vertex -21.139980814333683 2.0505039700560355 0.44
      vertex -21.139980814333683 -2.0505039700560355 0.44
    endloop
  endfacet
  facet normal 0 0 1
    outer loop
      vertex -21.240559888985683 -1.8224784970834271 0.44
      vertex -21.329167999257514 1.5895399442925904 0.44
      vertex -21.329167999257514 -1.5895399442925904 0.44
    endloop
  endfacet
  facet normal 0 0 1
    outer loop
      vertex -21.139980814333683 -2.0505039700560355 0.44
      vertex -21.240559888985683 1.8224784970834271 0.44
      vertex -21.240559888985683 -1.8224784970834271 0.44
    endloop
  endfacet
  facet normal 0 0 1
    outer loop
      vertex -20.769286125389417 -2.6990308732563753 0.44
      vertex -20.904025886150496 2.489371713064692 0.44
      vertex -20.904025886150496 -2.489371713064692 0.44
    endloop
  endfacet
  facet normal 0 0 -1
    outer loop
      vertex -19.94333152293737 -3.627597956900441 0
      vertex -20.127380774521868 -3.4595573678351195 0
      vertex -19.94333152293737 3.627597956900441 0
    endloop
  endfacet
  facet normal 0 0 -1
    outer loop
      vertex -20.302459995811343 -3.2821904237477155 0
      vertex -20.127380774521868 3.4595573678351195 0
      vertex -20.127380774521868 -3.4595573678351195 0
    endloop
  endfacet
  facet normal 0 0 1
    outer loop
      vertex -20.302459995811343 -3.2821904237477155 0.44
      vertex -20.127380774521868 -3.4595573678351195 0.44
      vertex -20.302459995811343 3.2821904237477155 0.44
    endloop
  endfacet
  facet normal 0 0 -1
    outer loop
      vertex -21.240559888985683 -1.8224784970834271 0
      vertex -21.329167999257514 -1.5895399442925904 0
      vertex -21.240559888985683 1.8224784970834271 0
    endloop
  endfacet
  facet normal 0 0 -1
    outer loop
      vertex -21.329167999257514 -1.5895399442925904 0
      vertex -21.40556627334959 -1.3523162728388634 0
      vertex -21.329167999257514 1.5895399442925904 0
    endloop
  endfacet
  facet normal -0.9946119873266625 -0.10366771274657753 0
    outer loop
      vertex -21.559610335044802 -0.6213770663089709 0
      vertex -21.585446643298145 -0.3734975557437114 0.44
      vertex -21.585446643298145 -0.3734975557437114 0
    endloop
  endfacet
  facet normal 0 0 -1
    outer loop
      vertex -21.40556627334959 -1.3523162728388634 0
      vertex -21.46954875502199 -1.1114469957998947 0
      vertex -21.40556627334959 1.3523162728388634 0
    endloop
  endfacet
  facet normal -0.9946119873266625 -0.10366771274657753 0
    outer loop
      vertex -21.559610335044802 -0.6213770663089709 0
      vertex -21.559610335044802 -0.6213770663089709 0.44
      vertex -21.585446643298145 -0.3734975557437114 0.44
    endloop
  endfacet
  facet normal 0 0 1
    outer loop
      vertex -21.329167999257514 -1.5895399442925904 0.44
      vertex -21.40556627334959 1.3523162728388634 0.44
      vertex -21.40556627334959 -1.3523162728388634 0.44
    endloop
  endfacet
  facet normal 0 0 1
    outer loop
      vertex -21.40556627334959 -1.3523162728388634 0.44
      vertex -21.46954875502199 1.1114469957998947 0.44
      vertex -21.46954875502199 -1.1114469957998947 0.44
    endloop
  endfacet
  facet normal 0 0 1
    outer loop
      vertex -21.46954875502199 -1.1114469957998947 0.44
      vertex -21.52094295881608 0.8675814541614619 0.44
      vertex -21.52094295881608 -0.8675814541614619 0.44
    endloop
  endfacet
  facet normal 0 0 -1
    outer loop
      vertex -21.46954875502199 -1.1114469957998947 0
      vertex -21.52094295881608 -0.8675814541614619 0
      vertex -21.46954875502199 1.1114469957998947 0
    endloop
  endfacet
  facet normal 0 0 -1
    outer loop
      vertex -21.52094295881608 -0.8675814541614619 0
      vertex -21.559610335044802 -0.6213770663089709 0
      vertex -21.52094295881608 0.8675814541614619 0
    endloop
  endfacet
  facet normal -0.9986520883988232 -0.05190381813189789 0
    outer loop
      vertex -21.585446643298145 -0.3734975557437114 0
      vertex -21.59838223345686 -0.12461116180165538 0.44
      vertex -21.59838223345686 -0.12461116180165538 0
    endloop
  endfacet
  facet normal 0 0 -1
    outer loop
      vertex -21.559610335044802 -0.6213770663089709 0
      vertex -21.585446643298145 -0.3734975557437114 0
      vertex -21.559610335044802 0.6213770663089709 0
    endloop
  endfacet
  facet normal 0 0 -1
    outer loop
      vertex -21.585446643298145 -0.3734975557437114 0
      vertex -21.59838223345686 -0.12461116180165538 0
      vertex -21.585446643298145 0.3734975557437114 0
    endloop
  endfacet
  facet normal -0.9986520883988232 -0.05190381813189789 0
    outer loop
      vertex -21.585446643298145 -0.3734975557437114 0
      vertex -21.585446643298145 -0.3734975557437114 0.44
      vertex -21.59838223345686 -0.12461116180165538 0.44
    endloop
  endfacet
  facet normal 0 0 1
    outer loop
      vertex -21.52094295881608 -0.8675814541614619 0.44
      vertex -21.559610335044802 0.6213770663089709 0.44
      vertex -21.559610335044802 -0.6213770663089709 0.44
    endloop
  endfacet
  facet normal 0 0 1
    outer loop
      vertex -21.559610335044802 -0.6213770663089709 0.44
      vertex -21.585446643298145 0.3734975557437114 0.44
      vertex -21.585446643298145 -0.3734975557437114 0.44
    endloop
  endfacet
  facet normal -1 0 0
    outer loop
      vertex -21.59838223345686 -0.12461116180165538 0
      vertex -21.59838223345686 -0.12461116180165538 0.44
      vertex -21.59838223345686 0.12461116180165538 0.44
    endloop
  endfacet
  facet normal 0 0 1
    outer loop
      vertex -21.585446643298145 -0.3734975557437114 0.44
      vertex -21.59838223345686 0.12461116180165538 0.44
      vertex -21.59838223345686 -0.12461116180165538 0.44
    endloop
  endfacet
  facet normal 0 0 1
    outer loop
      vertex -18.448201052654344 -4.508151870781321 0.44
      vertex -18.395305281893986 -0.12247880453839265 0.44
      vertex -18.448201052654344 4.508151870781321 0.44
    endloop
  endfacet
  facet normal 0 0 -1
    outer loop
      vertex -21.59838223345686 -0.12461116180165538 0
      vertex -21.59838223345686 0.12461116180165538 0
      vertex -21.585446643298145 0.3734975557437114 0
    endloop
  endfacet
  facet normal -1 0 0
    outer loop
      vertex -21.59838223345686 -0.12461116180165538 0
      vertex -21.59838223345686 0.12461116180165538 0.44
      vertex -21.59838223345686 0.12461116180165538 0
    endloop
  endfacet
  facet normal 0 0 -1
    outer loop
      vertex -21.585446643298145 -0.3734975557437114 0
      vertex -21.585446643298145 0.3734975557437114 0
      vertex -21.559610335044802 0.6213770663089709 0
    endloop
  endfacet
  facet normal 0 0 -1
    outer loop
      vertex -21.559610335044802 -0.6213770663089709 0
      vertex -21.559610335044802 0.6213770663089709 0
      vertex -21.52094295881608 0.8675814541614619 0
    endloop
  endfacet
  facet normal -0.9986520883988232 0.05190381813189789 0
    outer loop
      vertex -21.59838223345686 0.12461116180165538 0
      vertex -21.585446643298145 0.3734975557437114 0.44
      vertex -21.585446643298145 0.3734975557437114 0
    endloop
  endfacet
  facet normal 0 0 1
    outer loop
      vertex -21.585446643298145 -0.3734975557437114 0.44
      vertex -21.585446643298145 0.3734975557437114 0.44
      vertex -21.59838223345686 0.12461116180165538 0.44
    endloop
  endfacet
  facet normal 0 0 1
    outer loop
      vertex -21.559610335044802 -0.6213770663089709 0.44
      vertex -21.559610335044802 0.6213770663089709 0.44
      vertex -21.585446643298145 0.3734975557437114 0.44
    endloop
  endfacet
  facet normal -0.9986520883988232 0.05190381813189789 0
    outer loop
      vertex -21.59838223345686 0.12461116180165538 0
      vertex -21.59838223345686 0.12461116180165538 0.44
      vertex -21.585446643298145 0.3734975557437114 0.44
    endloop
  endfacet
  facet normal 0 0 1
    outer loop
      vertex -21.52094295881608 -0.8675814541614619 0.44
      vertex -21.52094295881608 0.8675814541614619 0.44
      vertex -21.559610335044802 0.6213770663089709 0.44
    endloop
  endfacet
  facet normal 0 0 1
    outer loop
      vertex -21.46954875502199 -1.1114469957998947 0.44
      vertex -21.46954875502199 1.1114469957998947 0.44
      vertex -21.52094295881608 0.8675814541614619 0.44
    endloop
  endfacet
  facet normal 0 0 -1
    outer loop
      vertex -21.52094295881608 -0.8675814541614619 0
      vertex -21.52094295881608 0.8675814541614619 0
      vertex -21.46954875502199 1.1114469957998947 0
    endloop
  endfacet
  facet normal 0 0 -1
    outer loop
      vertex -21.46954875502199 -1.1114469957998947 0
      vertex -21.46954875502199 1.1114469957998947 0
      vertex -21.40556627334959 1.3523162728388634 0
    endloop
  endfacet
  facet normal 0 0 -1
    outer loop
      vertex -21.40556627334959 -1.3523162728388634 0
      vertex -21.40556627334959 1.3523162728388634 0
      vertex -21.329167999257514 1.5895399442925904 0
    endloop
  endfacet
  facet normal -0.9946119873266625 0.10366771274657753 0
    outer loop
      vertex -21.585446643298145 0.3734975557437114 0
      vertex -21.559610335044802 0.6213770663089709 0.44
      vertex -21.559610335044802 0.6213770663089709 0
    endloop
  endfacet
  facet normal 0 0 1
    outer loop
      vertex -21.40556627334959 -1.3523162728388634 0.44
      vertex -21.40556627334959 1.3523162728388634 0.44
      vertex -21.46954875502199 1.1114469957998947 0.44
    endloop
  endfacet
  facet normal -0.9946119873266625 0.10366771274657753 0
    outer loop
      vertex -21.585446643298145 0.3734975557437114 0
      vertex -21.585446643298145 0.3734975557437114 0.44
      vertex -21.559610335044802 0.6213770663089709 0.44
    endloop
  endfacet
  facet normal 0 0 1
    outer loop
      vertex -21.329167999257514 -1.5895399442925904 0.44
      vertex -21.329167999257514 1.5895399442925904 0.44
      vertex -21.40556627334959 1.3523162728388634 0.44
    endloop
  endfacet
  facet normal 0 0 1
    outer loop
      vertex -21.240559888985683 -1.8224784970834271 0.44
      vertex -21.240559888985683 1.8224784970834271 0.44
      vertex -21.329167999257514 1.5895399442925904 0.44
    endloop
  endfacet
  facet normal 0 0 -1
    outer loop
      vertex -21.329167999257514 -1.5895399442925904 0
      vertex -21.329167999257514 1.5895399442925904 0
      vertex -21.240559888985683 1.8224784970834271 0
    endloop
  endfacet
  facet normal 0 0 -1
    outer loop
      vertex -21.240559888985683 -1.8224784970834271 0
      vertex -21.240559888985683 1.8224784970834271 0
      vertex -21.139980814333683 2.0505039700560355 0
    endloop
  endfacet
  facet normal 0 0 -1
    outer loop
      vertex -21.139980814333683 -2.0505039700560355 0
      vertex -21.139980814333683 2.0505039700560355 0
      vertex -21.02770191870463 2.2730016468496457 0
    endloop
  endfacet
  facet normal 0 0 -1
    outer loop
      vertex -21.02770191870463 -2.2730016468496457 0
      vertex -21.02770191870463 2.2730016468496457 0
      vertex -20.904025886150496 2.489371713064692 0
    endloop
  endfacet
  facet normal -0.9878905881817248 0.15515213753592247 0
    outer loop
      vertex -21.559610335044802 0.6213770663089709 0
      vertex -21.52094295881608 0.8675814541614619 0.44
      vertex -21.52094295881608 0.8675814541614619 0
    endloop
  endfacet
  facet normal 0 0 -1
    outer loop
      vertex -20.904025886150496 -2.489371713064692 0
      vertex -20.904025886150496 2.489371713064692 0
      vertex -20.769286125389417 2.6990308732563753 0
    endloop
  endfacet
  facet normal -0.9878905881817248 0.15515213753592247 0
    outer loop
      vertex -21.559610335044802 0.6213770663089709 0
      vertex -21.559610335044802 0.6213770663089709 0.44
      vertex -21.52094295881608 0.8675814541614619 0.44
    endloop
  endfacet
  facet normal 0 0 1
    outer loop
      vertex -21.139980814333683 -2.0505039700560355 0.44
      vertex -21.139980814333683 2.0505039700560355 0.44
      vertex -21.240559888985683 1.8224784970834271 0.44
    endloop
  endfacet
  facet normal 0 0 1
    outer loop
      vertex -21.02770191870463 -2.2730016468496457 0.44
      vertex -21.02770191870463 2.2730016468496457 0.44
      vertex -21.139980814333683 2.0505039700560355 0.44
    endloop
  endfacet
  facet normal 0 0 1
    outer loop
      vertex -20.904025886150496 -2.489371713064692 0.44
      vertex -20.904025886150496 2.489371713064692 0.44
      vertex -21.02770191870463 2.2730016468496457 0.44
    endloop
  endfacet
  facet normal 0 0 1
    outer loop
      vertex -20.769286125389417 -2.6990308732563753 0.44
      vertex -20.769286125389417 2.6990308732563753 0.44
      vertex -20.904025886150496 2.489371713064692 0.44
    endloop
  endfacet
  facet normal 0 0 1
    outer loop
      vertex -20.623845870994735 -2.901413923396062 0.44
      vertex -20.623845870994735 2.901413923396062 0.44
      vertex -20.769286125389417 2.6990308732563753 0.44
    endloop
  endfacet
  facet normal -0.9785060106677811 0.2062182995929907 0
    outer loop
      vertex -21.52094295881608 0.8675814541614619 0
      vertex -21.46954875502199 1.1114469957998947 0.44
      vertex -21.46954875502199 1.1114469957998947 0
    endloop
  endfacet
  facet normal 0 0 -1
    outer loop
      vertex -20.769286125389417 -2.6990308732563753 0
      vertex -20.769286125389417 2.6990308732563753 0
      vertex -20.623845870994735 2.901413923396062 0
    endloop
  endfacet
  facet normal 0 0 -1
    outer loop
      vertex -20.623845870994735 -2.901413923396062 0
      vertex -20.623845870994735 2.901413923396062 0
      vertex -20.468097204178797 3.095975274561427 0
    endloop
  endfacet
  facet normal 0 0 -1
    outer loop
      vertex -20.468097204178797 -3.095975274561427 0
      vertex -20.468097204178797 3.095975274561427 0
      vertex -20.302459995811343 3.2821904237477155 0
    endloop
  endfacet
  facet normal -0.9785060106677811 0.2062182995929907 0
    outer loop
      vertex -21.52094295881608 0.8675814541614619 0
      vertex -21.52094295881608 0.8675814541614619 0.44
      vertex -21.46954875502199 1.1114469957998947 0.44
    endloop
  endfacet
  facet normal -0.9664835539466359 0.25672853357326714 0
    outer loop
      vertex -21.46954875502199 1.1114469957998947 0
      vertex -21.46954875502199 1.1114469957998947 0.44
      vertex -21.40556627334959 1.3523162728388634 0.44
    endloop
  endfacet
  facet normal 0 0 1
    outer loop
      vertex -20.468097204178797 -3.095975274561427 0.44
      vertex -20.468097204178797 3.095975274561427 0.44
      vertex -20.623845870994735 2.901413923396062 0.44
    endloop
  endfacet
  facet normal 0 0 1
    outer loop
      vertex -20.302459995811343 -3.2821904237477155 0.44
      vertex -20.302459995811343 3.2821904237477155 0.44
      vertex -20.468097204178797 3.095975274561427 0.44
    endloop
  endfacet
  facet normal 0 0 -1
    outer loop
      vertex -20.302459995811343 -3.2821904237477155 0
      vertex -20.302459995811343 3.2821904237477155 0
      vertex -20.127380774521868 3.4595573678351195 0
    endloop
  endfacet
  facet normal 0 0 1
    outer loop
      vertex -20.127380774521868 -3.4595573678351195 0.44
      vertex -20.127380774521868 3.4595573678351195 0.44
      vertex -20.302459995811343 3.2821904237477155 0.44
    endloop
  endfacet
  facet normal 0 0 1
    outer loop
      vertex -19.94333152293737 -3.627597956900441 0.44
      vertex -19.94333152293737 3.627597956900441 0.44
      vertex -20.127380774521868 3.4595573678351195 0.44
    endloop
  endfacet
  facet normal 0 0 -1
    outer loop
      vertex -17.971970731336278 -4.6547271246434105 0
      vertex -17.72879290826016 4.709282719646978 0
      vertex -17.75 0 0
    endloop
  endfacet
  facet normal -0.9664835539466359 0.25672853357326714 0
    outer loop
      vertex -21.46954875502199 1.1114469957998947 0
      vertex -21.40556627334959 1.3523162728388634 0.44
      vertex -21.40556627334959 1.3523162728388634 0
    endloop
  endfacet
  facet normal -0.9518556284360684 0.3065466728160282 0
    outer loop
      vertex -21.40556627334959 1.3523162728388634 0
      vertex -21.40556627334959 1.3523162728388634 0.44
      vertex -21.329167999257514 1.5895399442925904 0.44
    endloop
  endfacet
  facet normal -0.9518556284360684 0.3065466728160282 0
    outer loop
      vertex -21.40556627334959 1.3523162728388634 0
      vertex -21.329167999257514 1.5895399442925904 0.44
      vertex -21.329167999257514 1.5895399442925904 0
    endloop
  endfacet
  facet normal -0.9346616684370732 0.35553841642560446 0
    outer loop
      vertex -21.329167999257514 1.5895399442925904 0
      vertex -21.240559888985683 1.8224784970834271 0.44
      vertex -21.240559888985683 1.8224784970834271 0
    endloop
  endfacet
  facet normal -0.9346616684370732 0.35553841642560446 0
    outer loop
      vertex -21.329167999257514 1.5895399442925904 0
      vertex -21.329167999257514 1.5895399442925904 0.44
      vertex -21.240559888985683 1.8224784970834271 0.44
    endloop
  endfacet
  facet normal 0 0 -1
    outer loop
      vertex -20.127380774521868 -3.4595573678351195 0
      vertex -20.127380774521868 3.4595573678351195 0
      vertex -19.94333152293737 3.627597956900441 0
    endloop
  endfacet
  facet normal 0 0 -1
    outer loop
      vertex -19.94333152293737 -3.627597956900441 0
      vertex -19.94333152293737 3.627597956900441 0
      vertex -19.750808405300646 3.785859183224737 0
    endloop
  endfacet
  facet normal 0 0 -1
    outer loop
      vertex -19.750808405300646 -3.7858591832247375 0
      vertex -19.750808405300646 3.785859183224737 0
      vertex -19.550330429899212 3.933914402522052 0
    endloop
  endfacet
  facet normal 0 0 -1
    outer loop
      vertex -19.550330429899212 -3.933914402522052 0
      vertex -19.550330429899212 3.933914402522052 0
      vertex -19.342438049910715 4.071364484096973 0
    endloop
  endfacet
  facet normal 0 0 -1
    outer loop
      vertex -19.342438049910715 -4.071364484096973 0
      vertex -19.342438049910715 4.071364484096973 0
      vertex -19.12769170643672 4.197838886830427 0
    endloop
  endfacet
  facet normal 0 0 -1
    outer loop
      vertex -19.12769170643672 -4.197838886830427 0
      vertex -19.12769170643672 4.197838886830427 0
      vertex -18.90667031765259 4.312996658093019 0
    endloop
  endfacet
  facet normal 0 0 1
    outer loop
      vertex -19.750808405300646 -3.7858591832247375 0.44
      vertex -19.750808405300646 3.785859183224737 0.44
      vertex -19.94333152293737 3.627597956900441 0.44
    endloop
  endfacet
  facet normal 0 0 1
    outer loop
      vertex -19.550330429899212 -3.933914402522052 0.44
      vertex -19.550330429899212 3.933914402522052 0.44
      vertex -19.750808405300646 3.785859183224737 0.44
    endloop
  endfacet
  facet normal 0 0 1
    outer loop
      vertex -19.342438049910715 -4.071364484096973 0.44
      vertex -19.342438049910715 4.071364484096973 0.44
      vertex -19.550330429899212 3.933914402522052 0.44
    endloop
  endfacet
  facet normal 0 0 1
    outer loop
      vertex -19.12769170643672 -4.197838886830427 0.44
      vertex -19.12769170643672 4.197838886830427 0.44
      vertex -19.342438049910715 4.071364484096973 0.44
    endloop
  endfacet
  facet normal 0 0 1
    outer loop
      vertex -18.90667031765259 -4.312996658093019 0.44
      vertex -18.90667031765259 4.312996658093019 0.44
      vertex -19.12769170643672 4.197838886830427 0.44
    endloop
  endfacet
  facet normal -0.9149480258259554 0.40357169132285137 0
    outer loop
      vertex -21.240559888985683 1.8224784970834271 0
      vertex -21.139980814333683 2.0505039700560355 0.44
      vertex -21.139980814333683 2.0505039700560355 0
    endloop
  endfacet
  facet normal -0.9149480258259554 0.40357169132285137 0
    outer loop
      vertex -21.240559888985683 1.8224784970834271 0
      vertex -21.240559888985683 1.8224784970834271 0.44
      vertex -21.139980814333683 2.0505039700560355 0.44
    endloop
  endfacet
  facet normal -0.8927678450978611 0.45051700829083186 0
    outer loop
      vertex -21.139980814333683 2.0505039700560355 0
      vertex -21.02770191870463 2.2730016468496457 0.44
      vertex -21.02770191870463 2.2730016468496457 0
    endloop
  endfacet
  facet normal -0.8927678450978611 0.45051700829083186 0
    outer loop
      vertex -21.139980814333683 2.0505039700560355 0
      vertex -21.139980814333683 2.0505039700560355 0.44
      vertex -21.02770191870463 2.2730016468496457 0.44
    endloop
  endfacet
  facet normal -0.8681809200986434 0.4962478110547924 0
    outer loop
      vertex -21.02770191870463 2.2730016468496457 0
      vertex -21.02770191870463 2.2730016468496457 0.44
      vertex -20.904025886150496 2.489371713064692 0.44
    endloop
  endfacet
  facet normal 0 0 -1
    outer loop
      vertex -18.90667031765259 -4.312996658093019 0
      vertex -18.90667031765259 4.312996658093019 0
      vertex -18.679969718146417 4.416527352893049 0
    endloop
  endfacet
  facet normal 0 0 1
    outer loop
      vertex -18.679969718146417 -4.416527352893049 0.44
      vertex -18.679969718146417 4.416527352893049 0.44
      vertex -18.90667031765259 4.312996658093019 0.44
    endloop
  endfacet
  facet normal 0 0 1
    outer loop
      vertex -18.448201052654344 -4.508151870781321 0.44
      vertex -18.448201052654344 4.508151870781321 0.44
      vertex -18.679969718146417 4.416527352893049 0.44
    endloop
  endfacet
  facet normal 0 0 -1
    outer loop
      vertex -18.679969718146417 -4.416527352893049 0
      vertex -18.679969718146417 4.416527352893049 0
      vertex -18.448201052654344 4.508151870781321 0
    endloop
  endfacet
  facet normal 0 0 -1
    outer loop
      vertex -18.448201052654344 -4.508151870781321 0
      vertex -18.448201052654344 4.508151870781321 0
      vertex -18.211989128522383 4.587623208256603 0
    endloop
  endfacet
  facet normal 0 0 -1
    outer loop
      vertex -18.211989128522383 -4.587623208256603 0
      vertex -18.211989128522383 4.587623208256603 0
      vertex -17.971970731336278 4.6547271246434105 0
    endloop
  endfacet
  facet normal 0 0 -1
    outer loop
      vertex -17.971970731336278 -4.6547271246434105 0
      vertex -17.971970731336278 4.6547271246434105 0
      vertex -17.72879290826016 4.709282719646978 0
    endloop
  endfacet
  facet normal 0 0 -1
    outer loop
      vertex -17.72879290826016 4.709282719646978 0
      vertex -17.717629534974616 0.2458780928473947 0
      vertex -17.75 0 0
    endloop
  endfacet
  facet normal 0 0 1
    outer loop
      vertex -18.395305281893986 -0.12247880453839265 0.44
      vertex -18.395305281893986 0.12247880453839265 0.44
      vertex -18.448201052654344 4.508151870781321 0.44
    endloop
  endfacet
  facet normal 0 0 1
    outer loop
      vertex -18.395305281893986 0.12247880453839265 0.44
      vertex -18.357912678204446 0.36456561424501976 0.44
      vertex -18.448201052654344 4.508151870781321 0.44
    endloop
  endfacet
  facet normal 0 0 -1
    outer loop
      vertex -17.72879290826016 4.709282719646978 0
      vertex -17.622724133595217 0.475 0
      vertex -17.717629534974616 0.2458780928473947 0
    endloop
  endfacet
  facet normal 0 0 1
    outer loop
      vertex -18.357912678204446 0.36456561424501976 0.44
      vertex -18.284003921763354 0.5981073149452298 0.44
      vertex -18.448201052654344 4.508151870781321 0.44
    endloop
  endfacet
  facet normal 0 0 1
    outer loop
      vertex -18.284003921763354 0.5981073149452298 0.44
      vertex -18.17531137117952 0.8176298871153762 0.44
      vertex -18.448201052654344 4.508151870781321 0.44
    endloop
  endfacet
  facet normal 0 0 1
    outer loop
      vertex -18.17531137117952 0.8176298871153762 0.44
      vertex -18.03438268771511 1.0179879077224956 0.44
      vertex -18.211989128522383 4.587623208256603 0.44
    endloop
  endfacet
  facet normal 0 0 1
    outer loop
      vertex -18.03438268771511 1.0179879077224956 0.44
      vertex -17.864521120264904 1.1944851545791402 0.44
      vertex -18.211989128522383 4.587623208256603 0.44
    endloop
  endfacet
  facet normal 0 0 1
    outer loop
      vertex -17.864521120264904 1.1944851545791402 0.44
      vertex -17.669708080001953 1.34298468181112 0.44
      vertex -17.971970731336278 4.6547271246434105 0.44
    endloop
  endfacet
  facet normal 0 0 -1
    outer loop
      vertex -17.48311122371177 4.751142921028477 0
      vertex -17.47175144212722 0.6717514421272202 0
      vertex -17.622724133595217 0.475 0
    endloop
  endfacet
  facet normal 0 0 -1
    outer loop
      vertex -17.23558799207671 4.780194881085769 0
      vertex -17.275000000000002 0.8227241335952167 0
      vertex -17.47175144212722 0.6717514421272202 0
    endloop
  endfacet
  facet normal 0 0 -1
    outer loop
      vertex -16.986890492225942 4.796360280870855 0
      vertex -17.045878092847396 0.9176295349746149 0
      vertex -17.275000000000002 0.8227241335952167 0
    endloop
  endfacet
  facet normal 0 0 -1
    outer loop
      vertex -16.8 4.798786589888304 0
      vertex -16.8 0.95 0
      vertex -17.045878092847396 0.9176295349746149 0
    endloop
  endfacet
  facet normal -0.8681809200986434 0.4962478110547924 0
    outer loop
      vertex -21.02770191870463 2.2730016468496457 0
      vertex -20.904025886150496 2.489371713064692 0.44
      vertex -20.904025886150496 2.489371713064692 0
    endloop
  endfacet
  facet normal -0.8412535328311813 0.5406408174555973 0
    outer loop
      vertex -20.904025886150496 2.489371713064692 0
      vertex -20.769286125389417 2.6990308732563753 0.44
      vertex -20.769286125389417 2.6990308732563753 0
    endloop
  endfacet
  facet normal -0.8412535328311813 0.5406408174555973 0
    outer loop
      vertex -20.904025886150496 2.489371713064692 0
      vertex -20.904025886150496 2.489371713064692 0.44
      vertex -20.769286125389417 2.6990308732563753 0.44
    endloop
  endfacet
  facet normal -0.8120582747708527 0.5835763517965632 0
    outer loop
      vertex -20.769286125389417 2.6990308732563753 0
      vertex -20.623845870994735 2.901413923396062 0.44
      vertex -20.623845870994735 2.901413923396062 0
    endloop
  endfacet
  facet normal -0.8120582747708527 0.5835763517965632 0
    outer loop
      vertex -20.769286125389417 2.6990308732563753 0
      vertex -20.769286125389417 2.6990308732563753 0.44
      vertex -20.623845870994735 2.901413923396062 0.44
    endloop
  endfacet
  facet normal -0.7806738511717266 0.6249386674680204 0
    outer loop
      vertex -20.623845870994735 2.901413923396062 0
      vertex -20.623845870994735 2.901413923396062 0.44
      vertex -20.468097204178797 3.095975274561427 0.44
    endloop
  endfacet
  facet normal -0.7806738511717266 0.6249386674680204 0
    outer loop
      vertex -20.623845870994735 2.901413923396062 0
      vertex -20.468097204178797 3.095975274561427 0.44
      vertex -20.468097204178797 3.095975274561427 0
    endloop
  endfacet
  facet normal -0.7471848688911449 0.664616258979663 0
    outer loop
      vertex -20.468097204178797 3.095975274561427 0
      vertex -20.302459995811343 3.2821904237477155 0.44
      vertex -20.302459995811343 3.2821904237477155 0
    endloop
  endfacet
  facet normal -0.7471848688911449 0.664616258979663 0
    outer loop
      vertex -20.468097204178797 3.095975274561427 0
      vertex -20.468097204178797 3.095975274561427 0.44
      vertex -20.302459995811343 3.2821904237477155 0.44
    endloop
  endfacet
  facet normal -0.71168160830456 0.7025021625596857 0
    outer loop
      vertex -20.302459995811343 3.2821904237477155 0
      vertex -20.127380774521868 3.4595573678351195 0.44
      vertex -20.127380774521868 3.4595573678351195 0
    endloop
  endfacet
  facet normal -0.6742597799256236 0.7384942445101719 0
    outer loop
      vertex -20.127380774521868 3.4595573678351195 0
      vertex -20.127380774521868 3.4595573678351195 0.44
      vertex -19.94333152293737 3.627597956900441 0
    endloop
  endfacet
  facet normal -0.71168160830456 0.7025021625596857 0
    outer loop
      vertex -20.302459995811343 3.2821904237477155 0
      vertex -20.302459995811343 3.2821904237477155 0.44
      vertex -20.127380774521868 3.4595573678351195 0.44
    endloop
  endfacet
  facet normal -0.6742597799256236 0.7384942445101719 0
    outer loop
      vertex -20.127380774521868 3.4595573678351195 0.44
      vertex -19.94333152293737 3.627597956900441 0.44
      vertex -19.94333152293737 3.627597956900441 0
    endloop
  endfacet
  facet normal 0 0 1
    outer loop
      vertex -17.669708080001953 1.34298468181112 0.44
      vertex -17.454509819474143 1.4600057863624802 0.44
      vertex -17.72879290826016 4.709282719646978 0.44
    endloop
  endfacet
  facet normal 0 0 1
    outer loop
      vertex -17.454509819474143 1.4600057863624802 0.44
      vertex -17.22397040351466 1.5428055927250257 0.44
      vertex -17.48311122371177 4.751142921028477 0.44
    endloop
  endfacet
  facet normal 0 0 1
    outer loop
      vertex -17.22397040351466 1.5428055927250257 0.44
      vertex -16.983493480637442 1.5894433436154802 0.44
      vertex -17.23558799207671 4.780194881085769 0.44
    endloop
  endfacet
  facet normal 0 0 1
    outer loop
      vertex -16.983493480637442 1.5894433436154802 0.44
      vertex -16.8 1.5964768068267767 0.44
      vertex -16.986890492225942 4.796360280870855 0.44
    endloop
  endfacet
  facet normal 0 0 -1
    outer loop
      vertex -17.72879290826016 4.709282719646978 0
      vertex -17.48311122371177 4.751142921028477 0
      vertex -17.622724133595217 0.475 0
    endloop
  endfacet
  facet normal 0 0 1
    outer loop
      vertex -18.17531137117952 0.8176298871153762 0.44
      vertex -18.211989128522383 4.587623208256603 0.44
      vertex -18.448201052654344 4.508151870781321 0.44
    endloop
  endfacet
  facet normal 0 0 1
    outer loop
      vertex -17.864521120264904 1.1944851545791402 0.44
      vertex -17.971970731336278 4.6547271246434105 0.44
      vertex -18.211989128522383 4.587623208256603 0.44
    endloop
  endfacet
  facet normal 0 0 1
    outer loop
      vertex -17.669708080001953 1.34298468181112 0.44
      vertex -17.72879290826016 4.709282719646978 0.44
      vertex -17.971970731336278 4.6547271246434105 0.44
    endloop
  endfacet
  facet normal 0 0 -1
    outer loop
      vertex -17.48311122371177 4.751142921028477 0
      vertex -17.23558799207671 4.780194881085769 0
      vertex -17.47175144212722 0.6717514421272202 0
    endloop
  endfacet
  facet normal 0 0 -1
    outer loop
      vertex -17.23558799207671 4.780194881085769 0
      vertex -16.986890492225942 4.796360280870855 0
      vertex -17.275000000000002 0.8227241335952167 0
    endloop
  endfacet
  facet normal 0 0 -1
    outer loop
      vertex -16.986890492225942 4.796360280870855 0
      vertex -16.8 4.798786589888304 0
      vertex -17.045878092847396 0.9176295349746149 0
    endloop
  endfacet
  facet normal -0.6350202663875356 0.7724954765415156 0
    outer loop
      vertex -19.94333152293737 3.627597956900441 0
      vertex -19.94333152293737 3.627597956900441 0.44
      vertex -19.750808405300646 3.785859183224737 0
    endloop
  endfacet
  facet normal -0.5940688504813677 0.8044141973434746 0
    outer loop
      vertex -19.750808405300646 3.785859183224737 0
      vertex -19.750808405300646 3.785859183224737 0.44
      vertex -19.550330429899212 3.933914402522052 0
    endloop
  endfacet
  facet normal -0.6350202663875356 0.7724954765415156 0
    outer loop
      vertex -19.750808405300646 3.785859183224737 0
      vertex -19.94333152293737 3.627597956900441 0.44
      vertex -19.750808405300646 3.785859183224737 0.44
    endloop
  endfacet
  facet normal -0.5940688504813677 0.8044141973434746 0
    outer loop
      vertex -19.750808405300646 3.785859183224737 0.44
      vertex -19.550330429899212 3.933914402522052 0.44
      vertex -19.550330429899212 3.933914402522052 0
    endloop
  endfacet
  facet normal -0.5515159299842696 0.8341643596879372 0
    outer loop
      vertex -19.550330429899212 3.933914402522052 0
      vertex -19.550330429899212 3.933914402522052 0.44
      vertex -19.342438049910715 4.071364484096973 0
    endloop
  endfacet
  facet normal -0.5074762200466557 0.861665762396974 0
    outer loop
      vertex -19.342438049910715 4.071364484096973 0
      vertex -19.342438049910715 4.071364484096973 0.44
      vertex -19.12769170643672 4.197838886830427 0
    endloop
  endfacet
  facet normal -0.5515159299842696 0.8341643596879372 0
    outer loop
      vertex -19.342438049910715 4.071364484096973 0
      vertex -19.550330429899212 3.933914402522052 0.44
      vertex -19.342438049910715 4.071364484096973 0.44
    endloop
  endfacet
  facet normal -0.5074762200466557 0.861665762396974 0
    outer loop
      vertex -19.12769170643672 4.197838886830427 0
      vertex -19.342438049910715 4.071364484096973 0.44
      vertex -19.12769170643672 4.197838886830427 0.44
    endloop
  endfacet
  facet normal -0.46206844394039903 0.886844266551066 0
    outer loop
      vertex -19.12769170643672 4.197838886830427 0
      vertex -19.12769170643672 4.197838886830427 0.44
      vertex -18.90667031765259 4.312996658093019 0
    endloop
  endfacet
  facet normal -0.46206844394039903 0.886844266551066 0
    outer loop
      vertex -19.12769170643672 4.197838886830427 0.44
      vertex -18.90667031765259 4.312996658093019 0.44
      vertex -18.90667031765259 4.312996658093019 0
    endloop
  endfacet
  facet normal 0 0 1
    outer loop
      vertex -17.454509819474143 1.4600057863624802 0.44
      vertex -17.48311122371177 4.751142921028477 0.44
      vertex -17.72879290826016 4.709282719646978 0.44
    endloop
  endfacet
  facet normal 0 0 1
    outer loop
      vertex -17.22397040351466 1.5428055927250257 0.44
      vertex -17.23558799207671 4.780194881085769 0.44
      vertex -17.48311122371177 4.751142921028477 0.44
    endloop
  endfacet
  facet normal 0 0 1
    outer loop
      vertex -16.983493480637442 1.5894433436154802 0.44
      vertex -16.986890492225942 4.796360280870855 0.44
      vertex -17.23558799207671 4.780194881085769 0.44
    endloop
  endfacet
  facet normal 0 0 1
    outer loop
      vertex -16.8 1.5964768068267767 0.44
      vertex -16.8 4.798786589888304 0.44
      vertex -16.986890492225942 4.796360280870855 0.44
    endloop
  endfacet
  facet normal -0.4154150130018806 0.909631995354521 0
    outer loop
      vertex -18.90667031765259 4.312996658093019 0
      vertex -18.90667031765259 4.312996658093019 0.44
      vertex -18.679969718146417 4.416527352893049 0
    endloop
  endfacet
  facet normal -0.3676416966327222 0.9299675171192883 0
    outer loop
      vertex -18.679969718146417 4.416527352893049 0
      vertex -18.679969718146417 4.416527352893049 0.44
      vertex -18.448201052654344 4.508151870781321 0
    endloop
  endfacet
  facet normal -0.4154150130018806 0.909631995354521 0
    outer loop
      vertex -18.90667031765259 4.312996658093019 0.44
      vertex -18.679969718146417 4.416527352893049 0.44
      vertex -18.679969718146417 4.416527352893049 0
    endloop
  endfacet
  facet normal -0.3676416966327222 0.9299675171192883 0
    outer loop
      vertex -18.679969718146417 4.416527352893049 0.44
      vertex -18.448201052654344 4.508151870781321 0.44
      vertex -18.448201052654344 4.508151870781321 0
    endloop
  endfacet
  facet normal -0.3188772832476166 0.9477960108739746 0
    outer loop
      vertex -18.448201052654344 4.508151870781321 0
      vertex -18.448201052654344 4.508151870781321 0.44
      vertex -18.211989128522383 4.587623208256603 0
    endloop
  endfacet
  facet normal -0.2692532330836334 0.9630694141514466 0
    outer loop
      vertex -18.211989128522383 4.587623208256603 0
      vertex -18.211989128522383 4.587623208256603 0.44
      vertex -17.971970731336278 4.6547271246434105 0
    endloop
  endfacet
  facet normal -0.21890332380659788 0.9757465525567711 0
    outer loop
      vertex -17.971970731336278 4.6547271246434105 0
      vertex -17.971970731336278 4.6547271246434105 0.44
      vertex -17.72879290826016 4.709282719646978 0
    endloop
  endfacet
  facet normal -0.16796328987016282 0.9857932507660985 0
    outer loop
      vertex -17.72879290826016 4.709282719646978 0
      vertex -17.72879290826016 4.709282719646978 0.44
      vertex -17.48311122371177 4.751142921028477 0
    endloop
  endfacet
  facet normal -0.3188772832476166 0.9477960108739746 0
    outer loop
      vertex -18.211989128522383 4.587623208256603 0
      vertex -18.448201052654344 4.508151870781321 0.44
      vertex -18.211989128522383 4.587623208256603 0.44
    endloop
  endfacet
  facet normal -0.2692532330836334 0.9630694141514466 0
    outer loop
      vertex -17.971970731336278 4.6547271246434105 0
      vertex -18.211989128522383 4.587623208256603 0.44
      vertex -17.971970731336278 4.6547271246434105 0.44
    endloop
  endfacet
  facet normal -0.21890332380659788 0.9757465525567711 0
    outer loop
      vertex -17.72879290826016 4.709282719646978 0
      vertex -17.971970731336278 4.6547271246434105 0.44
      vertex -17.72879290826016 4.709282719646978 0.44
    endloop
  endfacet
  facet normal -0.16796328987016282 0.9857932507660985 0
    outer loop
      vertex -17.72879290826016 4.709282719646978 0.44
      vertex -17.48311122371177 4.751142921028477 0.44
      vertex -17.48311122371177 4.751142921028477 0
    endloop
  endfacet
  facet normal -0.1165704565997603 0.9931824246572849 0
    outer loop
      vertex -17.48311122371177 4.751142921028477 0
      vertex -17.48311122371177 4.751142921028477 0.44
      vertex -17.23558799207671 4.780194881085769 0
    endloop
  endfacet
  facet normal -0.06486336998774365 0.9978941543239108 0
    outer loop
      vertex -17.23558799207671 4.780194881085769 0
      vertex -17.23558799207671 4.780194881085769 0.44
      vertex -16.986890492225942 4.796360280870855 0
    endloop
  endfacet
  facet normal -0.012981423197930091 0.9999157377758169 0
    outer loop
      vertex -16.986890492225942 4.796360280870855 0
      vertex -16.8 4.798786589888304 0.44
      vertex -16.8 4.798786589888304 0
    endloop
  endfacet
  facet normal -0.1165704565997603 0.9931824246572849 0
    outer loop
      vertex -17.23558799207671 4.780194881085769 0
      vertex -17.48311122371177 4.751142921028477 0.44
      vertex -17.23558799207671 4.780194881085769 0.44
    endloop
  endfacet
  facet normal -0.06486336998774365 0.9978941543239108 0
    outer loop
      vertex -16.986890492225942 4.796360280870855 0
      vertex -17.23558799207671 4.780194881085769 0.44
      vertex -16.986890492225942 4.796360280870855 0.44
    endloop
  endfacet
  facet normal -0.012981423197930091 0.9999157377758169 0
    outer loop
      vertex -16.986890492225942 4.796360280870855 0
      vertex -16.986890492225942 4.796360280870855 0.44
      vertex -16.8 4.798786589888304 0.44
    endloop
  endfacet
  facet normal -0.8961655569610558 -0.44371983786695934 0
    outer loop
      vertex -1.3753113711795222 -0.8176298871153762 0.44
      vertex -1.4840039217633516 -0.5981073149452298 4.521057755540506
      vertex -1.4840039217633516 -0.5981073149452298 0.44
    endloop
  endfacet
  facet normal -0.7205215936007868 -0.6934325007922417 0
    outer loop
      vertex -1.0645211202649048 -1.1944851545791402 0.44
      vertex -1.234382687715109 -1.0179879077224956 4.771702579880088
      vertex -1.234382687715109 -1.0179879077224956 0.44
    endloop
  endfacet
  facet normal -0.8179293607667179 -0.5753186602186202 0
    outer loop
      vertex -1.3753113711795222 -0.8176298871153762 0.44
      vertex -1.234382687715109 -1.0179879077224956 0.44
      vertex -1.3753113711795222 -0.8176298871153762 4.630150336712257
    endloop
  endfacet
  facet normal -0.9533963920549307 -0.30172059859519196 0
    outer loop
      vertex -1.4840039217633516 -0.5981073149452298 0.44
      vertex -1.5579126782044466 -0.36456561424501976 4.44690886864777
      vertex -1.5579126782044466 -0.36456561424501976 0.44
    endloop
  endfacet
  facet normal -0.9882804237803485 -0.15264928421887433 0
    outer loop
      vertex -1.5579126782044466 -0.36456561424501976 0.44
      vertex -1.5953052818939848 -0.12247880453839265 4.409403251986569
      vertex -1.5953052818939848 -0.12247880453839265 0.44
    endloop
  endfacet
  facet normal -0.19039110916466764 -0.9817083199968551 0
    outer loop
      vertex -0.423970403514659 -1.5428055927250257 0.44
      vertex -0.18349348063744012 -1.5894433436154802 0.44
      vertex -0.423970403514659 -1.5428055927250257 5.593746750577596
    endloop
  endfacet
  facet normal -0.03830273369003538 -0.9992661810508101 0
    outer loop
      vertex -0.18349348063744012 -1.5894433436154802 0.44
      vertex 0.06128437390405637 -1.5988258896812961 0.44
      vertex 0.06128437390405637 -1.5988258896812961 5.938715626095943
    endloop
  endfacet
  facet normal -0.4777198185122629 -0.8785122509109423 0
    outer loop
      vertex -0.8697080800019541 -1.34298468181112 0.44
      vertex -0.6545098194741441 -1.46000578636248 0.44
      vertex -0.8697080800019541 -1.34298468181112 5.138928782345706
    endloop
  endfacet
  facet normal -0.6062254109666384 -0.7952928712734261 0
    outer loop
      vertex -0.8697080800019541 -1.34298468181112 0.44
      vertex -1.0645211202649048 -1.1944851545791402 4.9425351502276476
      vertex -1.0645211202649048 -1.1944851545791402 0.44
    endloop
  endfacet
  facet normal -0.33801687840850325 -0.9411400479795613 0
    outer loop
      vertex -0.423970403514659 -1.5428055927250257 0.44
      vertex -0.6545098194741441 -1.46000578636248 5.356966782932921
      vertex -0.6545098194741441 -1.46000578636248 0.44
    endloop
  endfacet
  facet normal -0.33801687840850325 -0.9411400479795615 0
    outer loop
      vertex -0.423970403514659 -1.5428055927250257 0.44
      vertex -0.5269380004781142 -1.5058240767672988 5.459172994546396
      vertex -0.6545098194741441 -1.46000578636248 5.356966782932921
    endloop
  endfacet
  facet normal -0.6062254109666385 -0.795292871273426 0
    outer loop
      vertex -0.8697080800019541 -1.34298468181112 0.44
      vertex -0.8697080800019541 -1.34298468181112 5.138928782345706
      vertex -0.9622164785315421 -1.2724685940374825 5.030039342453379
    endloop
  endfacet
  facet normal -0.6062254109666383 -0.7952928712734262 1.1552682061867895e-17
    outer loop
      vertex -0.8697080800019541 -1.34298468181112 0.44
      vertex -0.9622164785315421 -1.2724685940374825 5.030039342453379
      vertex -1.0645211202649048 -1.1944851545791402 4.9425351502276476
    endloop
  endfacet
  facet normal -0.477719818512263 -0.8785122509109423 0
    outer loop
      vertex -0.6545098194741441 -1.46000578636248 0.44
      vertex -0.6545098194741441 -1.46000578636248 5.356966782932921
      vertex -0.7545243632879667 -1.4056196014575075 5.235648290380379
    endloop
  endfacet
  facet normal -0.4777198185122628 -0.8785122509109424 5.422880921714644e-18
    outer loop
      vertex -0.6545098194741441 -1.46000578636248 0.44
      vertex -0.7545243632879667 -1.4056196014575075 5.235648290380379
      vertex -0.8697080800019541 -1.34298468181112 5.138928782345706
    endloop
  endfacet
  facet normal -0.8961655569610559 -0.44371983786695884 0
    outer loop
      vertex -1.3753113711795222 -0.8176298871153762 0.44
      vertex -1.3753113711795222 -0.8176298871153762 4.630150336712257
      vertex -1.4286262183617178 -0.7099517405871348 4.56613510886231
    endloop
  endfacet
  facet normal -0.8961655569610555 -0.44371983786695984 3.000262288425076e-17
    outer loop
      vertex -1.3753113711795222 -0.8176298871153762 0.44
      vertex -1.4286262183617178 -0.7099517405871348 4.56613510886231
      vertex -1.4840039217633516 -0.5981073149452298 4.521057755540506
    endloop
  endfacet
  facet normal -0.8179293607667177 -0.5753186602186204 0
    outer loop
      vertex -1.234382687715109 -1.0179879077224956 0.44
      vertex -1.234382687715109 -1.0179879077224956 4.771702579880088
      vertex -1.3029472173755865 -0.9205098563497931 4.691313022773252
    endloop
  endfacet
  facet normal -0.8179293607667181 -0.5753186602186201 -1.60022889134969e-17
    outer loop
      vertex -1.234382687715109 -1.0179879077224956 0.44
      vertex -1.3029472173755865 -0.9205098563497931 4.691313022773252
      vertex -1.3753113711795222 -0.8176298871153762 4.630150336712257
    endloop
  endfacet
  facet normal -0.7205215936007866 -0.6934325007922421 0
    outer loop
      vertex -1.0645211202649048 -1.1944851545791402 0.44
      vertex -1.0645211202649048 -1.1944851545791402 4.9425351502276476
      vertex -1.1463188281677494 -1.1094920012675862 4.84716545023874
    endloop
  endfacet
  facet normal -0.7205215936007872 -0.6934325007922416 -2.1356130991118315e-17
    outer loop
      vertex -1.0645211202649048 -1.1944851545791402 0.44
      vertex -1.1463188281677494 -1.1094920012675862 4.84716545023874
      vertex -1.234382687715109 -1.0179879077224956 4.771702579880088
    endloop
  endfacet
  facet normal -0.9533963920549309 -0.3017205985951913 0
    outer loop
      vertex -1.4840039217633516 -0.5981073149452298 0.44
      vertex -1.4840039217633516 -0.5981073149452298 4.521057755540506
      vertex -1.5205100235200348 -0.48275295775230775 4.474565772712111
    endloop
  endfacet
  facet normal -0.9533963920549305 -0.3017205985951926 4.134482805637116e-17
    outer loop
      vertex -1.4840039217633516 -0.5981073149452298 0.44
      vertex -1.5205100235200348 -0.48275295775230775 4.474565772712111
      vertex -1.5579126782044466 -0.36456561424501976 4.44690886864777
    endloop
  endfacet
  facet normal -0.9882804237803486 -0.1526492842188738 0
    outer loop
      vertex -1.5579126782044466 -0.36456561424501976 0.44
      vertex -1.5579126782044466 -0.36456561424501976 4.44690886864777
      vertex -1.576498287376994 -0.24423885475019846 4.418751321951442
    endloop
  endfacet
  facet normal -1 0 0
    outer loop
      vertex -1.5953052818939848 -0.12247880453839265 0.44
      vertex -1.5953052818939848 -0.12247880453839265 4.409403251986569
      vertex -1.5953052818939848 0 4.4
    endloop
  endfacet
  facet normal -0.9882804237803484 -0.1526492842188749 3.1775628510045393e-17
    outer loop
      vertex -1.5579126782044466 -0.36456561424501976 0.44
      vertex -1.576498287376994 -0.24423885475019846 4.418751321951442
      vertex -1.5953052818939848 -0.12247880453839265 4.409403251986569
    endloop
  endfacet
  facet normal -0.33801687840850325 -0.9411400479795613 0
    outer loop
      vertex -0.423970403514659 -1.5428055927250257 0.44
      vertex -0.423970403514659 -1.5428055927250257 5.593746750577596
      vertex -0.5269380004781142 -1.5058240767672988 5.459172994546396
    endloop
  endfacet
  facet normal -0.1903911091646677 -0.9817083199968551 1.1107531100583106e-18
    outer loop
      vertex -0.18349348063744012 -1.5894433436154802 0.44
      vertex -0.2799674903212387 -1.5707333119949678 5.69537422533653
      vertex -0.423970403514659 -1.5428055927250257 5.593746750577596
    endloop
  endfacet
  facet normal -0.19039110916466767 -0.981708319996855 0
    outer loop
      vertex -0.18349348063744012 -1.5894433436154802 0.44
      vertex -0.18349348063744012 -1.5894433436154802 5.857442845511749
      vertex -0.2799674903212387 -1.5707333119949678 5.69537422533653
    endloop
  endfacet
  facet normal -0.038302733690035375 -0.99926618105081 0
    outer loop
      vertex -0.18349348063744012 -1.5894433436154802 0.44
      vertex 0.06128437390405637 -1.5988258896812961 5.938715626095943
      vertex -0.18349348063744012 -1.5894433436154802 5.857442845511749
    endloop
  endfacet
  facet normal -1 0 0
    outer loop
      vertex -1.5953052818939848 -0.12247880453839265 0.44
      vertex -1.5953052818939848 0 4.4
      vertex -1.5953052818939848 0.12247880453839265 0.44
    endloop
  endfacet
  facet normal -0.9882804237803485 0.15264928421887433 -1.2459211709011107e-17
    outer loop
      vertex -1.5953052818939848 0.12247880453839265 0.44
      vertex -1.576498287376994 0.2442388547501992 4.418751321951442
      vertex -1.5579126782044466 0.36456561424501976 0.44
    endloop
  endfacet
  facet normal -0.9533963920549308 0.301720598595192 2.1063171680644446e-17
    outer loop
      vertex -1.5579126782044466 0.36456561424501976 0.44
      vertex -1.5205100235200348 0.48275295775230775 4.474565772712111
      vertex -1.4840039217633516 0.5981073149452298 0.44
    endloop
  endfacet
  facet normal -0.8961655569610557 0.4437198378669593 -6.8652422735714975e-18
    outer loop
      vertex -1.4840039217633516 0.5981073149452298 0.44
      vertex -1.4286262183617175 0.7099517405871355 4.566135108862311
      vertex -1.3753113711795222 0.8176298871153762 0.44
    endloop
  endfacet
  facet normal -0.817929360766718 0.5753186602186203 -6.663098441372961e-18
    outer loop
      vertex -1.3753113711795222 0.8176298871153762 0.44
      vertex -1.3029472173755865 0.9205098563497931 4.691313022773252
      vertex -1.234382687715109 1.0179879077224956 0.44
    endloop
  endfacet
  facet normal -0.7205215936007869 0.6934325007922417 -6.427468515912996e-18
    outer loop
      vertex -1.234382687715109 1.0179879077224956 0.44
      vertex -1.1463188281677488 1.1094920012675868 4.847165450238741
      vertex -1.0645211202649048 1.1944851545791402 0.44
    endloop
  endfacet
  facet normal -1 0 0
    outer loop
      vertex -1.5953052818939848 0.12247880453839265 0.44
      vertex -1.5953052818939848 0 4.4
      vertex -1.5953052818939848 0.12247880453839265 4.409403251986569
    endloop
  endfacet
  facet normal -0.9882804237803486 0.15264928421887392 0
    outer loop
      vertex -1.5953052818939848 0.12247880453839265 0.44
      vertex -1.5953052818939848 0.12247880453839265 4.409403251986569
      vertex -1.576498287376994 0.2442388547501992 4.418751321951442
    endloop
  endfacet
  facet normal -0.9882804237803485 0.15264928421887472 0
    outer loop
      vertex -1.5579126782044466 0.36456561424501976 0.44
      vertex -1.576498287376994 0.2442388547501992 4.418751321951442
      vertex -1.5579126782044466 0.36456561424501976 4.44690886864777
    endloop
  endfacet
  facet normal -0.9533963920549304 0.3017205985951926 0
    outer loop
      vertex -1.5579126782044466 0.36456561424501976 0.44
      vertex -1.5579126782044466 0.36456561424501976 4.44690886864777
      vertex -1.5205100235200348 0.48275295775230775 4.474565772712111
    endloop
  endfacet
  facet normal -0.9533963920549309 0.3017205985951913 0
    outer loop
      vertex -1.4840039217633516 0.5981073149452298 0.44
      vertex -1.5205100235200348 0.48275295775230775 4.474565772712111
      vertex -1.4840039217633516 0.5981073149452298 4.521057755540506
    endloop
  endfacet
  facet normal -0.8961655569610559 0.4437198378669591 0
    outer loop
      vertex -1.4840039217633516 0.5981073149452298 0.44
      vertex -1.4840039217633516 0.5981073149452298 4.521057755540506
      vertex -1.4286262183617175 0.7099517405871355 4.566135108862311
    endloop
  endfacet
  facet normal -0.8961655569610556 0.44371983786695957 0
    outer loop
      vertex -1.3753113711795222 0.8176298871153762 0.44
      vertex -1.4286262183617175 0.7099517405871355 4.566135108862311
      vertex -1.3753113711795222 0.8176298871153762 4.630150336712257
    endloop
  endfacet
  facet normal -0.817929360766718 0.5753186602186201 0
    outer loop
      vertex -1.3753113711795222 0.8176298871153762 0.44
      vertex -1.3753113711795222 0.8176298871153762 4.630150336712257
      vertex -1.3029472173755865 0.9205098563497931 4.691313022773252
    endloop
  endfacet
  facet normal -0.8179293607667179 0.5753186602186205 0
    outer loop
      vertex -1.234382687715109 1.0179879077224956 0.44
      vertex -1.3029472173755865 0.9205098563497931 4.691313022773252
      vertex -1.234382687715109 1.0179879077224956 4.771702579880087
    endloop
  endfacet
  facet normal -0.720521593600787 0.6934325007922415 0
    outer loop
      vertex -1.234382687715109 1.0179879077224956 0.44
      vertex -1.234382687715109 1.0179879077224956 4.771702579880087
      vertex -1.1463188281677488 1.1094920012675868 4.847165450238741
    endloop
  endfacet
  facet normal -0.7205215936007868 0.6934325007922421 0
    outer loop
      vertex -1.0645211202649048 1.1944851545791402 0.44
      vertex -1.1463188281677488 1.1094920012675868 4.847165450238741
      vertex -1.0645211202649048 1.1944851545791402 4.9425351502276476
    endloop
  endfacet
  facet normal -0.6062254109666381 0.7952928712734265 0
    outer loop
      vertex -1.0645211202649048 1.1944851545791402 0.44
      vertex -0.9622164785315424 1.2724685940374822 5.030039342453379
      vertex -0.8697080800019539 1.34298468181112 0.44
    endloop
  endfacet
  facet normal -0.4777198185122632 0.8785122509109422 -4.430097162147529e-18
    outer loop
      vertex -0.8697080800019539 1.34298468181112 0.44
      vertex -0.7545243632879662 1.4056196014575078 5.235648290380379
      vertex -0.6545098194741437 1.4600057863624802 0.44
    endloop
  endfacet
  facet normal -0.3380168784085024 0.9411400479795615 -2.8218709742230223e-18
    outer loop
      vertex -0.6545098194741437 1.4600057863624802 0.44
      vertex -0.5269380004781141 1.5058240767672988 5.459172994546396
      vertex -0.42397040351465853 1.5428055927250257 0.44
    endloop
  endfacet
  facet normal -0.1903911091646683 0.9817083199968549 0
    outer loop
      vertex -0.42397040351465853 1.5428055927250257 0.44
      vertex -0.27996749032123763 1.570733311994968 5.695374225336531
      vertex -0.18349348063744053 1.5894433436154802 0.44
    endloop
  endfacet
  facet normal -0.03830273369003531 0.99926618105081 0
    outer loop
      vertex -0.18349348063744053 1.5894433436154802 0.44
      vertex -0.18349348063744053 1.5894433436154802 5.85744284551175
      vertex 0.06128437390405637 1.5988258896812961 0.44
    endloop
  endfacet
  facet normal -0.606225410966638 0.7952928712734265 0
    outer loop
      vertex -1.0645211202649048 1.1944851545791402 0.44
      vertex -1.0645211202649048 1.1944851545791402 4.9425351502276476
      vertex -0.9622164785315424 1.2724685940374822 5.030039342453379
    endloop
  endfacet
  facet normal -0.6062254109666381 0.7952928712734265 0
    outer loop
      vertex -0.8697080800019539 1.34298468181112 0.44
      vertex -0.9622164785315424 1.2724685940374822 5.030039342453379
      vertex -0.8697080800019539 1.34298468181112 5.1389287823457055
    endloop
  endfacet
  facet normal -0.4777198185122633 0.8785122509109421 0
    outer loop
      vertex -0.8697080800019539 1.34298468181112 0.44
      vertex -0.8697080800019539 1.34298468181112 5.1389287823457055
      vertex -0.7545243632879662 1.4056196014575078 5.235648290380379
    endloop
  endfacet
  facet normal -0.477719818512263 0.8785122509109423 0
    outer loop
      vertex -0.6545098194741437 1.4600057863624802 0.44
      vertex -0.7545243632879662 1.4056196014575078 5.235648290380379
      vertex -0.6545098194741437 1.4600057863624802 5.356966782932921
    endloop
  endfacet
  facet normal -0.3380168784085026 0.9411400479795616 0
    outer loop
      vertex -0.6545098194741437 1.4600057863624802 0.44
      vertex -0.6545098194741437 1.4600057863624802 5.356966782932921
      vertex -0.5269380004781141 1.5058240767672988 5.459172994546396
    endloop
  endfacet
  facet normal -0.3380168784085023 0.9411400479795616 0
    outer loop
      vertex -0.42397040351465853 1.5428055927250257 0.44
      vertex -0.5269380004781141 1.5058240767672988 5.459172994546396
      vertex -0.42397040351465853 1.5428055927250257 5.593746750577596
    endloop
  endfacet
  facet normal -0.19039110916466834 0.981708319996855 0
    outer loop
      vertex -0.42397040351465853 1.5428055927250257 0.44
      vertex -0.42397040351465853 1.5428055927250257 5.593746750577596
      vertex -0.27996749032123763 1.570733311994968 5.695374225336531
    endloop
  endfacet
  facet normal -0.1903911091646683 0.981708319996855 0
    outer loop
      vertex -0.18349348063744053 1.5894433436154802 0.44
      vertex -0.27996749032123763 1.570733311994968 5.695374225336531
      vertex -0.18349348063744053 1.5894433436154802 5.85744284551175
    endloop
  endfacet
  facet normal -0.03830273369003531 0.9992661810508099 0
    outer loop
      vertex -0.18349348063744053 1.5894433436154802 5.85744284551175
      vertex 0.06128437390405637 1.5988258896812961 5.938715626095943
      vertex 0.06128437390405637 1.5988258896812961 0.44
    endloop
  endfacet
  facet normal 0.771489179821943 -0.6362424423265598 0
    outer loop
      vertex 1.1528345497612598 -1.1094920012675862 0.44
      vertex 1.3086869772267482 -0.9205098563497931 0.44
      vertex 1.3086869772267482 -0.9205098563497931 4.691313022773252
    endloop
  endfacet
  facet normal 0.8595696069872011 -0.5110186794471107 0
    outer loop
      vertex 1.3086869772267482 -0.9205098563497931 0.44
      vertex 1.4338648911376894 -0.7099517405871348 0.44
      vertex 1.4338648911376894 -0.7099517405871348 4.56613510886231
    endloop
  endfacet
  facet normal 0.9275024511020948 -0.3738170718407683 0
    outer loop
      vertex 1.4338648911376894 -0.7099517405871348 0.44
      vertex 1.525434227287889 -0.48275295775230775 0.44
      vertex 1.525434227287889 -0.48275295775230775 4.474565772712111
    endloop
  endfacet
  facet normal 0.973695423877779 -0.2278535089031379 0
    outer loop
      vertex 1.525434227287889 -0.48275295775230775 0.44
      vertex 1.581248678048558 -0.24423885475019846 0.44
      vertex 1.581248678048558 -0.24423885475019846 4.418751321951442
    endloop
  endfacet
  facet normal 0.9970658011837406 -0.07654925283649495 0
    outer loop
      vertex 1.581248678048558 -0.24423885475019846 0.44
      vertex 1.6 0 0.44
      vertex 1.6 0 4.4
    endloop
  endfacet
  facet normal 0.264981502196661 -0.9642534954531411 0
    outer loop
      vertex 0.30462577466346996 -1.5707333119949678 0.44
      vertex 0.5408270054536043 -1.5058240767672988 0.44
      vertex 0.5408270054536043 -1.5058240767672988 5.459172994546396
    endloop
  endfacet
  facet normal 0.11468342539840089 -0.993402089759675 0
    outer loop
      vertex 0.06128437390405637 -1.5988258896812961 0.44
      vertex 0.30462577466346996 -1.5707333119949678 0.44
      vertex 0.30462577466346996 -1.5707333119949678 5.69537422533653
    endloop
  endfacet
  facet normal 0.4090686371713407 -0.9125036164765497 0
    outer loop
      vertex 0.5408270054536043 -1.5058240767672988 0.44
      vertex 0.7643517096196213 -1.4056196014575075 0.44
      vertex 0.7643517096196213 -1.4056196014575075 5.235648290380379
    endloop
  endfacet
  facet normal 0.5435675500012213 -0.83936542613195 0
    outer loop
      vertex 0.7643517096196213 -1.4056196014575075 0.44
      vertex 0.9699606575466208 -1.2724685940374825 0.44
      vertex 0.9699606575466208 -1.2724685940374825 5.030039342453379
    endloop
  endfacet
  facet normal 0.6653257001655658 -0.7465532216119622 0
    outer loop
      vertex 0.9699606575466208 -1.2724685940374825 0.44
      vertex 1.1528345497612598 -1.1094920012675862 4.84716545023874
      vertex 0.9699606575466208 -1.2724685940374825 5.030039342453379
    endloop
  endfacet
  facet normal 0.4090686371713407 -0.9125036164765498 0
    outer loop
      vertex 0.5408270054536043 -1.5058240767672988 0.44
      vertex 0.7643517096196213 -1.4056196014575075 5.235648290380379
      vertex 0.5408270054536043 -1.5058240767672988 5.459172994546396
    endloop
  endfacet
  facet normal 0.5435675500012211 -0.83936542613195 0
    outer loop
      vertex 0.7643517096196213 -1.4056196014575075 0.44
      vertex 0.9699606575466208 -1.2724685940374825 5.030039342453379
      vertex 0.7643517096196213 -1.4056196014575075 5.235648290380379
    endloop
  endfacet
  facet normal 0.6653257001655658 -0.7465532216119624 0
    outer loop
      vertex 0.9699606575466208 -1.2724685940374825 0.44
      vertex 1.1528345497612598 -1.1094920012675862 0.44
      vertex 1.1528345497612598 -1.1094920012675862 4.84716545023874
    endloop
  endfacet
  facet normal 0.8595696069872011 -0.5110186794471105 0
    outer loop
      vertex 1.3086869772267482 -0.9205098563497931 0.44
      vertex 1.4338648911376894 -0.7099517405871348 4.56613510886231
      vertex 1.3086869772267482 -0.9205098563497931 4.691313022773252
    endloop
  endfacet
  facet normal 0.9275024511020948 -0.37381707184076823 0
    outer loop
      vertex 1.4338648911376894 -0.7099517405871348 0.44
      vertex 1.525434227287889 -0.48275295775230775 4.474565772712111
      vertex 1.4338648911376894 -0.7099517405871348 4.56613510886231
    endloop
  endfacet
  facet normal 0.771489179821943 -0.6362424423265598 0
    outer loop
      vertex 1.1528345497612598 -1.1094920012675862 0.44
      vertex 1.3086869772267482 -0.9205098563497931 4.691313022773252
      vertex 1.1528345497612598 -1.1094920012675862 4.84716545023874
    endloop
  endfacet
  facet normal 0.973695423877779 -0.22785350890313796 0
    outer loop
      vertex 1.525434227287889 -0.48275295775230775 0.44
      vertex 1.581248678048558 -0.24423885475019846 4.418751321951442
      vertex 1.525434227287889 -0.48275295775230775 4.474565772712111
    endloop
  endfacet
  facet normal 0.9970658011837406 -0.07654925283649498 0
    outer loop
      vertex 1.581248678048558 -0.24423885475019846 0.44
      vertex 1.6 0 4.4
      vertex 1.581248678048558 -0.24423885475019846 4.418751321951442
    endloop
  endfacet
  facet normal 0.264981502196661 -0.9642534954531412 0
    outer loop
      vertex 0.30462577466346996 -1.5707333119949678 0.44
      vertex 0.5408270054536043 -1.5058240767672988 5.459172994546396
      vertex 0.30462577466346996 -1.5707333119949678 5.69537422533653
    endloop
  endfacet
  facet normal 0.11468342539840089 -0.993402089759675 0
    outer loop
      vertex 0.06128437390405637 -1.5988258896812961 0.44
      vertex 0.30462577466346996 -1.5707333119949678 5.69537422533653
      vertex 0.06128437390405637 -1.5988258896812961 5.938715626095943
    endloop
  endfacet
  facet normal -0.038302733690033154 -0.9992661810508101 0
    outer loop
      vertex -1.3114509478384662e-15 -1.5964768068267767 6
      vertex 0.06128437390405637 -1.5988258896812961 5.938715626095943
      vertex 0.06128437390405637 -1.5988258896812961 6
    endloop
  endfacet
  facet normal 0.11468342539840536 -0.9934020897596746 0
    outer loop
      vertex 0.06128437390405637 -1.5988258896812961 5.938715626095943
      vertex 0.08163242165892282 -1.5964768068267765 6
      vertex 0.06128437390405637 -1.5988258896812961 6
    endloop
  endfacet
  facet normal 0.9970658011837404 0.07654925283649563 0
    outer loop
      vertex 1.6 0 0.44
      vertex 1.5812486780485577 0.2442388547501992 0.44
      vertex 1.6 0 4.4
    endloop
  endfacet
  facet normal 0.973695423877779 0.22785350890313777 0
    outer loop
      vertex 1.5812486780485577 0.2442388547501992 0.44
      vertex 1.525434227287889 0.48275295775230775 0.44
      vertex 1.5812486780485577 0.2442388547501992 4.418751321951442
    endloop
  endfacet
  facet normal 0.9275024511020946 0.37381707184076884 0
    outer loop
      vertex 1.525434227287889 0.48275295775230775 0.44
      vertex 1.433864891137689 0.7099517405871355 0.44
      vertex 1.525434227287889 0.48275295775230775 4.474565772712111
    endloop
  endfacet
  facet normal 0.7714891798219428 0.6362424423265601 0
    outer loop
      vertex 1.3086869772267482 0.9205098563497931 0.44
      vertex 1.152834549761259 1.1094920012675868 0.44
      vertex 1.3086869772267482 0.9205098563497931 4.691313022773252
    endloop
  endfacet
  facet normal 0.8595696069872011 0.5110186794471103 0
    outer loop
      vertex 1.3086869772267482 0.9205098563497931 0.44
      vertex 1.433864891137689 0.7099517405871355 4.566135108862311
      vertex 1.433864891137689 0.7099517405871355 0.44
    endloop
  endfacet
  facet normal 0.6653257001655656 0.7465532216119625 0
    outer loop
      vertex 1.152834549761259 1.1094920012675868 0.44
      vertex 0.969960657546621 1.2724685940374822 0.44
      vertex 1.152834549761259 1.1094920012675868 4.847165450238741
    endloop
  endfacet
  facet normal 0.9970658011837404 0.07654925283649563 0
    outer loop
      vertex 1.5812486780485577 0.2442388547501992 0.44
      vertex 1.5812486780485577 0.2442388547501992 4.418751321951442
      vertex 1.6 0 4.4
    endloop
  endfacet
  facet normal 0.973695423877779 0.22785350890313774 0
    outer loop
      vertex 1.525434227287889 0.48275295775230775 0.44
      vertex 1.525434227287889 0.48275295775230775 4.474565772712111
      vertex 1.5812486780485577 0.2442388547501992 4.418751321951442
    endloop
  endfacet
  facet normal 0.8595696069872012 0.5110186794471103 0
    outer loop
      vertex 1.3086869772267482 0.9205098563497931 0.44
      vertex 1.3086869772267482 0.9205098563497931 4.691313022773252
      vertex 1.433864891137689 0.7099517405871355 4.566135108862311
    endloop
  endfacet
  facet normal 0.9275024511020946 0.3738170718407689 0
    outer loop
      vertex 1.433864891137689 0.7099517405871355 0.44
      vertex 1.433864891137689 0.7099517405871355 4.566135108862311
      vertex 1.525434227287889 0.48275295775230775 4.474565772712111
    endloop
  endfacet
  facet normal 0.7714891798219426 0.63624244232656 0
    outer loop
      vertex 1.152834549761259 1.1094920012675868 0.44
      vertex 1.152834549761259 1.1094920012675868 4.847165450238741
      vertex 1.3086869772267482 0.9205098563497931 4.691313022773252
    endloop
  endfacet
  facet normal 0.5435675500012213 0.83936542613195 0
    outer loop
      vertex 0.969960657546621 1.2724685940374822 0.44
      vertex 0.7643517096196208 1.4056196014575078 0.44
      vertex 0.969960657546621 1.2724685940374822 5.030039342453379
    endloop
  endfacet
  facet normal 0.40906863717134057 0.9125036164765497 0
    outer loop
      vertex 0.7643517096196208 1.4056196014575078 0.44
      vertex 0.5408270054536043 1.5058240767672988 0.44
      vertex 0.7643517096196208 1.4056196014575078 5.235648290380379
    endloop
  endfacet
  facet normal 0.26498150219666106 0.9642534954531411 0
    outer loop
      vertex 0.3046257746634693 1.570733311994968 0.44
      vertex 0.5408270054536043 1.5058240767672988 5.459172994546396
      vertex 0.5408270054536043 1.5058240767672988 0.44
    endloop
  endfacet
  facet normal 0.11468342539840032 0.9934020897596751 0
    outer loop
      vertex 0.3046257746634693 1.570733311994968 0.44
      vertex 0.06128437390405637 1.5988258896812961 0.44
      vertex 0.3046257746634693 1.570733311994968 5.695374225336531
    endloop
  endfacet
  facet normal 0.6653257001655656 0.7465532216119625 0
    outer loop
      vertex 0.969960657546621 1.2724685940374822 0.44
      vertex 0.969960657546621 1.2724685940374822 5.030039342453379
      vertex 1.152834549761259 1.1094920012675868 4.847165450238741
    endloop
  endfacet
  facet normal 0.40906863717134057 0.9125036164765498 0
    outer loop
      vertex 0.5408270054536043 1.5058240767672988 0.44
      vertex 0.5408270054536043 1.5058240767672988 5.459172994546396
      vertex 0.7643517096196208 1.4056196014575078 5.235648290380379
    endloop
  endfacet
  facet normal 0.5435675500012213 0.83936542613195 0
    outer loop
      vertex 0.7643517096196208 1.4056196014575078 0.44
      vertex 0.7643517096196208 1.4056196014575078 5.235648290380379
      vertex 0.969960657546621 1.2724685940374822 5.030039342453379
    endloop
  endfacet
  facet normal 0.2649815021966611 0.9642534954531412 0
    outer loop
      vertex 0.3046257746634693 1.570733311994968 0.44
      vertex 0.3046257746634693 1.570733311994968 5.695374225336531
      vertex 0.5408270054536043 1.5058240767672988 5.459172994546396
    endloop
  endfacet
  facet normal 0.1146834253984003 0.993402089759675 0
    outer loop
      vertex 0.06128437390405637 1.5988258896812961 0.44
      vertex 0.06128437390405637 1.5988258896812961 5.938715626095943
      vertex 0.3046257746634693 1.570733311994968 5.695374225336531
    endloop
  endfacet
  facet normal -0.03830273369003446 0.9992661810508101 0
    outer loop
      vertex 7.840950111415168e-16 1.5964768068267767 6
      vertex 0.06128437390405637 1.5988258896812961 6
      vertex 0.06128437390405637 1.5988258896812961 5.938715626095943
    endloop
  endfacet
  facet normal 0.11468342539839807 0.9934020897596754 0
    outer loop
      vertex 0.06128437390405637 1.5988258896812961 5.938715626095943
      vertex 0.06128437390405637 1.5988258896812961 6
      vertex 0.0816324216589222 1.5964768068267767 6
    endloop
  endfacet
  facet normal -0.01665860012953499 -0.43460020028345253 0.9004694092279355
    outer loop
      vertex -0.057283079608247 -0.5810627621866504 7.489397997830727
      vertex 0.022613592803208835 -0.5899578526996722 7.486582975604387
      vertex 0.02238969593976112 -0.5841166883196776 7.489397997830727
    endloop
  endfacet
  facet normal -0.011320255136167592 -0.2953300464134227 0.9553282239676045
    outer loop
      vertex -0.057283079608247 -0.5810627621866504 7.489397997830727
      vertex 0.02238969593976112 -0.5841166883196776 7.489397997830727
      vertex 0.017630193328801235 -0.45994774423742896 7.5277271713193565
    endloop
  endfacet
  facet normal -0.011320255136166253 -0.29533004641340954 0.9553282239676086
    outer loop
      vertex -0.04083114068633807 -0.3536844172919638 7.559884659490918
      vertex -0.0410466285809692 -0.35555100022756086 7.559305070833262
      vertex 0.013789597913732231 -0.35975183800174215 7.558656211598658
    endloop
  endfacet
  facet normal -0.011320255136167686 -0.2953300464134217 0.955328223967605
    outer loop
      vertex -0.04083114068633807 -0.3536844172919638 7.559884659490918
      vertex 0.013789597913732231 -0.35975183800174215 7.558656211598658
      vertex 0.013637056118058604 -0.3557722302054173 7.559884659490918
    endloop
  endfacet
  facet normal -0.05626950673660702 -0.29014087458080323 0.9553282239676086
    outer loop
      vertex -0.05055475558447549 -0.3517986333092505 7.559884659490918
      vertex -0.0410466285809692 -0.35555100022756086 7.559305070833262
      vertex -0.04083114068633807 -0.3536844172919638 7.559884659490918
    endloop
  endfacet
  facet normal -0.005725151264861468 -0.14936140293988084 0.9887660966855735
    outer loop
      vertex -0.04083114068633807 -0.3536844172919638 7.559884659490918
      vertex 0.013637056118058604 -0.3557722302054173 7.559884659490918
      vertex -0.028525699260768474 -0.24709315368861268 7.576057413836033
    endloop
  endfacet
  facet normal -0.028457966166943644 -0.14673701035122694 0.9887660966855736
    outer loop
      vertex -0.05055475558447549 -0.3517986333092505 7.559884659490918
      vertex -0.04083114068633807 -0.3536844172919638 7.559884659490918
      vertex -0.028525699260768474 -0.24709315368861268 7.576057413836033
    endloop
  endfacet
  facet normal -0.005725151264864102 -0.14936140293988184 0.9887660966855734
    outer loop
      vertex -0.028525699260768474 -0.24709315368861268 7.576057413836033
      vertex 0.013637056118058604 -0.3557722302054173 7.559884659490918
      vertex 0.0071436471346914224 -0.18636802920713655 7.585436985224021
    endloop
  endfacet
  facet normal -0.028457966166934637 -0.14673701035117004 0.9887660966855824
    outer loop
      vertex -0.03168334793252452 -0.1152940063299999 7.595526075489889
      vertex -0.03207151133125956 -0.11670651214997013 7.595305281893985
      vertex -0.013880481266359096 -0.12023445453403343 7.595305281893985
    endloop
  endfacet
  facet normal -0.005725151264855427 -0.14936140293979838 0.9887660966855861
    outer loop
      vertex -0.013712484980534626 -0.11877924981870393 7.595526075489889
      vertex -0.013880481266359096 -0.12023445453403343 7.595305281893985
      vertex 0.004635895514874384 -0.12094420320981647 7.595305281893985
    endloop
  endfacet
  facet normal -0.050523750461906776 -0.14067322660840909 0.9887660966855822
    outer loop
      vertex -0.03168334793252452 -0.1152940063299999 7.595526075489889
      vertex -0.04891158006253643 -0.10910636905158907 7.595526075489889
      vertex -0.03207151133125956 -0.11670651214997013 7.595305281893985
    endloop
  endfacet
  facet normal -0.005725151264859593 -0.14936140293983313 0.9887660966855807
    outer loop
      vertex -0.013712484980534626 -0.11877924981870393 7.595526075489889
      vertex 0.004635895514874384 -0.12094420320981647 7.595305281893985
      vertex 0.004579786997235549 -0.11948040836428128 7.595526075489889
    endloop
  endfacet
  facet normal -0.028457966166927817 -0.14673701035114567 0.988766096685586
    outer loop
      vertex -0.03168334793252452 -0.1152940063299999 7.595526075489889
      vertex -0.013880481266359096 -0.12023445453403343 7.595305281893985
      vertex -0.013712484980534626 -0.11877924981870393 7.595526075489889
    endloop
  endfacet
  facet normal -0.10769714627539627 -0.10364811010967928 0.9887660966855749
    outer loop
      vertex -0.092245533774412 -0.07607433161395032 7.595526075489889
      vertex -0.08052637846396381 -0.09035759065380497 7.595305281893985
      vertex -0.07955176294212152 -0.08926398738929359 7.595526075489889
    endloop
  endfacet
  facet normal -0.1076971462754035 -0.1036481101096852 0.9887660966855736
    outer loop
      vertex -0.092245533774412 -0.07607433161395032 7.595526075489889
      vertex -0.09337566497090821 -0.07700634394985131 7.595305281893985
      vertex -0.08052637846396381 -0.09035759065380497 7.595305281893985
    endloop
  endfacet
  facet normal -0.05052375046191847 -0.14067322660843487 0.988766096685578
    outer loop
      vertex -0.03207151133125956 -0.11670651214997013 7.595305281893985
      vertex -0.04891158006253643 -0.10910636905158907 7.595526075489889
      vertex -0.049510812353107655 -0.11044306803696433 7.595305281893985
    endloop
  endfacet
  facet normal -0.0714053008680352 -0.1313121816631037 0.9887660966855717
    outer loop
      vertex -0.049510812353107655 -0.11044306803696433 7.595305281893985
      vertex -0.06499336621141538 -0.10036137095687918 7.595526075489889
      vertex -0.06578962189681738 -0.10159093201637572 7.595305281893985
    endloop
  endfacet
  facet normal -0.0714053008680127 -0.13131218166306927 0.9887660966855779
    outer loop
      vertex -0.04891158006253643 -0.10910636905158907 7.595526075489889
      vertex -0.06499336621141538 -0.10036137095687918 7.595526075489889
      vertex -0.049510812353107655 -0.11044306803696433 7.595305281893985
    endloop
  endfacet
  facet normal -0.09061317154211422 -0.11887329047459776 0.9887660966855717
    outer loop
      vertex -0.06499336621141538 -0.10036137095687918 7.595526075489889
      vertex -0.07955176294212152 -0.08926398738929359 7.595526075489889
      vertex -0.06578962189681738 -0.10159093201637572 7.595305281893985
    endloop
  endfacet
  facet normal -0.09061317154209998 -0.11887329047458192 0.9887660966855749
    outer loop
      vertex -0.06578962189681738 -0.10159093201637572 7.595305281893985
      vertex -0.07955176294212152 -0.08926398738929359 7.595526075489889
      vertex -0.08052637846396381 -0.09035759065380497 7.595305281893985
    endloop
  endfacet
  facet normal -0.1222567911798672 -0.08599350589187377 0.9887660966855744
    outer loop
      vertex -0.09337566497090821 -0.07700634394985131 7.595305281893985
      vertex -0.10277714747871916 -0.06110155798318956 7.595526075489889
      vertex -0.10403630503247834 -0.061850133811263766 7.595305281893985
    endloop
  endfacet
  facet normal -0.12225679117987225 -0.08599350589187672 0.9887660966855735
    outer loop
      vertex -0.092245533774412 -0.07607433161395032 7.595526075489889
      vertex -0.10277714747871916 -0.06110155798318956 7.595526075489889
      vertex -0.09337566497090821 -0.07700634394985131 7.595305281893985
    endloop
  endfacet
  facet normal -0.1339508405191336 -0.06632328678067635 0.988766096685574
    outer loop
      vertex -0.10403630503247834 -0.061850133811263766 7.595305281893985
      vertex -0.11089975195599588 -0.04469661562058195 7.595526075489889
      vertex -0.11225842228117028 -0.04524420895788272 7.595305281893985
    endloop
  endfacet
  facet normal -0.13395084051913092 -0.06632328678067527 0.9887660966855744
    outer loop
      vertex -0.10277714747871916 -0.06110155798318956 7.595526075489889
      vertex -0.11089975195599588 -0.04469661562058195 7.595526075489889
      vertex -0.10403630503247834 -0.061850133811263766 7.595305281893985
    endloop
  endfacet
  facet normal -0.14250519568809664 -0.04509850604035029 0.9887660966855739
    outer loop
      vertex -0.11089975195599588 -0.04469661562058195 7.595526075489889
      vertex -0.11642296024169514 -0.02724402247092257 7.595526075489889
      vertex -0.11225842228117028 -0.04524420895788272 7.595305281893985
    endloop
  endfacet
  facet normal 0 0 1
    outer loop
      vertex -0.03168334793252452 -0.1152940063299999 7.595526075489889
      vertex -0.0489115800625364 0.10910636905158909 7.595526075489889
      vertex -0.04891158006253643 -0.10910636905158907 7.595526075489889
    endloop
  endfacet
  facet normal 0 0 1
    outer loop
      vertex -0.03168334793252452 -0.1152940063299999 7.595526075489889
      vertex -0.013712484980534626 -0.11877924981870393 7.595526075489889
      vertex -0.03168334793252448 0.1152940063299999 7.595526075489889
    endloop
  endfacet
  facet normal 0 0 1
    outer loop
      vertex -0.013712484980534626 -0.11877924981870393 7.595526075489889
      vertex 0.004579786997235549 -0.11948040836428128 7.595526075489889
      vertex -0.013712484980534657 0.11877924981870391 7.595526075489889
    endloop
  endfacet
  facet normal -0.1425051956880971 -0.04509850604035039 0.9887660966855738
    outer loop
      vertex -0.11225842228117028 -0.04524420895788272 7.595305281893985
      vertex -0.11642296024169514 -0.02724402247092257 7.595526075489889
      vertex -0.11784929725741826 -0.02757779819374217 7.595305281893985
    endloop
  endfacet
  facet normal 0 0 1
    outer loop
      vertex -0.092245533774412 -0.07607433161395032 7.595526075489889
      vertex -0.07955176294212152 -0.08926398738929359 7.595526075489889
      vertex -0.092245533774412 0.07607433161395032 7.595526075489889
    endloop
  endfacet
  facet normal -0.14771934985193413 -0.02281665454215958 0.9887660966855738
    outer loop
      vertex -0.11642296024169514 -0.02724402247092257 7.595526075489889
      vertex -0.11921731301485441 -0.009152852525507446 7.595526075489889
      vertex -0.11784929725741826 -0.02757779819374217 7.595305281893985
    endloop
  endfacet
  facet normal 0 0 1
    outer loop
      vertex -0.10277714747871916 -0.06110155798318956 7.595526075489889
      vertex -0.11089975195599588 0.04469661562058195 7.595526075489889
      vertex -0.11089975195599588 -0.04469661562058195 7.595526075489889
    endloop
  endfacet
  facet normal 0 0 1
    outer loop
      vertex -0.092245533774412 -0.07607433161395032 7.595526075489889
      vertex -0.10277714747871916 0.06110155798318956 7.595526075489889
      vertex -0.10277714747871916 -0.06110155798318956 7.595526075489889
    endloop
  endfacet
  facet normal -0.14771934985193383 -0.022816654542159562 0.988766096685574
    outer loop
      vertex -0.11784929725741826 -0.02757779819374217 7.595305281893985
      vertex -0.11921731301485441 -0.009152852525507446 7.595526075489889
      vertex -0.1206778845903849 -0.009264987213798172 7.595305281893985
    endloop
  endfacet
  facet normal 0 0 1
    outer loop
      vertex -0.11089975195599588 -0.04469661562058195 7.595526075489889
      vertex -0.11642296024169514 0.02724402247092257 7.595526075489889
      vertex -0.11642296024169514 -0.02724402247092257 7.595526075489889
    endloop
  endfacet
  facet normal 0 0 1
    outer loop
      vertex -0.11642296024169514 -0.02724402247092257 7.595526075489889
      vertex -0.11921731301485441 0.009152852525507446 7.595526075489889
      vertex -0.11921731301485441 -0.009152852525507446 7.595526075489889
    endloop
  endfacet
  facet normal -0.1494710876563567 0 0.9887660966855739
    outer loop
      vertex -0.11921731301485441 -0.009152852525507446 7.595526075489889
      vertex -0.11921731301485441 0.009152852525507446 7.595526075489889
      vertex -0.1206778845903849 -0.009264987213798172 7.595305281893985
    endloop
  endfacet
  facet normal 0 0 1
    outer loop
      vertex -0.06499336621141538 -0.10036137095687918 7.595526075489889
      vertex -0.07955176294212152 0.08926398738929359 7.595526075489889
      vertex -0.07955176294212152 -0.08926398738929359 7.595526075489889
    endloop
  endfacet
  facet normal 0 0 1
    outer loop
      vertex -0.04891158006253643 -0.10910636905158907 7.595526075489889
      vertex -0.06499336621141537 0.10036137095687919 7.595526075489889
      vertex -0.06499336621141538 -0.10036137095687918 7.595526075489889
    endloop
  endfacet
  facet normal -0.14947108765635672 0 0.9887660966855739
    outer loop
      vertex -0.1206778845903849 -0.009264987213798172 7.595305281893985
      vertex -0.11921731301485441 0.009152852525507446 7.595526075489889
      vertex -0.1206778845903849 0.009264987213798172 7.595305281893985
    endloop
  endfacet
  facet normal 0 0 1
    outer loop
      vertex -0.11642296024169514 -0.02724402247092257 7.595526075489889
      vertex -0.11642296024169514 0.02724402247092257 7.595526075489889
      vertex -0.11921731301485441 0.009152852525507446 7.595526075489889
    endloop
  endfacet
  facet normal 0 0 1
    outer loop
      vertex -0.11089975195599588 -0.04469661562058195 7.595526075489889
      vertex -0.11089975195599588 0.04469661562058195 7.595526075489889
      vertex -0.11642296024169514 0.02724402247092257 7.595526075489889
    endloop
  endfacet
  facet normal -0.14771934985193383 0.02281665454215953 0.9887660966855739
    outer loop
      vertex -0.11921731301485441 0.009152852525507446 7.595526075489889
      vertex -0.11642296024169514 0.02724402247092257 7.595526075489889
      vertex -0.1206778845903849 0.009264987213798172 7.595305281893985
    endloop
  endfacet
  facet normal 0 0 1
    outer loop
      vertex -0.10277714747871916 -0.06110155798318956 7.595526075489889
      vertex -0.10277714747871916 0.06110155798318956 7.595526075489889
      vertex -0.11089975195599588 0.04469661562058195 7.595526075489889
    endloop
  endfacet
  facet normal -0.14771934985193416 0.022816654542159615 0.9887660966855739
    outer loop
      vertex -0.1206778845903849 0.009264987213798172 7.595305281893985
      vertex -0.11642296024169514 0.02724402247092257 7.595526075489889
      vertex -0.11784929725741826 0.02757779819374217 7.595305281893985
    endloop
  endfacet
  facet normal 0 0 1
    outer loop
      vertex -0.092245533774412 -0.07607433161395032 7.595526075489889
      vertex -0.092245533774412 0.07607433161395032 7.595526075489889
      vertex -0.10277714747871916 0.06110155798318956 7.595526075489889
    endloop
  endfacet
  facet normal 0 0 1
    outer loop
      vertex -0.07955176294212152 -0.08926398738929359 7.595526075489889
      vertex -0.07955176294212152 0.08926398738929359 7.595526075489889
      vertex -0.092245533774412 0.07607433161395032 7.595526075489889
    endloop
  endfacet
  facet normal -0.1425051956880971 0.04509850604035044 0.9887660966855739
    outer loop
      vertex -0.11642296024169514 0.02724402247092257 7.595526075489889
      vertex -0.11089975195599588 0.04469661562058195 7.595526075489889
      vertex -0.11784929725741826 0.02757779819374217 7.595305281893985
    endloop
  endfacet
  facet normal 0 0 1
    outer loop
      vertex -0.06499336621141538 -0.10036137095687918 7.595526075489889
      vertex -0.06499336621141537 0.10036137095687919 7.595526075489889
      vertex -0.07955176294212152 0.08926398738929359 7.595526075489889
    endloop
  endfacet
  facet normal 0 0 1
    outer loop
      vertex -0.04891158006253643 -0.10910636905158907 7.595526075489889
      vertex -0.0489115800625364 0.10910636905158909 7.595526075489889
      vertex -0.06499336621141537 0.10036137095687919 7.595526075489889
    endloop
  endfacet
  facet normal 0 0 1
    outer loop
      vertex -0.03168334793252452 -0.1152940063299999 7.595526075489889
      vertex -0.03168334793252448 0.1152940063299999 7.595526075489889
      vertex -0.0489115800625364 0.10910636905158909 7.595526075489889
    endloop
  endfacet
  facet normal -0.1425051956880967 0.04509850604035027 0.988766096685574
    outer loop
      vertex -0.11784929725741826 0.02757779819374217 7.595305281893985
      vertex -0.11089975195599588 0.04469661562058195 7.595526075489889
      vertex -0.11225842228117028 0.04524420895788272 7.595305281893985
    endloop
  endfacet
  facet normal -0.13395084051913092 0.06632328678067502 0.9887660966855745
    outer loop
      vertex -0.11225842228117028 0.04524420895788272 7.595305281893985
      vertex -0.10277714747871916 0.06110155798318956 7.595526075489889
      vertex -0.10403630503247834 0.061850133811263766 7.595305281893985
    endloop
  endfacet
  facet normal -0.13395084051913353 0.06632328678067657 0.9887660966855739
    outer loop
      vertex -0.11089975195599588 0.04469661562058195 7.595526075489889
      vertex -0.10277714747871916 0.06110155798318956 7.595526075489889
      vertex -0.11225842228117028 0.04524420895788272 7.595305281893985
    endloop
  endfacet
  facet normal -0.12225679117987198 0.08599350589187713 0.9887660966855734
    outer loop
      vertex -0.10403630503247834 0.061850133811263766 7.595305281893985
      vertex -0.092245533774412 0.07607433161395032 7.595526075489889
      vertex -0.09337566497090821 0.07700634394985131 7.595305281893985
    endloop
  endfacet
  facet normal -0.12225679117986737 0.0859935058918733 0.9887660966855745
    outer loop
      vertex -0.10277714747871916 0.06110155798318956 7.595526075489889
      vertex -0.092245533774412 0.07607433161395032 7.595526075489889
      vertex -0.10403630503247834 0.061850133811263766 7.595305281893985
    endloop
  endfacet
  facet normal 0 0 1
    outer loop
      vertex -0.013712484980534626 -0.11877924981870393 7.595526075489889
      vertex -0.013712484980534657 0.11877924981870391 7.595526075489889
      vertex -0.03168334793252448 0.1152940063299999 7.595526075489889
    endloop
  endfacet
  facet normal 0 0 1
    outer loop
      vertex -0.013712484980534657 0.11877924981870391 7.595526075489889
      vertex 0.004579786997235549 -0.11948040836428128 7.595526075489889
      vertex 0.004579786997235549 0.11948040836428128 7.595526075489889
    endloop
  endfacet
  facet normal -0.10769714627540303 0.10364811010968579 0.9887660966855735
    outer loop
      vertex -0.092245533774412 0.07607433161395032 7.595526075489889
      vertex -0.07955176294212152 0.08926398738929359 7.595526075489889
      vertex -0.09337566497090821 0.07700634394985131 7.595305281893985
    endloop
  endfacet
  facet normal -0.10769714627539685 0.10364811010967878 0.9887660966855749
    outer loop
      vertex -0.09337566497090821 0.07700634394985131 7.595305281893985
      vertex -0.07955176294212152 0.08926398738929359 7.595526075489889
      vertex -0.08052637846396381 0.09035759065380497 7.595305281893985
    endloop
  endfacet
  facet normal -0.09061317154210129 0.11887329047458073 0.9887660966855749
    outer loop
      vertex -0.07955176294212152 0.08926398738929359 7.595526075489889
      vertex -0.06499336621141537 0.10036137095687919 7.595526075489889
      vertex -0.08052637846396381 0.09035759065380497 7.595305281893985
    endloop
  endfacet
  facet normal -0.09061317154211287 0.11887329047459878 0.9887660966855718
    outer loop
      vertex -0.08052637846396381 0.09035759065380497 7.595305281893985
      vertex -0.06499336621141537 0.10036137095687919 7.595526075489889
      vertex -0.06578962189681736 0.10159093201637573 7.595305281893985
    endloop
  endfacet
  facet normal -0.07140530086801584 0.13131218166306827 0.9887660966855778
    outer loop
      vertex -0.06578962189681736 0.10159093201637573 7.595305281893985
      vertex -0.0489115800625364 0.10910636905158909 7.595526075489889
      vertex -0.04951081235310762 0.11044306803696434 7.595305281893985
    endloop
  endfacet
  facet normal -0.07140530086803241 0.13131218166310565 0.9887660966855717
    outer loop
      vertex -0.06499336621141537 0.10036137095687919 7.595526075489889
      vertex -0.0489115800625364 0.10910636905158909 7.595526075489889
      vertex -0.06578962189681736 0.10159093201637573 7.595305281893985
    endloop
  endfacet
  facet normal -0.05052375046191635 0.14067322660843612 0.9887660966855779
    outer loop
      vertex -0.0489115800625364 0.10910636905158909 7.595526075489889
      vertex -0.03168334793252448 0.1152940063299999 7.595526075489889
      vertex -0.04951081235310762 0.11044306803696434 7.595305281893985
    endloop
  endfacet
  facet normal -0.050523750461908906 0.14067322660840856 0.9887660966855822
    outer loop
      vertex -0.04951081235310762 0.11044306803696434 7.595305281893985
      vertex -0.03168334793252448 0.1152940063299999 7.595526075489889
      vertex -0.032071511331259524 0.11670651214997013 7.595305281893985
    endloop
  endfacet
  facet normal -0.028457966166929693 0.14673701035114403 0.9887660966855862
    outer loop
      vertex -0.013712484980534657 0.11877924981870391 7.595526075489889
      vertex -0.013880481266359128 0.12023445453403343 7.595305281893985
      vertex -0.032071511331259524 0.11670651214997013 7.595305281893985
    endloop
  endfacet
  facet normal -0.02845796616693264 0.14673701035117057 0.9887660966855822
    outer loop
      vertex -0.03168334793252448 0.1152940063299999 7.595526075489889
      vertex -0.013712484980534657 0.11877924981870391 7.595526075489889
      vertex -0.032071511331259524 0.11670651214997013 7.595305281893985
    endloop
  endfacet
  facet normal -0.005725151264858299 0.1493614029397967 0.9887660966855863
    outer loop
      vertex -0.013712484980534657 0.11877924981870391 7.595526075489889
      vertex 0.004579786997235549 0.11948040836428128 7.595526075489889
      vertex -0.013880481266359128 0.12023445453403343 7.595305281893985
    endloop
  endfacet
  facet normal -0.005725151264856746 0.14936140293983308 0.9887660966855808
    outer loop
      vertex -0.013880481266359128 0.12023445453403343 7.595305281893985
      vertex 0.004579786997235549 0.11948040836428128 7.595526075489889
      vertex 0.004635895514874384 0.12094420320981647 7.595305281893985
    endloop
  endfacet
  facet normal -0.005725151264864734 0.14936140293987685 0.9887660966855741
    outer loop
      vertex -0.028525699260764703 0.24709315368857954 7.576057413836037
      vertex 0.0071436471346921025 0.18636802920715428 7.5854369852240175
      vertex 0.013637056118058604 0.3557722302054173 7.559884659490918
    endloop
  endfacet
  facet normal -0.028457966166942624 0.14673701035122172 0.9887660966855744
    outer loop
      vertex -0.028525699260764703 0.24709315368857954 7.576057413836037
      vertex -0.040831140686338155 0.3536844172919638 7.559884659490918
      vertex -0.050554755584475544 0.3517986333092505 7.559884659490918
    endloop
  endfacet
  facet normal -0.0057251512648612505 0.14936140293987551 0.9887660966855744
    outer loop
      vertex -0.028525699260764703 0.24709315368857954 7.576057413836037
      vertex 0.013637056118058604 0.3557722302054173 7.559884659490918
      vertex -0.040831140686338155 0.3536844172919638 7.559884659490918
    endloop
  endfacet
  facet normal -0.056269506736607175 0.29014087458080323 0.9553282239676086
    outer loop
      vertex -0.050554755584475544 0.3517986333092505 7.559884659490918
      vertex -0.040831140686338155 0.3536844172919638 7.559884659490918
      vertex -0.04104662858096928 0.35555100022756086 7.559305070833262
    endloop
  endfacet
  facet normal -0.0113202551361672 0.29533004641340943 0.9553282239676087
    outer loop
      vertex -0.040831140686338155 0.3536844172919638 7.559884659490918
      vertex 0.013637056118058604 0.3557722302054173 7.559884659490918
      vertex -0.04104662858096928 0.35555100022756086 7.559305070833262
    endloop
  endfacet
  facet normal -0.011320255136167207 0.29533004641342164 0.955328223967605
    outer loop
      vertex -0.04104662858096928 0.35555100022756086 7.559305070833262
      vertex 0.013637056118058604 0.3557722302054173 7.559884659490918
      vertex 0.013789597913732231 0.35975183800174215 7.558656211598658
    endloop
  endfacet
  facet normal -0.011320255136168123 0.2953300464134263 0.9553282239676034
    outer loop
      vertex -0.057283079608247134 0.5810627621866503 7.489397997830727
      vertex 0.017630193328797547 0.4599477442373328 7.527727171319387
      vertex 0.02238969593976112 0.5841166883196776 7.489397997830727
    endloop
  endfacet
  facet normal -0.01665860012953557 0.4346002002834526 0.9004694092279356
    outer loop
      vertex -0.057283079608247134 0.5810627621866503 7.489397997830727
      vertex 0.02238969593976112 0.5841166883196776 7.489397997830727
      vertex 0.022613592803208835 0.5899578526996722 7.486582975604387
    endloop
  endfacet
  facet normal -0.03819625645985151 -0.9964883350611866 0.07451203982872744
    outer loop
      vertex -1.3114509478384662e-15 -1.5964768068267767 6
      vertex 0.06128437390405637 -1.5988258896812961 6
      vertex 0.061099911722662714 -1.594013522474266 6.064263735525903
    endloop
  endfacet
  facet normal 0.11436461855858591 -0.9906405452748798 0.07451203982872738
    outer loop
      vertex 0.06128437390405637 -1.5988258896812961 6
      vertex 0.08163242165892282 -1.5964768068267765 6
      vertex 0.061099911722662714 -1.594013522474266 6.064263735525903
    endloop
  endfacet
  facet normal -0.03819625645985443 -0.9964883350611867 0.07451203982872245
    outer loop
      vertex 0.06065259679924993 -1.582343685045351 6.220101250391041
      vertex 0.06059987808223777 -1.5809683254836822 6.238467625881879
      vertex 0.0035547459774552467 -1.5787817364198706 6.238467625881879
    endloop
  endfacet
  facet normal 0.11436461855858433 -0.9906405452748803 0.07451203982872243
    outer loop
      vertex 0.06065259679924993 -1.582343685045351 6.220101250391041
      vertex 0.07954038441861597 -1.5787817364198706 6.238467625881879
      vertex 0.06059987808223777 -1.5809683254836822 6.238467625881879
    endloop
  endfacet
  facet normal -0.03734782282930647 -0.9743538565998421 0.2219002078839157
    outer loop
      vertex 0.0035547459774552467 -1.5787817364198706 6.238467625881879
      vertex 0.06059987808223777 -1.5809683254836822 6.238467625881879
      vertex 0.060039908161765326 -1.5663594725369956 6.302520195671088
    endloop
  endfacet
  facet normal 0.11182429661284933 -0.9686359607345355 0.22190020788391568
    outer loop
      vertex 0.06059987808223777 -1.5809683254836822 6.238467625881879
      vertex 0.07954038441861597 -1.5787817364198706 6.238467625881879
      vertex 0.060039908161765326 -1.5663594725369956 6.302520195671088
    endloop
  endfacet
  facet normal -0.037347822829304655 -0.974353856599842 0.22190020788391698
    outer loop
      vertex 0.05870163364186993 -1.5314457120854437 6.455599707532009
      vertex 0.05856168112234609 -1.5277945413662788 6.471608279057446
      vertex 0.0038168350046831542 -1.525696124246286 6.471608279057446
    endloop
  endfacet
  facet normal 0.11182429661284478 -0.9686359607345356 0.22190020788391693
    outer loop
      vertex 0.05870163364186993 -1.5314457120854437 6.455599707532009
      vertex 0.07673843111866532 -1.525696124246286 6.471608279057446
      vertex 0.05856168112234609 -1.5277945413662788 6.471608279057446
    endloop
  endfacet
  facet normal -0.035668960899332615 -0.9305546342557918 0.36441157760618886
    outer loop
      vertex 0.0038168350046831542 -1.525696124246286 6.471608279057446
      vertex 0.05856168112234609 -1.5277945413662788 6.471608279057446
      vertex 0.057606534446158764 -1.50287606481103 6.535146147145317
    endloop
  endfacet
  facet normal 0.10679756305230378 -0.9250937696431956 0.36441157760618886
    outer loop
      vertex 0.05856168112234609 -1.5277945413662788 6.471608279057446
      vertex 0.07673843111866532 -1.525696124246286 6.471608279057446
      vertex 0.057606534446158764 -1.50287606481103 6.535146147145317
    endloop
  endfacet
  facet normal -0.03566896089933372 -0.9305546342557949 0.36441157760618126
    outer loop
      vertex 0.055421270022820664 -1.445865490772985 6.680513394007769
      vertex 0.055215312976446225 -1.4404923517992354 6.694213982588093
      vertex 0.0010290817591933413 -1.4384153468696794 6.694213982588093
    endloop
  endfacet
  facet normal 0.10679756305230852 -0.9250937696431979 0.3644115776061811
    outer loop
      vertex 0.055421270022820664 -1.445865490772985 6.680513394007769
      vertex 0.0732065879169554 -1.4384153468696794 6.694213982588093
      vertex 0.055215312976446225 -1.4404923517992354 6.694213982588093
    endloop
  endfacet
  facet normal -0.03319546411970567 -0.8660244704084186 0.49889846443509445
    outer loop
      vertex 0.0010290817591933413 -1.4384153468696794 6.694213982588093
      vertex 0.055215312976446225 -1.4404923517992354 6.694213982588093
      vertex 0.05382950232423846 -1.4043384383658595 6.756880383339496
    endloop
  endfacet
  facet normal 0.0993915881760698 -0.8609422944565699 0.4988984644350945
    outer loop
      vertex 0.055215312976446225 -1.4404923517992354 6.694213982588093
      vertex 0.0732065879169554 -1.4384153468696794 6.694213982588093
      vertex 0.05382950232423846 -1.4043384383658595 6.756880383339496
    endloop
  endfacet
  facet normal -0.03319546411970454 -0.8660244704084171 0.4988984644350973
    outer loop
      vertex -0.004619004102944746 -1.3188939896894574 6.9013120929017955
      vertex 0.05088823212883583 -1.32760470287368 6.889884712963905
      vertex 0.05063552597921068 -1.321011943434954 6.9013120929017955
    endloop
  endfacet
  facet normal 0.09939158817606776 -0.8609422944565687 0.4988984644350972
    outer loop
      vertex 0.05088823212883583 -1.32760470287368 6.889884712963905
      vertex 0.06898150465469677 -1.3188939896894574 6.9013120929017955
      vertex 0.05063552597921068 -1.321011943434954 6.9013120929017955
    endloop
  endfacet
  facet normal -0.02998044923334717 -0.7821491085736632 0.622369620580239
    outer loop
      vertex -0.004619004102944746 -1.3188939896894574 6.9013120929017955
      vertex 0.05063552597921068 -1.321011943434954 6.9013120929017955
      vertex 0.04876691498922114 -1.272262426417525 6.962486944987539
    endloop
  endfacet
  facet normal 0.08976541050274285 -0.7775591465966325 0.622369620580239
    outer loop
      vertex 0.05063552597921068 -1.321011943434954 6.9013120929017955
      vertex 0.06898150465469677 -1.3188939896894574 6.9013120929017955
      vertex 0.04876691498922114 -1.272262426417525 6.962486944987539
    endloop
  endfacet
  facet normal -0.029980449233349547 -0.7821491085736764 0.6223696205802222
    outer loop
      vertex -0.013003141519385246 -1.1698018899592937 7.088276380433471
      vertex 0.04520468326323531 -1.1793286498978102 7.079107793360877
      vertex 0.04492462500428748 -1.1720223111608614 7.088276380433471
    endloop
  endfacet
  facet normal 0.08976541050274628 -0.7775591465966456 0.622369620580222
    outer loop
      vertex 0.04520468326323531 -1.1793286498978102 7.079107793360877
      vertex 0.06415818952436825 -1.1698018899592937 7.088276380433471
      vertex 0.04492462500428748 -1.1720223111608614 7.088276380433471
    endloop
  endfacet
  facet normal -0.026093589968784425 -0.6807462414829057 0.7320544237073078
    outer loop
      vertex -0.013003141519385246 -1.1698018899592937 7.088276380433471
      vertex 0.04492462500428748 -1.1720223111608614 7.088276380433471
      vertex 0.04250535923553575 -1.1089069605634072 7.1468818733868895
    endloop
  endfacet
  facet normal 0.07812764234475697 -0.676751351851041 0.7320544237073077
    outer loop
      vertex 0.04492462500428748 -1.1720223111608614 7.088276380433471
      vertex 0.06415818952436825 -1.1698018899592937 7.088276380433471
      vertex 0.04250535923553575 -1.1089069605634072 7.1468818733868895
    endloop
  endfacet
  facet normal -0.02609358996878345 -0.6807462414829233 0.7320544237072912
    outer loop
      vertex -0.024129617197050993 -0.9944620989431862 7.250930371948848
      vertex 0.038496310624020445 -1.0043163397451815 7.2439990538086585
      vertex 0.038210182142476644 -0.9968516371640045 7.250930371948848
    endloop
  endfacet
  facet normal 0.0781276423447562 -0.6767513518510587 0.7320544237072912
    outer loop
      vertex 0.038496310624020445 -1.0043163397451815 7.2439990538086585
      vertex 0.058908659310171044 -0.9944620989431859 7.250930371948848
      vertex 0.038210182142476644 -0.9968516371640045 7.250930371948848
    endloop
  endfacet
  facet normal -0.02161998476124391 -0.56403597146817 0.8254671399570558
    outer loop
      vertex -0.024129617197050993 -0.9944620989431862 7.250930371948848
      vertex 0.038210182142476644 -0.9968516371640045 7.250930371948848
      vertex 0.03515615765342688 -0.9171762956412569 7.305291991597647
    endloop
  endfacet
  facet normal 0.06473307961634589 -0.5607259841085506 0.8254671399570558
    outer loop
      vertex 0.038210182142476644 -0.9968516371640045 7.250930371948848
      vertex 0.058908659310171044 -0.9944620989431859 7.250930371948848
      vertex 0.03515615765342688 -0.9171762956412569 7.305291991597647
    endloop
  endfacet
  facet normal -0.021619984761245114 -0.56403597146817 0.8254671399570558
    outer loop
      vertex -0.0383553674168495 -0.7967682091332154 7.385640646055101
      vertex 0.03091037784231024 -0.8064096800839733 7.380866849635636
      vertex 0.030642186952028184 -0.7994129448406481 7.385640646055101
    endloop
  endfacet
  facet normal 0.06473307961634596 -0.5607259841085506 0.8254671399570556
    outer loop
      vertex 0.03091037784231024 -0.8064096800839733 7.380866849635636
      vertex 0.053551216478298934 -0.7967682091332152 7.385640646055101
      vertex 0.030642186952028184 -0.7994129448406481 7.385640646055101
    endloop
  endfacet
  facet normal -0.016658600129536547 -0.4346002002834808 0.9004694092279218
    outer loop
      vertex -0.0383553674168495 -0.7967682091332154 7.385640646055101
      vertex 0.030642186952028184 -0.7994129448406481 7.385640646055101
      vertex 0.026840558692179797 -0.7002336386392781 7.433437957205264
    endloop
  endfacet
  facet normal 0.049878041099047324 -0.4320497934970449 0.9004694092279217
    outer loop
      vertex 0.030642186952028184 -0.7994129448406481 7.385640646055101
      vertex 0.053551216478298934 -0.7967682091332152 7.385640646055101
      vertex 0.026840558692179797 -0.7002336386392781 7.433437957205264
    endloop
  endfacet
  facet normal 0.04987804109904498 -0.4320497934970169 0.9004694092279355
    outer loop
      vertex 0.02238969593976112 -0.5841166883196776 7.489397997830727
      vertex 0.022613592803208835 -0.5899578526996722 7.486582975604387
      vertex 0.04884318380848454 -0.581062762186651 7.489397997830727
    endloop
  endfacet
  facet normal 0.03389433365006303 -0.2935969322682384 0.9553282239676045
    outer loop
      vertex 0.02238969593976112 -0.5841166883196776 7.489397997830727
      vertex 0.04884318380848454 -0.581062762186651 7.489397997830727
      vertex 0.017630193328801235 -0.45994774423742896 7.5277271713193565
    endloop
  endfacet
  facet normal 0.03389433365006254 -0.2935969322682374 0.955328223967605
    outer loop
      vertex 0.013789597913732231 -0.35975183800174215 7.558656211598658
      vertex 0.04805684648273442 -0.35179863330924926 7.559884659490918
      vertex 0.013637056118058604 -0.3557722302054173 7.559884659490918
    endloop
  endfacet
  facet normal 0.01714185633045602 -0.1484848908364796 0.9887660966855734
    outer loop
      vertex 0.013637056118058604 -0.3557722302054173 7.559884659490918
      vertex 0.04805684648273442 -0.35179863330924926 7.559884659490918
      vertex 0.0071436471346914224 -0.18636802920713655 7.585436985224021
    endloop
  endfacet
  facet normal 0.01714185633044921 -0.14848489083643138 0.9887660966855808
    outer loop
      vertex 0.004579786997235549 -0.11948040836428128 7.595526075489889
      vertex 0.004635895514874384 -0.12094420320981647 7.595305281893985
      vertex 0.023043610834442146 -0.11881912226991508 7.595305281893985
    endloop
  endfacet
  facet normal 0.017141856330448686 -0.148484890836416 0.988766096685583
    outer loop
      vertex 0.004579786997235549 -0.11948040836428128 7.595526075489889
      vertex 0.023043610834442146 -0.11881912226991508 7.595305281893985
      vertex 0.022764712649438096 -0.11738104740469807 7.595526075489889
    endloop
  endfacet
  facet normal 0.03960707334213591 -0.14412801874176592 0.9887660966855831
    outer loop
      vertex 0.022764712649438096 -0.11738104740469807 7.595526075489889
      vertex 0.023043610834442146 -0.11881912226991508 7.595305281893985
      vertex 0.04091120344690925 -0.11390902181042464 7.595305281893985
    endloop
  endfacet
  facet normal 0.03960707334213993 -0.14412801874178713 0.9887660966855798
    outer loop
      vertex 0.022764712649438096 -0.11738104740469807 7.595526075489889
      vertex 0.04091120344690925 -0.11390902181042464 7.595305281893985
      vertex 0.040416052731613424 -0.11253037418151113 7.595526075489889
    endloop
  endfacet
  facet normal 0.061143934124092296 -0.13639290804507162 0.9887660966855798
    outer loop
      vertex 0.040416052731613424 -0.11253037418151113 7.595526075489889
      vertex 0.04091120344690925 -0.11390902181042464 7.595305281893985
      vertex 0.057819872125308786 -0.10632899042450743 7.595305281893985
    endloop
  endfacet
  facet normal 0.061143934124112204 -0.13639290804512783 0.9887660966855708
    outer loop
      vertex 0.040416052731613424 -0.11253037418151113 7.595526075489889
      vertex 0.057819872125308786 -0.10632899042450743 7.595305281893985
      vertex 0.05712007479281767 -0.1050420843638319 7.595526075489889
    endloop
  endfacet
  facet normal 0.08124763291339364 -0.12546086318510194 0.9887660966855708
    outer loop
      vertex 0.05712007479281767 -0.1050420843638319 7.595526075489889
      vertex 0.057819872125308786 -0.10632899042450743 7.595305281893985
      vertex 0.07337329200694241 -0.09625669762331375 7.595305281893985
    endloop
  endfacet
  facet normal 0.08124763291338531 -0.12546086318508648 0.9887660966855735
    outer loop
      vertex 0.05712007479281767 -0.1050420843638319 7.595526075489889
      vertex 0.07337329200694241 -0.09625669762331375 7.595305281893985
      vertex 0.07248525071360858 -0.09509169711820675 7.595526075489889
    endloop
  endfacet
  facet normal 0.09944695604947631 -0.11158812202769942 0.9887660966855735
    outer loop
      vertex 0.07248525071360858 -0.09509169711820675 7.595526075489889
      vertex 0.07337329200694241 -0.09625669762331375 7.595305281893985
      vertex 0.0872069041122518 -0.08392822941322312 7.595305281893985
    endloop
  endfacet
  facet normal 0.0994469560494769 -0.1115881220277002 0.9887660966855732
    outer loop
      vertex 0.07248525071360858 -0.09509169711820675 7.595526075489889
      vertex 0.0872069041122518 -0.08392822941322312 7.595305281893985
      vertex 0.0861514337933222 -0.08291244108811587 7.595526075489889
    endloop
  endfacet
  facet normal 0.11531532682309961 -0.09509984986769036 0.9887660966855732
    outer loop
      vertex 0.0861514337933222 -0.08291244108811587 7.595526075489889
      vertex 0.0872069041122518 -0.08392822941322312 7.595305281893985
      vertex 0.09899646029831441 -0.06963255463995523 7.595305281893985
    endloop
  endfacet
  facet normal 0 0 1
    outer loop
      vertex 0.004579786997235549 -0.11948040836428128 7.595526075489889
      vertex 0.022764712649438096 -0.11738104740469807 7.595526075489889
      vertex 0.004579786997235549 0.11948040836428128 7.595526075489889
    endloop
  endfacet
  facet normal 0 0 1
    outer loop
      vertex 0.022764712649438096 -0.11738104740469807 7.595526075489889
      vertex 0.040416052731613424 -0.11253037418151113 7.595526075489889
      vertex 0.022764712649438044 0.11738104740469808 7.595526075489889
    endloop
  endfacet
  facet normal 0.11531532682310035 -0.09509984986769109 0.9887660966855731
    outer loop
      vertex 0.0861514337933222 -0.08291244108811587 7.595526075489889
      vertex 0.09899646029831441 -0.06963255463995523 7.595305281893985
      vertex 0.09779830028348957 -0.06878978771224599 7.595526075489889
    endloop
  endfacet
  facet normal 0.1284808040727284 -0.07638251782967759 0.9887660966855731
    outer loop
      vertex 0.09779830028348957 -0.06878978771224599 7.595526075489889
      vertex 0.09899646029831441 -0.06963255463995523 7.595305281893985
      vertex 0.10846562336049351 -0.05370475180374326 7.595305281893985
    endloop
  endfacet
  facet normal 0.1284808040727249 -0.07638251782967512 0.9887660966855738
    outer loop
      vertex 0.09779830028348957 -0.06878978771224599 7.595526075489889
      vertex 0.10846562336049351 -0.05370475180374326 7.595305281893985
      vertex 0.10715285750500755 -0.05305476001592138 7.595526075489889
    endloop
  endfacet
  facet normal 0.13863480017016788 -0.05587484431255458 0.9887660966855737
    outer loop
      vertex 0.10715285750500755 -0.05305476001592138 7.595526075489889
      vertex 0.10846562336049351 -0.05370475180374326 7.595305281893985
      vertex 0.1153924441423019 -0.03651815510328852 7.595305281893985
    endloop
  endfacet
  facet normal 0.13863480017016738 -0.05587484431255435 0.9887660966855737
    outer loop
      vertex 0.10715285750500755 -0.05305476001592138 7.595526075489889
      vertex 0.1153924441423019 -0.03651815510328852 7.595305281893985
      vertex 0.11399584256515871 -0.036076173711953076 7.595526075489889
    endloop
  endfacet
  facet normal 0 0 1
    outer loop
      vertex 0.040416052731613424 -0.11253037418151113 7.595526075489889
      vertex 0.05712007479281767 -0.1050420843638319 7.595526075489889
      vertex 0.040416052731613424 0.11253037418151113 7.595526075489889
    endloop
  endfacet
  facet normal 0 0 1
    outer loop
      vertex 0.05712007479281767 -0.1050420843638319 7.595526075489889
      vertex 0.07248525071360858 -0.09509169711820675 7.595526075489889
      vertex 0.05712007479281764 0.10504208436383192 7.595526075489889
    endloop
  endfacet
  facet normal 0 0 1
    outer loop
      vertex 0.07248525071360858 -0.09509169711820675 7.595526075489889
      vertex 0.0861514337933222 -0.08291244108811587 7.595526075489889
      vertex 0.07248525071360859 0.09509169711820674 7.595526075489889
    endloop
  endfacet
  facet normal 0.14553931405302944 -0.034057511802069444 0.9887660966855738
    outer loop
      vertex 0.11399584256515871 -0.036076173711953076 7.595526075489889
      vertex 0.1153924441423019 -0.03651815510328852 7.595305281893985
      vertex 0.11961456383551516 -0.018475603798565575 7.595305281893985
    endloop
  endfacet
  facet normal 0 0 1
    outer loop
      vertex 0.0861514337933222 -0.08291244108811587 7.595526075489889
      vertex 0.09779830028348957 -0.06878978771224599 7.595526075489889
      vertex 0.08615143379332217 0.08291244108811589 7.595526075489889
    endloop
  endfacet
  facet normal 0.1455393140530297 -0.03405751180206952 0.9887660966855738
    outer loop
      vertex 0.11399584256515871 -0.036076173711953076 7.595526075489889
      vertex 0.11961456383551516 -0.018475603798565575 7.595305281893985
      vertex 0.11816686169397837 -0.01825199247292341 7.595526075489889
    endloop
  endfacet
  facet normal 0 0 1
    outer loop
      vertex 0.09779830028348957 -0.06878978771224599 7.595526075489889
      vertex 0.10715285750500755 -0.05305476001592138 7.595526075489889
      vertex 0.09779830028348957 0.06878978771224599 7.595526075489889
    endloop
  endfacet
  facet normal 0 0 1
    outer loop
      vertex 0.10715285750500755 -0.05305476001592138 7.595526075489889
      vertex 0.11399584256515871 -0.036076173711953076 7.595526075489889
      vertex 0.10715285750500753 0.05305476001592143 7.595526075489889
    endloop
  endfacet
  facet normal 0.14903250976789126 -0.011441900080752368 0.9887660966855739
    outer loop
      vertex 0.11816686169397837 -0.01825199247292341 7.595526075489889
      vertex 0.11961456383551516 -0.018475603798565575 7.595305281893985
      vertex 0.12103301953302702 0 7.595305281893985
    endloop
  endfacet
  facet normal 0 0 1
    outer loop
      vertex 0.11399584256515871 -0.036076173711953076 7.595526075489889
      vertex 0.11816686169397837 -0.01825199247292341 7.595526075489889
      vertex 0.11399584256515871 0.036076173711953076 7.595526075489889
    endloop
  endfacet
  facet normal 0.1490325097678915 -0.011441900080752408 0.9887660966855737
    outer loop
      vertex 0.11816686169397837 -0.01825199247292341 7.595526075489889
      vertex 0.12103301953302702 0 7.595305281893985
      vertex 0.11956814973827881 0 7.595526075489889
    endloop
  endfacet
  facet normal 0 0 1
    outer loop
      vertex 0.07248525071360858 -0.09509169711820675 7.595526075489889
      vertex 0.07248525071360859 0.09509169711820674 7.595526075489889
      vertex 0.05712007479281764 0.10504208436383192 7.595526075489889
    endloop
  endfacet
  facet normal 0 0 1
    outer loop
      vertex 0.0861514337933222 -0.08291244108811587 7.595526075489889
      vertex 0.08615143379332217 0.08291244108811589 7.595526075489889
      vertex 0.07248525071360859 0.09509169711820674 7.595526075489889
    endloop
  endfacet
  facet normal 0 0 1
    outer loop
      vertex 0.11816686169397837 -0.01825199247292341 7.595526075489889
      vertex 0.11956814973827881 0 7.595526075489889
      vertex 0.11816686169397836 0.018251992472923466 7.595526075489889
    endloop
  endfacet
  facet normal 0.14903250976789154 0.011441900080752467 0.9887660966855738
    outer loop
      vertex 0.11956814973827881 0 7.595526075489889
      vertex 0.12103301953302702 0 7.595305281893985
      vertex 0.11961456383551515 0.01847560379856563 7.595305281893985
    endloop
  endfacet
  facet normal 0 0 1
    outer loop
      vertex 0.11399584256515871 -0.036076173711953076 7.595526075489889
      vertex 0.11399584256515871 0.036076173711953076 7.595526075489889
      vertex 0.10715285750500753 0.05305476001592143 7.595526075489889
    endloop
  endfacet
  facet normal 0 0 1
    outer loop
      vertex 0.11816686169397837 -0.01825199247292341 7.595526075489889
      vertex 0.11816686169397836 0.018251992472923466 7.595526075489889
      vertex 0.11399584256515871 0.036076173711953076 7.595526075489889
    endloop
  endfacet
  facet normal 0.1490325097678912 0.011441900080752467 0.9887660966855738
    outer loop
      vertex 0.11956814973827881 0 7.595526075489889
      vertex 0.11961456383551515 0.01847560379856563 7.595305281893985
      vertex 0.11816686169397836 0.018251992472923466 7.595526075489889
    endloop
  endfacet
  facet normal 0 0 1
    outer loop
      vertex 0.09779830028348957 -0.06878978771224599 7.595526075489889
      vertex 0.09779830028348957 0.06878978771224599 7.595526075489889
      vertex 0.08615143379332217 0.08291244108811589 7.595526075489889
    endloop
  endfacet
  facet normal 0 0 1
    outer loop
      vertex 0.10715285750500755 -0.05305476001592138 7.595526075489889
      vertex 0.10715285750500753 0.05305476001592143 7.595526075489889
      vertex 0.09779830028348957 0.06878978771224599 7.595526075489889
    endloop
  endfacet
  facet normal 0.1455393140530297 0.03405751180206949 0.9887660966855738
    outer loop
      vertex 0.11816686169397836 0.018251992472923466 7.595526075489889
      vertex 0.11961456383551515 0.01847560379856563 7.595305281893985
      vertex 0.1153924441423019 0.03651815510328852 7.595305281893985
    endloop
  endfacet
  facet normal 0.14553931405302944 0.03405751180206946 0.9887660966855739
    outer loop
      vertex 0.11816686169397836 0.018251992472923466 7.595526075489889
      vertex 0.1153924441423019 0.03651815510328852 7.595305281893985
      vertex 0.11399584256515871 0.036076173711953076 7.595526075489889
    endloop
  endfacet
  facet normal 0 0 1
    outer loop
      vertex 0.022764712649438096 -0.11738104740469807 7.595526075489889
      vertex 0.022764712649438044 0.11738104740469808 7.595526075489889
      vertex 0.004579786997235549 0.11948040836428128 7.595526075489889
    endloop
  endfacet
  facet normal 0 0 1
    outer loop
      vertex 0.040416052731613424 -0.11253037418151113 7.595526075489889
      vertex 0.040416052731613424 0.11253037418151113 7.595526075489889
      vertex 0.022764712649438044 0.11738104740469808 7.595526075489889
    endloop
  endfacet
  facet normal 0 0 1
    outer loop
      vertex 0.05712007479281767 -0.1050420843638319 7.595526075489889
      vertex 0.05712007479281764 0.10504208436383192 7.595526075489889
      vertex 0.040416052731613424 0.11253037418151113 7.595526075489889
    endloop
  endfacet
  facet normal 0.13863480017016744 0.05587484431255447 0.9887660966855738
    outer loop
      vertex 0.11399584256515871 0.036076173711953076 7.595526075489889
      vertex 0.1153924441423019 0.03651815510328852 7.595305281893985
      vertex 0.10846562336049348 0.05370475180374331 7.595305281893985
    endloop
  endfacet
  facet normal 0.13863480017016785 0.05587484431255461 0.9887660966855737
    outer loop
      vertex 0.11399584256515871 0.036076173711953076 7.595526075489889
      vertex 0.10846562336049348 0.05370475180374331 7.595305281893985
      vertex 0.10715285750500753 0.05305476001592143 7.595526075489889
    endloop
  endfacet
  facet normal 0.1284808040727286 0.07638251782967732 0.9887660966855731
    outer loop
      vertex 0.10715285750500753 0.05305476001592143 7.595526075489889
      vertex 0.09899646029831441 0.06963255463995523 7.595305281893985
      vertex 0.09779830028348957 0.06878978771224599 7.595526075489889
    endloop
  endfacet
  facet normal 0.12848080407272483 0.07638251782967546 0.9887660966855738
    outer loop
      vertex 0.10715285750500753 0.05305476001592143 7.595526075489889
      vertex 0.10846562336049348 0.05370475180374331 7.595305281893985
      vertex 0.09899646029831441 0.06963255463995523 7.595305281893985
    endloop
  endfacet
  facet normal 0.11531532682310042 0.09509984986769117 0.988766096685573
    outer loop
      vertex 0.09779830028348957 0.06878978771224599 7.595526075489889
      vertex 0.09899646029831441 0.06963255463995523 7.595305281893985
      vertex 0.08720690411225178 0.08392822941322313 7.595305281893985
    endloop
  endfacet
  facet normal 0.0994469560494762 0.11158812202769948 0.9887660966855735
    outer loop
      vertex 0.07248525071360859 0.09509169711820674 7.595526075489889
      vertex 0.08615143379332217 0.08291244108811589 7.595526075489889
      vertex 0.07337329200694243 0.09625669762331374 7.595305281893985
    endloop
  endfacet
  facet normal 0.09944695604947759 0.1115881220277008 0.9887660966855732
    outer loop
      vertex 0.07337329200694243 0.09625669762331374 7.595305281893985
      vertex 0.08615143379332217 0.08291244108811589 7.595526075489889
      vertex 0.08720690411225178 0.08392822941322313 7.595305281893985
    endloop
  endfacet
  facet normal 0.08124763291339486 0.1254608631851013 0.9887660966855708
    outer loop
      vertex 0.07248525071360859 0.09509169711820674 7.595526075489889
      vertex 0.05781987212530875 0.10632899042450744 7.595305281893985
      vertex 0.05712007479281764 0.10504208436383192 7.595526075489889
    endloop
  endfacet
  facet normal 0.08124763291338419 0.1254608631850874 0.9887660966855735
    outer loop
      vertex 0.07248525071360859 0.09509169711820674 7.595526075489889
      vertex 0.07337329200694243 0.09625669762331374 7.595305281893985
      vertex 0.05781987212530875 0.10632899042450744 7.595305281893985
    endloop
  endfacet
  facet normal 0.061143934124087765 0.13639290804507329 0.9887660966855799
    outer loop
      vertex 0.05712007479281764 0.10504208436383192 7.595526075489889
      vertex 0.04091120344690925 0.11390902181042464 7.595305281893985
      vertex 0.040416052731613424 0.11253037418151113 7.595526075489889
    endloop
  endfacet
  facet normal 0.06114393412411644 0.13639290804512547 0.9887660966855709
    outer loop
      vertex 0.05712007479281764 0.10504208436383192 7.595526075489889
      vertex 0.05781987212530875 0.10632899042450744 7.595305281893985
      vertex 0.04091120344690925 0.11390902181042464 7.595305281893985
    endloop
  endfacet
  facet normal 0.11531532682310024 0.09509984986769104 0.9887660966855731
    outer loop
      vertex 0.09779830028348957 0.06878978771224599 7.595526075489889
      vertex 0.08720690411225178 0.08392822941322313 7.595305281893985
      vertex 0.08615143379332217 0.08291244108811589 7.595526075489889
    endloop
  endfacet
  facet normal 0.017141856330450393 0.14848489083643135 0.9887660966855807
    outer loop
      vertex 0.004579786997235549 0.11948040836428128 7.595526075489889
      vertex 0.022764712649438044 0.11738104740469808 7.595526075489889
      vertex 0.004635895514874384 0.12094420320981647 7.595305281893985
    endloop
  endfacet
  facet normal 0.03960707334213418 0.14412801874176623 0.988766096685583
    outer loop
      vertex 0.022764712649438044 0.11738104740469808 7.595526075489889
      vertex 0.040416052731613424 0.11253037418151113 7.595526075489889
      vertex 0.023043610834442094 0.11881912226991509 7.595305281893985
    endloop
  endfacet
  facet normal 0.017141856330447396 0.14848489083641628 0.988766096685583
    outer loop
      vertex 0.022764712649438044 0.11738104740469808 7.595526075489889
      vertex 0.023043610834442094 0.11881912226991509 7.595305281893985
      vertex 0.004635895514874384 0.12094420320981647 7.595305281893985
    endloop
  endfacet
  facet normal 0.03960707334214158 0.14412801874178657 0.9887660966855798
    outer loop
      vertex 0.040416052731613424 0.11253037418151113 7.595526075489889
      vertex 0.04091120344690925 0.11390902181042464 7.595305281893985
      vertex 0.023043610834442094 0.11881912226991509 7.595305281893985
    endloop
  endfacet
  facet normal 0.017141856330455427 0.14848489083647462 0.9887660966855742
    outer loop
      vertex 0.0071436471346921025 0.18636802920715428 7.5854369852240175
      vertex 0.048056846482734325 0.35179863330924926 7.559884659490918
      vertex 0.013637056118058604 0.3557722302054173 7.559884659490918
    endloop
  endfacet
  facet normal 0.03389433365006264 0.29359693226823735 0.9553282239676049
    outer loop
      vertex 0.013637056118058604 0.3557722302054173 7.559884659490918
      vertex 0.048056846482734325 0.35179863330924926 7.559884659490918
      vertex 0.013789597913732231 0.35975183800174215 7.558656211598658
    endloop
  endfacet
  facet normal 0.033894333650062294 0.29359693226824213 0.9553282239676035
    outer loop
      vertex 0.017630193328797547 0.4599477442373328 7.527727171319387
      vertex 0.04884318380848446 0.5810627621866511 7.489397997830727
      vertex 0.02238969593976112 0.5841166883196776 7.489397997830727
    endloop
  endfacet
  facet normal 0.04987804109904334 0.4320497934970169 0.9004694092279355
    outer loop
      vertex 0.04884318380848446 0.5810627621866511 7.489397997830727
      vertex 0.022613592803208835 0.5899578526996722 7.486582975604387
      vertex 0.02238969593976112 0.5841166883196776 7.489397997830727
    endloop
  endfacet
  facet normal -0.026093589968784373 0.6807462414829054 0.7320544237073079
    outer loop
      vertex -0.013003141519385343 1.1698018899592937 7.088276380433471
      vertex 0.04250535923553553 1.1089069605634014 7.146881873386895
      vertex 0.04492462500428748 1.1720223111608614 7.088276380433471
    endloop
  endfacet
  facet normal 0.07812764234475718 0.6767513518510407 0.7320544237073079
    outer loop
      vertex 0.06415818952436819 1.1698018899592937 7.088276380433471
      vertex 0.04492462500428748 1.1720223111608614 7.088276380433471
      vertex 0.04250535923553553 1.1089069605634014 7.146881873386895
    endloop
  endfacet
  facet normal -0.0299804492333495 0.7821491085736766 0.6223696205802222
    outer loop
      vertex -0.013003141519385343 1.1698018899592937 7.088276380433471
      vertex 0.04492462500428748 1.1720223111608614 7.088276380433471
      vertex 0.04520468326323531 1.1793286498978102 7.079107793360877
    endloop
  endfacet
  facet normal 0.08976541050274654 0.7775591465966455 0.622369620580222
    outer loop
      vertex 0.06415818952436819 1.1698018899592937 7.088276380433471
      vertex 0.04520468326323531 1.1793286498978102 7.079107793360877
      vertex 0.04492462500428748 1.1720223111608614 7.088276380433471
    endloop
  endfacet
  facet normal -0.016658600129536523 0.434600200283481 0.9004694092279216
    outer loop
      vertex -0.03835536741684962 0.7967682091332154 7.385640646055101
      vertex 0.026840558692179734 0.7002336386392763 7.433437957205265
      vertex 0.030642186952028184 0.7994129448406481 7.385640646055101
    endloop
  endfacet
  facet normal 0.049878041099047754 0.4320497934970452 0.9004694092279217
    outer loop
      vertex 0.026840558692179734 0.7002336386392763 7.433437957205265
      vertex 0.05355121647829887 0.7967682091332152 7.385640646055101
      vertex 0.030642186952028184 0.7994129448406481 7.385640646055101
    endloop
  endfacet
  facet normal -0.02161998476124507 0.5640359714681699 0.8254671399570556
    outer loop
      vertex -0.03835536741684962 0.7967682091332154 7.385640646055101
      vertex 0.030642186952028184 0.7994129448406481 7.385640646055101
      vertex 0.03091037784231024 0.8064096800839733 7.380866849635636
    endloop
  endfacet
  facet normal 0.06473307961634614 0.5607259841085506 0.8254671399570557
    outer loop
      vertex 0.030642186952028184 0.7994129448406481 7.385640646055101
      vertex 0.05355121647829887 0.7967682091332152 7.385640646055101
      vertex 0.03091037784231024 0.8064096800839733 7.380866849635636
    endloop
  endfacet
  facet normal -0.02161998476124527 0.5640359714681802 0.8254671399570486
    outer loop
      vertex -0.024129617197051097 0.994462098943186 7.250930371948848
      vertex 0.03515615765342537 0.9171762956412174 7.3052919915976755
      vertex 0.038210182142476644 0.9968516371640045 7.250930371948848
    endloop
  endfacet
  facet normal 0.06473307961634749 0.5607259841085607 0.8254671399570486
    outer loop
      vertex 0.03515615765342537 0.9171762956412174 7.3052919915976755
      vertex 0.05890865931017099 0.9944620989431859 7.250930371948848
      vertex 0.038210182142476644 0.9968516371640045 7.250930371948848
    endloop
  endfacet
  facet normal -0.02609358996878462 0.6807462414829234 0.7320544237072913
    outer loop
      vertex -0.024129617197051097 0.994462098943186 7.250930371948848
      vertex 0.038210182142476644 0.9968516371640045 7.250930371948848
      vertex 0.038496310624020445 1.0043163397451815 7.2439990538086585
    endloop
  endfacet
  facet normal 0.0781276423447564 0.6767513518510586 0.7320544237072913
    outer loop
      vertex 0.038210182142476644 0.9968516371640045 7.250930371948848
      vertex 0.05890865931017099 0.9944620989431859 7.250930371948848
      vertex 0.038496310624020445 1.0043163397451815 7.2439990538086585
    endloop
  endfacet
  facet normal -0.03819625645985281 0.9964883350611865 0.07451203982872812
    outer loop
      vertex 7.840950111415168e-16 1.5964768068267767 6
      vertex 0.06109991172266273 1.5940135224742662 6.064263735525899
      vertex 0.06128437390405637 1.5988258896812961 6
    endloop
  endfacet
  facet normal 0.11436461855857862 0.9906405452748807 0.07451203982872809
    outer loop
      vertex 0.06128437390405637 1.5988258896812961 6
      vertex 0.06109991172266273 1.5940135224742662 6.064263735525899
      vertex 0.0816324216589222 1.5964768068267767 6
    endloop
  endfacet
  facet normal -0.03819625645985579 0.9964883350611867 0.07451203982872244
    outer loop
      vertex 0.06065259679924993 1.582343685045351 6.220101250391041
      vertex 0.003554745977457273 1.5787817364198706 6.238467625881879
      vertex 0.06059987808223777 1.5809683254836822 6.238467625881879
    endloop
  endfacet
  facet normal 0.11436461855858533 0.9906405452748803 0.07451203982872244
    outer loop
      vertex 0.06065259679924993 1.582343685045351 6.220101250391041
      vertex 0.06059987808223777 1.5809683254836822 6.238467625881879
      vertex 0.0795403844186158 1.5787817364198706 6.238467625881879
    endloop
  endfacet
  facet normal -0.03734782282930782 0.9743538565998424 0.2219002078839143
    outer loop
      vertex 0.003554745977457273 1.5787817364198706 6.238467625881879
      vertex 0.06003990816176536 1.5663594725369967 6.302520195671083
      vertex 0.06059987808223777 1.5809683254836822 6.238467625881879
    endloop
  endfacet
  facet normal 0.11182429661285033 0.9686359607345356 0.22190020788391424
    outer loop
      vertex 0.06059987808223777 1.5809683254836822 6.238467625881879
      vertex 0.06003990816176536 1.5663594725369967 6.302520195671083
      vertex 0.0795403844186158 1.5787817364198706 6.238467625881879
    endloop
  endfacet
  facet normal -0.037347822829305925 0.974353856599842 0.22190020788391696
    outer loop
      vertex 0.05870163364186993 1.5314457120854437 6.455599707532009
      vertex 0.003816835004685021 1.525696124246286 6.471608279057446
      vertex 0.05856168112234609 1.5277945413662788 6.471608279057446
    endloop
  endfacet
  facet normal 0.11182429661284539 0.9686359607345356 0.22190020788391696
    outer loop
      vertex 0.05870163364186993 1.5314457120854437 6.455599707532009
      vertex 0.05856168112234609 1.5277945413662788 6.471608279057446
      vertex 0.07673843111866523 1.525696124246286 6.471608279057446
    endloop
  endfacet
  facet normal -0.03566896089933376 0.9305546342557899 0.36441157760619364
    outer loop
      vertex 0.003816835004685021 1.525696124246286 6.471608279057446
      vertex 0.05760653444615879 1.5028760648110306 6.535146147145315
      vertex 0.05856168112234609 1.5277945413662788 6.471608279057446
    endloop
  endfacet
  facet normal 0.10679756305230415 0.9250937696431937 0.3644115776061937
    outer loop
      vertex 0.05856168112234609 1.5277945413662788 6.471608279057446
      vertex 0.05760653444615879 1.5028760648110306 6.535146147145315
      vertex 0.07673843111866523 1.525696124246286 6.471608279057446
    endloop
  endfacet
  facet normal -0.03566896089933477 0.9305546342557881 0.3644115776061981
    outer loop
      vertex 0.0010290817591837587 1.438415346869679 6.694213982588093
      vertex 0.055215312976446225 1.4404923517992354 6.694213982588093
      vertex 0.05542127002282071 1.4458654907729864 6.680513394007766
    endloop
  endfacet
  facet normal 0.10679756305230405 0.925093769643192 0.36441157760619813
    outer loop
      vertex 0.055215312976446225 1.4404923517992354 6.694213982588093
      vertex 0.07320658791695989 1.438415346869679 6.694213982588093
      vertex 0.05542127002282071 1.4458654907729864 6.680513394007766
    endloop
  endfacet
  facet normal -0.03319546411970699 0.8660244704084198 0.49889846443509234
    outer loop
      vertex 0.05382950232423815 1.4043384383658515 6.75688038333951
      vertex 0.055215312976446225 1.4404923517992354 6.694213982588093
      vertex 0.0010290817591837587 1.438415346869679 6.694213982588093
    endloop
  endfacet
  facet normal 0.09939158817606661 0.8609422944565716 0.49889846443509245
    outer loop
      vertex 0.05382950232423815 1.4043384383658515 6.75688038333951
      vertex 0.07320658791695989 1.438415346869679 6.694213982588093
      vertex 0.055215312976446225 1.4404923517992354 6.694213982588093
    endloop
  endfacet
  facet normal -0.029980449233349558 0.7821491085736623 0.62236962058024
    outer loop
      vertex -0.004619004102957673 1.3188939896894567 6.9013120929017955
      vertex 0.04876691498922151 1.2722624264175348 6.962486944987527
      vertex 0.05063552597921068 1.321011943434954 6.9013120929017955
    endloop
  endfacet
  facet normal 0.0897654105027425 0.7775591465966316 0.6223696205802401
    outer loop
      vertex 0.04876691498922151 1.2722624264175348 6.962486944987527
      vertex 0.06898150465470258 1.3188939896894567 6.9013120929017955
      vertex 0.05063552597921068 1.321011943434954 6.9013120929017955
    endloop
  endfacet
  facet normal -0.03319546411970727 0.8660244704084187 0.4988984644350943
    outer loop
      vertex -0.004619004102957673 1.3188939896894567 6.9013120929017955
      vertex 0.05063552597921068 1.321011943434954 6.9013120929017955
      vertex 0.05088823212883591 1.327604702873682 6.889884712963902
    endloop
  endfacet
  facet normal 0.0993915881760677 0.8609422944565703 0.4988984644350943
    outer loop
      vertex 0.05088823212883591 1.327604702873682 6.889884712963902
      vertex 0.05063552597921068 1.321011943434954 6.9013120929017955
      vertex 0.06898150465470258 1.3188939896894567 6.9013120929017955
    endloop
  endfacet
  facet normal -1 0 0
    outer loop
      vertex -16.8 -4.800000000000001 0
      vertex -16.8 -4.800000000000001 0.44
      vertex -16.8 -4.798786589888304 0
    endloop
  endfacet
  facet normal -1 0 0
    outer loop
      vertex -16.8 -4.798786589888304 0
      vertex -16.8 -4.800000000000001 0.44
      vertex -16.8 -4.798786589888304 0.44
    endloop
  endfacet
  facet normal 0 0 1
    outer loop
      vertex -16.8 -4.798786589888304 0.44
      vertex -16.738715626095946 -1.5988258896812961 0.44
      vertex -16.8 -1.5964768068267767 0.44
    endloop
  endfacet
  facet normal 0 0 1
    outer loop
      vertex -16.8 -4.798786589888304 0.44
      vertex -16.49537422533653 -1.5707333119949678 0.44
      vertex -16.738715626095946 -1.5988258896812961 0.44
    endloop
  endfacet
  facet normal 0 0 1
    outer loop
      vertex -16.8 -4.798786589888304 0.44
      vertex -16.259172994546397 -1.5058240767672988 0.44
      vertex -16.49537422533653 -1.5707333119949678 0.44
    endloop
  endfacet
  facet normal 0 0 1
    outer loop
      vertex -16.8 -4.798786589888304 0.44
      vertex -16.03564829038038 -1.4056196014575075 0.44
      vertex -16.259172994546397 -1.5058240767672988 0.44
    endloop
  endfacet
  facet normal 0 0 1
    outer loop
      vertex -16.8 -4.798786589888304 0.44
      vertex -15.83003934245338 -1.2724685940374825 0.44
      vertex -16.03564829038038 -1.4056196014575075 0.44
    endloop
  endfacet
  facet normal 0 0 1
    outer loop
      vertex -16.8 -4.798786589888304 0.44
      vertex -1.0645211202649048 -1.1944851545791402 0.44
      vertex -15.83003934245338 -1.2724685940374825 0.44
    endloop
  endfacet
  facet normal 0 0 -1
    outer loop
      vertex -16.8 -4.798786589888304 0
      vertex -16.8 -0.95 0
      vertex -16.554121907152606 -0.9176295349746149 0
    endloop
  endfacet
  facet normal 0 0 1
    outer loop
      vertex -15.83003934245338 -1.2724685940374825 0.44
      vertex -1.0645211202649048 -1.1944851545791402 0.44
      vertex -15.647165450238742 -1.1094920012675862 0.44
    endloop
  endfacet
  facet normal 0 -1 0
    outer loop
      vertex -16.8 -4.800000000000001 0
      vertex 16.8 -4.800000000000001 0.44
      vertex -16.8 -4.800000000000001 0.44
    endloop
  endfacet
  facet normal 0 0 1
    outer loop
      vertex -16.8 -4.800000000000001 0.44
      vertex 16.8 -4.800000000000001 0.44
      vertex -16.8 -4.798786589888304 0.44
    endloop
  endfacet
  facet normal 0 0 1
    outer loop
      vertex -16.8 -4.798786589888304 0.44
      vertex -0.6545098194741441 -1.46000578636248 0.44
      vertex -0.8697080800019541 -1.34298468181112 0.44
    endloop
  endfacet
  facet normal 0 0 1
    outer loop
      vertex -16.8 -4.798786589888304 0.44
      vertex -0.8697080800019541 -1.34298468181112 0.44
      vertex -1.0645211202649048 -1.1944851545791402 0.44
    endloop
  endfacet
  facet normal 0 0 1
    outer loop
      vertex -16.8 -4.798786589888304 0.44
      vertex -0.18349348063744012 -1.5894433436154802 0.44
      vertex -0.423970403514659 -1.5428055927250257 0.44
    endloop
  endfacet
  facet normal 0 0 1
    outer loop
      vertex -16.8 -4.798786589888304 0.44
      vertex -0.423970403514659 -1.5428055927250257 0.44
      vertex -0.6545098194741441 -1.46000578636248 0.44
    endloop
  endfacet
  facet normal 0 0 1
    outer loop
      vertex -16.8 -4.798786589888304 0.44
      vertex 0.06128437390405637 -1.5988258896812961 0.44
      vertex -0.18349348063744012 -1.5894433436154802 0.44
    endloop
  endfacet
  facet normal 0 0 1
    outer loop
      vertex -16.8 -4.798786589888304 0.44
      vertex 0.30462577466346996 -1.5707333119949678 0.44
      vertex 0.06128437390405637 -1.5988258896812961 0.44
    endloop
  endfacet
  facet normal 0 0 -1
    outer loop
      vertex -16.8 -4.800000000000001 0
      vertex -16.8 -4.798786589888304 0
      vertex 16.8 4.800000000000001 0
    endloop
  endfacet
  facet normal 0 0 1
    outer loop
      vertex -15.647165450238742 -1.1094920012675862 0.44
      vertex -1.234382687715109 -1.0179879077224956 0.44
      vertex -15.491313022773252 -0.9205098563497931 0.44
    endloop
  endfacet
  facet normal 0 0 1
    outer loop
      vertex -15.491313022773252 -0.9205098563497931 0.44
      vertex -1.3753113711795222 -0.8176298871153762 0.44
      vertex -15.366135108862311 -0.7099517405871348 0.44
    endloop
  endfacet
  facet normal 0 0 1
    outer loop
      vertex -15.366135108862311 -0.7099517405871348 0.44
      vertex -1.4840039217633516 -0.5981073149452298 0.44
      vertex -15.274565772712112 -0.48275295775230775 0.44
    endloop
  endfacet
  facet normal 0 0 1
    outer loop
      vertex -15.274565772712112 -0.48275295775230775 0.44
      vertex -1.5579126782044466 -0.36456561424501976 0.44
      vertex -15.218751321951443 -0.24423885475019846 0.44
    endloop
  endfacet
  facet normal 0 0 1
    outer loop
      vertex -15.218751321951443 -0.24423885475019846 0.44
      vertex -1.5953052818939848 -0.12247880453839265 0.44
      vertex -15.200000000000001 0 0.44
    endloop
  endfacet
  facet normal 0 0 1
    outer loop
      vertex -15.647165450238742 -1.1094920012675862 0.44
      vertex -1.0645211202649048 -1.1944851545791402 0.44
      vertex -1.234382687715109 -1.0179879077224956 0.44
    endloop
  endfacet
  facet normal 0 0 1
    outer loop
      vertex -15.491313022773252 -0.9205098563497931 0.44
      vertex -1.234382687715109 -1.0179879077224956 0.44
      vertex -1.3753113711795222 -0.8176298871153762 0.44
    endloop
  endfacet
  facet normal 0 0 1
    outer loop
      vertex -15.366135108862311 -0.7099517405871348 0.44
      vertex -1.3753113711795222 -0.8176298871153762 0.44
      vertex -1.4840039217633516 -0.5981073149452298 0.44
    endloop
  endfacet
  facet normal 0 0 -1
    outer loop
      vertex -16.8 -4.798786589888304 0
      vertex -16.554121907152606 -0.9176295349746149 0
      vertex 16.8 4.800000000000001 0
    endloop
  endfacet
  facet normal 0 0 1
    outer loop
      vertex -15.274565772712112 -0.48275295775230775 0.44
      vertex -1.4840039217633516 -0.5981073149452298 0.44
      vertex -1.5579126782044466 -0.36456561424501976 0.44
    endloop
  endfacet
  facet normal 0 0 1
    outer loop
      vertex -15.218751321951443 -0.24423885475019846 0.44
      vertex -1.5579126782044466 -0.36456561424501976 0.44
      vertex -1.5953052818939848 -0.12247880453839265 0.44
    endloop
  endfacet
  facet normal 0 0 1
    outer loop
      vertex -15.647165450238742 1.1094920012675868 0.44
      vertex -15.491313022773252 0.9205098563497931 0.44
      vertex -1.4840039217633516 0.5981073149452298 0.44
    endloop
  endfacet
  facet normal 0 0 1
    outer loop
      vertex -15.647165450238742 1.1094920012675868 0.44
      vertex -1.4840039217633516 0.5981073149452298 0.44
      vertex -15.83003934245338 1.2724685940374822 0.44
    endloop
  endfacet
  facet normal 0 0 1
    outer loop
      vertex -16.259172994546397 1.5058240767672988 0.44
      vertex -16.03564829038038 1.4056196014575078 0.44
      vertex -1.4840039217633516 0.5981073149452298 0.44
    endloop
  endfacet
  facet normal 0 0 1
    outer loop
      vertex -15.83003934245338 1.2724685940374822 0.44
      vertex -1.4840039217633516 0.5981073149452298 0.44
      vertex -16.03564829038038 1.4056196014575078 0.44
    endloop
  endfacet
  facet normal 0 0 1
    outer loop
      vertex -16.49537422533653 1.570733311994968 0.44
      vertex -16.259172994546397 1.5058240767672988 0.44
      vertex -1.4840039217633516 0.5981073149452298 0.44
    endloop
  endfacet
  facet normal 0 0 1
    outer loop
      vertex -16.49537422533653 1.570733311994968 0.44
      vertex -1.4840039217633516 0.5981073149452298 0.44
      vertex -16.8 4.798786589888304 0.44
    endloop
  endfacet
  facet normal 0 0 1
    outer loop
      vertex -16.8 1.5964768068267767 0.44
      vertex -16.738715626095946 1.5988258896812961 0.44
      vertex -16.8 4.798786589888304 0.44
    endloop
  endfacet
  facet normal 0 0 1
    outer loop
      vertex -16.738715626095946 1.5988258896812961 0.44
      vertex -16.49537422533653 1.570733311994968 0.44
      vertex -16.8 4.798786589888304 0.44
    endloop
  endfacet
  facet normal -1 0 0
    outer loop
      vertex -16.8 4.800000000000001 0
      vertex -16.8 4.798786589888304 0
      vertex -16.8 4.798786589888304 0.44
    endloop
  endfacet
  facet normal -1 0 0
    outer loop
      vertex -16.8 4.800000000000001 0
      vertex -16.8 4.798786589888304 0.44
      vertex -16.8 4.800000000000001 0.44
    endloop
  endfacet
  facet normal 0 0 1
    outer loop
      vertex -16.8 4.800000000000001 0.44
      vertex -16.8 4.798786589888304 0.44
      vertex -1.4840039217633516 0.5981073149452298 0.44
    endloop
  endfacet
  facet normal 0 0 1
    outer loop
      vertex -15.200000000000001 0 0.44
      vertex -1.5953052818939848 0.12247880453839265 0.44
      vertex -15.218751321951443 0.2442388547501992 0.44
    endloop
  endfacet
  facet normal 0 0 1
    outer loop
      vertex -15.218751321951443 0.2442388547501992 0.44
      vertex -1.4840039217633516 0.5981073149452298 0.44
      vertex -15.274565772712112 0.48275295775230775 0.44
    endloop
  endfacet
  facet normal 0 0 1
    outer loop
      vertex -15.274565772712112 0.48275295775230775 0.44
      vertex -1.4840039217633516 0.5981073149452298 0.44
      vertex -15.366135108862311 0.7099517405871355 0.44
    endloop
  endfacet
  facet normal 0 0 1
    outer loop
      vertex -15.366135108862311 0.7099517405871355 0.44
      vertex -1.4840039217633516 0.5981073149452298 0.44
      vertex -15.491313022773252 0.9205098563497931 0.44
    endloop
  endfacet
  facet normal 0 0 1
    outer loop
      vertex -1.5953052818939848 -0.12247880453839265 0.44
      vertex -1.5953052818939848 0.12247880453839265 0.44
      vertex -15.200000000000001 0 0.44
    endloop
  endfacet
  facet normal 0 0 1
    outer loop
      vertex -15.218751321951443 0.2442388547501992 0.44
      vertex -1.5953052818939848 0.12247880453839265 0.44
      vertex -1.5579126782044466 0.36456561424501976 0.44
    endloop
  endfacet
  facet normal 0 0 1
    outer loop
      vertex -15.218751321951443 0.2442388547501992 0.44
      vertex -1.5579126782044466 0.36456561424501976 0.44
      vertex -1.4840039217633516 0.5981073149452298 0.44
    endloop
  endfacet
  facet normal 0 0 1
    outer loop
      vertex -16.8 4.800000000000001 0.44
      vertex -1.4840039217633516 0.5981073149452298 0.44
      vertex -1.3753113711795222 0.8176298871153762 0.44
    endloop
  endfacet
  facet normal 0 0 -1
    outer loop
      vertex 16.8 4.800000000000001 0
      vertex -16.554121907152606 0.9176295349746149 0
      vertex -16.8 0.95 0
    endloop
  endfacet
  facet normal 0 0 1
    outer loop
      vertex -16.8 4.800000000000001 0.44
      vertex -1.3753113711795222 0.8176298871153762 0.44
      vertex -1.234382687715109 1.0179879077224956 0.44
    endloop
  endfacet
  facet normal 0 0 1
    outer loop
      vertex -16.8 4.800000000000001 0.44
      vertex -1.234382687715109 1.0179879077224956 0.44
      vertex -1.0645211202649048 1.1944851545791402 0.44
    endloop
  endfacet
  facet normal 0 0 -1
    outer loop
      vertex 16.8 4.800000000000001 0
      vertex -16.554121907152606 -0.9176295349746149 0
      vertex -16.325 -0.8227241335952167 0
    endloop
  endfacet
  facet normal 0 0 -1
    outer loop
      vertex 16.8 4.800000000000001 0
      vertex -16.325 -0.8227241335952167 0
      vertex -16.12824855787278 -0.6717514421272202 0
    endloop
  endfacet
  facet normal 0 0 -1
    outer loop
      vertex 16.8 4.800000000000001 0
      vertex -16.12824855787278 -0.6717514421272202 0
      vertex -15.977275866404785 -0.475 0
    endloop
  endfacet
  facet normal 0 0 -1
    outer loop
      vertex 16.8 4.800000000000001 0
      vertex -15.977275866404785 -0.475 0
      vertex -15.882370465025385 -0.2458780928473947 0
    endloop
  endfacet
  facet normal 0 0 -1
    outer loop
      vertex 16.8 4.800000000000001 0
      vertex -15.882370465025385 -0.2458780928473947 0
      vertex -15.850000000000001 0 0
    endloop
  endfacet
  facet normal 0 0 -1
    outer loop
      vertex 16.8 4.800000000000001 0
      vertex -15.850000000000001 0 0
      vertex -15.882370465025385 0.2458780928473947 0
    endloop
  endfacet
  facet normal 0 0 -1
    outer loop
      vertex 16.8 4.800000000000001 0
      vertex -15.882370465025385 0.2458780928473947 0
      vertex -15.977275866404785 0.475 0
    endloop
  endfacet
  facet normal 0 0 -1
    outer loop
      vertex 16.8 4.800000000000001 0
      vertex -15.977275866404785 0.475 0
      vertex -16.12824855787278 0.6717514421272202 0
    endloop
  endfacet
  facet normal 0 0 -1
    outer loop
      vertex 16.8 4.800000000000001 0
      vertex -16.12824855787278 0.6717514421272202 0
      vertex -16.325 0.8227241335952167 0
    endloop
  endfacet
  facet normal 0 0 -1
    outer loop
      vertex 16.8 4.800000000000001 0
      vertex -16.325 0.8227241335952167 0
      vertex -16.554121907152606 0.9176295349746149 0
    endloop
  endfacet
  facet normal 0 0 1
    outer loop
      vertex -16.8 4.800000000000001 0.44
      vertex -1.0645211202649048 1.1944851545791402 0.44
      vertex -0.8697080800019539 1.34298468181112 0.44
    endloop
  endfacet
  facet normal 0 0 1
    outer loop
      vertex -16.8 4.800000000000001 0.44
      vertex -0.8697080800019539 1.34298468181112 0.44
      vertex -0.6545098194741437 1.4600057863624802 0.44
    endloop
  endfacet
  facet normal 0 0 1
    outer loop
      vertex -16.8 4.800000000000001 0.44
      vertex -0.6545098194741437 1.4600057863624802 0.44
      vertex -0.42397040351465853 1.5428055927250257 0.44
    endloop
  endfacet
  facet normal 0 0 1
    outer loop
      vertex -16.8 4.800000000000001 0.44
      vertex -0.42397040351465853 1.5428055927250257 0.44
      vertex -0.18349348063744053 1.5894433436154802 0.44
    endloop
  endfacet
  facet normal 0 0 1
    outer loop
      vertex -16.8 4.800000000000001 0.44
      vertex -0.18349348063744053 1.5894433436154802 0.44
      vertex 0.06128437390405637 1.5988258896812961 0.44
    endloop
  endfacet
  facet normal 0 0 1
    outer loop
      vertex -16.8 4.800000000000001 0.44
      vertex 0.06128437390405637 1.5988258896812961 0.44
      vertex 0.3046257746634693 1.570733311994968 0.44
    endloop
  endfacet
  facet normal 0 0 -1
    outer loop
      vertex -16.8 4.798786589888304 0
      vertex 16.8 4.800000000000001 0
      vertex -16.8 0.95 0
    endloop
  endfacet
  facet normal 0 0 -1
    outer loop
      vertex -16.8 4.800000000000001 0
      vertex 16.8 4.800000000000001 0
      vertex -16.8 4.798786589888304 0
    endloop
  endfacet
  facet normal 0 1 0
    outer loop
      vertex -16.8 4.800000000000001 0
      vertex -16.8 4.800000000000001 0.44
      vertex 16.8 4.800000000000001 0
    endloop
  endfacet
  facet normal 0 0 1
    outer loop
      vertex -16.8 -4.798786589888304 0.44
      vertex 16.8 -4.800000000000001 0.44
      vertex 0.30462577466346996 -1.5707333119949678 0.44
    endloop
  endfacet
  facet normal 0 0 -1
    outer loop
      vertex -16.8 -4.800000000000001 0
      vertex 16.8 -4.798786589888304 0
      vertex 16.8 -4.800000000000001 0
    endloop
  endfacet
  facet normal 0 -1 0
    outer loop
      vertex -16.8 -4.800000000000001 0
      vertex 16.8 -4.800000000000001 0
      vertex 16.8 -4.800000000000001 0.44
    endloop
  endfacet
  facet normal 0 0 -1
    outer loop
      vertex -16.8 -4.800000000000001 0
      vertex 16.8 -0.95 0
      vertex 16.8 -4.798786589888304 0
    endloop
  endfacet
  facet normal 0 0 1
    outer loop
      vertex 0.30462577466346996 -1.5707333119949678 0.44
      vertex 16.8 -4.800000000000001 0.44
      vertex 0.5408270054536043 -1.5058240767672988 0.44
    endloop
  endfacet
  facet normal 0 0 1
    outer loop
      vertex 0.5408270054536043 -1.5058240767672988 0.44
      vertex 16.8 -4.800000000000001 0.44
      vertex 0.7643517096196213 -1.4056196014575075 0.44
    endloop
  endfacet
  facet normal 0 0 1
    outer loop
      vertex 0.7643517096196213 -1.4056196014575075 0.44
      vertex 16.8 -4.800000000000001 0.44
      vertex 0.9699606575466208 -1.2724685940374825 0.44
    endloop
  endfacet
  facet normal 0 0 -1
    outer loop
      vertex -16.8 -4.800000000000001 0
      vertex 16.325 -0.8227241335952167 0
      vertex 16.554121907152606 -0.9176295349746149 0
    endloop
  endfacet
  facet normal 0 0 -1
    outer loop
      vertex -16.8 -4.800000000000001 0
      vertex 16.12824855787278 -0.6717514421272202 0
      vertex 16.325 -0.8227241335952167 0
    endloop
  endfacet
  facet normal 0 0 -1
    outer loop
      vertex -16.8 -4.800000000000001 0
      vertex 15.977275866404785 -0.475 0
      vertex 16.12824855787278 -0.6717514421272202 0
    endloop
  endfacet
  facet normal 0 0 -1
    outer loop
      vertex -16.8 -4.800000000000001 0
      vertex 15.882370465025385 -0.2458780928473947 0
      vertex 15.977275866404785 -0.475 0
    endloop
  endfacet
  facet normal 0 0 -1
    outer loop
      vertex -16.8 -4.800000000000001 0
      vertex 15.850000000000001 0 0
      vertex 15.882370465025385 -0.2458780928473947 0
    endloop
  endfacet
  facet normal 0 0 -1
    outer loop
      vertex -16.8 -4.800000000000001 0
      vertex 15.882370465025385 0.2458780928473947 0
      vertex 15.850000000000001 0 0
    endloop
  endfacet
  facet normal 0 0 -1
    outer loop
      vertex -16.8 -4.800000000000001 0
      vertex 15.977275866404785 0.475 0
      vertex 15.882370465025385 0.2458780928473947 0
    endloop
  endfacet
  facet normal 0 0 -1
    outer loop
      vertex -16.8 -4.800000000000001 0
      vertex 16.12824855787278 0.6717514421272202 0
      vertex 15.977275866404785 0.475 0
    endloop
  endfacet
  facet normal 0 0 -1
    outer loop
      vertex -16.8 -4.800000000000001 0
      vertex 16.325 0.8227241335952167 0
      vertex 16.12824855787278 0.6717514421272202 0
    endloop
  endfacet
  facet normal 0 0 -1
    outer loop
      vertex -16.8 -4.800000000000001 0
      vertex 16.554121907152606 0.9176295349746149 0
      vertex 16.325 0.8227241335952167 0
    endloop
  endfacet
  facet normal 0 0 -1
    outer loop
      vertex -16.8 -4.800000000000001 0
      vertex 16.554121907152606 -0.9176295349746149 0
      vertex 16.8 -0.95 0
    endloop
  endfacet
  facet normal 0 0 1
    outer loop
      vertex 0.9699606575466208 -1.2724685940374825 0.44
      vertex 16.8 -4.800000000000001 0.44
      vertex 1.1528345497612598 -1.1094920012675862 0.44
    endloop
  endfacet
  facet normal 0 0 1
    outer loop
      vertex 1.1528345497612598 -1.1094920012675862 0.44
      vertex 16.8 -4.800000000000001 0.44
      vertex 1.3086869772267482 -0.9205098563497931 0.44
    endloop
  endfacet
  facet normal 0 0 1
    outer loop
      vertex 1.3086869772267482 -0.9205098563497931 0.44
      vertex 16.8 -4.800000000000001 0.44
      vertex 1.4338648911376894 -0.7099517405871348 0.44
    endloop
  endfacet
  facet normal 0 0 1
    outer loop
      vertex 1.4338648911376894 -0.7099517405871348 0.44
      vertex 16.8 -4.800000000000001 0.44
      vertex 1.525434227287889 -0.48275295775230775 0.44
    endloop
  endfacet
  facet normal 0 0 1
    outer loop
      vertex 1.525434227287889 -0.48275295775230775 0.44
      vertex 15.242087321795553 -0.36456561424501976 0.44
      vertex 1.581248678048558 -0.24423885475019846 0.44
    endloop
  endfacet
  facet normal 0 0 1
    outer loop
      vertex 1.581248678048558 -0.24423885475019846 0.44
      vertex 15.204694718106015 -0.12247880453839265 0.44
      vertex 1.6 0 0.44
    endloop
  endfacet
  facet normal 0 0 1
    outer loop
      vertex 1.525434227287889 -0.48275295775230775 0.44
      vertex 15.424688628820478 -0.8176298871153762 0.44
      vertex 15.31599607823665 -0.5981073149452298 0.44
    endloop
  endfacet
  facet normal 0 0 1
    outer loop
      vertex 1.525434227287889 -0.48275295775230775 0.44
      vertex 15.31599607823665 -0.5981073149452298 0.44
      vertex 15.242087321795553 -0.36456561424501976 0.44
    endloop
  endfacet
  facet normal 0 0 1
    outer loop
      vertex 1.581248678048558 -0.24423885475019846 0.44
      vertex 15.242087321795553 -0.36456561424501976 0.44
      vertex 15.204694718106015 -0.12247880453839265 0.44
    endloop
  endfacet
  facet normal 0 0 1
    outer loop
      vertex 1.525434227287889 -0.48275295775230775 0.44
      vertex 16.8 -4.800000000000001 0.44
      vertex 16.8 -4.798786589888304 0.44
    endloop
  endfacet
  facet normal 1 0 0
    outer loop
      vertex 16.8 -4.800000000000001 0
      vertex 16.8 -4.798786589888304 0
      vertex 16.8 -4.798786589888304 0.44
    endloop
  endfacet
  facet normal 1 0 0
    outer loop
      vertex 16.8 -4.800000000000001 0
      vertex 16.8 -4.798786589888304 0.44
      vertex 16.8 -4.800000000000001 0.44
    endloop
  endfacet
  facet normal 0 0 1
    outer loop
      vertex 16.8 -4.798786589888304 0.44
      vertex 16.61650651936256 -1.5894433436154802 0.44
      vertex 16.376029596485342 -1.5428055927250257 0.44
    endloop
  endfacet
  facet normal 0 0 1
    outer loop
      vertex 16.8 -4.798786589888304 0.44
      vertex 16.8 -1.5964768068267767 0.44
      vertex 16.61650651936256 -1.5894433436154802 0.44
    endloop
  endfacet
  facet normal 0 0 1
    outer loop
      vertex 1.525434227287889 -0.48275295775230775 0.44
      vertex 16.8 -4.798786589888304 0.44
      vertex 16.376029596485342 -1.5428055927250257 0.44
    endloop
  endfacet
  facet normal 0 0 1
    outer loop
      vertex 1.525434227287889 -0.48275295775230775 0.44
      vertex 16.376029596485342 -1.5428055927250257 0.44
      vertex 16.145490180525858 -1.46000578636248 0.44
    endloop
  endfacet
  facet normal 0 0 1
    outer loop
      vertex 1.525434227287889 -0.48275295775230775 0.44
      vertex 16.145490180525858 -1.46000578636248 0.44
      vertex 15.930291919998046 -1.34298468181112 0.44
    endloop
  endfacet
  facet normal 0 0 1
    outer loop
      vertex 1.525434227287889 -0.48275295775230775 0.44
      vertex 15.930291919998046 -1.34298468181112 0.44
      vertex 15.735478879735096 -1.1944851545791402 0.44
    endloop
  endfacet
  facet normal 0 0 1
    outer loop
      vertex 1.525434227287889 -0.48275295775230775 0.44
      vertex 15.735478879735096 -1.1944851545791402 0.44
      vertex 15.565617312284893 -1.0179879077224956 0.44
    endloop
  endfacet
  facet normal 0 0 1
    outer loop
      vertex 1.525434227287889 -0.48275295775230775 0.44
      vertex 15.565617312284893 -1.0179879077224956 0.44
      vertex 15.424688628820478 -0.8176298871153762 0.44
    endloop
  endfacet
  facet normal 0 0 1
    outer loop
      vertex 1.6 0 0.44
      vertex 15.204694718106015 0.12247880453839265 0.44
      vertex 1.5812486780485577 0.2442388547501992 0.44
    endloop
  endfacet
  facet normal 0 0 -1
    outer loop
      vertex -16.8 -4.800000000000001 0
      vertex 16.8 4.798786589888304 0
      vertex 16.554121907152606 0.9176295349746149 0
    endloop
  endfacet
  facet normal 0 0 1
    outer loop
      vertex 1.5812486780485577 0.2442388547501992 0.44
      vertex 15.242087321795553 0.36456561424501976 0.44
      vertex 1.525434227287889 0.48275295775230775 0.44
    endloop
  endfacet
  facet normal 0 0 1
    outer loop
      vertex 1.525434227287889 0.48275295775230775 0.44
      vertex 15.31599607823665 0.5981073149452298 0.44
      vertex 1.433864891137689 0.7099517405871355 0.44
    endloop
  endfacet
  facet normal 0 0 1
    outer loop
      vertex 1.3086869772267482 0.9205098563497931 0.44
      vertex 1.433864891137689 0.7099517405871355 0.44
      vertex 15.424688628820478 0.8176298871153762 0.44
    endloop
  endfacet
  facet normal 0 0 1
    outer loop
      vertex 1.3086869772267482 0.9205098563497931 0.44
      vertex 15.565617312284893 1.0179879077224956 0.44
      vertex 1.152834549761259 1.1094920012675868 0.44
    endloop
  endfacet
  facet normal 0 0 1
    outer loop
      vertex 1.152834549761259 1.1094920012675868 0.44
      vertex 15.735478879735096 1.1944851545791402 0.44
      vertex 0.969960657546621 1.2724685940374822 0.44
    endloop
  endfacet
  facet normal 0 0 1
    outer loop
      vertex 15.204694718106015 -0.12247880453839265 0.44
      vertex 15.204694718106015 0.12247880453839265 0.44
      vertex 1.6 0 0.44
    endloop
  endfacet
  facet normal 0 0 1
    outer loop
      vertex 1.5812486780485577 0.2442388547501992 0.44
      vertex 15.204694718106015 0.12247880453839265 0.44
      vertex 15.242087321795553 0.36456561424501976 0.44
    endloop
  endfacet
  facet normal 0 0 1
    outer loop
      vertex 1.525434227287889 0.48275295775230775 0.44
      vertex 15.242087321795553 0.36456561424501976 0.44
      vertex 15.31599607823665 0.5981073149452298 0.44
    endloop
  endfacet
  facet normal 0 0 1
    outer loop
      vertex 1.433864891137689 0.7099517405871355 0.44
      vertex 15.31599607823665 0.5981073149452298 0.44
      vertex 15.424688628820478 0.8176298871153762 0.44
    endloop
  endfacet
  facet normal 0 0 1
    outer loop
      vertex 1.3086869772267482 0.9205098563497931 0.44
      vertex 15.424688628820478 0.8176298871153762 0.44
      vertex 15.565617312284893 1.0179879077224956 0.44
    endloop
  endfacet
  facet normal 0 0 -1
    outer loop
      vertex -16.8 -4.800000000000001 0
      vertex 16.8 4.800000000000001 0
      vertex 16.8 4.798786589888304 0
    endloop
  endfacet
  facet normal 0 0 1
    outer loop
      vertex -16.8 4.800000000000001 0.44
      vertex 0.3046257746634693 1.570733311994968 0.44
      vertex 16.8 4.798786589888304 0.44
    endloop
  endfacet
  facet normal 0 0 1
    outer loop
      vertex 0.7643517096196208 1.4056196014575078 0.44
      vertex 16.8 4.798786589888304 0.44
      vertex 0.5408270054536043 1.5058240767672988 0.44
    endloop
  endfacet
  facet normal 0 0 1
    outer loop
      vertex 0.3046257746634693 1.570733311994968 0.44
      vertex 0.5408270054536043 1.5058240767672988 0.44
      vertex 16.8 4.798786589888304 0.44
    endloop
  endfacet
  facet normal 0 0 1
    outer loop
      vertex 0.969960657546621 1.2724685940374822 0.44
      vertex 16.8 4.798786589888304 0.44
      vertex 0.7643517096196208 1.4056196014575078 0.44
    endloop
  endfacet
  facet normal 0 1 0
    outer loop
      vertex -16.8 4.800000000000001 0.44
      vertex 16.8 4.800000000000001 0.44
      vertex 16.8 4.800000000000001 0
    endloop
  endfacet
  facet normal 0 0 1
    outer loop
      vertex -16.8 4.800000000000001 0.44
      vertex 16.8 4.798786589888304 0.44
      vertex 16.8 4.800000000000001 0.44
    endloop
  endfacet
  facet normal 0 0 1
    outer loop
      vertex 1.152834549761259 1.1094920012675868 0.44
      vertex 15.565617312284893 1.0179879077224956 0.44
      vertex 15.735478879735096 1.1944851545791402 0.44
    endloop
  endfacet
  facet normal 0 0 -1
    outer loop
      vertex 16.8 4.798786589888304 0
      vertex 16.8 0.95 0
      vertex 16.554121907152606 0.9176295349746149 0
    endloop
  endfacet
  facet normal 0 0 1
    outer loop
      vertex 0.969960657546621 1.2724685940374822 0.44
      vertex 15.735478879735096 1.1944851545791402 0.44
      vertex 16.8 4.798786589888304 0.44
    endloop
  endfacet
  facet normal 0 0 1
    outer loop
      vertex 15.735478879735096 1.1944851545791402 0.44
      vertex 15.930291919998046 1.34298468181112 0.44
      vertex 16.8 4.798786589888304 0.44
    endloop
  endfacet
  facet normal 0 0 1
    outer loop
      vertex 15.930291919998046 1.34298468181112 0.44
      vertex 16.145490180525858 1.4600057863624802 0.44
      vertex 16.8 4.798786589888304 0.44
    endloop
  endfacet
  facet normal 0 0 1
    outer loop
      vertex 16.145490180525858 1.4600057863624802 0.44
      vertex 16.376029596485342 1.5428055927250257 0.44
      vertex 16.8 4.798786589888304 0.44
    endloop
  endfacet
  facet normal 0 0 1
    outer loop
      vertex 16.376029596485342 1.5428055927250257 0.44
      vertex 16.61650651936256 1.5894433436154802 0.44
      vertex 16.8 4.798786589888304 0.44
    endloop
  endfacet
  facet normal 0 0 1
    outer loop
      vertex 16.61650651936256 1.5894433436154802 0.44
      vertex 16.8 1.5964768068267767 0.44
      vertex 16.8 4.798786589888304 0.44
    endloop
  endfacet
  facet normal 1 0 0
    outer loop
      vertex 16.8 4.800000000000001 0
      vertex 16.8 4.800000000000001 0.44
      vertex 16.8 4.798786589888304 0
    endloop
  endfacet
  facet normal 1 0 0
    outer loop
      vertex 16.8 4.798786589888304 0
      vertex 16.8 4.800000000000001 0.44
      vertex 16.8 4.798786589888304 0.44
    endloop
  endfacet
  facet normal 0.6087614290087224 0.7933533402912338 0
    outer loop
      vertex 16.12824855787278 -0.6717514421272202 5
      vertex 16.325 -0.8227241335952167 0
      vertex 16.12824855787278 -0.6717514421272202 0
    endloop
  endfacet
  facet normal 0.7933533402912379 0.6087614290087171 0
    outer loop
      vertex 15.977275866404785 -0.475 5
      vertex 16.12824855787278 -0.6717514421272202 0
      vertex 15.977275866404785 -0.475 0
    endloop
  endfacet
  facet normal 0.9238795325112845 0.3826834323650952 0
    outer loop
      vertex 15.882370465025385 -0.2458780928473947 5
      vertex 15.977275866404785 -0.475 0
      vertex 15.882370465025385 -0.2458780928473947 0
    endloop
  endfacet
  facet normal 0.9914448613738112 0.13052619222004622 0
    outer loop
      vertex 15.850000000000001 0 5
      vertex 15.882370465025385 -0.2458780928473947 0
      vertex 15.850000000000001 0 0
    endloop
  endfacet
  facet normal 0.13052619222005138 0.9914448613738105 0
    outer loop
      vertex 16.554121907152606 -0.9176295349746149 5
      vertex 16.8 -0.95 0
      vertex 16.554121907152606 -0.9176295349746149 0
    endloop
  endfacet
  facet normal -0.13052619222005138 0.9914448613738105 0
    outer loop
      vertex 16.8 -0.95 5
      vertex 17.045878092847396 -0.9176295349746149 0
      vertex 16.8 -0.95 0
    endloop
  endfacet
  facet normal 0.3826834323650881 0.9238795325112875 0
    outer loop
      vertex 16.325 -0.8227241335952167 5
      vertex 16.554121907152606 -0.9176295349746149 0
      vertex 16.325 -0.8227241335952167 0
    endloop
  endfacet
  facet normal -0.3826834323650881 0.9238795325112875 0
    outer loop
      vertex 17.045878092847396 -0.9176295349746149 5
      vertex 17.275000000000002 -0.8227241335952167 0
      vertex 17.045878092847396 -0.9176295349746149 0
    endloop
  endfacet
  facet normal -0.6087614290087224 0.7933533402912338 0
    outer loop
      vertex 17.275000000000002 -0.8227241335952167 5
      vertex 17.47175144212722 -0.6717514421272202 0
      vertex 17.275000000000002 -0.8227241335952167 0
    endloop
  endfacet
  facet normal -0.7933533402912379 0.6087614290087171 0
    outer loop
      vertex 17.47175144212722 -0.6717514421272202 5
      vertex 17.622724133595217 -0.475 0
      vertex 17.47175144212722 -0.6717514421272202 0
    endloop
  endfacet
  facet normal -0.9238795325112845 0.3826834323650952 0
    outer loop
      vertex 17.622724133595217 -0.475 5
      vertex 17.717629534974616 -0.2458780928473947 0
      vertex 17.622724133595217 -0.475 0
    endloop
  endfacet
  facet normal -0.9914448613738112 0.13052619222004622 0
    outer loop
      vertex 17.717629534974616 -0.2458780928473947 5
      vertex 17.75 0 0
      vertex 17.717629534974616 -0.2458780928473947 0
    endloop
  endfacet
  facet normal 0.7933533402912379 0.6087614290087171 0
    outer loop
      vertex 16.12824855787278 -0.6717514421272202 5
      vertex 16.12824855787278 -0.6717514421272202 0
      vertex 15.977275866404785 -0.475 5
    endloop
  endfacet
  facet normal 0.9238795325112845 0.3826834323650952 0
    outer loop
      vertex 15.977275866404785 -0.475 5
      vertex 15.977275866404785 -0.475 0
      vertex 15.882370465025385 -0.2458780928473947 5
    endloop
  endfacet
  facet normal 0.9914448613738112 0.13052619222004622 0
    outer loop
      vertex 15.882370465025385 -0.2458780928473947 5
      vertex 15.882370465025385 -0.2458780928473947 0
      vertex 15.850000000000001 0 5
    endloop
  endfacet
  facet normal 0.13052619222005138 0.9914448613738105 0
    outer loop
      vertex 16.554121907152606 -0.9176295349746149 5
      vertex 16.8 -0.95 5
      vertex 16.8 -0.95 0
    endloop
  endfacet
  facet normal -0.13052619222005138 0.9914448613738105 0
    outer loop
      vertex 16.8 -0.95 5
      vertex 17.045878092847396 -0.9176295349746149 5
      vertex 17.045878092847396 -0.9176295349746149 0
    endloop
  endfacet
  facet normal 0.3826834323650881 0.9238795325112875 0
    outer loop
      vertex 16.554121907152606 -0.9176295349746149 5
      vertex 16.554121907152606 -0.9176295349746149 0
      vertex 16.325 -0.8227241335952167 5
    endloop
  endfacet
  facet normal 0.6087614290087224 0.7933533402912338 0
    outer loop
      vertex 16.325 -0.8227241335952167 5
      vertex 16.325 -0.8227241335952167 0
      vertex 16.12824855787278 -0.6717514421272202 5
    endloop
  endfacet
  facet normal -0.3826834323650881 0.9238795325112875 0
    outer loop
      vertex 17.045878092847396 -0.9176295349746149 5
      vertex 17.275000000000002 -0.8227241335952167 5
      vertex 17.275000000000002 -0.8227241335952167 0
    endloop
  endfacet
  facet normal -0.6087614290087224 0.7933533402912338 0
    outer loop
      vertex 17.275000000000002 -0.8227241335952167 5
      vertex 17.47175144212722 -0.6717514421272202 5
      vertex 17.47175144212722 -0.6717514421272202 0
    endloop
  endfacet
  facet normal -0.7933533402912379 0.6087614290087171 0
    outer loop
      vertex 17.47175144212722 -0.6717514421272202 5
      vertex 17.622724133595217 -0.475 5
      vertex 17.622724133595217 -0.475 0
    endloop
  endfacet
  facet normal -0.9238795325112845 0.3826834323650952 0
    outer loop
      vertex 17.622724133595217 -0.475 5
      vertex 17.717629534974616 -0.2458780928473947 5
      vertex 17.717629534974616 -0.2458780928473947 0
    endloop
  endfacet
  facet normal -0.9914448613738112 0.13052619222004622 0
    outer loop
      vertex 17.717629534974616 -0.2458780928473947 5
      vertex 17.75 0 5
      vertex 17.75 0 0
    endloop
  endfacet
  facet normal 0 0 -1
    outer loop
      vertex 16.325 -0.8227241335952167 5
      vertex 16.12824855787278 -0.6717514421272202 5
      vertex 16.12824855787278 0.6717514421272202 5
    endloop
  endfacet
  facet normal 0 0 -1
    outer loop
      vertex 16.12824855787278 -0.6717514421272202 5
      vertex 15.977275866404785 -0.475 5
      vertex 15.977275866404785 0.475 5
    endloop
  endfacet
  facet normal 0 0 -1
    outer loop
      vertex 15.977275866404785 -0.475 5
      vertex 15.882370465025385 -0.2458780928473947 5
      vertex 15.882370465025385 0.2458780928473947 5
    endloop
  endfacet
  facet normal 0 0 -1
    outer loop
      vertex 16.554121907152606 -0.9176295349746149 5
      vertex 16.325 -0.8227241335952167 5
      vertex 16.325 0.8227241335952167 5
    endloop
  endfacet
  facet normal 0 0 -1
    outer loop
      vertex 16.554121907152606 -0.9176295349746149 5
      vertex 16.554121907152606 0.9176295349746149 5
      vertex 16.8 -0.95 5
    endloop
  endfacet
  facet normal 0 0 -1
    outer loop
      vertex 16.8 -0.95 5
      vertex 16.8 0.95 5
      vertex 17.045878092847396 -0.9176295349746149 5
    endloop
  endfacet
  facet normal 0 0 -1
    outer loop
      vertex 17.045878092847396 -0.9176295349746149 5
      vertex 17.045878092847396 0.9176295349746149 5
      vertex 17.275000000000002 -0.8227241335952167 5
    endloop
  endfacet
  facet normal 0 0 -1
    outer loop
      vertex 17.275000000000002 -0.8227241335952167 5
      vertex 17.275000000000002 0.8227241335952167 5
      vertex 17.47175144212722 -0.6717514421272202 5
    endloop
  endfacet
  facet normal 0 0 -1
    outer loop
      vertex 17.47175144212722 -0.6717514421272202 5
      vertex 17.47175144212722 0.6717514421272202 5
      vertex 17.622724133595217 -0.475 5
    endloop
  endfacet
  facet normal 0 0 -1
    outer loop
      vertex 17.622724133595217 -0.475 5
      vertex 17.622724133595217 0.475 5
      vertex 17.717629534974616 -0.2458780928473947 5
    endloop
  endfacet
  facet normal 0.9914448613738112 -0.13052619222004622 0
    outer loop
      vertex 15.882370465025385 0.2458780928473947 5
      vertex 15.850000000000001 0 0
      vertex 15.882370465025385 0.2458780928473947 0
    endloop
  endfacet
  facet normal 0.9238795325112845 -0.3826834323650952 0
    outer loop
      vertex 15.977275866404785 0.475 5
      vertex 15.882370465025385 0.2458780928473947 0
      vertex 15.977275866404785 0.475 0
    endloop
  endfacet
  facet normal 0.7933533402912379 -0.6087614290087171 0
    outer loop
      vertex 16.12824855787278 0.6717514421272202 5
      vertex 15.977275866404785 0.475 0
      vertex 16.12824855787278 0.6717514421272202 0
    endloop
  endfacet
  facet normal -0.9914448613738112 -0.13052619222004622 0
    outer loop
      vertex 17.75 0 5
      vertex 17.717629534974616 0.2458780928473947 0
      vertex 17.75 0 0
    endloop
  endfacet
  facet normal -0.9238795325112845 -0.3826834323650952 0
    outer loop
      vertex 17.717629534974616 0.2458780928473947 5
      vertex 17.622724133595217 0.475 0
      vertex 17.717629534974616 0.2458780928473947 0
    endloop
  endfacet
  facet normal -0.7933533402912379 -0.6087614290087171 0
    outer loop
      vertex 17.622724133595217 0.475 5
      vertex 17.47175144212722 0.6717514421272202 0
      vertex 17.622724133595217 0.475 0
    endloop
  endfacet
  facet normal 0.6087614290087224 -0.7933533402912338 0
    outer loop
      vertex 16.325 0.8227241335952167 5
      vertex 16.12824855787278 0.6717514421272202 0
      vertex 16.325 0.8227241335952167 0
    endloop
  endfacet
  facet normal 0.3826834323650881 -0.9238795325112875 0
    outer loop
      vertex 16.554121907152606 0.9176295349746149 5
      vertex 16.325 0.8227241335952167 0
      vertex 16.554121907152606 0.9176295349746149 0
    endloop
  endfacet
  facet normal -0.6087614290087224 -0.7933533402912338 0
    outer loop
      vertex 17.47175144212722 0.6717514421272202 5
      vertex 17.275000000000002 0.8227241335952167 0
      vertex 17.47175144212722 0.6717514421272202 0
    endloop
  endfacet
  facet normal -0.3826834323650881 -0.9238795325112875 0
    outer loop
      vertex 17.275000000000002 0.8227241335952167 5
      vertex 17.045878092847396 0.9176295349746149 0
      vertex 17.275000000000002 0.8227241335952167 0
    endloop
  endfacet
  facet normal 0.13052619222005138 -0.9914448613738105 0
    outer loop
      vertex 16.8 0.95 5
      vertex 16.554121907152606 0.9176295349746149 0
      vertex 16.8 0.95 0
    endloop
  endfacet
  facet normal -0.13052619222005138 -0.9914448613738105 0
    outer loop
      vertex 17.045878092847396 0.9176295349746149 5
      vertex 16.8 0.95 0
      vertex 17.045878092847396 0.9176295349746149 0
    endloop
  endfacet
  facet normal 0.9914448613738112 -0.13052619222004622 0
    outer loop
      vertex 15.850000000000001 0 5
      vertex 15.850000000000001 0 0
      vertex 15.882370465025385 0.2458780928473947 5
    endloop
  endfacet
  facet normal 0.9238795325112845 -0.3826834323650952 0
    outer loop
      vertex 15.882370465025385 0.2458780928473947 5
      vertex 15.882370465025385 0.2458780928473947 0
      vertex 15.977275866404785 0.475 5
    endloop
  endfacet
  facet normal 0.7933533402912379 -0.6087614290087171 0
    outer loop
      vertex 15.977275866404785 0.475 5
      vertex 15.977275866404785 0.475 0
      vertex 16.12824855787278 0.6717514421272202 5
    endloop
  endfacet
  facet normal 0.6087614290087224 -0.7933533402912338 0
    outer loop
      vertex 16.12824855787278 0.6717514421272202 5
      vertex 16.12824855787278 0.6717514421272202 0
      vertex 16.325 0.8227241335952167 5
    endloop
  endfacet
  facet normal -0.9914448613738112 -0.13052619222004622 0
    outer loop
      vertex 17.75 0 5
      vertex 17.717629534974616 0.2458780928473947 5
      vertex 17.717629534974616 0.2458780928473947 0
    endloop
  endfacet
  facet normal -0.9238795325112845 -0.3826834323650952 0
    outer loop
      vertex 17.717629534974616 0.2458780928473947 5
      vertex 17.622724133595217 0.475 5
      vertex 17.622724133595217 0.475 0
    endloop
  endfacet
  facet normal 0.3826834323650881 -0.9238795325112875 0
    outer loop
      vertex 16.325 0.8227241335952167 5
      vertex 16.325 0.8227241335952167 0
      vertex 16.554121907152606 0.9176295349746149 5
    endloop
  endfacet
  facet normal -0.7933533402912379 -0.6087614290087171 0
    outer loop
      vertex 17.622724133595217 0.475 5
      vertex 17.47175144212722 0.6717514421272202 5
      vertex 17.47175144212722 0.6717514421272202 0
    endloop
  endfacet
  facet normal -0.3826834323650881 -0.9238795325112875 0
    outer loop
      vertex 17.275000000000002 0.8227241335952167 5
      vertex 17.045878092847396 0.9176295349746149 5
      vertex 17.045878092847396 0.9176295349746149 0
    endloop
  endfacet
  facet normal -0.6087614290087224 -0.7933533402912338 0
    outer loop
      vertex 17.47175144212722 0.6717514421272202 5
      vertex 17.275000000000002 0.8227241335952167 5
      vertex 17.275000000000002 0.8227241335952167 0
    endloop
  endfacet
  facet normal 0.13052619222005138 -0.9914448613738105 0
    outer loop
      vertex 16.554121907152606 0.9176295349746149 5
      vertex 16.554121907152606 0.9176295349746149 0
      vertex 16.8 0.95 5
    endloop
  endfacet
  facet normal -0.13052619222005138 -0.9914448613738105 0
    outer loop
      vertex 17.045878092847396 0.9176295349746149 5
      vertex 16.8 0.95 5
      vertex 16.8 0.95 0
    endloop
  endfacet
  facet normal 0 0 -1
    outer loop
      vertex 15.882370465025385 -0.2458780928473947 5
      vertex 15.850000000000001 0 5
      vertex 15.882370465025385 0.2458780928473947 5
    endloop
  endfacet
  facet normal 0 0 -1
    outer loop
      vertex 15.977275866404785 -0.475 5
      vertex 15.882370465025385 0.2458780928473947 5
      vertex 15.977275866404785 0.475 5
    endloop
  endfacet
  facet normal 0 0 -1
    outer loop
      vertex 16.12824855787278 -0.6717514421272202 5
      vertex 15.977275866404785 0.475 5
      vertex 16.12824855787278 0.6717514421272202 5
    endloop
  endfacet
  facet normal 0 0 -1
    outer loop
      vertex 16.325 -0.8227241335952167 5
      vertex 16.12824855787278 0.6717514421272202 5
      vertex 16.325 0.8227241335952167 5
    endloop
  endfacet
  facet normal 0 0 -1
    outer loop
      vertex 16.554121907152606 -0.9176295349746149 5
      vertex 16.325 0.8227241335952167 5
      vertex 16.554121907152606 0.9176295349746149 5
    endloop
  endfacet
  facet normal 0 0 -1
    outer loop
      vertex 17.47175144212722 -0.6717514421272202 5
      vertex 17.275000000000002 0.8227241335952167 5
      vertex 17.47175144212722 0.6717514421272202 5
    endloop
  endfacet
  facet normal 0 0 -1
    outer loop
      vertex 16.8 -0.95 5
      vertex 16.554121907152606 0.9176295349746149 5
      vertex 16.8 0.95 5
    endloop
  endfacet
  facet normal 0 0 -1
    outer loop
      vertex 17.045878092847396 -0.9176295349746149 5
      vertex 16.8 0.95 5
      vertex 17.045878092847396 0.9176295349746149 5
    endloop
  endfacet
  facet normal 0 0 -1
    outer loop
      vertex 17.275000000000002 -0.8227241335952167 5
      vertex 17.045878092847396 0.9176295349746149 5
      vertex 17.275000000000002 0.8227241335952167 5
    endloop
  endfacet
  facet normal 0 0 -1
    outer loop
      vertex 17.717629534974616 -0.2458780928473947 5
      vertex 17.717629534974616 0.2458780928473947 5
      vertex 17.75 0 5
    endloop
  endfacet
  facet normal 0 0 -1
    outer loop
      vertex 17.717629534974616 -0.2458780928473947 5
      vertex 17.622724133595217 0.475 5
      vertex 17.717629534974616 0.2458780928473947 5
    endloop
  endfacet
  facet normal 0 0 -1
    outer loop
      vertex 17.622724133595217 -0.475 5
      vertex 17.47175144212722 0.6717514421272202 5
      vertex 17.622724133595217 0.475 5
    endloop
  endfacet
  facet normal 0.13052619222005138 0.9914448613738105 0
    outer loop
      vertex -17.045878092847396 -0.9176295349746149 5
      vertex -16.8 -0.95 0
      vertex -17.045878092847396 -0.9176295349746149 0
    endloop
  endfacet
  facet normal -0.13052619222005138 0.9914448613738105 0
    outer loop
      vertex -16.8 -0.95 5
      vertex -16.554121907152606 -0.9176295349746149 0
      vertex -16.8 -0.95 0
    endloop
  endfacet
  facet normal 0.3826834323650881 0.9238795325112875 0
    outer loop
      vertex -17.275000000000002 -0.8227241335952167 5
      vertex -17.045878092847396 -0.9176295349746149 0
      vertex -17.275000000000002 -0.8227241335952167 0
    endloop
  endfacet
  facet normal 0.6087614290087224 0.7933533402912338 0
    outer loop
      vertex -17.47175144212722 -0.6717514421272202 5
      vertex -17.275000000000002 -0.8227241335952167 0
      vertex -17.47175144212722 -0.6717514421272202 0
    endloop
  endfacet
  facet normal -0.3826834323650881 0.9238795325112875 0
    outer loop
      vertex -16.554121907152606 -0.9176295349746149 5
      vertex -16.325 -0.8227241335952167 0
      vertex -16.554121907152606 -0.9176295349746149 0
    endloop
  endfacet
  facet normal -0.6087614290087224 0.7933533402912338 0
    outer loop
      vertex -16.325 -0.8227241335952167 5
      vertex -16.12824855787278 -0.6717514421272202 0
      vertex -16.325 -0.8227241335952167 0
    endloop
  endfacet
  facet normal 0.7933533402912379 0.6087614290087171 0
    outer loop
      vertex -17.622724133595217 -0.475 5
      vertex -17.47175144212722 -0.6717514421272202 0
      vertex -17.622724133595217 -0.475 0
    endloop
  endfacet
  facet normal 0.9238795325112845 0.3826834323650952 0
    outer loop
      vertex -17.717629534974616 -0.2458780928473947 5
      vertex -17.622724133595217 -0.475 0
      vertex -17.717629534974616 -0.2458780928473947 0
    endloop
  endfacet
  facet normal 0.9914448613738112 0.13052619222004622 0
    outer loop
      vertex -17.75 0 5
      vertex -17.717629534974616 -0.2458780928473947 0
      vertex -17.75 0 0
    endloop
  endfacet
  facet normal -0.7933533402912379 0.6087614290087171 0
    outer loop
      vertex -16.12824855787278 -0.6717514421272202 5
      vertex -15.977275866404785 -0.475 0
      vertex -16.12824855787278 -0.6717514421272202 0
    endloop
  endfacet
  facet normal -0.9238795325112845 0.3826834323650952 0
    outer loop
      vertex -15.977275866404785 -0.475 5
      vertex -15.882370465025385 -0.2458780928473947 0
      vertex -15.977275866404785 -0.475 0
    endloop
  endfacet
  facet normal -0.9914448613738112 0.13052619222004622 0
    outer loop
      vertex -15.882370465025385 -0.2458780928473947 5
      vertex -15.850000000000001 0 0
      vertex -15.882370465025385 -0.2458780928473947 0
    endloop
  endfacet
  facet normal 0.13052619222005138 0.9914448613738105 0
    outer loop
      vertex -16.8 -0.95 5
      vertex -16.8 -0.95 0
      vertex -17.045878092847396 -0.9176295349746149 5
    endloop
  endfacet
  facet normal -0.13052619222005138 0.9914448613738105 0
    outer loop
      vertex -16.8 -0.95 5
      vertex -16.554121907152606 -0.9176295349746149 5
      vertex -16.554121907152606 -0.9176295349746149 0
    endloop
  endfacet
  facet normal 0.6087614290087224 0.7933533402912338 0
    outer loop
      vertex -17.275000000000002 -0.8227241335952167 5
      vertex -17.275000000000002 -0.8227241335952167 0
      vertex -17.47175144212722 -0.6717514421272202 5
    endloop
  endfacet
  facet normal 0.3826834323650881 0.9238795325112875 0
    outer loop
      vertex -17.045878092847396 -0.9176295349746149 5
      vertex -17.045878092847396 -0.9176295349746149 0
      vertex -17.275000000000002 -0.8227241335952167 5
    endloop
  endfacet
  facet normal 0.7933533402912379 0.6087614290087171 0
    outer loop
      vertex -17.47175144212722 -0.6717514421272202 5
      vertex -17.47175144212722 -0.6717514421272202 0
      vertex -17.622724133595217 -0.475 5
    endloop
  endfacet
  facet normal -0.3826834323650881 0.9238795325112875 0
    outer loop
      vertex -16.554121907152606 -0.9176295349746149 5
      vertex -16.325 -0.8227241335952167 5
      vertex -16.325 -0.8227241335952167 0
    endloop
  endfacet
  facet normal 0.9238795325112845 0.3826834323650952 0
    outer loop
      vertex -17.622724133595217 -0.475 5
      vertex -17.622724133595217 -0.475 0
      vertex -17.717629534974616 -0.2458780928473947 5
    endloop
  endfacet
  facet normal 0.9914448613738112 0.13052619222004622 0
    outer loop
      vertex -17.717629534974616 -0.2458780928473947 5
      vertex -17.717629534974616 -0.2458780928473947 0
      vertex -17.75 0 5
    endloop
  endfacet
  facet normal -0.6087614290087224 0.7933533402912338 0
    outer loop
      vertex -16.325 -0.8227241335952167 5
      vertex -16.12824855787278 -0.6717514421272202 5
      vertex -16.12824855787278 -0.6717514421272202 0
    endloop
  endfacet
  facet normal -0.7933533402912379 0.6087614290087171 0
    outer loop
      vertex -16.12824855787278 -0.6717514421272202 5
      vertex -15.977275866404785 -0.475 5
      vertex -15.977275866404785 -0.475 0
    endloop
  endfacet
  facet normal -0.9238795325112845 0.3826834323650952 0
    outer loop
      vertex -15.977275866404785 -0.475 5
      vertex -15.882370465025385 -0.2458780928473947 5
      vertex -15.882370465025385 -0.2458780928473947 0
    endloop
  endfacet
  facet normal -0.9914448613738112 0.13052619222004622 0
    outer loop
      vertex -15.882370465025385 -0.2458780928473947 5
      vertex -15.850000000000001 0 5
      vertex -15.850000000000001 0 0
    endloop
  endfacet
  facet normal 0 0 -1
    outer loop
      vertex -17.47175144212722 -0.6717514421272202 5
      vertex -17.622724133595217 -0.475 5
      vertex -17.622724133595217 0.475 5
    endloop
  endfacet
  facet normal 0 0 -1
    outer loop
      vertex -17.622724133595217 -0.475 5
      vertex -17.717629534974616 -0.2458780928473947 5
      vertex -17.717629534974616 0.2458780928473947 5
    endloop
  endfacet
  facet normal 0 0 -1
    outer loop
      vertex -17.045878092847396 -0.9176295349746149 5
      vertex -17.275000000000002 -0.8227241335952167 5
      vertex -17.275000000000002 0.8227241335952167 5
    endloop
  endfacet
  facet normal 0 0 -1
    outer loop
      vertex -16.8 -0.95 5
      vertex -17.045878092847396 -0.9176295349746149 5
      vertex -17.045878092847396 0.9176295349746149 5
    endloop
  endfacet
  facet normal 0 0 -1
    outer loop
      vertex -16.8 -0.95 5
      vertex -16.8 0.95 5
      vertex -16.554121907152606 -0.9176295349746149 5
    endloop
  endfacet
  facet normal 0 0 -1
    outer loop
      vertex -17.275000000000002 -0.8227241335952167 5
      vertex -17.47175144212722 -0.6717514421272202 5
      vertex -17.47175144212722 0.6717514421272202 5
    endloop
  endfacet
  facet normal 0 0 -1
    outer loop
      vertex -16.554121907152606 -0.9176295349746149 5
      vertex -16.554121907152606 0.9176295349746149 5
      vertex -16.325 -0.8227241335952167 5
    endloop
  endfacet
  facet normal 0 0 -1
    outer loop
      vertex -16.325 -0.8227241335952167 5
      vertex -16.325 0.8227241335952167 5
      vertex -16.12824855787278 -0.6717514421272202 5
    endloop
  endfacet
  facet normal 0 0 -1
    outer loop
      vertex -16.12824855787278 -0.6717514421272202 5
      vertex -16.12824855787278 0.6717514421272202 5
      vertex -15.977275866404785 -0.475 5
    endloop
  endfacet
  facet normal 0 0 -1
    outer loop
      vertex -15.977275866404785 -0.475 5
      vertex -15.977275866404785 0.475 5
      vertex -15.882370465025385 -0.2458780928473947 5
    endloop
  endfacet
  facet normal 0.9914448613738112 -0.13052619222004622 0
    outer loop
      vertex -17.717629534974616 0.2458780928473947 5
      vertex -17.75 0 0
      vertex -17.717629534974616 0.2458780928473947 0
    endloop
  endfacet
  facet normal 0.9238795325112845 -0.3826834323650952 0
    outer loop
      vertex -17.622724133595217 0.475 5
      vertex -17.717629534974616 0.2458780928473947 0
      vertex -17.622724133595217 0.475 0
    endloop
  endfacet
  facet normal 0.7933533402912379 -0.6087614290087171 0
    outer loop
      vertex -17.47175144212722 0.6717514421272202 5
      vertex -17.622724133595217 0.475 0
      vertex -17.47175144212722 0.6717514421272202 0
    endloop
  endfacet
  facet normal 0.6087614290087224 -0.7933533402912338 0
    outer loop
      vertex -17.275000000000002 0.8227241335952167 5
      vertex -17.47175144212722 0.6717514421272202 0
      vertex -17.275000000000002 0.8227241335952167 0
    endloop
  endfacet
  facet normal 0.3826834323650881 -0.9238795325112875 0
    outer loop
      vertex -17.045878092847396 0.9176295349746149 5
      vertex -17.275000000000002 0.8227241335952167 0
      vertex -17.045878092847396 0.9176295349746149 0
    endloop
  endfacet
  facet normal -0.3826834323650881 -0.9238795325112875 0
    outer loop
      vertex -16.325 0.8227241335952167 5
      vertex -16.554121907152606 0.9176295349746149 0
      vertex -16.325 0.8227241335952167 0
    endloop
  endfacet
  facet normal 0.13052619222005138 -0.9914448613738105 0
    outer loop
      vertex -16.8 0.95 5
      vertex -17.045878092847396 0.9176295349746149 0
      vertex -16.8 0.95 0
    endloop
  endfacet
  facet normal -0.13052619222005138 -0.9914448613738105 0
    outer loop
      vertex -16.554121907152606 0.9176295349746149 5
      vertex -16.8 0.95 0
      vertex -16.554121907152606 0.9176295349746149 0
    endloop
  endfacet
  facet normal -0.9914448613738112 -0.13052619222004622 0
    outer loop
      vertex -15.850000000000001 0 5
      vertex -15.882370465025385 0.2458780928473947 0
      vertex -15.850000000000001 0 0
    endloop
  endfacet
  facet normal -0.9238795325112845 -0.3826834323650952 0
    outer loop
      vertex -15.882370465025385 0.2458780928473947 5
      vertex -15.977275866404785 0.475 0
      vertex -15.882370465025385 0.2458780928473947 0
    endloop
  endfacet
  facet normal -0.7933533402912379 -0.6087614290087171 0
    outer loop
      vertex -15.977275866404785 0.475 5
      vertex -16.12824855787278 0.6717514421272202 0
      vertex -15.977275866404785 0.475 0
    endloop
  endfacet
  facet normal -0.6087614290087224 -0.7933533402912338 0
    outer loop
      vertex -16.12824855787278 0.6717514421272202 5
      vertex -16.325 0.8227241335952167 0
      vertex -16.12824855787278 0.6717514421272202 0
    endloop
  endfacet
  facet normal 0.9914448613738112 -0.13052619222004622 0
    outer loop
      vertex -17.75 0 5
      vertex -17.75 0 0
      vertex -17.717629534974616 0.2458780928473947 5
    endloop
  endfacet
  facet normal 0.9238795325112845 -0.3826834323650952 0
    outer loop
      vertex -17.717629534974616 0.2458780928473947 5
      vertex -17.717629534974616 0.2458780928473947 0
      vertex -17.622724133595217 0.475 5
    endloop
  endfacet
  facet normal 0.7933533402912379 -0.6087614290087171 0
    outer loop
      vertex -17.622724133595217 0.475 5
      vertex -17.622724133595217 0.475 0
      vertex -17.47175144212722 0.6717514421272202 5
    endloop
  endfacet
  facet normal 0.6087614290087224 -0.7933533402912338 0
    outer loop
      vertex -17.47175144212722 0.6717514421272202 5
      vertex -17.47175144212722 0.6717514421272202 0
      vertex -17.275000000000002 0.8227241335952167 5
    endloop
  endfacet
  facet normal 0.3826834323650881 -0.9238795325112875 0
    outer loop
      vertex -17.275000000000002 0.8227241335952167 5
      vertex -17.275000000000002 0.8227241335952167 0
      vertex -17.045878092847396 0.9176295349746149 5
    endloop
  endfacet
  facet normal -0.6087614290087224 -0.7933533402912338 0
    outer loop
      vertex -16.12824855787278 0.6717514421272202 5
      vertex -16.325 0.8227241335952167 5
      vertex -16.325 0.8227241335952167 0
    endloop
  endfacet
  facet normal -0.3826834323650881 -0.9238795325112875 0
    outer loop
      vertex -16.325 0.8227241335952167 5
      vertex -16.554121907152606 0.9176295349746149 5
      vertex -16.554121907152606 0.9176295349746149 0
    endloop
  endfacet
  facet normal 0.13052619222005138 -0.9914448613738105 0
    outer loop
      vertex -17.045878092847396 0.9176295349746149 5
      vertex -17.045878092847396 0.9176295349746149 0
      vertex -16.8 0.95 5
    endloop
  endfacet
  facet normal -0.13052619222005138 -0.9914448613738105 0
    outer loop
      vertex -16.8 0.95 5
      vertex -16.8 0.95 0
      vertex -16.554121907152606 0.9176295349746149 5
    endloop
  endfacet
  facet normal -0.9914448613738112 -0.13052619222004622 0
    outer loop
      vertex -15.850000000000001 0 5
      vertex -15.882370465025385 0.2458780928473947 5
      vertex -15.882370465025385 0.2458780928473947 0
    endloop
  endfacet
  facet normal -0.9238795325112845 -0.3826834323650952 0
    outer loop
      vertex -15.882370465025385 0.2458780928473947 5
      vertex -15.977275866404785 0.475 5
      vertex -15.977275866404785 0.475 0
    endloop
  endfacet
  facet normal -0.7933533402912379 -0.6087614290087171 0
    outer loop
      vertex -15.977275866404785 0.475 5
      vertex -16.12824855787278 0.6717514421272202 5
      vertex -16.12824855787278 0.6717514421272202 0
    endloop
  endfacet
  facet normal 0 0 -1
    outer loop
      vertex -17.717629534974616 -0.2458780928473947 5
      vertex -17.75 0 5
      vertex -17.717629534974616 0.2458780928473947 5
    endloop
  endfacet
  facet normal 0 0 -1
    outer loop
      vertex -17.622724133595217 -0.475 5
      vertex -17.717629534974616 0.2458780928473947 5
      vertex -17.622724133595217 0.475 5
    endloop
  endfacet
  facet normal 0 0 -1
    outer loop
      vertex -17.47175144212722 -0.6717514421272202 5
      vertex -17.622724133595217 0.475 5
      vertex -17.47175144212722 0.6717514421272202 5
    endloop
  endfacet
  facet normal 0 0 -1
    outer loop
      vertex -17.275000000000002 -0.8227241335952167 5
      vertex -17.47175144212722 0.6717514421272202 5
      vertex -17.275000000000002 0.8227241335952167 5
    endloop
  endfacet
  facet normal 0 0 -1
    outer loop
      vertex -17.045878092847396 -0.9176295349746149 5
      vertex -17.275000000000002 0.8227241335952167 5
      vertex -17.045878092847396 0.9176295349746149 5
    endloop
  endfacet
  facet normal 0 0 -1
    outer loop
      vertex -16.8 -0.95 5
      vertex -17.045878092847396 0.9176295349746149 5
      vertex -16.8 0.95 5
    endloop
  endfacet
  facet normal 0 0 -1
    outer loop
      vertex -16.554121907152606 -0.9176295349746149 5
      vertex -16.8 0.95 5
      vertex -16.554121907152606 0.9176295349746149 5
    endloop
  endfacet
  facet normal 0 0 -1
    outer loop
      vertex -16.325 -0.8227241335952167 5
      vertex -16.554121907152606 0.9176295349746149 5
      vertex -16.325 0.8227241335952167 5
    endloop
  endfacet
  facet normal 0 0 -1
    outer loop
      vertex -15.882370465025385 -0.2458780928473947 5
      vertex -15.882370465025385 0.2458780928473947 5
      vertex -15.850000000000001 0 5
    endloop
  endfacet
  facet normal 0 0 -1
    outer loop
      vertex -15.882370465025385 -0.2458780928473947 5
      vertex -15.977275866404785 0.475 5
      vertex -15.882370465025385 0.2458780928473947 5
    endloop
  endfacet
  facet normal 0 0 -1
    outer loop
      vertex -15.977275866404785 -0.475 5
      vertex -16.12824855787278 0.6717514421272202 5
      vertex -15.977275866404785 0.475 5
    endloop
  endfacet
  facet normal 0 0 -1
    outer loop
      vertex -16.12824855787278 -0.6717514421272202 5
      vertex -16.325 0.8227241335952167 5
      vertex -16.12824855787278 0.6717514421272202 5
    endloop
  endfacet
endsolid OpenSCAD_Model
