solid OpenSCAD_Model
  facet normal -0.760068064541657 -0.6498434713559101 0
    outer loop
      vertex -4.640536497929928 -3.803343399087208 0
      vertex -4.478306336692161 -3.9930905768267806 0
      vertex -4.640536497929928 -3.803343399087208 4
    endloop
  endfacet
  facet normal -0.8114557872800898 -0.5844138133973644 0
    outer loop
      vertex -4.940629013077165 -3.404436070062142 0
      vertex -4.7947330375752335 -3.6070119348824687 0
      vertex -4.940629013077165 -3.404436070062142 4
    endloop
  endfacet
  facet normal -0.857226825507174 -0.514938996028552 0
    outer loop
      vertex -5.077971851686954 -3.1959665006809717 0
      vertex -5.206523787707823 -2.9819641258795473 4
      vertex -5.206523787707823 -2.9819641258795473 0
    endloop
  endfacet
  facet normal -0.8350641311400799 -0.550152612357029 0
    outer loop
      vertex -4.940629013077165 -3.404436070062142 0
      vertex -5.077971851686954 -3.1959665006809717 4
      vertex -5.077971851686954 -3.1959665006809717 0
    endloop
  endfacet
  facet normal -0.786442664309555 -0.6176632867134719 0
    outer loop
      vertex -4.640536497929928 -3.803343399087208 0
      vertex -4.7947330375752335 -3.6070119348824687 4
      vertex -4.7947330375752335 -3.6070119348824687 0
    endloop
  endfacet
  facet normal -0.6419017501926675 -0.7667868954928679 0
    outer loop
      vertex -3.9462892236109957 -4.51960190322242 0
      vertex -3.7548647234444266 -4.679849453629103 0
      vertex -3.9462892236109957 -4.51960190322242 4
    endloop
  endfacet
  facet normal -0.5759410748727676 -0.8174912099065049 0
    outer loop
      vertex -3.5569398623104354 -4.8319953244914275 0
      vertex -3.352857284521556 -4.975776123343045 0
      vertex -3.5569398623104354 -4.8319953244914275 4
    endloop
  endfacet
  facet normal -0.6094489466033015 -0.7928253158698493 0
    outer loop
      vertex -3.7548647234444266 -4.679849453629103 0
      vertex -3.5569398623104354 -4.8319953244914275 0
      vertex -3.7548647234444266 -4.679849453629103 4
    endloop
  endfacet
  facet normal -0.5414361432856463 -0.8407418764067632 0
    outer loop
      vertex -3.352857284521556 -4.975776123343045 0
      vertex -3.1429702945296087 -5.11094293919473 0
      vertex -3.352857284521556 -4.975776123343045 4
    endloop
  endfacet
  facet normal -0.5059938862204122 -0.8625370641935132 0
    outer loop
      vertex -3.1429702945296087 -5.11094293919473 0
      vertex -2.9276422452907687 -5.237261773445053 0
      vertex -3.1429702945296087 -5.11094293919473 4
    endloop
  endfacet
  facet normal -0.7034193496547898 -0.710775082942018 0
    outer loop
      vertex -4.1308819718172005 -4.351530091234075 0
      vertex -4.308323404088382 -4.175924980861641 4
      vertex -4.308323404088382 -4.175924980861641 0
    endloop
  endfacet
  facet normal -0.7323776472561634 -0.6808986575104452 0
    outer loop
      vertex -4.308323404088382 -4.175924980861641 0
      vertex -4.478306336692161 -3.9930905768267806 4
      vertex -4.478306336692161 -3.9930905768267806 0
    endloop
  endfacet
  facet normal -0.6732433038731241 -0.7394210260670171 0
    outer loop
      vertex -3.9462892236109957 -4.51960190322242 0
      vertex -4.1308819718172005 -4.351530091234075 4
      vertex -4.1308819718172005 -4.351530091234075 0
    endloop
  endfacet
  facet normal -0.760068064541657 -0.6498434713559101 0
    outer loop
      vertex -4.478306336692161 -3.9930905768267806 0
      vertex -4.478306336692161 -3.9930905768267806 4
      vertex -4.640536497929928 -3.803343399087208 4
    endloop
  endfacet
  facet normal -0.857226825507174 -0.514938996028552 0
    outer loop
      vertex -5.077971851686954 -3.1959665006809717 0
      vertex -5.077971851686954 -3.1959665006809717 4
      vertex -5.206523787707823 -2.9819641258795473 4
    endloop
  endfacet
  facet normal -0.8350641311400799 -0.550152612357029 0
    outer loop
      vertex -4.940629013077165 -3.404436070062142 0
      vertex -4.940629013077165 -3.404436070062142 4
      vertex -5.077971851686954 -3.1959665006809717 4
    endloop
  endfacet
  facet normal -0.786442664309555 -0.6176632867134719 0
    outer loop
      vertex -4.640536497929928 -3.803343399087208 0
      vertex -4.640536497929928 -3.803343399087208 4
      vertex -4.7947330375752335 -3.6070119348824687 4
    endloop
  endfacet
  facet normal -0.8114557872800898 -0.5844138133973644 0
    outer loop
      vertex -4.7947330375752335 -3.6070119348824687 0
      vertex -4.7947330375752335 -3.6070119348824687 4
      vertex -4.940629013077165 -3.404436070062142 4
    endloop
  endfacet
  facet normal -0.6419017501926675 -0.7667868954928679 0
    outer loop
      vertex -3.7548647234444266 -4.679849453629103 0
      vertex -3.7548647234444266 -4.679849453629103 4
      vertex -3.9462892236109957 -4.51960190322242 4
    endloop
  endfacet
  facet normal -0.5759410748727676 -0.8174912099065049 0
    outer loop
      vertex -3.352857284521556 -4.975776123343045 0
      vertex -3.352857284521556 -4.975776123343045 4
      vertex -3.5569398623104354 -4.8319953244914275 4
    endloop
  endfacet
  facet normal -0.6094489466033015 -0.7928253158698493 0
    outer loop
      vertex -3.5569398623104354 -4.8319953244914275 0
      vertex -3.5569398623104354 -4.8319953244914275 4
      vertex -3.7548647234444266 -4.679849453629103 4
    endloop
  endfacet
  facet normal -0.5414361432856463 -0.8407418764067632 0
    outer loop
      vertex -3.1429702945296087 -5.11094293919473 0
      vertex -3.1429702945296087 -5.11094293919473 4
      vertex -3.352857284521556 -4.975776123343045 4
    endloop
  endfacet
  facet normal -0.5059938862204122 -0.8625370641935132 0
    outer loop
      vertex -2.9276422452907687 -5.237261773445053 0
      vertex -2.9276422452907687 -5.237261773445053 4
      vertex -3.1429702945296087 -5.11094293919473 4
    endloop
  endfacet
  facet normal -0.7034193496547898 -0.710775082942018 0
    outer loop
      vertex -4.1308819718172005 -4.351530091234075 0
      vertex -4.1308819718172005 -4.351530091234075 4
      vertex -4.308323404088382 -4.175924980861641 4
    endloop
  endfacet
  facet normal -0.7323776472561634 -0.6808986575104452 0
    outer loop
      vertex -4.308323404088382 -4.175924980861641 0
      vertex -4.308323404088382 -4.175924980861641 4
      vertex -4.478306336692161 -3.9930905768267806 4
    endloop
  endfacet
  facet normal -0.6732433038731241 -0.7394210260670171 0
    outer loop
      vertex -3.9462892236109957 -4.51960190322242 0
      vertex -3.9462892236109957 -4.51960190322242 4
      vertex -4.1308819718172005 -4.351530091234075 4
    endloop
  endfacet
  facet normal -0.8779055026839857 -0.47883392565395616 0
    outer loop
      vertex -5.326062274111127 -2.762799423101541 0
      vertex -5.206523787707823 -2.9819641258795473 0
      vertex -5.326062274111127 -2.762799423101541 4
    endloop
  endfacet
  facet normal -0.9146702421837959 -0.4042008758815795 0
    outer loop
      vertex -5.436380367806136 -2.5388518067291796 0
      vertex -5.5372870878965825 -2.310508971247197 4
      vertex -5.5372870878965825 -2.310508971247197 0
    endloop
  endfacet
  facet normal -0.8970643640796634 -0.44189990574602883 0
    outer loop
      vertex -5.326062274111127 -2.762799423101541 0
      vertex -5.436380367806136 -2.5388518067291796 4
      vertex -5.436380367806136 -2.5388518067291796 0
    endloop
  endfacet
  facet normal -0.9451038737381072 -0.32677005347066906 0
    outer loop
      vertex -5.628607746303685 -2.0781662200724336 0
      vertex -5.710184250183318 -1.8422257812109715 4
      vertex -5.710184250183318 -1.8422257812109715 0
    endloop
  endfacet
  facet normal -0.9578789409784727 -0.2871723079093103 0
    outer loop
      vertex -5.710184250183318 -1.8422257812109715 0
      vertex -5.781875375613789 -1.6030961109275093 4
      vertex -5.781875375613789 -1.6030961109275093 0
    endloop
  endfacet
  facet normal -0.9306926579854818 -0.36580210001026386 0
    outer loop
      vertex -5.5372870878965825 -2.310508971247197 0
      vertex -5.628607746303685 -2.0781662200724336 4
      vertex -5.628607746303685 -2.0781662200724336 0
    endloop
  endfacet
  facet normal 0 0 -1
    outer loop
      vertex -5.436380367806136 -2.5388518067291796 0
      vertex -5.5372870878965825 -2.310508971247197 0
      vertex -5.436380367806136 2.5388518067291796 0
    endloop
  endfacet
  facet normal 0 0 -1
    outer loop
      vertex -5.326062274111127 -2.762799423101541 0
      vertex -5.436380367806136 -2.5388518067291796 0
      vertex -5.326062274111127 2.762799423101541 0
    endloop
  endfacet
  facet normal 0 0 -1
    outer loop
      vertex -5.628607746303685 -2.0781662200724336 0
      vertex -5.710184250183318 -1.8422257812109715 0
      vertex -5.628607746303685 2.0781662200724336 0
    endloop
  endfacet
  facet normal 0 0 -1
    outer loop
      vertex -5.710184250183318 -1.8422257812109715 0
      vertex -5.781875375613789 -1.6030961109275093 0
      vertex -5.710184250183318 1.8422257812109715 0
    endloop
  endfacet
  facet normal 0 0 -1
    outer loop
      vertex -5.781875375613789 -1.6030961109275093 0
      vertex -5.843557012080395 -1.3611911866325195 0
      vertex -5.781875375613789 1.6030961109275093 0
    endloop
  endfacet
  facet normal 0 0 -1
    outer loop
      vertex -5.895122377333543 -1.1169297902112412 0
      vertex -5.936482202248442 -0.8707347830352758 0
      vertex -5.895122377333543 1.1169297902112412 0
    endloop
  endfacet
  facet normal 0 0 -1
    outer loop
      vertex -5.936482202248442 -0.8707347830352758 0
      vertex -5.967564885366373 -0.623032373911841 0
      vertex -5.936482202248442 0.8707347830352758 0
    endloop
  endfacet
  facet normal 0 0 -1
    outer loop
      vertex -5.843557012080395 -1.3611911866325195 0
      vertex -5.895122377333543 -1.1169297902112412 0
      vertex -5.843557012080395 1.3611911866325195 0
    endloop
  endfacet
  facet normal 0 0 -1
    outer loop
      vertex -5.967564885366373 -0.623032373911841 0
      vertex -5.9883166168499695 -0.3742513812379713 0
      vertex -5.967564885366373 0.623032373911841 0
    endloop
  endfacet
  facet normal 0 0 -1
    outer loop
      vertex -5.9883166168499695 -0.3742513812379713 0
      vertex -5.998701471637938 -0.12482249063706757 0
      vertex -5.9883166168499695 0.3742513812379713 0
    endloop
  endfacet
  facet normal 0 0 -1
    outer loop
      vertex -5.5372870878965825 -2.310508971247197 0
      vertex -5.628607746303685 -2.0781662200724336 0
      vertex -5.5372870878965825 2.310508971247197 0
    endloop
  endfacet
  facet normal 0 0 -1
    outer loop
      vertex -5.077971851686954 -3.1959665006809717 0
      vertex -5.206523787707823 -2.9819641258795473 0
      vertex -5.077971851686954 3.1959665006809717 0
    endloop
  endfacet
  facet normal 0 0 -1
    outer loop
      vertex -5.326062274111127 -2.762799423101541 0
      vertex -5.206523787707823 2.9819641258795473 0
      vertex -5.206523787707823 -2.9819641258795473 0
    endloop
  endfacet
  facet normal 0 0 -1
    outer loop
      vertex -4.940629013077165 -3.404436070062142 0
      vertex -5.077971851686954 -3.1959665006809717 0
      vertex -4.940629013077165 3.404436070062142 0
    endloop
  endfacet
  facet normal 0 0 -1
    outer loop
      vertex -4.940629013077165 -3.404436070062142 0
      vertex -4.7947330375752335 3.6070119348824687 0
      vertex -4.7947330375752335 -3.6070119348824687 0
    endloop
  endfacet
  facet normal 0 0 -1
    outer loop
      vertex -4.640536497929928 -3.803343399087208 0
      vertex -4.7947330375752335 -3.6070119348824687 0
      vertex -4.640536497929928 3.803343399087208 0
    endloop
  endfacet
  facet normal 0 0 -1
    outer loop
      vertex -4.640536497929928 -3.803343399087208 0
      vertex -4.478306336692161 3.9930905768267806 0
      vertex -4.478306336692161 -3.9930905768267806 0
    endloop
  endfacet
  facet normal -0.9689957437171711 -0.2470774143016845 0
    outer loop
      vertex -5.781875375613789 -1.6030961109275093 0
      vertex -5.843557012080395 -1.3611911866325195 4
      vertex -5.843557012080395 -1.3611911866325195 0
    endloop
  endfacet
  facet normal -0.9784350367254314 -0.2065547842779336 0
    outer loop
      vertex -5.843557012080395 -1.3611911866325195 0
      vertex -5.895122377333543 -1.1169297902112412 4
      vertex -5.895122377333543 -1.1169297902112412 0
    endloop
  endfacet
  facet normal -0.9861804788521495 -0.16567456995853358 0
    outer loop
      vertex -5.895122377333543 -1.1169297902112412 0
      vertex -5.936482202248442 -0.8707347830352758 4
      vertex -5.936482202248442 -0.8707347830352758 0
    endloop
  endfacet
  facet normal -0.992218661313415 -0.12450754250813366 0
    outer loop
      vertex -5.936482202248442 -0.8707347830352758 0
      vertex -5.967564885366373 -0.623032373911841 4
      vertex -5.967564885366373 -0.623032373911841 0
    endloop
  endfacet
  facet normal -0.9965391309055931 -0.0831249696175892 0
    outer loop
      vertex -5.967564885366373 -0.623032373911841 0
      vertex -5.9883166168499695 -0.3742513812379713 4
      vertex -5.9883166168499695 -0.3742513812379713 0
    endloop
  endfacet
  facet normal -0.9991344081017308 -0.041598492126564496 0
    outer loop
      vertex -5.9883166168499695 -0.3742513812379713 0
      vertex -5.998701471637938 -0.12482249063706757 4
      vertex -5.998701471637938 -0.12482249063706757 0
    endloop
  endfacet
  facet normal 0 0 -1
    outer loop
      vertex -3.9462892236109957 -4.51960190322242 0
      vertex -3.7548647234444266 4.679849453629103 0
      vertex -3.7548647234444266 -4.679849453629103 0
    endloop
  endfacet
  facet normal 0 0 -1
    outer loop
      vertex -3.7548647234444266 -4.679849453629103 0
      vertex -3.556939862310437 4.831995324491427 0
      vertex -3.5569398623104354 -4.8319953244914275 0
    endloop
  endfacet
  facet normal 0 0 -1
    outer loop
      vertex -3.5569398623104354 -4.8319953244914275 0
      vertex -3.352857284521556 4.975776123343045 0
      vertex -3.352857284521556 -4.975776123343045 0
    endloop
  endfacet
  facet normal 0 0 -1
    outer loop
      vertex -3.352857284521556 -4.975776123343045 0
      vertex -3.1429702945296074 5.1109429391947305 0
      vertex -3.1429702945296087 -5.11094293919473 0
    endloop
  endfacet
  facet normal 0 0 -1
    outer loop
      vertex -3.1429702945296087 -5.11094293919473 0
      vertex -2.9276422452907687 5.237261773445053 0
      vertex -2.9276422452907687 -5.237261773445053 0
    endloop
  endfacet
  facet normal 0 0 -1
    outer loop
      vertex -4.308323404088382 -4.175924980861641 0
      vertex -4.478306336692161 -3.9930905768267806 0
      vertex -4.308323404088382 4.175924980861641 0
    endloop
  endfacet
  facet normal 0 0 -1
    outer loop
      vertex -4.1308819718172005 -4.351530091234075 0
      vertex -4.308323404088382 -4.175924980861641 0
      vertex -4.1308819718172005 4.351530091234075 0
    endloop
  endfacet
  facet normal 0 0 -1
    outer loop
      vertex -3.9462892236109957 -4.51960190322242 0
      vertex -4.1308819718172005 -4.351530091234075 0
      vertex -3.9462892236109957 4.51960190322242 0
    endloop
  endfacet
  facet normal -0.8970643640796634 -0.44189990574602883 0
    outer loop
      vertex -5.326062274111127 -2.762799423101541 0
      vertex -5.326062274111127 -2.762799423101541 4
      vertex -5.436380367806136 -2.5388518067291796 4
    endloop
  endfacet
  facet normal -0.9146702421837959 -0.4042008758815795 0
    outer loop
      vertex -5.436380367806136 -2.5388518067291796 0
      vertex -5.436380367806136 -2.5388518067291796 4
      vertex -5.5372870878965825 -2.310508971247197 4
    endloop
  endfacet
  facet normal -0.9451038737381072 -0.32677005347066906 0
    outer loop
      vertex -5.628607746303685 -2.0781662200724336 0
      vertex -5.628607746303685 -2.0781662200724336 4
      vertex -5.710184250183318 -1.8422257812109715 4
    endloop
  endfacet
  facet normal -0.9578789409784727 -0.2871723079093103 0
    outer loop
      vertex -5.710184250183318 -1.8422257812109715 0
      vertex -5.710184250183318 -1.8422257812109715 4
      vertex -5.781875375613789 -1.6030961109275093 4
    endloop
  endfacet
  facet normal -0.9689957437171711 -0.2470774143016845 0
    outer loop
      vertex -5.781875375613789 -1.6030961109275093 0
      vertex -5.781875375613789 -1.6030961109275093 4
      vertex -5.843557012080395 -1.3611911866325195 4
    endloop
  endfacet
  facet normal -0.9306926579854818 -0.36580210001026386 0
    outer loop
      vertex -5.5372870878965825 -2.310508971247197 0
      vertex -5.5372870878965825 -2.310508971247197 4
      vertex -5.628607746303685 -2.0781662200724336 4
    endloop
  endfacet
  facet normal -0.8779055026839857 -0.47883392565395616 0
    outer loop
      vertex -5.206523787707823 -2.9819641258795473 0
      vertex -5.206523787707823 -2.9819641258795473 4
      vertex -5.326062274111127 -2.762799423101541 4
    endloop
  endfacet
  facet normal -0.9784350367254314 -0.2065547842779336 0
    outer loop
      vertex -5.843557012080395 -1.3611911866325195 0
      vertex -5.843557012080395 -1.3611911866325195 4
      vertex -5.895122377333543 -1.1169297902112412 4
    endloop
  endfacet
  facet normal -0.9861804788521495 -0.16567456995853358 0
    outer loop
      vertex -5.895122377333543 -1.1169297902112412 0
      vertex -5.895122377333543 -1.1169297902112412 4
      vertex -5.936482202248442 -0.8707347830352758 4
    endloop
  endfacet
  facet normal -0.992218661313415 -0.12450754250813366 0
    outer loop
      vertex -5.936482202248442 -0.8707347830352758 0
      vertex -5.936482202248442 -0.8707347830352758 4
      vertex -5.967564885366373 -0.623032373911841 4
    endloop
  endfacet
  facet normal -0.9965391309055931 -0.0831249696175892 0
    outer loop
      vertex -5.967564885366373 -0.623032373911841 0
      vertex -5.967564885366373 -0.623032373911841 4
      vertex -5.9883166168499695 -0.3742513812379713 4
    endloop
  endfacet
  facet normal -0.9991344081017308 -0.041598492126564496 0
    outer loop
      vertex -5.9883166168499695 -0.3742513812379713 0
      vertex -5.9883166168499695 -0.3742513812379713 4
      vertex -5.998701471637938 -0.12482249063706757 4
    endloop
  endfacet
  facet normal -1 0 0
    outer loop
      vertex -5.998701471637938 -0.12482249063706757 0
      vertex -5.998701471637938 -0.12482249063706757 4
      vertex -5.998701471637938 0.12482249063706757 4
    endloop
  endfacet
  facet normal -0.469675660738206 -0.8828390417908178 0
    outer loop
      vertex -2.7072459092348247 -5.3545139449749595 0
      vertex -2.9276422452907687 -5.237261773445053 4
      vertex -2.9276422452907687 -5.237261773445053 0
    endloop
  endfacet
  facet normal -0.4325443403625031 -0.9016126627440229 0
    outer loop
      vertex -2.7072459092348247 -5.3545139449749595 0
      vertex -2.482162832927567 -5.462496468724991 0
      vertex -2.7072459092348247 -5.3545139449749595 4
    endloop
  endfacet
  facet normal 0 0 -1
    outer loop
      vertex -1.7827262719690036 -5.729038928060404 0
      vertex -1.5049598170103804 -0.37093927964571427 0
      vertex -1.542863777809476 -5.798238643167723 0
    endloop
  endfacet
  facet normal 0 0 -1
    outer loop
      vertex -0.31193804497187944 -5.991885734566299 0
      vertex -0.06241220716959381 -1.5487429471659326 0
      vertex -0.06241462237478322 -5.999675359126843 0
    endloop
  endfacet
  facet normal 0 0 -1
    outer loop
      vertex -1.542863777809476 -5.798238643167723 0
      vertex -1.1601916596652064 -1.0278401202732326 0
      vertex -1.300330302877537 -5.8574005414875305 0
    endloop
  endfacet
  facet normal 0 0 -1
    outer loop
      vertex -1.300330302877537 -5.8574005414875305 0
      vertex -0.9802903321728345 -1.2006376908328646 0
      vertex -1.0555457171951121 -5.906422202900082 0
    endloop
  endfacet
  facet normal 0 0 -1
    outer loop
      vertex -1.0555457171951121 -5.906422202900082 0
      vertex -0.7749999999999999 -1.3423393758658797 0
      vertex -0.8089337878705742 -5.945218761899461 0
    endloop
  endfacet
  facet normal 0 0 -1
    outer loop
      vertex -0.8089337878705742 -5.945218761899461 0
      vertex -0.5496375749159302 -1.4492751761623928 0
      vertex -0.5609214454800024 -5.9737230545113675 0
    endloop
  endfacet
  facet normal 0 0 -1
    outer loop
      vertex -0.5609214454800024 -5.9737230545113675 0
      vertex -0.31003982535286906 -1.5186755106655148 0
      vertex -0.31193804497187944 -5.991885734566299 0
    endloop
  endfacet
  facet normal 0 0 -1
    outer loop
      vertex -0.31193804497187944 -5.991885734566299 0
      vertex -0.31003982535286906 -1.5186755106655148 0
      vertex -0.06241220716959381 -1.5487429471659326 0
    endloop
  endfacet
  facet normal -0.469675660738206 -0.8828390417908178 0
    outer loop
      vertex -2.7072459092348247 -5.3545139449749595 0
      vertex -2.7072459092348247 -5.3545139449749595 4
      vertex -2.9276422452907687 -5.237261773445053 4
    endloop
  endfacet
  facet normal -0.3946642062334762 -0.918825426464734 0
    outer loop
      vertex -2.482162832927567 -5.462496468724991 0
      vertex -2.4000000000000004 -5.4977879705764545 4
      vertex -2.482162832927567 -5.462496468724991 4
    endloop
  endfacet
  facet normal -0.4325443403625031 -0.9016126627440229 0
    outer loop
      vertex -2.482162832927567 -5.462496468724991 0
      vertex -2.482162832927567 -5.462496468724991 4
      vertex -2.7072459092348247 -5.3545139449749595 4
    endloop
  endfacet
  facet normal -0.39466420623347626 -0.9188254264647339 0
    outer loop
      vertex -2.482162832927567 -5.462496468724991 0
      vertex -2.252782676543579 -5.561022407099719 0
      vertex -2.252782676543579 -5.561022407099719 8
    endloop
  endfacet
  facet normal -0.356100835825548 -0.9344475344953006 0
    outer loop
      vertex -2.252782676543579 -5.561022407099719 0
      vertex -2.019502539292838 -5.649921193591092 0
      vertex -2.019502539292838 -5.649921193591092 8
    endloop
  endfacet
  facet normal -0.3169209894207013 -0.9484519420954357 0
    outer loop
      vertex -2.019502539292838 -5.649921193591092 0
      vertex -1.7827262719690036 -5.729038928060404 0
      vertex -1.7827262719690036 -5.729038928060404 8
    endloop
  endfacet
  facet normal -0.2771924945341922 -0.9608144050616184 0
    outer loop
      vertex -1.7827262719690036 -5.729038928060404 0
      vertex -1.542863777809476 -5.798238643167723 0
      vertex -1.542863777809476 -5.798238643167723 8
    endloop
  endfacet
  facet normal -0.23698412849261766 -0.9715135216982801 0
    outer loop
      vertex -1.542863777809476 -5.798238643167723 0
      vertex -1.300330302877537 -5.8574005414875305 0
      vertex -1.300330302877537 -5.8574005414875305 8
    endloop
  endfacet
  facet normal -0.19636549936776215 -0.9805307698680595 0
    outer loop
      vertex -1.300330302877537 -5.8574005414875305 0
      vertex -1.0555457171951121 -5.906422202900082 0
      vertex -1.0555457171951121 -5.906422202900082 8
    endloop
  endfacet
  facet normal -0.15540692547220583 -0.9878505390570358 0
    outer loop
      vertex -1.0555457171951121 -5.906422202900082 0
      vertex -0.8089337878705742 -5.945218761899461 0
      vertex -0.8089337878705742 -5.945218761899461 8
    endloop
  endfacet
  facet normal -0.11417931362539806 -0.9934601573993961 0
    outer loop
      vertex -0.8089337878705742 -5.945218761899461 0
      vertex -0.5609214454800024 -5.9737230545113675 0
      vertex -0.5609214454800024 -5.9737230545113675 8
    endloop
  endfacet
  facet normal -0.07275403640094351 -0.9973499136147606 0
    outer loop
      vertex -0.5609214454800024 -5.9737230545113675 0
      vertex -0.31193804497187944 -5.991885734566299 0
      vertex -0.31193804497187944 -5.991885734566299 8
    endloop
  endfacet
  facet normal -0.031202808567538418 -0.9995130738201965 0
    outer loop
      vertex -0.31193804497187944 -5.991885734566299 0
      vertex -0.06241462237478322 -5.999675359126843 0
      vertex -0.06241462237478322 -5.999675359126843 8
    endloop
  endfacet
  facet normal 0 0 -1
    outer loop
      vertex -2.7072459092348247 -5.3545139449749595 0
      vertex -2.9276422452907687 -5.237261773445053 0
      vertex -2.7072459092348247 5.3545139449749595 0
    endloop
  endfacet
  facet normal 0 0 -1
    outer loop
      vertex -2.7072459092348247 -5.3545139449749595 0
      vertex -2.4821628329275685 5.46249646872499 0
      vertex -2.482162832927567 -5.462496468724991 0
    endloop
  endfacet
  facet normal 0 0 -1
    outer loop
      vertex -2.482162832927567 -5.462496468724991 0
      vertex -2.252782676543579 5.561022407099719 0
      vertex -2.252782676543579 -5.561022407099719 0
    endloop
  endfacet
  facet normal 0 0 -1
    outer loop
      vertex -2.252782676543579 -5.561022407099719 0
      vertex -2.0195025392928367 5.649921193591092 0
      vertex -2.019502539292838 -5.649921193591092 0
    endloop
  endfacet
  facet normal 0 0 -1
    outer loop
      vertex -2.019502539292838 -5.649921193591092 0
      vertex -1.7827262719690045 5.729038928060403 0
      vertex -1.7827262719690036 -5.729038928060404 0
    endloop
  endfacet
  facet normal 0 0 -1
    outer loop
      vertex -1.7827262719690036 -5.729038928060404 0
      vertex -1.5449738276080254 -0.12472318151092505 0
      vertex -1.5049598170103804 -0.37093927964571427 0
    endloop
  endfacet
  facet normal 0 0 -1
    outer loop
      vertex -1.7827262719690036 -5.729038928060404 0
      vertex -1.5449738276080254 0.12472318151092505 0
      vertex -1.5449738276080254 -0.12472318151092505 0
    endloop
  endfacet
  facet normal 0 0 -1
    outer loop
      vertex -1.300330302877537 -5.8574005414875305 0
      vertex -1.1601916596652064 -1.0278401202732326 0
      vertex -0.9802903321728345 -1.2006376908328646 0
    endloop
  endfacet
  facet normal 0 0 -1
    outer loop
      vertex -1.542863777809476 -5.798238643167723 0
      vertex -1.3100446325928814 -0.8284220304980918 0
      vertex -1.1601916596652064 -1.0278401202732326 0
    endloop
  endfacet
  facet normal 0 0 -1
    outer loop
      vertex -1.542863777809476 -5.798238643167723 0
      vertex -1.4259681376711775 -0.607548245283116 0
      vertex -1.3100446325928814 -0.8284220304980918 0
    endloop
  endfacet
  facet normal 0 0 -1
    outer loop
      vertex -1.542863777809476 -5.798238643167723 0
      vertex -1.5049598170103804 -0.37093927964571427 0
      vertex -1.4259681376711775 -0.607548245283116 0
    endloop
  endfacet
  facet normal 0 0 -1
    outer loop
      vertex -1.0555457171951121 -5.906422202900082 0
      vertex -0.9802903321728345 -1.2006376908328646 0
      vertex -0.7749999999999999 -1.3423393758658797 0
    endloop
  endfacet
  facet normal 0 0 -1
    outer loop
      vertex -0.8089337878705742 -5.945218761899461 0
      vertex -0.7749999999999999 -1.3423393758658797 0
      vertex -0.5496375749159302 -1.4492751761623928 0
    endloop
  endfacet
  facet normal 0 0 -1
    outer loop
      vertex -0.5609214454800024 -5.9737230545113675 0
      vertex -0.5496375749159302 -1.4492751761623928 0
      vertex -0.31003982535286906 -1.5186755106655148 0
    endloop
  endfacet
  facet normal -0.3946642062334765 -0.9188254264647338 1.2250561219181407e-17
    outer loop
      vertex -2.482162832927567 -5.462496468724991 0
      vertex -2.252782676543579 -5.561022407099719 8
      vertex -2.4000000000000004 -5.4977879705764545 4
    endloop
  endfacet
  facet normal -0.3169209894207013 -0.9484519420954357 0
    outer loop
      vertex -2.019502539292838 -5.649921193591092 0
      vertex -1.7827262719690036 -5.729038928060404 8
      vertex -2.019502539292838 -5.649921193591092 8
    endloop
  endfacet
  facet normal -0.356100835825548 -0.9344475344953006 0
    outer loop
      vertex -2.252782676543579 -5.561022407099719 0
      vertex -2.019502539292838 -5.649921193591092 8
      vertex -2.252782676543579 -5.561022407099719 8
    endloop
  endfacet
  facet normal -0.2771924945341922 -0.9608144050616184 0
    outer loop
      vertex -1.7827262719690036 -5.729038928060404 0
      vertex -1.542863777809476 -5.798238643167723 8
      vertex -1.7827262719690036 -5.729038928060404 8
    endloop
  endfacet
  facet normal -0.23698412849261766 -0.9715135216982801 0
    outer loop
      vertex -1.542863777809476 -5.798238643167723 0
      vertex -1.300330302877537 -5.8574005414875305 8
      vertex -1.542863777809476 -5.798238643167723 8
    endloop
  endfacet
  facet normal -0.19636549936776215 -0.9805307698680595 0
    outer loop
      vertex -1.300330302877537 -5.8574005414875305 0
      vertex -1.0555457171951121 -5.906422202900082 8
      vertex -1.300330302877537 -5.8574005414875305 8
    endloop
  endfacet
  facet normal -0.15540692547220583 -0.9878505390570358 0
    outer loop
      vertex -1.0555457171951121 -5.906422202900082 0
      vertex -0.8089337878705742 -5.945218761899461 8
      vertex -1.0555457171951121 -5.906422202900082 8
    endloop
  endfacet
  facet normal -0.11417931362539806 -0.9934601573993961 0
    outer loop
      vertex -0.8089337878705742 -5.945218761899461 0
      vertex -0.5609214454800024 -5.9737230545113675 8
      vertex -0.8089337878705742 -5.945218761899461 8
    endloop
  endfacet
  facet normal -0.07275403640094351 -0.9973499136147606 0
    outer loop
      vertex -0.5609214454800024 -5.9737230545113675 0
      vertex -0.31193804497187944 -5.991885734566299 8
      vertex -0.5609214454800024 -5.9737230545113675 8
    endloop
  endfacet
  facet normal -0.031202808567538418 -0.9995130738201965 0
    outer loop
      vertex -0.31193804497187944 -5.991885734566299 0
      vertex -0.06241462237478322 -5.999675359126843 8
      vertex -0.31193804497187944 -5.991885734566299 8
    endloop
  endfacet
  facet normal -0.3946642062334763 -0.9188254264647339 0
    outer loop
      vertex -2.252782676543579 -5.561022407099719 8
      vertex -2.4000000000000004 -5.4977879705764545 8
      vertex -2.4000000000000004 -5.4977879705764545 4
    endloop
  endfacet
  facet normal 0 0 1
    outer loop
      vertex -2.252782676543579 -5.561022407099719 8
      vertex -2.252782676543579 5.561022407099719 8
      vertex -2.4000000000000004 -5.4977879705764545 8
    endloop
  endfacet
  facet normal 0 0 1
    outer loop
      vertex -2.252782676543579 -5.561022407099719 8
      vertex -2.019502539292838 -5.649921193591092 8
      vertex -2.252782676543579 5.561022407099719 8
    endloop
  endfacet
  facet normal 0 0 1
    outer loop
      vertex -2.019502539292838 -5.649921193591092 8
      vertex -1.7827262719690036 -5.729038928060404 8
      vertex -2.0195025392928367 5.649921193591092 8
    endloop
  endfacet
  facet normal 0 0 1
    outer loop
      vertex -1.7827262719690036 -5.729038928060404 8
      vertex -1.542863777809476 -5.798238643167723 8
      vertex -1.7827262719690045 5.729038928060403 8
    endloop
  endfacet
  facet normal 0 0 1
    outer loop
      vertex -1.542863777809476 -5.798238643167723 8
      vertex -1.300330302877537 -5.8574005414875305 8
      vertex -1.542863777809476 5.798238643167723 8
    endloop
  endfacet
  facet normal 0 0 1
    outer loop
      vertex -1.300330302877537 -5.8574005414875305 8
      vertex -1.0555457171951121 -5.906422202900082 8
      vertex -1.3003303028775386 5.85740054148753 8
    endloop
  endfacet
  facet normal 0 0 1
    outer loop
      vertex -1.0555457171951121 -5.906422202900082 8
      vertex -0.8089337878705742 -5.945218761899461 8
      vertex -1.0555457171951121 5.906422202900082 8
    endloop
  endfacet
  facet normal 0 0 1
    outer loop
      vertex -0.8089337878705742 -5.945218761899461 8
      vertex -0.5609214454800024 -5.9737230545113675 8
      vertex -0.8089337878705727 5.945218761899461 8
    endloop
  endfacet
  facet normal 0 0 1
    outer loop
      vertex -0.5609214454800024 -5.9737230545113675 8
      vertex -0.31193804497187944 -5.991885734566299 8
      vertex -0.560921445480001 5.9737230545113675 8
    endloop
  endfacet
  facet normal 0 0 1
    outer loop
      vertex -0.31193804497187944 -5.991885734566299 8
      vertex -0.06241462237478322 -5.999675359126843 8
      vertex -0.3119380449718824 5.991885734566299 8
    endloop
  endfacet
  facet normal 0 0 -1
    outer loop
      vertex -5.998701471637938 -0.12482249063706757 0
      vertex -5.998701471637938 0.12482249063706757 0
      vertex -5.9883166168499695 0.3742513812379713 0
    endloop
  endfacet
  facet normal 0 0 -1
    outer loop
      vertex -5.9883166168499695 -0.3742513812379713 0
      vertex -5.9883166168499695 0.3742513812379713 0
      vertex -5.967564885366373 0.623032373911841 0
    endloop
  endfacet
  facet normal 0 0 -1
    outer loop
      vertex -5.967564885366373 -0.623032373911841 0
      vertex -5.967564885366373 0.623032373911841 0
      vertex -5.936482202248442 0.8707347830352758 0
    endloop
  endfacet
  facet normal 0 0 -1
    outer loop
      vertex -5.936482202248442 -0.8707347830352758 0
      vertex -5.936482202248442 0.8707347830352758 0
      vertex -5.895122377333543 1.1169297902112412 0
    endloop
  endfacet
  facet normal 0 0 -1
    outer loop
      vertex -5.895122377333543 -1.1169297902112412 0
      vertex -5.895122377333543 1.1169297902112412 0
      vertex -5.843557012080395 1.3611911866325195 0
    endloop
  endfacet
  facet normal 0 0 -1
    outer loop
      vertex -5.843557012080395 -1.3611911866325195 0
      vertex -5.843557012080395 1.3611911866325195 0
      vertex -5.781875375613789 1.6030961109275093 0
    endloop
  endfacet
  facet normal 0 0 -1
    outer loop
      vertex -5.781875375613789 -1.6030961109275093 0
      vertex -5.781875375613789 1.6030961109275093 0
      vertex -5.710184250183318 1.8422257812109715 0
    endloop
  endfacet
  facet normal 0 0 -1
    outer loop
      vertex -5.710184250183318 -1.8422257812109715 0
      vertex -5.710184250183318 1.8422257812109715 0
      vertex -5.628607746303685 2.0781662200724336 0
    endloop
  endfacet
  facet normal 0 0 -1
    outer loop
      vertex -5.628607746303685 -2.0781662200724336 0
      vertex -5.628607746303685 2.0781662200724336 0
      vertex -5.5372870878965825 2.310508971247197 0
    endloop
  endfacet
  facet normal 0 0 -1
    outer loop
      vertex -5.5372870878965825 -2.310508971247197 0
      vertex -5.5372870878965825 2.310508971247197 0
      vertex -5.436380367806136 2.5388518067291796 0
    endloop
  endfacet
  facet normal 0 0 -1
    outer loop
      vertex -5.436380367806136 -2.5388518067291796 0
      vertex -5.436380367806136 2.5388518067291796 0
      vertex -5.326062274111127 2.762799423101541 0
    endloop
  endfacet
  facet normal 0 0 -1
    outer loop
      vertex -5.326062274111127 -2.762799423101541 0
      vertex -5.326062274111127 2.762799423101541 0
      vertex -5.206523787707823 2.9819641258795473 0
    endloop
  endfacet
  facet normal 0 0 -1
    outer loop
      vertex -5.206523787707823 -2.9819641258795473 0
      vertex -5.206523787707823 2.9819641258795473 0
      vertex -5.077971851686954 3.1959665006809717 0
    endloop
  endfacet
  facet normal 0 0 -1
    outer loop
      vertex -5.077971851686954 -3.1959665006809717 0
      vertex -5.077971851686954 3.1959665006809717 0
      vertex -4.940629013077165 3.404436070062142 0
    endloop
  endfacet
  facet normal 0 0 -1
    outer loop
      vertex -4.940629013077165 -3.404436070062142 0
      vertex -4.940629013077165 3.404436070062142 0
      vertex -4.7947330375752335 3.6070119348824687 0
    endloop
  endfacet
  facet normal 0 0 -1
    outer loop
      vertex -4.7947330375752335 -3.6070119348824687 0
      vertex -4.7947330375752335 3.6070119348824687 0
      vertex -4.640536497929928 3.803343399087208 0
    endloop
  endfacet
  facet normal 0 0 -1
    outer loop
      vertex -4.640536497929928 -3.803343399087208 0
      vertex -4.640536497929928 3.803343399087208 0
      vertex -4.478306336692161 3.9930905768267806 0
    endloop
  endfacet
  facet normal -1 0 0
    outer loop
      vertex -5.998701471637938 -0.12482249063706757 0
      vertex -5.998701471637938 0.12482249063706757 4
      vertex -5.998701471637938 0.12482249063706757 0
    endloop
  endfacet
  facet normal -0.9991344081017308 0.041598492126564496 0
    outer loop
      vertex -5.998701471637938 0.12482249063706757 0
      vertex -5.9883166168499695 0.3742513812379713 4
      vertex -5.9883166168499695 0.3742513812379713 0
    endloop
  endfacet
  facet normal -0.9965391309055931 0.0831249696175892 0
    outer loop
      vertex -5.9883166168499695 0.3742513812379713 0
      vertex -5.967564885366373 0.623032373911841 4
      vertex -5.967564885366373 0.623032373911841 0
    endloop
  endfacet
  facet normal -0.992218661313415 0.12450754250813366 0
    outer loop
      vertex -5.967564885366373 0.623032373911841 0
      vertex -5.936482202248442 0.8707347830352758 4
      vertex -5.936482202248442 0.8707347830352758 0
    endloop
  endfacet
  facet normal -0.9861804788521495 0.16567456995853358 0
    outer loop
      vertex -5.936482202248442 0.8707347830352758 0
      vertex -5.895122377333543 1.1169297902112412 4
      vertex -5.895122377333543 1.1169297902112412 0
    endloop
  endfacet
  facet normal -0.9784350367254314 0.2065547842779336 0
    outer loop
      vertex -5.895122377333543 1.1169297902112412 0
      vertex -5.843557012080395 1.3611911866325195 4
      vertex -5.843557012080395 1.3611911866325195 0
    endloop
  endfacet
  facet normal -0.9689957437171711 0.2470774143016845 0
    outer loop
      vertex -5.843557012080395 1.3611911866325195 0
      vertex -5.781875375613789 1.6030961109275093 4
      vertex -5.781875375613789 1.6030961109275093 0
    endloop
  endfacet
  facet normal -0.9578789409784727 0.2871723079093103 0
    outer loop
      vertex -5.781875375613789 1.6030961109275093 0
      vertex -5.710184250183318 1.8422257812109715 4
      vertex -5.710184250183318 1.8422257812109715 0
    endloop
  endfacet
  facet normal -0.9451038737381072 0.32677005347066906 0
    outer loop
      vertex -5.710184250183318 1.8422257812109715 0
      vertex -5.628607746303685 2.0781662200724336 4
      vertex -5.628607746303685 2.0781662200724336 0
    endloop
  endfacet
  facet normal -0.9306926579854818 0.36580210001026386 0
    outer loop
      vertex -5.628607746303685 2.0781662200724336 0
      vertex -5.5372870878965825 2.310508971247197 4
      vertex -5.5372870878965825 2.310508971247197 0
    endloop
  endfacet
  facet normal -0.9146702421837959 0.4042008758815795 0
    outer loop
      vertex -5.5372870878965825 2.310508971247197 0
      vertex -5.436380367806136 2.5388518067291796 4
      vertex -5.436380367806136 2.5388518067291796 0
    endloop
  endfacet
  facet normal -0.8970643640796634 0.44189990574602883 0
    outer loop
      vertex -5.436380367806136 2.5388518067291796 0
      vertex -5.326062274111127 2.762799423101541 4
      vertex -5.326062274111127 2.762799423101541 0
    endloop
  endfacet
  facet normal -0.8779055026839857 0.47883392565395616 0
    outer loop
      vertex -5.326062274111127 2.762799423101541 0
      vertex -5.206523787707823 2.9819641258795473 4
      vertex -5.206523787707823 2.9819641258795473 0
    endloop
  endfacet
  facet normal 0 0 -1
    outer loop
      vertex -4.478306336692161 -3.9930905768267806 0
      vertex -4.478306336692161 3.9930905768267806 0
      vertex -4.308323404088382 4.175924980861641 0
    endloop
  endfacet
  facet normal 0 0 -1
    outer loop
      vertex -4.308323404088382 -4.175924980861641 0
      vertex -4.308323404088382 4.175924980861641 0
      vertex -4.1308819718172005 4.351530091234075 0
    endloop
  endfacet
  facet normal 0 0 -1
    outer loop
      vertex -4.1308819718172005 -4.351530091234075 0
      vertex -4.1308819718172005 4.351530091234075 0
      vertex -3.9462892236109957 4.51960190322242 0
    endloop
  endfacet
  facet normal 0 0 -1
    outer loop
      vertex -3.9462892236109957 -4.51960190322242 0
      vertex -3.9462892236109957 4.51960190322242 0
      vertex -3.7548647234444266 4.679849453629103 0
    endloop
  endfacet
  facet normal 0 0 -1
    outer loop
      vertex -3.7548647234444266 -4.679849453629103 0
      vertex -3.7548647234444266 4.679849453629103 0
      vertex -3.556939862310437 4.831995324491427 0
    endloop
  endfacet
  facet normal 0 0 -1
    outer loop
      vertex -3.5569398623104354 -4.8319953244914275 0
      vertex -3.556939862310437 4.831995324491427 0
      vertex -3.352857284521556 4.975776123343045 0
    endloop
  endfacet
  facet normal 0 0 -1
    outer loop
      vertex -3.352857284521556 -4.975776123343045 0
      vertex -3.352857284521556 4.975776123343045 0
      vertex -3.1429702945296074 5.1109429391947305 0
    endloop
  endfacet
  facet normal 0 0 -1
    outer loop
      vertex -3.1429702945296087 -5.11094293919473 0
      vertex -3.1429702945296074 5.1109429391947305 0
      vertex -2.9276422452907687 5.237261773445053 0
    endloop
  endfacet
  facet normal -0.9991344081017308 0.041598492126564496 0
    outer loop
      vertex -5.998701471637938 0.12482249063706757 0
      vertex -5.998701471637938 0.12482249063706757 4
      vertex -5.9883166168499695 0.3742513812379713 4
    endloop
  endfacet
  facet normal -0.9965391309055931 0.0831249696175892 0
    outer loop
      vertex -5.9883166168499695 0.3742513812379713 0
      vertex -5.9883166168499695 0.3742513812379713 4
      vertex -5.967564885366373 0.623032373911841 4
    endloop
  endfacet
  facet normal -0.992218661313415 0.12450754250813366 0
    outer loop
      vertex -5.967564885366373 0.623032373911841 0
      vertex -5.967564885366373 0.623032373911841 4
      vertex -5.936482202248442 0.8707347830352758 4
    endloop
  endfacet
  facet normal -0.9861804788521495 0.16567456995853358 0
    outer loop
      vertex -5.936482202248442 0.8707347830352758 0
      vertex -5.936482202248442 0.8707347830352758 4
      vertex -5.895122377333543 1.1169297902112412 4
    endloop
  endfacet
  facet normal -0.9784350367254314 0.2065547842779336 0
    outer loop
      vertex -5.895122377333543 1.1169297902112412 0
      vertex -5.895122377333543 1.1169297902112412 4
      vertex -5.843557012080395 1.3611911866325195 4
    endloop
  endfacet
  facet normal -0.9689957437171711 0.2470774143016845 0
    outer loop
      vertex -5.843557012080395 1.3611911866325195 0
      vertex -5.843557012080395 1.3611911866325195 4
      vertex -5.781875375613789 1.6030961109275093 4
    endloop
  endfacet
  facet normal -0.9578789409784727 0.2871723079093103 0
    outer loop
      vertex -5.781875375613789 1.6030961109275093 0
      vertex -5.781875375613789 1.6030961109275093 4
      vertex -5.710184250183318 1.8422257812109715 4
    endloop
  endfacet
  facet normal -0.9451038737381072 0.32677005347066906 0
    outer loop
      vertex -5.710184250183318 1.8422257812109715 0
      vertex -5.710184250183318 1.8422257812109715 4
      vertex -5.628607746303685 2.0781662200724336 4
    endloop
  endfacet
  facet normal -0.9306926579854818 0.36580210001026386 0
    outer loop
      vertex -5.628607746303685 2.0781662200724336 0
      vertex -5.628607746303685 2.0781662200724336 4
      vertex -5.5372870878965825 2.310508971247197 4
    endloop
  endfacet
  facet normal -0.9146702421837959 0.4042008758815795 0
    outer loop
      vertex -5.5372870878965825 2.310508971247197 0
      vertex -5.5372870878965825 2.310508971247197 4
      vertex -5.436380367806136 2.5388518067291796 4
    endloop
  endfacet
  facet normal -0.8970643640796634 0.44189990574602883 0
    outer loop
      vertex -5.436380367806136 2.5388518067291796 0
      vertex -5.436380367806136 2.5388518067291796 4
      vertex -5.326062274111127 2.762799423101541 4
    endloop
  endfacet
  facet normal -0.8779055026839857 0.47883392565395616 0
    outer loop
      vertex -5.326062274111127 2.762799423101541 0
      vertex -5.326062274111127 2.762799423101541 4
      vertex -5.206523787707823 2.9819641258795473 4
    endloop
  endfacet
  facet normal -0.857226825507174 0.514938996028552 0
    outer loop
      vertex -5.206523787707823 2.9819641258795473 0
      vertex -5.077971851686954 3.1959665006809717 4
      vertex -5.077971851686954 3.1959665006809717 0
    endloop
  endfacet
  facet normal -0.8350641311400799 0.550152612357029 0
    outer loop
      vertex -5.077971851686954 3.1959665006809717 0
      vertex -4.940629013077165 3.404436070062142 4
      vertex -4.940629013077165 3.404436070062142 0
    endloop
  endfacet
  facet normal -0.8114557872800898 0.5844138133973644 0
    outer loop
      vertex -4.940629013077165 3.404436070062142 0
      vertex -4.7947330375752335 3.6070119348824687 4
      vertex -4.7947330375752335 3.6070119348824687 0
    endloop
  endfacet
  facet normal -0.786442664309555 0.6176632867134719 0
    outer loop
      vertex -4.7947330375752335 3.6070119348824687 0
      vertex -4.640536497929928 3.803343399087208 4
      vertex -4.640536497929928 3.803343399087208 0
    endloop
  endfacet
  facet normal -0.760068064541657 0.6498434713559101 0
    outer loop
      vertex -4.640536497929928 3.803343399087208 0
      vertex -4.478306336692161 3.9930905768267806 4
      vertex -4.478306336692161 3.9930905768267806 0
    endloop
  endfacet
  facet normal -0.7323776472561634 0.6808986575104452 0
    outer loop
      vertex -4.478306336692161 3.9930905768267806 0
      vertex -4.308323404088382 4.175924980861641 4
      vertex -4.308323404088382 4.175924980861641 0
    endloop
  endfacet
  facet normal -0.7034193496547898 0.710775082942018 0
    outer loop
      vertex -4.308323404088382 4.175924980861641 0
      vertex -4.1308819718172005 4.351530091234075 4
      vertex -4.1308819718172005 4.351530091234075 0
    endloop
  endfacet
  facet normal -0.6732433038731241 0.7394210260670171 0
    outer loop
      vertex -4.1308819718172005 4.351530091234075 0
      vertex -3.9462892236109957 4.51960190322242 4
      vertex -3.9462892236109957 4.51960190322242 0
    endloop
  endfacet
  facet normal -0.6419017501926675 0.7667868954928679 0
    outer loop
      vertex -3.9462892236109957 4.51960190322242 0
      vertex -3.7548647234444266 4.679849453629103 4
      vertex -3.7548647234444266 4.679849453629103 0
    endloop
  endfacet
  facet normal -0.6094489466033026 0.7928253158698483 0
    outer loop
      vertex -3.7548647234444266 4.679849453629103 0
      vertex -3.556939862310437 4.831995324491427 4
      vertex -3.556939862310437 4.831995324491427 0
    endloop
  endfacet
  facet normal -0.5759410748727666 0.8174912099065056 0
    outer loop
      vertex -3.556939862310437 4.831995324491427 0
      vertex -3.352857284521556 4.975776123343045 4
      vertex -3.352857284521556 4.975776123343045 0
    endloop
  endfacet
  facet normal -0.5414361432856464 0.8407418764067632 0
    outer loop
      vertex -3.352857284521556 4.975776123343045 0
      vertex -3.1429702945296074 5.1109429391947305 4
      vertex -3.1429702945296074 5.1109429391947305 0
    endloop
  endfacet
  facet normal -0.5059938862204119 0.8625370641935134 0
    outer loop
      vertex -3.1429702945296074 5.1109429391947305 0
      vertex -2.9276422452907687 5.237261773445053 4
      vertex -2.9276422452907687 5.237261773445053 0
    endloop
  endfacet
  facet normal -0.857226825507174 0.514938996028552 0
    outer loop
      vertex -5.206523787707823 2.9819641258795473 0
      vertex -5.206523787707823 2.9819641258795473 4
      vertex -5.077971851686954 3.1959665006809717 4
    endloop
  endfacet
  facet normal -0.8350641311400799 0.550152612357029 0
    outer loop
      vertex -5.077971851686954 3.1959665006809717 0
      vertex -5.077971851686954 3.1959665006809717 4
      vertex -4.940629013077165 3.404436070062142 4
    endloop
  endfacet
  facet normal -0.8114557872800898 0.5844138133973644 0
    outer loop
      vertex -4.940629013077165 3.404436070062142 0
      vertex -4.940629013077165 3.404436070062142 4
      vertex -4.7947330375752335 3.6070119348824687 4
    endloop
  endfacet
  facet normal -0.786442664309555 0.6176632867134719 0
    outer loop
      vertex -4.7947330375752335 3.6070119348824687 0
      vertex -4.7947330375752335 3.6070119348824687 4
      vertex -4.640536497929928 3.803343399087208 4
    endloop
  endfacet
  facet normal -0.760068064541657 0.6498434713559101 0
    outer loop
      vertex -4.640536497929928 3.803343399087208 0
      vertex -4.640536497929928 3.803343399087208 4
      vertex -4.478306336692161 3.9930905768267806 4
    endloop
  endfacet
  facet normal -0.7323776472561634 0.6808986575104452 0
    outer loop
      vertex -4.478306336692161 3.9930905768267806 0
      vertex -4.478306336692161 3.9930905768267806 4
      vertex -4.308323404088382 4.175924980861641 4
    endloop
  endfacet
  facet normal -0.7034193496547898 0.710775082942018 0
    outer loop
      vertex -4.308323404088382 4.175924980861641 0
      vertex -4.308323404088382 4.175924980861641 4
      vertex -4.1308819718172005 4.351530091234075 4
    endloop
  endfacet
  facet normal -0.6732433038731241 0.7394210260670171 0
    outer loop
      vertex -4.1308819718172005 4.351530091234075 0
      vertex -4.1308819718172005 4.351530091234075 4
      vertex -3.9462892236109957 4.51960190322242 4
    endloop
  endfacet
  facet normal -0.6419017501926675 0.7667868954928679 0
    outer loop
      vertex -3.9462892236109957 4.51960190322242 0
      vertex -3.9462892236109957 4.51960190322242 4
      vertex -3.7548647234444266 4.679849453629103 4
    endloop
  endfacet
  facet normal -0.6094489466033026 0.7928253158698483 0
    outer loop
      vertex -3.7548647234444266 4.679849453629103 0
      vertex -3.7548647234444266 4.679849453629103 4
      vertex -3.556939862310437 4.831995324491427 4
    endloop
  endfacet
  facet normal -0.5759410748727666 0.8174912099065056 0
    outer loop
      vertex -3.556939862310437 4.831995324491427 0
      vertex -3.556939862310437 4.831995324491427 4
      vertex -3.352857284521556 4.975776123343045 4
    endloop
  endfacet
  facet normal -0.5414361432856464 0.8407418764067632 0
    outer loop
      vertex -3.352857284521556 4.975776123343045 0
      vertex -3.352857284521556 4.975776123343045 4
      vertex -3.1429702945296074 5.1109429391947305 4
    endloop
  endfacet
  facet normal -0.5059938862204119 0.8625370641935134 0
    outer loop
      vertex -3.1429702945296074 5.1109429391947305 0
      vertex -3.1429702945296074 5.1109429391947305 4
      vertex -2.9276422452907687 5.237261773445053 4
    endloop
  endfacet
  facet normal 0 0 -1
    outer loop
      vertex -1.7827262719690036 -5.729038928060404 0
      vertex -1.542863777809476 5.798238643167723 0
      vertex -1.5449738276080254 0.12472318151092505 0
    endloop
  endfacet
  facet normal 0 0 -1
    outer loop
      vertex -2.9276422452907687 -5.237261773445053 0
      vertex -2.9276422452907687 5.237261773445053 0
      vertex -2.7072459092348247 5.3545139449749595 0
    endloop
  endfacet
  facet normal 0 0 -1
    outer loop
      vertex -2.7072459092348247 -5.3545139449749595 0
      vertex -2.7072459092348247 5.3545139449749595 0
      vertex -2.4821628329275685 5.46249646872499 0
    endloop
  endfacet
  facet normal 0 0 -1
    outer loop
      vertex -2.482162832927567 -5.462496468724991 0
      vertex -2.4821628329275685 5.46249646872499 0
      vertex -2.252782676543579 5.561022407099719 0
    endloop
  endfacet
  facet normal 0 0 -1
    outer loop
      vertex -2.252782676543579 -5.561022407099719 0
      vertex -2.252782676543579 5.561022407099719 0
      vertex -2.0195025392928367 5.649921193591092 0
    endloop
  endfacet
  facet normal 0 0 -1
    outer loop
      vertex -2.019502539292838 -5.649921193591092 0
      vertex -2.0195025392928367 5.649921193591092 0
      vertex -1.7827262719690045 5.729038928060403 0
    endloop
  endfacet
  facet normal 0 0 -1
    outer loop
      vertex -1.7827262719690036 -5.729038928060404 0
      vertex -1.7827262719690045 5.729038928060403 0
      vertex -1.542863777809476 5.798238643167723 0
    endloop
  endfacet
  facet normal 0 0 -1
    outer loop
      vertex -1.542863777809476 5.798238643167723 0
      vertex -1.5049598170103804 0.37093927964571427 0
      vertex -1.5449738276080254 0.12472318151092505 0
    endloop
  endfacet
  facet normal 0 0 -1
    outer loop
      vertex -1.542863777809476 5.798238643167723 0
      vertex -1.4259681376711775 0.607548245283116 0
      vertex -1.5049598170103804 0.37093927964571427 0
    endloop
  endfacet
  facet normal 0 0 -1
    outer loop
      vertex -1.3003303028775386 5.85740054148753 0
      vertex -1.3100446325928814 0.8284220304980918 0
      vertex -1.4259681376711775 0.607548245283116 0
    endloop
  endfacet
  facet normal 0 0 -1
    outer loop
      vertex -1.3003303028775386 5.85740054148753 0
      vertex -1.1601916596652064 1.0278401202732326 0
      vertex -1.3100446325928814 0.8284220304980918 0
    endloop
  endfacet
  facet normal 0 0 -1
    outer loop
      vertex -1.0555457171951121 5.906422202900082 0
      vertex -0.9802903321728345 1.2006376908328646 0
      vertex -1.1601916596652064 1.0278401202732326 0
    endloop
  endfacet
  facet normal 0 0 -1
    outer loop
      vertex -0.8089337878705727 5.945218761899461 0
      vertex -0.7749999999999999 1.3423393758658797 0
      vertex -0.9802903321728345 1.2006376908328646 0
    endloop
  endfacet
  facet normal 0 0 -1
    outer loop
      vertex -0.560921445480001 5.9737230545113675 0
      vertex -0.5496375749159302 1.4492751761623928 0
      vertex -0.7749999999999999 1.3423393758658797 0
    endloop
  endfacet
  facet normal 0 0 -1
    outer loop
      vertex -0.3119380449718824 5.991885734566299 0
      vertex -0.3100398253528687 1.5186755106655148 0
      vertex -0.5496375749159302 1.4492751761623928 0
    endloop
  endfacet
  facet normal -0.469675660738206 0.8828390417908178 0
    outer loop
      vertex -2.9276422452907687 5.237261773445053 0
      vertex -2.7072459092348247 5.3545139449749595 4
      vertex -2.7072459092348247 5.3545139449749595 0
    endloop
  endfacet
  facet normal -0.43254434036250233 0.9016126627440233 0
    outer loop
      vertex -2.7072459092348247 5.3545139449749595 0
      vertex -2.4821628329275685 5.46249646872499 4
      vertex -2.4821628329275685 5.46249646872499 0
    endloop
  endfacet
  facet normal -0.39466420623347737 0.9188254264647334 -4.516695082873434e-17
    outer loop
      vertex -2.4821628329275685 5.46249646872499 0
      vertex -2.4000000000000004 5.4977879705764545 4
      vertex -2.252782676543579 5.561022407099719 0
    endloop
  endfacet
  facet normal 0 0 -1
    outer loop
      vertex -1.542863777809476 5.798238643167723 0
      vertex -1.3003303028775386 5.85740054148753 0
      vertex -1.4259681376711775 0.607548245283116 0
    endloop
  endfacet
  facet normal 0 0 -1
    outer loop
      vertex -1.3003303028775386 5.85740054148753 0
      vertex -1.0555457171951121 5.906422202900082 0
      vertex -1.1601916596652064 1.0278401202732326 0
    endloop
  endfacet
  facet normal 0 0 -1
    outer loop
      vertex -1.0555457171951121 5.906422202900082 0
      vertex -0.8089337878705727 5.945218761899461 0
      vertex -0.9802903321728345 1.2006376908328646 0
    endloop
  endfacet
  facet normal 0 0 -1
    outer loop
      vertex -0.062414622374784706 5.999675359126843 0
      vertex -0.062412207169593434 1.5487429471659326 0
      vertex -0.3100398253528687 1.5186755106655148 0
    endloop
  endfacet
  facet normal 0 0 -1
    outer loop
      vertex -0.8089337878705727 5.945218761899461 0
      vertex -0.560921445480001 5.9737230545113675 0
      vertex -0.7749999999999999 1.3423393758658797 0
    endloop
  endfacet
  facet normal 0 0 -1
    outer loop
      vertex -0.560921445480001 5.9737230545113675 0
      vertex -0.3119380449718824 5.991885734566299 0
      vertex -0.5496375749159302 1.4492751761623928 0
    endloop
  endfacet
  facet normal 0 0 -1
    outer loop
      vertex -0.3119380449718824 5.991885734566299 0
      vertex -0.062414622374784706 5.999675359126843 0
      vertex -0.3100398253528687 1.5186755106655148 0
    endloop
  endfacet
  facet normal -0.469675660738206 0.8828390417908178 0
    outer loop
      vertex -2.9276422452907687 5.237261773445053 0
      vertex -2.9276422452907687 5.237261773445053 4
      vertex -2.7072459092348247 5.3545139449749595 4
    endloop
  endfacet
  facet normal -0.43254434036250233 0.9016126627440233 0
    outer loop
      vertex -2.7072459092348247 5.3545139449749595 0
      vertex -2.7072459092348247 5.3545139449749595 4
      vertex -2.4821628329275685 5.46249646872499 4
    endloop
  endfacet
  facet normal -0.39466420623347925 0.9188254264647328 0
    outer loop
      vertex -2.4821628329275685 5.46249646872499 0
      vertex -2.4821628329275685 5.46249646872499 4
      vertex -2.4000000000000004 5.4977879705764545 4
    endloop
  endfacet
  facet normal -0.3561008358255463 0.9344475344953014 0
    outer loop
      vertex -2.252782676543579 5.561022407099719 0
      vertex -2.252782676543579 5.561022407099719 8
      vertex -2.0195025392928367 5.649921193591092 0
    endloop
  endfacet
  facet normal -0.31692098942070074 0.9484519420954358 0
    outer loop
      vertex -2.0195025392928367 5.649921193591092 0
      vertex -2.0195025392928367 5.649921193591092 8
      vertex -1.7827262719690045 5.729038928060403 0
    endloop
  endfacet
  facet normal -0.27719249453419453 0.9608144050616177 0
    outer loop
      vertex -1.7827262719690045 5.729038928060403 0
      vertex -1.7827262719690045 5.729038928060403 8
      vertex -1.542863777809476 5.798238643167723 0
    endloop
  endfacet
  facet normal -0.23698412849261571 0.9715135216982805 0
    outer loop
      vertex -1.542863777809476 5.798238643167723 0
      vertex -1.542863777809476 5.798238643167723 8
      vertex -1.3003303028775386 5.85740054148753 0
    endloop
  endfacet
  facet normal -0.19636549936776437 0.9805307698680591 0
    outer loop
      vertex -1.3003303028775386 5.85740054148753 0
      vertex -1.3003303028775386 5.85740054148753 8
      vertex -1.0555457171951121 5.906422202900082 0
    endloop
  endfacet
  facet normal -0.1554069254722049 0.987850539057036 0
    outer loop
      vertex -1.0555457171951121 5.906422202900082 0
      vertex -1.0555457171951121 5.906422202900082 8
      vertex -0.8089337878705727 5.945218761899461 0
    endloop
  endfacet
  facet normal -0.1141793136253981 0.9934601573993961 0
    outer loop
      vertex -0.8089337878705727 5.945218761899461 0
      vertex -0.8089337878705727 5.945218761899461 8
      vertex -0.560921445480001 5.9737230545113675 0
    endloop
  endfacet
  facet normal -0.07275403640094477 0.9973499136147603 0
    outer loop
      vertex -0.560921445480001 5.9737230545113675 0
      vertex -0.560921445480001 5.9737230545113675 8
      vertex -0.3119380449718824 5.991885734566299 0
    endloop
  endfacet
  facet normal -0.031202808567538234 0.9995130738201966 0
    outer loop
      vertex -0.3119380449718824 5.991885734566299 0
      vertex -0.3119380449718824 5.991885734566299 8
      vertex -0.062414622374784706 5.999675359126843 0
    endloop
  endfacet
  facet normal 0 0 1
    outer loop
      vertex -2.252782676543579 5.561022407099719 8
      vertex -2.4000000000000004 5.4977879705764545 8
      vertex -2.4000000000000004 -5.4977879705764545 8
    endloop
  endfacet
  facet normal 0 0 1
    outer loop
      vertex -2.019502539292838 -5.649921193591092 8
      vertex -2.0195025392928367 5.649921193591092 8
      vertex -2.252782676543579 5.561022407099719 8
    endloop
  endfacet
  facet normal 0 0 1
    outer loop
      vertex -1.7827262719690036 -5.729038928060404 8
      vertex -1.7827262719690045 5.729038928060403 8
      vertex -2.0195025392928367 5.649921193591092 8
    endloop
  endfacet
  facet normal 0 0 1
    outer loop
      vertex -1.542863777809476 -5.798238643167723 8
      vertex -1.542863777809476 5.798238643167723 8
      vertex -1.7827262719690045 5.729038928060403 8
    endloop
  endfacet
  facet normal 0 0 1
    outer loop
      vertex -1.300330302877537 -5.8574005414875305 8
      vertex -1.3003303028775386 5.85740054148753 8
      vertex -1.542863777809476 5.798238643167723 8
    endloop
  endfacet
  facet normal 0 0 1
    outer loop
      vertex -1.0555457171951121 -5.906422202900082 8
      vertex -1.0555457171951121 5.906422202900082 8
      vertex -1.3003303028775386 5.85740054148753 8
    endloop
  endfacet
  facet normal 0 0 1
    outer loop
      vertex -0.8089337878705742 -5.945218761899461 8
      vertex -0.8089337878705727 5.945218761899461 8
      vertex -1.0555457171951121 5.906422202900082 8
    endloop
  endfacet
  facet normal 0 0 1
    outer loop
      vertex -0.5609214454800024 -5.9737230545113675 8
      vertex -0.560921445480001 5.9737230545113675 8
      vertex -0.8089337878705727 5.945218761899461 8
    endloop
  endfacet
  facet normal 0 0 1
    outer loop
      vertex -0.31193804497187944 -5.991885734566299 8
      vertex -0.3119380449718824 5.991885734566299 8
      vertex -0.560921445480001 5.9737230545113675 8
    endloop
  endfacet
  facet normal 0 0 1
    outer loop
      vertex -0.06241462237478322 -5.999675359126843 8
      vertex -0.062414622374784706 5.999675359126843 8
      vertex -0.3119380449718824 5.991885734566299 8
    endloop
  endfacet
  facet normal -0.3946642062334763 0.9188254264647339 0
    outer loop
      vertex -2.252782676543579 5.561022407099719 0
      vertex -2.4000000000000004 5.4977879705764545 4
      vertex -2.4000000000000004 5.4977879705764545 8
    endloop
  endfacet
  facet normal -0.3946642062334763 0.9188254264647339 0
    outer loop
      vertex -2.252782676543579 5.561022407099719 0
      vertex -2.4000000000000004 5.4977879705764545 8
      vertex -2.252782676543579 5.561022407099719 8
    endloop
  endfacet
  facet normal -0.3561008358255463 0.9344475344953014 0
    outer loop
      vertex -2.0195025392928367 5.649921193591092 0
      vertex -2.252782676543579 5.561022407099719 8
      vertex -2.0195025392928367 5.649921193591092 8
    endloop
  endfacet
  facet normal -0.31692098942070074 0.9484519420954358 0
    outer loop
      vertex -1.7827262719690045 5.729038928060403 0
      vertex -2.0195025392928367 5.649921193591092 8
      vertex -1.7827262719690045 5.729038928060403 8
    endloop
  endfacet
  facet normal -0.27719249453419453 0.9608144050616177 0
    outer loop
      vertex -1.542863777809476 5.798238643167723 0
      vertex -1.7827262719690045 5.729038928060403 8
      vertex -1.542863777809476 5.798238643167723 8
    endloop
  endfacet
  facet normal -0.23698412849261571 0.9715135216982805 0
    outer loop
      vertex -1.3003303028775386 5.85740054148753 0
      vertex -1.542863777809476 5.798238643167723 8
      vertex -1.3003303028775386 5.85740054148753 8
    endloop
  endfacet
  facet normal -0.19636549936776437 0.9805307698680591 0
    outer loop
      vertex -1.0555457171951121 5.906422202900082 0
      vertex -1.3003303028775386 5.85740054148753 8
      vertex -1.0555457171951121 5.906422202900082 8
    endloop
  endfacet
  facet normal -0.1554069254722049 0.987850539057036 0
    outer loop
      vertex -0.8089337878705727 5.945218761899461 0
      vertex -1.0555457171951121 5.906422202900082 8
      vertex -0.8089337878705727 5.945218761899461 8
    endloop
  endfacet
  facet normal -0.1141793136253981 0.9934601573993961 0
    outer loop
      vertex -0.560921445480001 5.9737230545113675 0
      vertex -0.8089337878705727 5.945218761899461 8
      vertex -0.560921445480001 5.9737230545113675 8
    endloop
  endfacet
  facet normal -0.07275403640094477 0.9973499136147603 0
    outer loop
      vertex -0.3119380449718824 5.991885734566299 0
      vertex -0.560921445480001 5.9737230545113675 8
      vertex -0.3119380449718824 5.991885734566299 8
    endloop
  endfacet
  facet normal -0.031202808567538234 0.9995130738201966 0
    outer loop
      vertex -0.062414622374784706 5.999675359126843 0
      vertex -0.3119380449718824 5.991885734566299 8
      vertex -0.062414622374784706 5.999675359126843 8
    endloop
  endfacet
  facet normal 0 0 -1
    outer loop
      vertex -0.06241462237478322 -5.999675359126843 0
      vertex 0.18683185439575026 -1.5386987548519837 0
      vertex 0.18721685140523525 -5.997078442921179 0
    endloop
  endfacet
  facet normal 0 0 -1
    outer loop
      vertex 0.18721685140523525 -5.997078442921179 0
      vertex 0.4312370690705009 -1.4888030730286272 0
      vertex 0.43652421840566213 -5.984099481688562 0
    endloop
  endfacet
  facet normal 0 0 -1
    outer loop
      vertex 0.43652421840566213 -5.984099481688562 0
      vertex 0.6644734701747332 -1.4003481736460925 0
      vertex 0.6850758817523888 -5.960760944396377 0
    endloop
  endfacet
  facet normal 0 0 -1
    outer loop
      vertex -0.06241462237478322 -5.999675359126843 0
      vertex -0.06241220716959381 -1.5487429471659326 0
      vertex 0.18683185439575026 -1.5386987548519837 0
    endloop
  endfacet
  facet normal 0 0 -1
    outer loop
      vertex 0.18721685140523525 -5.997078442921179 0
      vertex 0.18683185439575026 -1.5386987548519837 0
      vertex 0.4312370690705009 -1.4888030730286272 0
    endloop
  endfacet
  facet normal 0 0 -1
    outer loop
      vertex 0.6850758817523888 -5.960760944396377 0
      vertex 0.8805003574332919 -1.2756249921351668 0
      vertex 0.9324415528332266 -5.927103234342216 0
    endloop
  endfacet
  facet normal 0 0 -1
    outer loop
      vertex 0.9324415528332266 -5.927103234342216 0
      vertex 1.0737227479398794 -1.1178637933829119 0
      vertex 1.1781929962065871 -5.883184619208354 0
    endloop
  endfacet
  facet normal 0 0 -1
    outer loop
      vertex 1.1781929962065871 -5.883184619208354 0
      vertex 1.3724568397624755 -0.7203209166678408 0
      vertex 1.4219047709557142 -5.829081130189678 0
    endloop
  endfacet
  facet normal 0.4136938054879273 -0.910416078120832 2.084628499787756e-17
    outer loop
      vertex 2.3679852374008608 -5.512952558788402 0
      vertex 2.595266042175007 -5.409675976464142 0
      vertex 2.4000000000000004 -5.498405024655692 4
    endloop
  endfacet
  facet normal 0.4512076515391379 -0.8924189908291598 0
    outer loop
      vertex 2.595266042175007 -5.409675976464142 0
      vertex 2.818053964429236 -5.2970342507449075 0
      vertex 2.595266042175007 -5.409675976464142 4
    endloop
  endfacet
  facet normal 0.48794037421512615 -0.8728769622408433 0
    outer loop
      vertex 2.818053964429236 -5.2970342507449075 0
      vertex 3.035963317322475 -5.175222385161078 0
      vertex 2.818053964429236 -5.2970342507449075 4
    endloop
  endfacet
  facet normal 0 0 -1
    outer loop
      vertex 1.4219047709557142 -5.829081130189678 0
      vertex 1.5499999999999998 0 0
      vertex 1.663154967205143 -5.764886430369714 0
    endloop
  endfacet
  facet normal 0.010402437062462513 -0.9999458931878071 0
    outer loop
      vertex -0.06241462237478322 -5.999675359126843 0
      vertex 0.18721685140523525 -5.997078442921179 0
      vertex 0.18721685140523525 -5.997078442921179 8
    endloop
  endfacet
  facet normal 0.05198967416198265 -0.9986476224277164 0
    outer loop
      vertex 0.18721685140523525 -5.997078442921179 0
      vertex 0.43652421840566213 -5.984099481688562 0
      vertex 0.43652421840566213 -5.984099481688562 8
    endloop
  endfacet
  facet normal 0.09348690757999925 -0.995620509085228 0
    outer loop
      vertex 0.43652421840566213 -5.984099481688562 0
      vertex 0.6850758817523888 -5.960760944396377 0
      vertex 0.6850758817523888 -5.960760944396377 8
    endloop
  endfacet
  facet normal 0.13482229797843023 -0.99086979364991 0
    outer loop
      vertex 0.6850758817523888 -5.960760944396377 0
      vertex 0.9324415528332266 -5.927103234342216 0
      vertex 0.9324415528332266 -5.927103234342216 8
    endloop
  endfacet
  facet normal 0.17592428619918324 -0.9844037004833474 0
    outer loop
      vertex 0.9324415528332266 -5.927103234342216 0
      vertex 1.1781929962065871 -5.883184619208354 0
      vertex 1.1781929962065871 -5.883184619208354 8
    endloop
  endfacet
  facet normal 0.21672171714625726 -0.9762334235812548 0
    outer loop
      vertex 1.1781929962065871 -5.883184619208354 0
      vertex 1.4219047709557142 -5.829081130189678 0
      vertex 1.4219047709557142 -5.829081130189678 8
    endloop
  endfacet
  facet normal 0.2571439629682445 -0.9663731071946209 0
    outer loop
      vertex 1.4219047709557142 -5.829081130189678 0
      vertex 1.663154967205143 -5.764886430369714 0
      vertex 1.663154967205143 -5.764886430369714 8
    endloop
  endfacet
  facet normal 0.2971210453281697 -0.9548398213433998 0
    outer loop
      vertex 1.663154967205143 -5.764886430369714 0
      vertex 1.901525936524215 -5.690711652572611 0
      vertex 1.901525936524215 -5.690711652572611 8
    endloop
  endfacet
  facet normal 0.33658375654880346 -0.9416535322651828 0
    outer loop
      vertex 1.901525936524215 -5.690711652572611 0
      vertex 2.1366050149532794 -5.606685206971807 0
      vertex 2.1366050149532794 -5.606685206971807 8
    endloop
  endfacet
  facet normal 0.3754637794239318 -0.9268370678499523 0
    outer loop
      vertex 2.1366050149532794 -5.606685206971807 0
      vertex 2.3679852374008608 -5.512952558788402 0
      vertex 2.3679852374008608 -5.512952558788402 8
    endloop
  endfacet
  facet normal 0.41369380548792695 -0.9104160781208321 0
    outer loop
      vertex 2.595266042175007 -5.409675976464142 0
      vertex 2.595266042175007 -5.409675976464142 4
      vertex 2.4000000000000004 -5.498405024655692 4
    endloop
  endfacet
  facet normal 0.4512076515391379 -0.8924189908291598 0
    outer loop
      vertex 2.818053964429236 -5.2970342507449075 0
      vertex 2.818053964429236 -5.2970342507449075 4
      vertex 2.595266042175007 -5.409675976464142 4
    endloop
  endfacet
  facet normal 0.48794037421512615 -0.8728769622408433 0
    outer loop
      vertex 3.035963317322475 -5.175222385161078 0
      vertex 3.035963317322475 -5.175222385161078 4
      vertex 2.818053964429236 -5.2970342507449075 4
    endloop
  endfacet
  facet normal 0 0 -1
    outer loop
      vertex 0.43652421840566213 -5.984099481688562 0
      vertex 0.4312370690705009 -1.4888030730286272 0
      vertex 0.6644734701747332 -1.4003481736460925 0
    endloop
  endfacet
  facet normal 0 0 -1
    outer loop
      vertex 0.6850758817523888 -5.960760944396377 0
      vertex 0.6644734701747332 -1.4003481736460925 0
      vertex 0.8805003574332919 -1.2756249921351668 0
    endloop
  endfacet
  facet normal 0 0 -1
    outer loop
      vertex 0.9324415528332266 -5.927103234342216 0
      vertex 0.8805003574332919 -1.2756249921351668 0
      vertex 1.0737227479398794 -1.1178637933829119 0
    endloop
  endfacet
  facet normal 0 0 -1
    outer loop
      vertex 1.1781929962065871 -5.883184619208354 0
      vertex 1.0737227479398794 -1.1178637933829119 0
      vertex 1.239136283275427 -0.9311505095688669 0
    endloop
  endfacet
  facet normal 0 0 -1
    outer loop
      vertex 1.1781929962065871 -5.883184619208354 0
      vertex 1.239136283275427 -0.9311505095688669 0
      vertex 1.3724568397624755 -0.7203209166678408 0
    endloop
  endfacet
  facet normal 0 0 -1
    outer loop
      vertex 1.4219047709557142 -5.829081130189678 0
      vertex 1.3724568397624755 -0.7203209166678408 0
      vertex 1.4702314850180755 -0.49083539039228213 0
    endloop
  endfacet
  facet normal 0 0 -1
    outer loop
      vertex 1.4219047709557142 -5.829081130189678 0
      vertex 1.4702314850180755 -0.49083539039228213 0
      vertex 1.5299279070887648 -0.24863748532952826 0
    endloop
  endfacet
  facet normal 0 0 -1
    outer loop
      vertex 1.4219047709557142 -5.829081130189678 0
      vertex 1.5299279070887648 -0.24863748532952826 0
      vertex 1.5499999999999998 0 0
    endloop
  endfacet
  facet normal 0 0 -1
    outer loop
      vertex 1.663154967205143 -5.764886430369714 0
      vertex 1.9015259365242163 5.690711652572611 0
      vertex 1.901525936524215 -5.690711652572611 0
    endloop
  endfacet
  facet normal 0 0 -1
    outer loop
      vertex 1.901525936524215 -5.690711652572611 0
      vertex 2.136605014953282 5.6066852069718065 0
      vertex 2.1366050149532794 -5.606685206971807 0
    endloop
  endfacet
  facet normal 0 0 -1
    outer loop
      vertex 2.1366050149532794 -5.606685206971807 0
      vertex 2.367985237400858 5.512952558788403 0
      vertex 2.3679852374008608 -5.512952558788402 0
    endloop
  endfacet
  facet normal 0 0 -1
    outer loop
      vertex 2.3679852374008608 -5.512952558788402 0
      vertex 2.5952660421750062 5.409675976464143 0
      vertex 2.595266042175007 -5.409675976464142 0
    endloop
  endfacet
  facet normal 0 0 -1
    outer loop
      vertex 2.595266042175007 -5.409675976464142 0
      vertex 2.818053964429236 5.2970342507449075 0
      vertex 2.818053964429236 -5.2970342507449075 0
    endloop
  endfacet
  facet normal 0 0 -1
    outer loop
      vertex 2.818053964429236 -5.2970342507449075 0
      vertex 3.0359633173224756 5.175222385161077 0
      vertex 3.035963317322475 -5.175222385161078 0
    endloop
  endfacet
  facet normal 0.5238283824216017 -0.8518238231991215 0
    outer loop
      vertex 3.035963317322475 -5.175222385161078 0
      vertex 3.2486168597138816 -5.044451258440577 0
      vertex 3.035963317322475 -5.175222385161078 4
    endloop
  endfacet
  facet normal 0.5588095474202597 -0.8292960205571739 0
    outer loop
      vertex 3.2486168597138816 -5.044451258440577 0
      vertex 3.4556464492365975 -4.904947259439035 0
      vertex 3.2486168597138816 -5.044451258440577 4
    endloop
  endfacet
  facet normal 0.592823310385074 -0.8053325540819036 0
    outer loop
      vertex 3.4556464492365975 -4.904947259439035 0
      vertex 3.656693679619826 -4.756951895219082 0
      vertex 3.4556464492365975 -4.904947259439035 4
    endloop
  endfacet
  facet normal 0.6258107872407367 -0.7799749089381847 0
    outer loop
      vertex 3.656693679619826 -4.756951895219082 0
      vertex 3.8514105011559945 -4.600721372957216 0
      vertex 3.656693679619826 -4.756951895219082 4
    endloop
  endfacet
  facet normal 0.6577148706018342 -0.753266983870402 0
    outer loop
      vertex 3.8514105011559945 -4.600721372957216 0
      vertex 4.039459823238745 -4.436526156402102 0
      vertex 3.8514105011559945 -4.600721372957216 4
    endloop
  endfacet
  facet normal 0.6884803286361977 -0.7252550152056814 0
    outer loop
      vertex 4.039459823238745 -4.436526156402102 0
      vertex 4.22051609792874 -4.264650497652108 0
      vertex 4.039459823238745 -4.436526156402102 4
    endloop
  endfacet
  facet normal 0.7180539006813982 -0.6959874968102723 0
    outer loop
      vertex 4.22051609792874 -4.264650497652108 0
      vertex 4.394265883536976 -4.0853919450626766 0
      vertex 4.22051609792874 -4.264650497652108 4
    endloop
  endfacet
  facet normal 0.7463843894486947 -0.6655150961377957 0
    outer loop
      vertex 4.394265883536976 -4.0853919450626766 0
      vertex 4.56040838724995 -3.8990608281354504 0
      vertex 4.394265883536976 -4.0853919450626766 4
    endloop
  endfacet
  facet normal 0.7734227496549869 -0.6338905665145361 0
    outer loop
      vertex 4.56040838724995 -3.8990608281354504 0
      vertex 4.718655985857323 -3.7059797202808404 0
      vertex 4.56040838724995 -3.8990608281354504 4
    endloop
  endfacet
  facet normal 0.7991221729292063 -0.601168655813744 0
    outer loop
      vertex 4.718655985857323 -3.7059797202808404 0
      vertex 4.868734723680542 -3.5064828803841825 0
      vertex 4.718655985857323 -3.7059797202808404 4
    endloop
  endfacet
  facet normal 0.8234381688461937 -0.5674060116770242 0
    outer loop
      vertex 4.868734723680542 -3.5064828803841825 0
      vertex 5.0103847868404845 -3.3009156741421664 0
      vertex 4.868734723680542 -3.5064828803841825 4
    endloop
  endfacet
  facet normal 0.8463286419478259 -0.5326610834468283 0
    outer loop
      vertex 5.0103847868404845 -3.3009156741421664 0
      vertex 5.1433609530430315 -3.0896339761713323 0
      vertex 5.0103847868404845 -3.3009156741421664 4
    endloop
  endfacet
  facet normal 0.8677539646179705 -0.496994020979925 0
    outer loop
      vertex 5.1433609530430315 -3.0896339761713323 0
      vertex 5.267433016103922 -2.873003553923722 0
      vertex 5.1433609530430315 -3.0896339761713323 4
    endloop
  endfacet
  facet normal 0.5238283824216017 -0.8518238231991215 0
    outer loop
      vertex 3.2486168597138816 -5.044451258440577 0
      vertex 3.2486168597138816 -5.044451258440577 4
      vertex 3.035963317322475 -5.175222385161078 4
    endloop
  endfacet
  facet normal 0.5588095474202597 -0.8292960205571739 0
    outer loop
      vertex 3.4556464492365975 -4.904947259439035 0
      vertex 3.4556464492365975 -4.904947259439035 4
      vertex 3.2486168597138816 -5.044451258440577 4
    endloop
  endfacet
  facet normal 0.592823310385074 -0.8053325540819036 0
    outer loop
      vertex 3.656693679619826 -4.756951895219082 0
      vertex 3.656693679619826 -4.756951895219082 4
      vertex 3.4556464492365975 -4.904947259439035 4
    endloop
  endfacet
  facet normal 0.6258107872407367 -0.7799749089381847 0
    outer loop
      vertex 3.8514105011559945 -4.600721372957216 0
      vertex 3.8514105011559945 -4.600721372957216 4
      vertex 3.656693679619826 -4.756951895219082 4
    endloop
  endfacet
  facet normal 0.6577148706018342 -0.753266983870402 0
    outer loop
      vertex 4.039459823238745 -4.436526156402102 0
      vertex 4.039459823238745 -4.436526156402102 4
      vertex 3.8514105011559945 -4.600721372957216 4
    endloop
  endfacet
  facet normal 0.6884803286361977 -0.7252550152056814 0
    outer loop
      vertex 4.22051609792874 -4.264650497652108 0
      vertex 4.22051609792874 -4.264650497652108 4
      vertex 4.039459823238745 -4.436526156402102 4
    endloop
  endfacet
  facet normal 0.7180539006813982 -0.6959874968102723 0
    outer loop
      vertex 4.394265883536976 -4.0853919450626766 0
      vertex 4.394265883536976 -4.0853919450626766 4
      vertex 4.22051609792874 -4.264650497652108 4
    endloop
  endfacet
  facet normal 0.7463843894486947 -0.6655150961377957 0
    outer loop
      vertex 4.56040838724995 -3.8990608281354504 0
      vertex 4.56040838724995 -3.8990608281354504 4
      vertex 4.394265883536976 -4.0853919450626766 4
    endloop
  endfacet
  facet normal 0.7734227496549869 -0.6338905665145361 0
    outer loop
      vertex 4.718655985857323 -3.7059797202808404 0
      vertex 4.718655985857323 -3.7059797202808404 4
      vertex 4.56040838724995 -3.8990608281354504 4
    endloop
  endfacet
  facet normal 0.7991221729292063 -0.601168655813744 0
    outer loop
      vertex 4.868734723680542 -3.5064828803841825 0
      vertex 4.868734723680542 -3.5064828803841825 4
      vertex 4.718655985857323 -3.7059797202808404 4
    endloop
  endfacet
  facet normal 0.8234381688461937 -0.5674060116770242 0
    outer loop
      vertex 5.0103847868404845 -3.3009156741421664 0
      vertex 5.0103847868404845 -3.3009156741421664 4
      vertex 4.868734723680542 -3.5064828803841825 4
    endloop
  endfacet
  facet normal 0.8463286419478259 -0.5326610834468283 0
    outer loop
      vertex 5.1433609530430315 -3.0896339761713323 0
      vertex 5.1433609530430315 -3.0896339761713323 4
      vertex 5.0103847868404845 -3.3009156741421664 4
    endloop
  endfacet
  facet normal 0 0 -1
    outer loop
      vertex 3.035963317322475 -5.175222385161078 0
      vertex 3.2486168597138834 5.044451258440575 0
      vertex 3.2486168597138816 -5.044451258440577 0
    endloop
  endfacet
  facet normal 0 0 -1
    outer loop
      vertex 3.2486168597138816 -5.044451258440577 0
      vertex 3.4556464492365953 4.904947259439036 0
      vertex 3.4556464492365975 -4.904947259439035 0
    endloop
  endfacet
  facet normal 0 0 -1
    outer loop
      vertex 3.4556464492365975 -4.904947259439035 0
      vertex 3.656693679619824 4.756951895219083 0
      vertex 3.656693679619826 -4.756951895219082 0
    endloop
  endfacet
  facet normal 0 0 -1
    outer loop
      vertex 3.656693679619826 -4.756951895219082 0
      vertex 3.8514105011559945 4.600721372957216 0
      vertex 3.8514105011559945 -4.600721372957216 0
    endloop
  endfacet
  facet normal 0 0 -1
    outer loop
      vertex 3.8514105011559945 -4.600721372957216 0
      vertex 4.0394598232387455 4.436526156402102 0
      vertex 4.039459823238745 -4.436526156402102 0
    endloop
  endfacet
  facet normal 0 0 -1
    outer loop
      vertex 4.039459823238745 -4.436526156402102 0
      vertex 4.220516097928741 4.264650497652106 0
      vertex 4.22051609792874 -4.264650497652108 0
    endloop
  endfacet
  facet normal 0 0 -1
    outer loop
      vertex 4.22051609792874 -4.264650497652108 0
      vertex 4.394265883536974 4.085391945062678 0
      vertex 4.394265883536976 -4.0853919450626766 0
    endloop
  endfacet
  facet normal 0.8876770456851882 -0.4604665705169229 0
    outer loop
      vertex 5.267433016103922 -2.873003553923722 0
      vertex 5.382386184477984 -2.6513994344761644 0
      vertex 5.267433016103922 -2.873003553923722 4
    endloop
  endfacet
  facet normal 0.9060633946343563 -0.4231419677881959 0
    outer loop
      vertex 5.382386184477984 -2.6513994344761644 0
      vertex 5.488021453102769 -2.425205255289491 0
      vertex 5.382386184477984 -2.6513994344761644 4
    endloop
  endfacet
  facet normal 0.9228811813160961 -0.3850848285412021 0
    outer loop
      vertex 5.488021453102769 -2.425205255289491 0
      vertex 5.584155947912891 -2.1948126000615824 0
      vertex 5.488021453102769 -2.425205255289491 4
    endloop
  endfacet
  facet normal 0.9381012910506143 -0.3463610366787388 0
    outer loop
      vertex 5.584155947912891 -2.1948126000615824 0
      vertex 5.670623242428645 -1.9606203208240096 0
      vertex 5.584155947912891 -2.1948126000615824 4
    endloop
  endfacet
  facet normal 0.9516973750305537 -0.3070376302018266 0
    outer loop
      vertex 5.670623242428645 -1.9606203208240096 0
      vertex 5.747273645870837 -1.7230338474558582 0
      vertex 5.670623242428645 -1.9606203208240096 4
    endloop
  endfacet
  facet normal 0.9636458959356308 -0.2671826851545877 0
    outer loop
      vertex 5.747273645870837 -1.7230338474558582 0
      vertex 5.813974462303027 -1.4824644858101101 0
      vertex 5.747273645870837 -1.7230338474558582 4
    endloop
  endfacet
  facet normal 0 0 -1
    outer loop
      vertex 4.394265883536976 -4.0853919450626766 0
      vertex 4.56040838724995 3.899060828135451 0
      vertex 4.56040838724995 -3.8990608281354504 0
    endloop
  endfacet
  facet normal 0 0 -1
    outer loop
      vertex 4.56040838724995 -3.8990608281354504 0
      vertex 4.718655985857323 3.705979720280841 0
      vertex 4.718655985857323 -3.7059797202808404 0
    endloop
  endfacet
  facet normal 0 0 -1
    outer loop
      vertex 4.718655985857323 -3.7059797202808404 0
      vertex 4.868734723680543 3.5064828803841817 0
      vertex 4.868734723680542 -3.5064828803841825 0
    endloop
  endfacet
  facet normal 0 0 -1
    outer loop
      vertex 4.868734723680542 -3.5064828803841825 0
      vertex 5.010384786840485 3.300915674142165 0
      vertex 5.0103847868404845 -3.3009156741421664 0
    endloop
  endfacet
  facet normal 0 0 -1
    outer loop
      vertex 5.0103847868404845 -3.3009156741421664 0
      vertex 5.14336095304303 3.0896339761713345 0
      vertex 5.1433609530430315 -3.0896339761713323 0
    endloop
  endfacet
  facet normal 0 0 -1
    outer loop
      vertex 5.1433609530430315 -3.0896339761713323 0
      vertex 5.2674330161039205 2.8730035539237244 0
      vertex 5.267433016103922 -2.873003553923722 0
    endloop
  endfacet
  facet normal 0 0 -1
    outer loop
      vertex 5.267433016103922 -2.873003553923722 0
      vertex 5.382386184477984 2.651399434476165 0
      vertex 5.382386184477984 -2.6513994344761644 0
    endloop
  endfacet
  facet normal 0 0 -1
    outer loop
      vertex 5.382386184477984 -2.6513994344761644 0
      vertex 5.48802145310277 2.4252052552894905 0
      vertex 5.488021453102769 -2.425205255289491 0
    endloop
  endfacet
  facet normal 0 0 -1
    outer loop
      vertex 5.488021453102769 -2.425205255289491 0
      vertex 5.584155947912892 2.1948126000615806 0
      vertex 5.584155947912891 -2.1948126000615824 0
    endloop
  endfacet
  facet normal 0 0 -1
    outer loop
      vertex 5.584155947912891 -2.1948126000615824 0
      vertex 5.670623242428646 1.960620320824007 0
      vertex 5.670623242428645 -1.9606203208240096 0
    endloop
  endfacet
  facet normal 0 0 -1
    outer loop
      vertex 5.670623242428645 -1.9606203208240096 0
      vertex 5.747273645870836 1.7230338474558602 0
      vertex 5.747273645870837 -1.7230338474558582 0
    endloop
  endfacet
  facet normal 0 0 -1
    outer loop
      vertex 5.747273645870837 -1.7230338474558582 0
      vertex 5.813974462303026 1.482464485810111 0
      vertex 5.813974462303027 -1.4824644858101101 0
    endloop
  endfacet
  facet normal 0 0 -1
    outer loop
      vertex 5.813974462303027 -1.4824644858101101 0
      vertex 5.870610220352592 1.2393287056675848 0
      vertex 5.870610220352592 -1.2393287056675848 0
    endloop
  endfacet
  facet normal 0 0 -1
    outer loop
      vertex 5.870610220352592 -1.2393287056675848 0
      vertex 5.917082873112894 0.9940474197512223 0
      vertex 5.917082873112893 -0.9940474197512237 0
    endloop
  endfacet
  facet normal 0 0 -1
    outer loop
      vertex 5.917082873112893 -0.9940474197512237 0
      vertex 5.953311967880491 0.7470452550487964 0
      vertex 5.953311967880491 -0.7470452550487989 0
    endloop
  endfacet
  facet normal 0 0 -1
    outer loop
      vertex 5.953311967880491 -0.7470452550487989 0
      vertex 5.979234785433557 0.4987498177055495 0
      vertex 5.979234785433558 -0.49874981770554716 0
    endloop
  endfacet
  facet normal 0 0 -1
    outer loop
      vertex 5.979234785433558 -0.49874981770554716 0
      vertex 5.994806448610387 0.24959095275936444 0
      vertex 5.994806448610387 -0.24959095275936327 0
    endloop
  endfacet
  facet normal 0.973926168680066 -0.22686519777208575 0
    outer loop
      vertex 5.813974462303027 -1.4824644858101101 0
      vertex 5.870610220352592 -1.2393287056675848 0
      vertex 5.813974462303027 -1.4824644858101101 4
    endloop
  endfacet
  facet normal 0.9825203962222576 -0.18615496503520323 0
    outer loop
      vertex 5.870610220352592 -1.2393287056675848 0
      vertex 5.917082873112893 -0.9940474197512237 0
      vertex 5.870610220352592 -1.2393287056675848 4
    endloop
  endfacet
  facet normal 0.9894137003747395 -0.14512246383921754 0
    outer loop
      vertex 5.917082873112893 -0.9940474197512237 0
      vertex 5.953311967880491 -0.7470452550487989 0
      vertex 5.917082873112893 -0.9940474197512237 4
    endloop
  endfacet
  facet normal 0.9945941475610623 -0.10383872898530654 0
    outer loop
      vertex 5.953311967880491 -0.7470452550487989 0
      vertex 5.979234785433558 -0.49874981770554716 0
      vertex 5.953311967880491 -0.7470452550487989 4
    endloop
  endfacet
  facet normal 0.998052769474995 -0.062375230206327764 0
    outer loop
      vertex 5.979234785433558 -0.49874981770554716 0
      vertex 5.994806448610387 -0.24959095275936327 0
      vertex 5.979234785433558 -0.49874981770554716 4
    endloop
  endfacet
  facet normal 0.9997835786063229 -0.020803748439510054 0
    outer loop
      vertex 5.994806448610387 -0.24959095275936327 0
      vertex 6 0 0
      vertex 5.994806448610387 -0.24959095275936327 4
    endloop
  endfacet
  facet normal 0.8677539646179705 -0.496994020979925 0
    outer loop
      vertex 5.267433016103922 -2.873003553923722 0
      vertex 5.267433016103922 -2.873003553923722 4
      vertex 5.1433609530430315 -3.0896339761713323 4
    endloop
  endfacet
  facet normal 0.8876770456851882 -0.4604665705169229 0
    outer loop
      vertex 5.382386184477984 -2.6513994344761644 0
      vertex 5.382386184477984 -2.6513994344761644 4
      vertex 5.267433016103922 -2.873003553923722 4
    endloop
  endfacet
  facet normal 0.9060633946343563 -0.4231419677881959 0
    outer loop
      vertex 5.488021453102769 -2.425205255289491 0
      vertex 5.488021453102769 -2.425205255289491 4
      vertex 5.382386184477984 -2.6513994344761644 4
    endloop
  endfacet
  facet normal 0.9228811813160961 -0.3850848285412021 0
    outer loop
      vertex 5.584155947912891 -2.1948126000615824 0
      vertex 5.584155947912891 -2.1948126000615824 4
      vertex 5.488021453102769 -2.425205255289491 4
    endloop
  endfacet
  facet normal 0.9381012910506143 -0.3463610366787388 0
    outer loop
      vertex 5.670623242428645 -1.9606203208240096 0
      vertex 5.670623242428645 -1.9606203208240096 4
      vertex 5.584155947912891 -2.1948126000615824 4
    endloop
  endfacet
  facet normal 0.9516973750305537 -0.3070376302018266 0
    outer loop
      vertex 5.747273645870837 -1.7230338474558582 0
      vertex 5.747273645870837 -1.7230338474558582 4
      vertex 5.670623242428645 -1.9606203208240096 4
    endloop
  endfacet
  facet normal 0.9636458959356308 -0.2671826851545877 0
    outer loop
      vertex 5.813974462303027 -1.4824644858101101 0
      vertex 5.813974462303027 -1.4824644858101101 4
      vertex 5.747273645870837 -1.7230338474558582 4
    endloop
  endfacet
  facet normal 0.973926168680066 -0.22686519777208575 0
    outer loop
      vertex 5.870610220352592 -1.2393287056675848 0
      vertex 5.870610220352592 -1.2393287056675848 4
      vertex 5.813974462303027 -1.4824644858101101 4
    endloop
  endfacet
  facet normal 0.9825203962222576 -0.18615496503520323 0
    outer loop
      vertex 5.917082873112893 -0.9940474197512237 0
      vertex 5.917082873112893 -0.9940474197512237 4
      vertex 5.870610220352592 -1.2393287056675848 4
    endloop
  endfacet
  facet normal 0.9894137003747395 -0.14512246383921754 0
    outer loop
      vertex 5.953311967880491 -0.7470452550487989 0
      vertex 5.953311967880491 -0.7470452550487989 4
      vertex 5.917082873112893 -0.9940474197512237 4
    endloop
  endfacet
  facet normal 0.9945941475610623 -0.10383872898530654 0
    outer loop
      vertex 5.979234785433558 -0.49874981770554716 0
      vertex 5.979234785433558 -0.49874981770554716 4
      vertex 5.953311967880491 -0.7470452550487989 4
    endloop
  endfacet
  facet normal 0.998052769474995 -0.062375230206327764 0
    outer loop
      vertex 5.994806448610387 -0.24959095275936327 0
      vertex 5.994806448610387 -0.24959095275936327 4
      vertex 5.979234785433558 -0.49874981770554716 4
    endloop
  endfacet
  facet normal 0.9997835786063229 -0.020803748439510054 0
    outer loop
      vertex 6 0 0
      vertex 6 0 4
      vertex 5.994806448610387 -0.24959095275936327 4
    endloop
  endfacet
  facet normal 0.010402437062462513 -0.9999458931878071 0
    outer loop
      vertex -0.06241462237478322 -5.999675359126843 0
      vertex 0.18721685140523525 -5.997078442921179 8
      vertex -0.06241462237478322 -5.999675359126843 8
    endloop
  endfacet
  facet normal 0.05198967416198265 -0.9986476224277164 0
    outer loop
      vertex 0.18721685140523525 -5.997078442921179 0
      vertex 0.43652421840566213 -5.984099481688562 8
      vertex 0.18721685140523525 -5.997078442921179 8
    endloop
  endfacet
  facet normal 0.09348690757999925 -0.995620509085228 0
    outer loop
      vertex 0.43652421840566213 -5.984099481688562 0
      vertex 0.6850758817523888 -5.960760944396377 8
      vertex 0.43652421840566213 -5.984099481688562 8
    endloop
  endfacet
  facet normal 0.13482229797843023 -0.99086979364991 0
    outer loop
      vertex 0.6850758817523888 -5.960760944396377 0
      vertex 0.9324415528332266 -5.927103234342216 8
      vertex 0.6850758817523888 -5.960760944396377 8
    endloop
  endfacet
  facet normal 0.17592428619918324 -0.9844037004833474 0
    outer loop
      vertex 0.9324415528332266 -5.927103234342216 0
      vertex 1.1781929962065871 -5.883184619208354 8
      vertex 0.9324415528332266 -5.927103234342216 8
    endloop
  endfacet
  facet normal 0.21672171714625726 -0.9762334235812548 0
    outer loop
      vertex 1.1781929962065871 -5.883184619208354 0
      vertex 1.4219047709557142 -5.829081130189678 8
      vertex 1.1781929962065871 -5.883184619208354 8
    endloop
  endfacet
  facet normal 0.4136938054879295 -0.910416078120831 0
    outer loop
      vertex 2.3679852374008608 -5.512952558788402 0
      vertex 2.4000000000000004 -5.498405024655692 4
      vertex 2.4000000000000004 -5.498405024655692 8
    endloop
  endfacet
  facet normal 0.2571439629682445 -0.9663731071946209 0
    outer loop
      vertex 1.4219047709557142 -5.829081130189678 0
      vertex 1.663154967205143 -5.764886430369714 8
      vertex 1.4219047709557142 -5.829081130189678 8
    endloop
  endfacet
  facet normal 0.2971210453281697 -0.9548398213433998 0
    outer loop
      vertex 1.663154967205143 -5.764886430369714 0
      vertex 1.901525936524215 -5.690711652572611 8
      vertex 1.663154967205143 -5.764886430369714 8
    endloop
  endfacet
  facet normal 0.33658375654880346 -0.9416535322651828 0
    outer loop
      vertex 1.901525936524215 -5.690711652572611 0
      vertex 2.1366050149532794 -5.606685206971807 8
      vertex 1.901525936524215 -5.690711652572611 8
    endloop
  endfacet
  facet normal 0.3754637794239318 -0.9268370678499523 0
    outer loop
      vertex 2.1366050149532794 -5.606685206971807 0
      vertex 2.3679852374008608 -5.512952558788402 8
      vertex 2.1366050149532794 -5.606685206971807 8
    endloop
  endfacet
  facet normal 0.4136938054879295 -0.910416078120831 0
    outer loop
      vertex 2.3679852374008608 -5.512952558788402 0
      vertex 2.4000000000000004 -5.498405024655692 8
      vertex 2.3679852374008608 -5.512952558788402 8
    endloop
  endfacet
  facet normal 0 0 1
    outer loop
      vertex -0.06241462237478322 -5.999675359126843 8
      vertex 0.18721685140523525 -5.997078442921179 8
      vertex -0.062414622374784706 5.999675359126843 8
    endloop
  endfacet
  facet normal 0 0 1
    outer loop
      vertex 0.18721685140523525 -5.997078442921179 8
      vertex 0.43652421840566213 -5.984099481688562 8
      vertex 0.18721685140523525 5.997078442921179 8
    endloop
  endfacet
  facet normal 0 0 1
    outer loop
      vertex 0.43652421840566213 -5.984099481688562 8
      vertex 0.6850758817523888 -5.960760944396377 8
      vertex 0.43652421840566213 5.984099481688562 8
    endloop
  endfacet
  facet normal 0 0 1
    outer loop
      vertex 0.6850758817523888 -5.960760944396377 8
      vertex 0.9324415528332266 -5.927103234342216 8
      vertex 0.6850758817523903 5.960760944396377 8
    endloop
  endfacet
  facet normal 0 0 1
    outer loop
      vertex 0.9324415528332266 -5.927103234342216 8
      vertex 1.1781929962065871 -5.883184619208354 8
      vertex 0.9324415528332297 5.927103234342216 8
    endloop
  endfacet
  facet normal 0 0 1
    outer loop
      vertex 1.1781929962065871 -5.883184619208354 8
      vertex 1.4219047709557142 -5.829081130189678 8
      vertex 1.1781929962065856 5.883184619208355 8
    endloop
  endfacet
  facet normal 0 0 1
    outer loop
      vertex 1.4219047709557142 -5.829081130189678 8
      vertex 1.663154967205143 -5.764886430369714 8
      vertex 1.4219047709557129 5.829081130189678 8
    endloop
  endfacet
  facet normal 0 0 1
    outer loop
      vertex 1.663154967205143 -5.764886430369714 8
      vertex 1.901525936524215 -5.690711652572611 8
      vertex 1.663154967205143 5.764886430369714 8
    endloop
  endfacet
  facet normal 0 0 1
    outer loop
      vertex 1.901525936524215 -5.690711652572611 8
      vertex 2.1366050149532794 -5.606685206971807 8
      vertex 1.9015259365242163 5.690711652572611 8
    endloop
  endfacet
  facet normal 0 0 1
    outer loop
      vertex 2.1366050149532794 -5.606685206971807 8
      vertex 2.3679852374008608 -5.512952558788402 8
      vertex 2.136605014953282 5.6066852069718065 8
    endloop
  endfacet
  facet normal 0 0 1
    outer loop
      vertex 2.3679852374008608 -5.512952558788402 8
      vertex 2.4000000000000004 -5.498405024655692 8
      vertex 2.4000000000000004 5.498405024655693 8
    endloop
  endfacet
  facet normal 0 0 -1
    outer loop
      vertex 0.6850758817523903 5.960760944396377 0
      vertex 0.664473470174734 1.4003481736460923 0
      vertex 0.4312370690705017 1.4888030730286268 0
    endloop
  endfacet
  facet normal 0 0 -1
    outer loop
      vertex 0.9324415528332297 5.927103234342216 0
      vertex 0.8805003574332912 1.2756249921351674 0
      vertex 0.664473470174734 1.4003481736460923 0
    endloop
  endfacet
  facet normal 0 0 -1
    outer loop
      vertex 1.1781929962065856 5.883184619208355 0
      vertex 1.073722747939879 1.1178637933829125 0
      vertex 0.8805003574332912 1.2756249921351674 0
    endloop
  endfacet
  facet normal 0 0 -1
    outer loop
      vertex 1.4219047709557129 5.829081130189678 0
      vertex 1.3724568397624752 0.7203209166678411 0
      vertex 1.2391362832754267 0.931150509568867 0
    endloop
  endfacet
  facet normal 0 0 -1
    outer loop
      vertex 1.4219047709557129 5.829081130189678 0
      vertex 1.2391362832754267 0.931150509568867 0
      vertex 1.073722747939879 1.1178637933829125 0
    endloop
  endfacet
  facet normal 0 0 -1
    outer loop
      vertex 1.663154967205143 -5.764886430369714 0
      vertex 1.5499999999999998 0 0
      vertex 1.663154967205143 5.764886430369714 0
    endloop
  endfacet
  facet normal 0 0 -1
    outer loop
      vertex 1.663154967205143 5.764886430369714 0
      vertex 1.5499999999999998 0 0
      vertex 1.5299279070887648 0.24863748532952834 0
    endloop
  endfacet
  facet normal 0 0 -1
    outer loop
      vertex 1.663154967205143 5.764886430369714 0
      vertex 1.5299279070887648 0.24863748532952834 0
      vertex 1.4702314850180753 0.4908353903922823 0
    endloop
  endfacet
  facet normal 0 0 -1
    outer loop
      vertex 1.663154967205143 -5.764886430369714 0
      vertex 1.663154967205143 5.764886430369714 0
      vertex 1.9015259365242163 5.690711652572611 0
    endloop
  endfacet
  facet normal 0 0 -1
    outer loop
      vertex 1.901525936524215 -5.690711652572611 0
      vertex 1.9015259365242163 5.690711652572611 0
      vertex 2.136605014953282 5.6066852069718065 0
    endloop
  endfacet
  facet normal 0 0 -1
    outer loop
      vertex 2.1366050149532794 -5.606685206971807 0
      vertex 2.136605014953282 5.6066852069718065 0
      vertex 2.367985237400858 5.512952558788403 0
    endloop
  endfacet
  facet normal 0 0 -1
    outer loop
      vertex 1.663154967205143 5.764886430369714 0
      vertex 1.4702314850180753 0.4908353903922823 0
      vertex 1.3724568397624752 0.7203209166678411 0
    endloop
  endfacet
  facet normal 0 0 -1
    outer loop
      vertex 2.3679852374008608 -5.512952558788402 0
      vertex 2.367985237400858 5.512952558788403 0
      vertex 2.5952660421750062 5.409675976464143 0
    endloop
  endfacet
  facet normal 0 0 -1
    outer loop
      vertex 2.595266042175007 -5.409675976464142 0
      vertex 2.5952660421750062 5.409675976464143 0
      vertex 2.818053964429236 5.2970342507449075 0
    endloop
  endfacet
  facet normal 0 0 -1
    outer loop
      vertex 2.818053964429236 -5.2970342507449075 0
      vertex 2.818053964429236 5.2970342507449075 0
      vertex 3.0359633173224756 5.175222385161077 0
    endloop
  endfacet
  facet normal 0 0 -1
    outer loop
      vertex 0.18721685140523525 5.997078442921179 0
      vertex 0.18683185439575062 1.5386987548519835 0
      vertex -0.062412207169593434 1.5487429471659326 0
    endloop
  endfacet
  facet normal 0 0 -1
    outer loop
      vertex 0.43652421840566213 5.984099481688562 0
      vertex 0.4312370690705017 1.4888030730286268 0
      vertex 0.18683185439575062 1.5386987548519835 0
    endloop
  endfacet
  facet normal 0 0 -1
    outer loop
      vertex 0.43652421840566213 5.984099481688562 0
      vertex 0.6850758817523903 5.960760944396377 0
      vertex 0.4312370690705017 1.4888030730286268 0
    endloop
  endfacet
  facet normal 0 0 -1
    outer loop
      vertex 0.6850758817523903 5.960760944396377 0
      vertex 0.9324415528332297 5.927103234342216 0
      vertex 0.664473470174734 1.4003481736460923 0
    endloop
  endfacet
  facet normal 0 0 -1
    outer loop
      vertex 0.9324415528332297 5.927103234342216 0
      vertex 1.1781929962065856 5.883184619208355 0
      vertex 0.8805003574332912 1.2756249921351674 0
    endloop
  endfacet
  facet normal 0 0 -1
    outer loop
      vertex 1.4219047709557129 5.829081130189678 0
      vertex 1.663154967205143 5.764886430369714 0
      vertex 1.3724568397624752 0.7203209166678411 0
    endloop
  endfacet
  facet normal 0 0 -1
    outer loop
      vertex 1.1781929962065856 5.883184619208355 0
      vertex 1.4219047709557129 5.829081130189678 0
      vertex 1.073722747939879 1.1178637933829125 0
    endloop
  endfacet
  facet normal 0 0 -1
    outer loop
      vertex -0.062414622374784706 5.999675359126843 0
      vertex 0.18721685140523525 5.997078442921179 0
      vertex -0.062412207169593434 1.5487429471659326 0
    endloop
  endfacet
  facet normal 0 0 -1
    outer loop
      vertex 0.18721685140523525 5.997078442921179 0
      vertex 0.43652421840566213 5.984099481688562 0
      vertex 0.18683185439575062 1.5386987548519835 0
    endloop
  endfacet
  facet normal 0.48794037421512815 0.8728769622408423 0
    outer loop
      vertex 2.818053964429236 5.2970342507449075 0
      vertex 3.0359633173224756 5.175222385161077 4
      vertex 3.0359633173224756 5.175222385161077 0
    endloop
  endfacet
  facet normal 0.4136938054879276 0.9104160781208319 0
    outer loop
      vertex 2.367985237400858 5.512952558788403 0
      vertex 2.5952660421750062 5.409675976464143 4
      vertex 2.5952660421750062 5.409675976464143 0
    endloop
  endfacet
  facet normal 0.45120765153913933 0.892418990829159 0
    outer loop
      vertex 2.5952660421750062 5.409675976464143 0
      vertex 2.818053964429236 5.2970342507449075 4
      vertex 2.818053964429236 5.2970342507449075 0
    endloop
  endfacet
  facet normal 0.010402437062462452 0.9999458931878071 0
    outer loop
      vertex -0.062414622374784706 5.999675359126843 0
      vertex -0.062414622374784706 5.999675359126843 8
      vertex 0.18721685140523525 5.997078442921179 0
    endloop
  endfacet
  facet normal 0.05198967416198265 0.9986476224277164 0
    outer loop
      vertex 0.18721685140523525 5.997078442921179 0
      vertex 0.18721685140523525 5.997078442921179 8
      vertex 0.43652421840566213 5.984099481688562 0
    endloop
  endfacet
  facet normal 0.09348690757999868 0.9956205090852281 0
    outer loop
      vertex 0.43652421840566213 5.984099481688562 0
      vertex 0.43652421840566213 5.984099481688562 8
      vertex 0.6850758817523903 5.960760944396377 0
    endloop
  endfacet
  facet normal 0.13482229797842943 0.9908697936499102 0
    outer loop
      vertex 0.6850758817523903 5.960760944396377 0
      vertex 0.6850758817523903 5.960760944396377 8
      vertex 0.9324415528332297 5.927103234342216 0
    endloop
  endfacet
  facet normal 0.17592428619918302 0.9844037004833474 0
    outer loop
      vertex 0.9324415528332297 5.927103234342216 0
      vertex 0.9324415528332297 5.927103234342216 8
      vertex 1.1781929962065856 5.883184619208355 0
    endloop
  endfacet
  facet normal 0.21672171714626048 0.9762334235812541 0
    outer loop
      vertex 1.1781929962065856 5.883184619208355 0
      vertex 1.1781929962065856 5.883184619208355 8
      vertex 1.4219047709557129 5.829081130189678 0
    endloop
  endfacet
  facet normal 0.2571439629682431 0.9663731071946211 0
    outer loop
      vertex 1.4219047709557129 5.829081130189678 0
      vertex 1.4219047709557129 5.829081130189678 8
      vertex 1.663154967205143 5.764886430369714 0
    endloop
  endfacet
  facet normal 0.2971210453281682 0.9548398213434003 0
    outer loop
      vertex 1.663154967205143 5.764886430369714 0
      vertex 1.663154967205143 5.764886430369714 8
      vertex 1.9015259365242163 5.690711652572611 0
    endloop
  endfacet
  facet normal 0.37546377942393 0.926837067849953 0
    outer loop
      vertex 2.136605014953282 5.6066852069718065 0
      vertex 2.136605014953282 5.6066852069718065 8
      vertex 2.367985237400858 5.512952558788403 0
    endloop
  endfacet
  facet normal 0.33658375654880496 0.9416535322651823 0
    outer loop
      vertex 2.136605014953282 5.6066852069718065 0
      vertex 1.9015259365242163 5.690711652572611 0
      vertex 1.9015259365242163 5.690711652572611 8
    endloop
  endfacet
  facet normal 0.4136938054879285 0.9104160781208315 -6.470434392099723e-17
    outer loop
      vertex 2.367985237400858 5.512952558788403 0
      vertex 2.4000000000000004 5.498405024655693 4
      vertex 2.5952660421750062 5.409675976464143 4
    endloop
  endfacet
  facet normal 0.45120765153913933 0.892418990829159 0
    outer loop
      vertex 2.5952660421750062 5.409675976464143 0
      vertex 2.5952660421750062 5.409675976464143 4
      vertex 2.818053964429236 5.2970342507449075 4
    endloop
  endfacet
  facet normal 0.48794037421512815 0.8728769622408423 0
    outer loop
      vertex 2.818053964429236 5.2970342507449075 0
      vertex 2.818053964429236 5.2970342507449075 4
      vertex 3.0359633173224756 5.175222385161077 4
    endloop
  endfacet
  facet normal 0 0 -1
    outer loop
      vertex 3.8514105011559945 -4.600721372957216 0
      vertex 3.8514105011559945 4.600721372957216 0
      vertex 4.0394598232387455 4.436526156402102 0
    endloop
  endfacet
  facet normal 0 0 -1
    outer loop
      vertex 4.039459823238745 -4.436526156402102 0
      vertex 4.0394598232387455 4.436526156402102 0
      vertex 4.220516097928741 4.264650497652106 0
    endloop
  endfacet
  facet normal 0 0 -1
    outer loop
      vertex 4.22051609792874 -4.264650497652108 0
      vertex 4.220516097928741 4.264650497652106 0
      vertex 4.394265883536974 4.085391945062678 0
    endloop
  endfacet
  facet normal 0 0 -1
    outer loop
      vertex 4.394265883536976 -4.0853919450626766 0
      vertex 4.394265883536974 4.085391945062678 0
      vertex 4.56040838724995 3.899060828135451 0
    endloop
  endfacet
  facet normal 0 0 -1
    outer loop
      vertex 3.035963317322475 -5.175222385161078 0
      vertex 3.0359633173224756 5.175222385161077 0
      vertex 3.2486168597138834 5.044451258440575 0
    endloop
  endfacet
  facet normal 0 0 -1
    outer loop
      vertex 3.2486168597138816 -5.044451258440577 0
      vertex 3.2486168597138834 5.044451258440575 0
      vertex 3.4556464492365953 4.904947259439036 0
    endloop
  endfacet
  facet normal 0 0 -1
    outer loop
      vertex 3.4556464492365975 -4.904947259439035 0
      vertex 3.4556464492365953 4.904947259439036 0
      vertex 3.656693679619824 4.756951895219083 0
    endloop
  endfacet
  facet normal 0 0 -1
    outer loop
      vertex 3.656693679619826 -4.756951895219082 0
      vertex 3.656693679619824 4.756951895219083 0
      vertex 3.8514105011559945 4.600721372957216 0
    endloop
  endfacet
  facet normal 0 0 -1
    outer loop
      vertex 4.56040838724995 -3.8990608281354504 0
      vertex 4.56040838724995 3.899060828135451 0
      vertex 4.718655985857323 3.705979720280841 0
    endloop
  endfacet
  facet normal 0 0 -1
    outer loop
      vertex 4.718655985857323 -3.7059797202808404 0
      vertex 4.718655985857323 3.705979720280841 0
      vertex 4.868734723680543 3.5064828803841817 0
    endloop
  endfacet
  facet normal 0 0 -1
    outer loop
      vertex 4.868734723680542 -3.5064828803841825 0
      vertex 4.868734723680543 3.5064828803841817 0
      vertex 5.010384786840485 3.300915674142165 0
    endloop
  endfacet
  facet normal 0 0 -1
    outer loop
      vertex 5.0103847868404845 -3.3009156741421664 0
      vertex 5.010384786840485 3.300915674142165 0
      vertex 5.14336095304303 3.0896339761713345 0
    endloop
  endfacet
  facet normal 0 0 -1
    outer loop
      vertex 5.1433609530430315 -3.0896339761713323 0
      vertex 5.14336095304303 3.0896339761713345 0
      vertex 5.2674330161039205 2.8730035539237244 0
    endloop
  endfacet
  facet normal 0 0 -1
    outer loop
      vertex 5.488021453102769 -2.425205255289491 0
      vertex 5.48802145310277 2.4252052552894905 0
      vertex 5.584155947912892 2.1948126000615806 0
    endloop
  endfacet
  facet normal 0 0 -1
    outer loop
      vertex 5.584155947912891 -2.1948126000615824 0
      vertex 5.584155947912892 2.1948126000615806 0
      vertex 5.670623242428646 1.960620320824007 0
    endloop
  endfacet
  facet normal 0 0 -1
    outer loop
      vertex 5.994806448610387 -0.24959095275936327 0
      vertex 5.994806448610387 0.24959095275936444 0
      vertex 6 0 0
    endloop
  endfacet
  facet normal 0 0 -1
    outer loop
      vertex 5.979234785433558 -0.49874981770554716 0
      vertex 5.979234785433557 0.4987498177055495 0
      vertex 5.994806448610387 0.24959095275936444 0
    endloop
  endfacet
  facet normal 0 0 -1
    outer loop
      vertex 5.953311967880491 -0.7470452550487989 0
      vertex 5.953311967880491 0.7470452550487964 0
      vertex 5.979234785433557 0.4987498177055495 0
    endloop
  endfacet
  facet normal 0 0 -1
    outer loop
      vertex 5.870610220352592 -1.2393287056675848 0
      vertex 5.870610220352592 1.2393287056675848 0
      vertex 5.917082873112894 0.9940474197512223 0
    endloop
  endfacet
  facet normal 0 0 -1
    outer loop
      vertex 5.917082873112893 -0.9940474197512237 0
      vertex 5.917082873112894 0.9940474197512223 0
      vertex 5.953311967880491 0.7470452550487964 0
    endloop
  endfacet
  facet normal 0 0 -1
    outer loop
      vertex 5.747273645870837 -1.7230338474558582 0
      vertex 5.747273645870836 1.7230338474558602 0
      vertex 5.813974462303026 1.482464485810111 0
    endloop
  endfacet
  facet normal 0 0 -1
    outer loop
      vertex 5.670623242428645 -1.9606203208240096 0
      vertex 5.670623242428646 1.960620320824007 0
      vertex 5.747273645870836 1.7230338474558602 0
    endloop
  endfacet
  facet normal 0 0 -1
    outer loop
      vertex 5.813974462303027 -1.4824644858101101 0
      vertex 5.813974462303026 1.482464485810111 0
      vertex 5.870610220352592 1.2393287056675848 0
    endloop
  endfacet
  facet normal 0 0 -1
    outer loop
      vertex 5.267433016103922 -2.873003553923722 0
      vertex 5.2674330161039205 2.8730035539237244 0
      vertex 5.382386184477984 2.651399434476165 0
    endloop
  endfacet
  facet normal 0 0 -1
    outer loop
      vertex 5.382386184477984 -2.6513994344761644 0
      vertex 5.382386184477984 2.651399434476165 0
      vertex 5.48802145310277 2.4252052552894905 0
    endloop
  endfacet
  facet normal 0.9997835786063229 0.020803748439509957 0
    outer loop
      vertex 6 0 0
      vertex 5.994806448610387 0.24959095275936444 0
      vertex 6 0 4
    endloop
  endfacet
  facet normal 0.9980527694749949 0.06237523020633102 0
    outer loop
      vertex 5.994806448610387 0.24959095275936444 0
      vertex 5.979234785433557 0.4987498177055495 0
      vertex 5.994806448610387 0.24959095275936444 4
    endloop
  endfacet
  facet normal 0.9945941475610625 0.10383872898530504 0
    outer loop
      vertex 5.979234785433557 0.4987498177055495 0
      vertex 5.953311967880491 0.7470452550487964 0
      vertex 5.979234785433557 0.4987498177055495 4
    endloop
  endfacet
  facet normal 0.9894137003747403 0.14512246383921337 0
    outer loop
      vertex 5.953311967880491 0.7470452550487964 0
      vertex 5.917082873112894 0.9940474197512223 0
      vertex 5.953311967880491 0.7470452550487964 4
    endloop
  endfacet
  facet normal 0.9825203962222572 0.1861549650352057 0
    outer loop
      vertex 5.917082873112894 0.9940474197512223 0
      vertex 5.870610220352592 1.2393287056675848 0
      vertex 5.917082873112894 0.9940474197512223 4
    endloop
  endfacet
  facet normal 0.9739261686800654 0.22686519777208836 0
    outer loop
      vertex 5.870610220352592 1.2393287056675848 0
      vertex 5.813974462303026 1.482464485810111 0
      vertex 5.870610220352592 1.2393287056675848 4
    endloop
  endfacet
  facet normal 0.8677539646179705 0.496994020979925 0
    outer loop
      vertex 5.2674330161039205 2.8730035539237244 0
      vertex 5.14336095304303 3.0896339761713345 0
      vertex 5.2674330161039205 2.8730035539237244 4
    endloop
  endfacet
  facet normal 0.963645895935631 0.26718268515458654 0
    outer loop
      vertex 5.813974462303026 1.482464485810111 0
      vertex 5.747273645870836 1.7230338474558602 0
      vertex 5.813974462303026 1.482464485810111 4
    endloop
  endfacet
  facet normal 0.951697375030554 0.3070376302018256 0
    outer loop
      vertex 5.747273645870836 1.7230338474558602 0
      vertex 5.670623242428646 1.960620320824007 0
      vertex 5.747273645870836 1.7230338474558602 4
    endloop
  endfacet
  facet normal 0.9381012910506148 0.3463610366787377 0
    outer loop
      vertex 5.584155947912892 2.1948126000615806 0
      vertex 5.670623242428646 1.960620320824007 4
      vertex 5.670623242428646 1.960620320824007 0
    endloop
  endfacet
  facet normal 0.9228811813160969 0.3850848285412002 0
    outer loop
      vertex 5.584155947912892 2.1948126000615806 0
      vertex 5.48802145310277 2.4252052552894905 0
      vertex 5.584155947912892 2.1948126000615806 4
    endloop
  endfacet
  facet normal 0.9060633946343556 0.4231419677881975 0
    outer loop
      vertex 5.48802145310277 2.4252052552894905 0
      vertex 5.382386184477984 2.651399434476165 0
      vertex 5.48802145310277 2.4252052552894905 4
    endloop
  endfacet
  facet normal 0.8876770456851868 0.4604665705169256 0
    outer loop
      vertex 5.382386184477984 2.651399434476165 0
      vertex 5.2674330161039205 2.8730035539237244 0
      vertex 5.382386184477984 2.651399434476165 4
    endloop
  endfacet
  facet normal 0.9997835786063229 0.020803748439509957 0
    outer loop
      vertex 5.994806448610387 0.24959095275936444 0
      vertex 5.994806448610387 0.24959095275936444 4
      vertex 6 0 4
    endloop
  endfacet
  facet normal 0.9980527694749949 0.06237523020633102 0
    outer loop
      vertex 5.979234785433557 0.4987498177055495 0
      vertex 5.979234785433557 0.4987498177055495 4
      vertex 5.994806448610387 0.24959095275936444 4
    endloop
  endfacet
  facet normal 0.9945941475610625 0.10383872898530504 0
    outer loop
      vertex 5.953311967880491 0.7470452550487964 0
      vertex 5.953311967880491 0.7470452550487964 4
      vertex 5.979234785433557 0.4987498177055495 4
    endloop
  endfacet
  facet normal 0.9894137003747403 0.14512246383921337 0
    outer loop
      vertex 5.917082873112894 0.9940474197512223 0
      vertex 5.917082873112894 0.9940474197512223 4
      vertex 5.953311967880491 0.7470452550487964 4
    endloop
  endfacet
  facet normal 0.9825203962222572 0.1861549650352057 0
    outer loop
      vertex 5.870610220352592 1.2393287056675848 0
      vertex 5.870610220352592 1.2393287056675848 4
      vertex 5.917082873112894 0.9940474197512223 4
    endloop
  endfacet
  facet normal 0.9739261686800654 0.22686519777208836 0
    outer loop
      vertex 5.813974462303026 1.482464485810111 0
      vertex 5.813974462303026 1.482464485810111 4
      vertex 5.870610220352592 1.2393287056675848 4
    endloop
  endfacet
  facet normal 0.9381012910506148 0.3463610366787377 0
    outer loop
      vertex 5.584155947912892 2.1948126000615806 0
      vertex 5.584155947912892 2.1948126000615806 4
      vertex 5.670623242428646 1.960620320824007 4
    endloop
  endfacet
  facet normal 0.963645895935631 0.26718268515458654 0
    outer loop
      vertex 5.747273645870836 1.7230338474558602 0
      vertex 5.747273645870836 1.7230338474558602 4
      vertex 5.813974462303026 1.482464485810111 4
    endloop
  endfacet
  facet normal 0.951697375030554 0.3070376302018256 0
    outer loop
      vertex 5.670623242428646 1.960620320824007 0
      vertex 5.670623242428646 1.960620320824007 4
      vertex 5.747273645870836 1.7230338474558602 4
    endloop
  endfacet
  facet normal 0.9060633946343556 0.4231419677881975 0
    outer loop
      vertex 5.382386184477984 2.651399434476165 0
      vertex 5.382386184477984 2.651399434476165 4
      vertex 5.48802145310277 2.4252052552894905 4
    endloop
  endfacet
  facet normal 0.9228811813160969 0.3850848285412002 0
    outer loop
      vertex 5.48802145310277 2.4252052552894905 0
      vertex 5.48802145310277 2.4252052552894905 4
      vertex 5.584155947912892 2.1948126000615806 4
    endloop
  endfacet
  facet normal 0.8876770456851868 0.4604665705169256 0
    outer loop
      vertex 5.2674330161039205 2.8730035539237244 0
      vertex 5.2674330161039205 2.8730035539237244 4
      vertex 5.382386184477984 2.651399434476165 4
    endloop
  endfacet
  facet normal 0.6577148706018324 0.7532669838704036 0
    outer loop
      vertex 4.0394598232387455 4.436526156402102 0
      vertex 3.8514105011559945 4.600721372957216 0
      vertex 4.0394598232387455 4.436526156402102 4
    endloop
  endfacet
  facet normal 0.6884803286362015 0.7252550152056778 0
    outer loop
      vertex 4.0394598232387455 4.436526156402102 0
      vertex 4.220516097928741 4.264650497652106 4
      vertex 4.220516097928741 4.264650497652106 0
    endloop
  endfacet
  facet normal 0.7180539006813966 0.6959874968102739 0
    outer loop
      vertex 4.394265883536974 4.085391945062678 0
      vertex 4.220516097928741 4.264650497652106 0
      vertex 4.394265883536974 4.085391945062678 4
    endloop
  endfacet
  facet normal 0.5238283824216018 0.8518238231991214 0
    outer loop
      vertex 3.0359633173224756 5.175222385161077 0
      vertex 3.2486168597138834 5.044451258440575 4
      vertex 3.2486168597138834 5.044451258440575 0
    endloop
  endfacet
  facet normal 0.5928233103850754 0.8053325540819025 0
    outer loop
      vertex 3.656693679619824 4.756951895219083 0
      vertex 3.4556464492365953 4.904947259439036 0
      vertex 3.656693679619824 4.756951895219083 4
    endloop
  endfacet
  facet normal 0.5588095474202573 0.8292960205571756 0
    outer loop
      vertex 3.2486168597138834 5.044451258440575 0
      vertex 3.4556464492365953 4.904947259439036 4
      vertex 3.4556464492365953 4.904947259439036 0
    endloop
  endfacet
  facet normal 0.6258107872407354 0.7799749089381857 0
    outer loop
      vertex 3.656693679619824 4.756951895219083 0
      vertex 3.8514105011559945 4.600721372957216 4
      vertex 3.8514105011559945 4.600721372957216 0
    endloop
  endfacet
  facet normal 0.7991221729292065 0.6011686558137437 0
    outer loop
      vertex 4.868734723680543 3.5064828803841817 0
      vertex 4.718655985857323 3.705979720280841 0
      vertex 4.868734723680543 3.5064828803841817 4
    endloop
  endfacet
  facet normal 0.8234381688461943 0.5674060116770234 0
    outer loop
      vertex 4.868734723680543 3.5064828803841817 0
      vertex 5.010384786840485 3.300915674142165 4
      vertex 5.010384786840485 3.300915674142165 0
    endloop
  endfacet
  facet normal 0.8463286419478265 0.532661083446827 0
    outer loop
      vertex 5.010384786840485 3.300915674142165 0
      vertex 5.14336095304303 3.0896339761713345 4
      vertex 5.14336095304303 3.0896339761713345 0
    endloop
  endfacet
  facet normal 0.7734227496549869 0.6338905665145361 0
    outer loop
      vertex 4.718655985857323 3.705979720280841 0
      vertex 4.56040838724995 3.899060828135451 0
      vertex 4.718655985857323 3.705979720280841 4
    endloop
  endfacet
  facet normal 0.7463843894486935 0.665515096137797 0
    outer loop
      vertex 4.394265883536974 4.085391945062678 0
      vertex 4.56040838724995 3.899060828135451 4
      vertex 4.56040838724995 3.899060828135451 0
    endloop
  endfacet
  facet normal 0.6884803286362015 0.7252550152056778 0
    outer loop
      vertex 4.0394598232387455 4.436526156402102 0
      vertex 4.0394598232387455 4.436526156402102 4
      vertex 4.220516097928741 4.264650497652106 4
    endloop
  endfacet
  facet normal 0.7463843894486935 0.665515096137797 0
    outer loop
      vertex 4.394265883536974 4.085391945062678 0
      vertex 4.394265883536974 4.085391945062678 4
      vertex 4.56040838724995 3.899060828135451 4
    endloop
  endfacet
  facet normal 0.7180539006813966 0.6959874968102739 0
    outer loop
      vertex 4.220516097928741 4.264650497652106 0
      vertex 4.220516097928741 4.264650497652106 4
      vertex 4.394265883536974 4.085391945062678 4
    endloop
  endfacet
  facet normal 0.5238283824216018 0.8518238231991214 0
    outer loop
      vertex 3.0359633173224756 5.175222385161077 0
      vertex 3.0359633173224756 5.175222385161077 4
      vertex 3.2486168597138834 5.044451258440575 4
    endloop
  endfacet
  facet normal 0.5588095474202573 0.8292960205571756 0
    outer loop
      vertex 3.2486168597138834 5.044451258440575 0
      vertex 3.2486168597138834 5.044451258440575 4
      vertex 3.4556464492365953 4.904947259439036 4
    endloop
  endfacet
  facet normal 0.5928233103850754 0.8053325540819025 0
    outer loop
      vertex 3.4556464492365953 4.904947259439036 0
      vertex 3.4556464492365953 4.904947259439036 4
      vertex 3.656693679619824 4.756951895219083 4
    endloop
  endfacet
  facet normal 0.6258107872407354 0.7799749089381857 0
    outer loop
      vertex 3.656693679619824 4.756951895219083 0
      vertex 3.656693679619824 4.756951895219083 4
      vertex 3.8514105011559945 4.600721372957216 4
    endloop
  endfacet
  facet normal 0.6577148706018324 0.7532669838704036 0
    outer loop
      vertex 3.8514105011559945 4.600721372957216 0
      vertex 3.8514105011559945 4.600721372957216 4
      vertex 4.0394598232387455 4.436526156402102 4
    endloop
  endfacet
  facet normal 0.7991221729292065 0.6011686558137437 0
    outer loop
      vertex 4.718655985857323 3.705979720280841 0
      vertex 4.718655985857323 3.705979720280841 4
      vertex 4.868734723680543 3.5064828803841817 4
    endloop
  endfacet
  facet normal 0.8463286419478265 0.532661083446827 0
    outer loop
      vertex 5.010384786840485 3.300915674142165 0
      vertex 5.010384786840485 3.300915674142165 4
      vertex 5.14336095304303 3.0896339761713345 4
    endloop
  endfacet
  facet normal 0.8677539646179705 0.496994020979925 0
    outer loop
      vertex 5.14336095304303 3.0896339761713345 0
      vertex 5.14336095304303 3.0896339761713345 4
      vertex 5.2674330161039205 2.8730035539237244 4
    endloop
  endfacet
  facet normal 0.8234381688461943 0.5674060116770234 0
    outer loop
      vertex 4.868734723680543 3.5064828803841817 0
      vertex 4.868734723680543 3.5064828803841817 4
      vertex 5.010384786840485 3.300915674142165 4
    endloop
  endfacet
  facet normal 0.7734227496549869 0.6338905665145361 0
    outer loop
      vertex 4.56040838724995 3.899060828135451 0
      vertex 4.56040838724995 3.899060828135451 4
      vertex 4.718655985857323 3.705979720280841 4
    endloop
  endfacet
  facet normal 0 0 1
    outer loop
      vertex -0.062414622374784706 5.999675359126843 8
      vertex 0.18721685140523525 -5.997078442921179 8
      vertex 0.18721685140523525 5.997078442921179 8
    endloop
  endfacet
  facet normal 0 0 1
    outer loop
      vertex 0.43652421840566213 -5.984099481688562 8
      vertex 0.43652421840566213 5.984099481688562 8
      vertex 0.18721685140523525 5.997078442921179 8
    endloop
  endfacet
  facet normal 0 0 1
    outer loop
      vertex 0.6850758817523888 -5.960760944396377 8
      vertex 0.6850758817523903 5.960760944396377 8
      vertex 0.43652421840566213 5.984099481688562 8
    endloop
  endfacet
  facet normal 0 0 1
    outer loop
      vertex 0.9324415528332266 -5.927103234342216 8
      vertex 0.9324415528332297 5.927103234342216 8
      vertex 0.6850758817523903 5.960760944396377 8
    endloop
  endfacet
  facet normal 0 0 1
    outer loop
      vertex 1.1781929962065871 -5.883184619208354 8
      vertex 1.1781929962065856 5.883184619208355 8
      vertex 0.9324415528332297 5.927103234342216 8
    endloop
  endfacet
  facet normal 0 0 1
    outer loop
      vertex 1.4219047709557142 -5.829081130189678 8
      vertex 1.4219047709557129 5.829081130189678 8
      vertex 1.1781929962065856 5.883184619208355 8
    endloop
  endfacet
  facet normal 0 0 1
    outer loop
      vertex 1.663154967205143 -5.764886430369714 8
      vertex 1.663154967205143 5.764886430369714 8
      vertex 1.4219047709557129 5.829081130189678 8
    endloop
  endfacet
  facet normal 0 0 1
    outer loop
      vertex 1.901525936524215 -5.690711652572611 8
      vertex 1.9015259365242163 5.690711652572611 8
      vertex 1.663154967205143 5.764886430369714 8
    endloop
  endfacet
  facet normal 0 0 1
    outer loop
      vertex 2.1366050149532794 -5.606685206971807 8
      vertex 2.136605014953282 5.6066852069718065 8
      vertex 1.9015259365242163 5.690711652572611 8
    endloop
  endfacet
  facet normal 0 0 1
    outer loop
      vertex 2.3679852374008608 -5.512952558788402 8
      vertex 2.367985237400858 5.512952558788403 8
      vertex 2.136605014953282 5.6066852069718065 8
    endloop
  endfacet
  facet normal 0 0 1
    outer loop
      vertex 2.3679852374008608 -5.512952558788402 8
      vertex 2.4000000000000004 5.498405024655693 8
      vertex 2.367985237400858 5.512952558788403 8
    endloop
  endfacet
  facet normal 0.010402437062462452 0.9999458931878071 0
    outer loop
      vertex -0.062414622374784706 5.999675359126843 8
      vertex 0.18721685140523525 5.997078442921179 8
      vertex 0.18721685140523525 5.997078442921179 0
    endloop
  endfacet
  facet normal 0.05198967416198265 0.9986476224277164 0
    outer loop
      vertex 0.43652421840566213 5.984099481688562 0
      vertex 0.18721685140523525 5.997078442921179 8
      vertex 0.43652421840566213 5.984099481688562 8
    endloop
  endfacet
  facet normal 0.09348690757999868 0.9956205090852281 0
    outer loop
      vertex 0.6850758817523903 5.960760944396377 0
      vertex 0.43652421840566213 5.984099481688562 8
      vertex 0.6850758817523903 5.960760944396377 8
    endloop
  endfacet
  facet normal 0.13482229797842943 0.9908697936499102 0
    outer loop
      vertex 0.9324415528332297 5.927103234342216 0
      vertex 0.6850758817523903 5.960760944396377 8
      vertex 0.9324415528332297 5.927103234342216 8
    endloop
  endfacet
  facet normal 0.17592428619918302 0.9844037004833474 0
    outer loop
      vertex 1.1781929962065856 5.883184619208355 0
      vertex 0.9324415528332297 5.927103234342216 8
      vertex 1.1781929962065856 5.883184619208355 8
    endloop
  endfacet
  facet normal 0.21672171714626048 0.9762334235812541 0
    outer loop
      vertex 1.4219047709557129 5.829081130189678 0
      vertex 1.1781929962065856 5.883184619208355 8
      vertex 1.4219047709557129 5.829081130189678 8
    endloop
  endfacet
  facet normal 0.41369380548792184 0.9104160781208345 0
    outer loop
      vertex 2.367985237400858 5.512952558788403 0
      vertex 2.367985237400858 5.512952558788403 8
      vertex 2.4000000000000004 5.498405024655693 4
    endloop
  endfacet
  facet normal 0.2571439629682431 0.9663731071946211 0
    outer loop
      vertex 1.663154967205143 5.764886430369714 0
      vertex 1.4219047709557129 5.829081130189678 8
      vertex 1.663154967205143 5.764886430369714 8
    endloop
  endfacet
  facet normal 0.2971210453281682 0.9548398213434003 0
    outer loop
      vertex 1.9015259365242163 5.690711652572611 0
      vertex 1.663154967205143 5.764886430369714 8
      vertex 1.9015259365242163 5.690711652572611 8
    endloop
  endfacet
  facet normal 0.33658375654880496 0.9416535322651823 0
    outer loop
      vertex 2.136605014953282 5.6066852069718065 0
      vertex 1.9015259365242163 5.690711652572611 8
      vertex 2.136605014953282 5.6066852069718065 8
    endloop
  endfacet
  facet normal 0.37546377942393 0.926837067849953 0
    outer loop
      vertex 2.367985237400858 5.512952558788403 0
      vertex 2.136605014953282 5.6066852069718065 8
      vertex 2.367985237400858 5.512952558788403 8
    endloop
  endfacet
  facet normal 0.41369380548792184 0.9104160781208345 0
    outer loop
      vertex 2.367985237400858 5.512952558788403 8
      vertex 2.4000000000000004 5.498405024655693 8
      vertex 2.4000000000000004 5.498405024655693 4
    endloop
  endfacet
  facet normal 1 0 0
    outer loop
      vertex 2.4000000000000004 -5.498405024655692 4
      vertex 2.4000000000000004 5.498405024655693 8
      vertex 2.4000000000000004 -5.498405024655692 8
    endloop
  endfacet
  facet normal 0 0 1
    outer loop
      vertex 2.595266042175007 -5.409675976464142 4
      vertex 4.868734723680543 3.5064828803841817 4
      vertex 2.4000000000000004 -5.498405024655692 4
    endloop
  endfacet
  facet normal 0 0 1
    outer loop
      vertex 2.818053964429236 -5.2970342507449075 4
      vertex 5.010384786840485 3.300915674142165 4
      vertex 2.595266042175007 -5.409675976464142 4
    endloop
  endfacet
  facet normal 0 0 1
    outer loop
      vertex 3.035963317322475 -5.175222385161078 4
      vertex 5.14336095304303 3.0896339761713345 4
      vertex 2.818053964429236 -5.2970342507449075 4
    endloop
  endfacet
  facet normal 0 0 1
    outer loop
      vertex 3.2486168597138816 -5.044451258440577 4
      vertex 5.2674330161039205 2.8730035539237244 4
      vertex 3.035963317322475 -5.175222385161078 4
    endloop
  endfacet
  facet normal 0 0 1
    outer loop
      vertex 3.4556464492365975 -4.904947259439035 4
      vertex 5.382386184477984 2.651399434476165 4
      vertex 3.2486168597138816 -5.044451258440577 4
    endloop
  endfacet
  facet normal 0 0 1
    outer loop
      vertex 3.656693679619826 -4.756951895219082 4
      vertex 5.48802145310277 2.4252052552894905 4
      vertex 3.4556464492365975 -4.904947259439035 4
    endloop
  endfacet
  facet normal 0 0 1
    outer loop
      vertex 3.8514105011559945 -4.600721372957216 4
      vertex 5.584155947912892 2.1948126000615806 4
      vertex 3.656693679619826 -4.756951895219082 4
    endloop
  endfacet
  facet normal 0 0 1
    outer loop
      vertex 4.039459823238745 -4.436526156402102 4
      vertex 5.670623242428646 1.960620320824007 4
      vertex 3.8514105011559945 -4.600721372957216 4
    endloop
  endfacet
  facet normal 0 0 1
    outer loop
      vertex 4.22051609792874 -4.264650497652108 4
      vertex 5.747273645870836 1.7230338474558602 4
      vertex 4.039459823238745 -4.436526156402102 4
    endloop
  endfacet
  facet normal 0 0 1
    outer loop
      vertex 4.394265883536976 -4.0853919450626766 4
      vertex 5.813974462303026 1.482464485810111 4
      vertex 4.22051609792874 -4.264650497652108 4
    endloop
  endfacet
  facet normal 0 0 1
    outer loop
      vertex 4.394265883536976 -4.0853919450626766 4
      vertex 4.56040838724995 -3.8990608281354504 4
      vertex 5.917082873112894 0.9940474197512223 4
    endloop
  endfacet
  facet normal 0 0 1
    outer loop
      vertex 4.56040838724995 -3.8990608281354504 4
      vertex 4.718655985857323 -3.7059797202808404 4
      vertex 5.917082873112894 0.9940474197512223 4
    endloop
  endfacet
  facet normal 0 0 1
    outer loop
      vertex 4.718655985857323 -3.7059797202808404 4
      vertex 4.868734723680542 -3.5064828803841825 4
      vertex 5.953311967880491 0.7470452550487964 4
    endloop
  endfacet
  facet normal 0 0 1
    outer loop
      vertex 4.868734723680542 -3.5064828803841825 4
      vertex 5.0103847868404845 -3.3009156741421664 4
      vertex 5.979234785433557 0.4987498177055495 4
    endloop
  endfacet
  facet normal 0 0 1
    outer loop
      vertex 5.0103847868404845 -3.3009156741421664 4
      vertex 5.1433609530430315 -3.0896339761713323 4
      vertex 5.994806448610387 -0.24959095275936327 4
    endloop
  endfacet
  facet normal 0 0 1
    outer loop
      vertex 5.1433609530430315 -3.0896339761713323 4
      vertex 5.267433016103922 -2.873003553923722 4
      vertex 5.994806448610387 -0.24959095275936327 4
    endloop
  endfacet
  facet normal 0 0 1
    outer loop
      vertex 5.267433016103922 -2.873003553923722 4
      vertex 5.382386184477984 -2.6513994344761644 4
      vertex 5.994806448610387 -0.24959095275936327 4
    endloop
  endfacet
  facet normal 0 0 1
    outer loop
      vertex 5.382386184477984 -2.6513994344761644 4
      vertex 5.488021453102769 -2.425205255289491 4
      vertex 5.979234785433558 -0.49874981770554716 4
    endloop
  endfacet
  facet normal 0 0 1
    outer loop
      vertex 5.488021453102769 -2.425205255289491 4
      vertex 5.584155947912891 -2.1948126000615824 4
      vertex 5.953311967880491 -0.7470452550487989 4
    endloop
  endfacet
  facet normal 0 0 1
    outer loop
      vertex 5.584155947912891 -2.1948126000615824 4
      vertex 5.670623242428645 -1.9606203208240096 4
      vertex 5.917082873112893 -0.9940474197512237 4
    endloop
  endfacet
  facet normal 0 0 1
    outer loop
      vertex 5.670623242428645 -1.9606203208240096 4
      vertex 5.747273645870837 -1.7230338474558582 4
      vertex 5.870610220352592 -1.2393287056675848 4
    endloop
  endfacet
  facet normal 0 0 1
    outer loop
      vertex 3.656693679619826 -4.756951895219082 4
      vertex 5.584155947912892 2.1948126000615806 4
      vertex 5.48802145310277 2.4252052552894905 4
    endloop
  endfacet
  facet normal 0 0 1
    outer loop
      vertex 3.8514105011559945 -4.600721372957216 4
      vertex 5.670623242428646 1.960620320824007 4
      vertex 5.584155947912892 2.1948126000615806 4
    endloop
  endfacet
  facet normal 0 0 1
    outer loop
      vertex 4.039459823238745 -4.436526156402102 4
      vertex 5.747273645870836 1.7230338474558602 4
      vertex 5.670623242428646 1.960620320824007 4
    endloop
  endfacet
  facet normal 0 0 1
    outer loop
      vertex 4.868734723680542 -3.5064828803841825 4
      vertex 5.979234785433557 0.4987498177055495 4
      vertex 5.953311967880491 0.7470452550487964 4
    endloop
  endfacet
  facet normal 0 0 1
    outer loop
      vertex 5.813974462303027 -1.4824644858101101 4
      vertex 5.870610220352592 -1.2393287056675848 4
      vertex 5.747273645870837 -1.7230338474558582 4
    endloop
  endfacet
  facet normal 0 0 1
    outer loop
      vertex 5.0103847868404845 -3.3009156741421664 4
      vertex 5.994806448610387 -0.24959095275936327 4
      vertex 6 0 4
    endloop
  endfacet
  facet normal 0 0 1
    outer loop
      vertex 5.488021453102769 -2.425205255289491 4
      vertex 5.953311967880491 -0.7470452550487989 4
      vertex 5.979234785433558 -0.49874981770554716 4
    endloop
  endfacet
  facet normal 0 0 1
    outer loop
      vertex 5.979234785433558 -0.49874981770554716 4
      vertex 5.994806448610387 -0.24959095275936327 4
      vertex 5.382386184477984 -2.6513994344761644 4
    endloop
  endfacet
  facet normal 0 0 1
    outer loop
      vertex 5.670623242428645 -1.9606203208240096 4
      vertex 5.870610220352592 -1.2393287056675848 4
      vertex 5.917082873112893 -0.9940474197512237 4
    endloop
  endfacet
  facet normal 0 0 1
    outer loop
      vertex 5.584155947912891 -2.1948126000615824 4
      vertex 5.917082873112893 -0.9940474197512237 4
      vertex 5.953311967880491 -0.7470452550487989 4
    endloop
  endfacet
  facet normal 0 0 1
    outer loop
      vertex 5.0103847868404845 -3.3009156741421664 4
      vertex 6 0 4
      vertex 5.994806448610387 0.24959095275936444 4
    endloop
  endfacet
  facet normal 0 0 1
    outer loop
      vertex 5.0103847868404845 -3.3009156741421664 4
      vertex 5.994806448610387 0.24959095275936444 4
      vertex 5.979234785433557 0.4987498177055495 4
    endloop
  endfacet
  facet normal 0 0 1
    outer loop
      vertex 4.394265883536976 -4.0853919450626766 4
      vertex 5.917082873112894 0.9940474197512223 4
      vertex 5.870610220352592 1.2393287056675848 4
    endloop
  endfacet
  facet normal 0 0 1
    outer loop
      vertex 4.394265883536976 -4.0853919450626766 4
      vertex 5.870610220352592 1.2393287056675848 4
      vertex 5.813974462303026 1.482464485810111 4
    endloop
  endfacet
  facet normal 0 0 1
    outer loop
      vertex 4.718655985857323 -3.7059797202808404 4
      vertex 5.953311967880491 0.7470452550487964 4
      vertex 5.917082873112894 0.9940474197512223 4
    endloop
  endfacet
  facet normal 0 0 1
    outer loop
      vertex 4.22051609792874 -4.264650497652108 4
      vertex 5.813974462303026 1.482464485810111 4
      vertex 5.747273645870836 1.7230338474558602 4
    endloop
  endfacet
  facet normal 0 0 1
    outer loop
      vertex 2.5952660421750062 5.409675976464143 4
      vertex 2.4000000000000004 5.498405024655693 4
      vertex 2.4000000000000004 -5.498405024655692 4
    endloop
  endfacet
  facet normal 0 0 1
    outer loop
      vertex 2.5952660421750062 5.409675976464143 4
      vertex 2.4000000000000004 -5.498405024655692 4
      vertex 2.818053964429236 5.2970342507449075 4
    endloop
  endfacet
  facet normal 0 0 1
    outer loop
      vertex 2.818053964429236 5.2970342507449075 4
      vertex 2.4000000000000004 -5.498405024655692 4
      vertex 3.0359633173224756 5.175222385161077 4
    endloop
  endfacet
  facet normal 0 0 1
    outer loop
      vertex 3.0359633173224756 5.175222385161077 4
      vertex 2.4000000000000004 -5.498405024655692 4
      vertex 3.2486168597138834 5.044451258440575 4
    endloop
  endfacet
  facet normal 1 0 0
    outer loop
      vertex 2.4000000000000004 -5.498405024655692 4
      vertex 2.4000000000000004 5.498405024655693 4
      vertex 2.4000000000000004 5.498405024655693 8
    endloop
  endfacet
  facet normal 0 0 1
    outer loop
      vertex 3.2486168597138834 5.044451258440575 4
      vertex 2.4000000000000004 -5.498405024655692 4
      vertex 3.4556464492365953 4.904947259439036 4
    endloop
  endfacet
  facet normal 0 0 1
    outer loop
      vertex 3.4556464492365953 4.904947259439036 4
      vertex 2.4000000000000004 -5.498405024655692 4
      vertex 3.656693679619824 4.756951895219083 4
    endloop
  endfacet
  facet normal 0 0 1
    outer loop
      vertex 3.656693679619824 4.756951895219083 4
      vertex 2.4000000000000004 -5.498405024655692 4
      vertex 3.8514105011559945 4.600721372957216 4
    endloop
  endfacet
  facet normal 0 0 1
    outer loop
      vertex 4.0394598232387455 4.436526156402102 4
      vertex 2.4000000000000004 -5.498405024655692 4
      vertex 4.220516097928741 4.264650497652106 4
    endloop
  endfacet
  facet normal 0 0 1
    outer loop
      vertex 4.394265883536974 4.085391945062678 4
      vertex 4.220516097928741 4.264650497652106 4
      vertex 2.4000000000000004 -5.498405024655692 4
    endloop
  endfacet
  facet normal 0 0 1
    outer loop
      vertex 3.8514105011559945 4.600721372957216 4
      vertex 2.4000000000000004 -5.498405024655692 4
      vertex 4.0394598232387455 4.436526156402102 4
    endloop
  endfacet
  facet normal 0 0 1
    outer loop
      vertex 4.718655985857323 3.705979720280841 4
      vertex 4.56040838724995 3.899060828135451 4
      vertex 2.4000000000000004 -5.498405024655692 4
    endloop
  endfacet
  facet normal 0 0 1
    outer loop
      vertex 2.4000000000000004 -5.498405024655692 4
      vertex 4.868734723680543 3.5064828803841817 4
      vertex 4.718655985857323 3.705979720280841 4
    endloop
  endfacet
  facet normal 0 0 1
    outer loop
      vertex 2.818053964429236 -5.2970342507449075 4
      vertex 5.14336095304303 3.0896339761713345 4
      vertex 5.010384786840485 3.300915674142165 4
    endloop
  endfacet
  facet normal 0 0 1
    outer loop
      vertex 3.035963317322475 -5.175222385161078 4
      vertex 5.2674330161039205 2.8730035539237244 4
      vertex 5.14336095304303 3.0896339761713345 4
    endloop
  endfacet
  facet normal 0 0 1
    outer loop
      vertex 2.595266042175007 -5.409675976464142 4
      vertex 5.010384786840485 3.300915674142165 4
      vertex 4.868734723680543 3.5064828803841817 4
    endloop
  endfacet
  facet normal 0 0 1
    outer loop
      vertex 4.56040838724995 3.899060828135451 4
      vertex 4.394265883536974 4.085391945062678 4
      vertex 2.4000000000000004 -5.498405024655692 4
    endloop
  endfacet
  facet normal 0 0 1
    outer loop
      vertex 3.2486168597138816 -5.044451258440577 4
      vertex 5.382386184477984 2.651399434476165 4
      vertex 5.2674330161039205 2.8730035539237244 4
    endloop
  endfacet
  facet normal 0 0 1
    outer loop
      vertex 3.4556464492365975 -4.904947259439035 4
      vertex 5.48802145310277 2.4252052552894905 4
      vertex 5.382386184477984 2.651399434476165 4
    endloop
  endfacet
  facet normal 0 0 1
    outer loop
      vertex -5.5372870878965825 -2.310508971247197 4
      vertex -5.436380367806136 -2.5388518067291796 4
      vertex -3.556939862310437 4.831995324491427 4
    endloop
  endfacet
  facet normal 0 0 1
    outer loop
      vertex -5.436380367806136 -2.5388518067291796 4
      vertex -5.326062274111127 -2.762799423101541 4
      vertex -3.352857284521556 4.975776123343045 4
    endloop
  endfacet
  facet normal 0 0 1
    outer loop
      vertex -5.326062274111127 -2.762799423101541 4
      vertex -5.206523787707823 -2.9819641258795473 4
      vertex -3.1429702945296074 5.1109429391947305 4
    endloop
  endfacet
  facet normal 0 0 1
    outer loop
      vertex -4.640536497929928 -3.803343399087208 4
      vertex -4.478306336692161 -3.9930905768267806 4
      vertex -2.4000000000000004 5.4977879705764545 4
    endloop
  endfacet
  facet normal 0 0 1
    outer loop
      vertex -5.077971851686954 -3.1959665006809717 4
      vertex -4.940629013077165 -3.404436070062142 4
      vertex -2.7072459092348247 5.3545139449749595 4
    endloop
  endfacet
  facet normal 0 0 1
    outer loop
      vertex -5.206523787707823 -2.9819641258795473 4
      vertex -5.077971851686954 -3.1959665006809717 4
      vertex -2.9276422452907687 5.237261773445053 4
    endloop
  endfacet
  facet normal 0 0 1
    outer loop
      vertex -4.7947330375752335 -3.6070119348824687 4
      vertex -4.640536497929928 -3.803343399087208 4
      vertex -2.4000000000000004 5.4977879705764545 4
    endloop
  endfacet
  facet normal 0 0 1
    outer loop
      vertex -4.940629013077165 -3.404436070062142 4
      vertex -4.7947330375752335 -3.6070119348824687 4
      vertex -2.4821628329275685 5.46249646872499 4
    endloop
  endfacet
  facet normal 0 0 1
    outer loop
      vertex -4.1308819718172005 -4.351530091234075 4
      vertex -2.4000000000000004 5.4977879705764545 4
      vertex -4.308323404088382 -4.175924980861641 4
    endloop
  endfacet
  facet normal 0 0 1
    outer loop
      vertex -4.478306336692161 -3.9930905768267806 4
      vertex -4.308323404088382 -4.175924980861641 4
      vertex -2.4000000000000004 5.4977879705764545 4
    endloop
  endfacet
  facet normal 0 0 1
    outer loop
      vertex -3.9462892236109957 -4.51960190322242 4
      vertex -2.4000000000000004 5.4977879705764545 4
      vertex -4.1308819718172005 -4.351530091234075 4
    endloop
  endfacet
  facet normal 0 0 1
    outer loop
      vertex -3.5569398623104354 -4.8319953244914275 4
      vertex -2.4000000000000004 5.4977879705764545 4
      vertex -3.7548647234444266 -4.679849453629103 4
    endloop
  endfacet
  facet normal 0 0 1
    outer loop
      vertex -3.7548647234444266 -4.679849453629103 4
      vertex -2.4000000000000004 5.4977879705764545 4
      vertex -3.9462892236109957 -4.51960190322242 4
    endloop
  endfacet
  facet normal 0 0 1
    outer loop
      vertex -3.352857284521556 -4.975776123343045 4
      vertex -2.4000000000000004 5.4977879705764545 4
      vertex -3.5569398623104354 -4.8319953244914275 4
    endloop
  endfacet
  facet normal 0 0 1
    outer loop
      vertex -3.1429702945296087 -5.11094293919473 4
      vertex -2.4000000000000004 5.4977879705764545 4
      vertex -3.352857284521556 -4.975776123343045 4
    endloop
  endfacet
  facet normal 0 0 1
    outer loop
      vertex -2.9276422452907687 -5.237261773445053 4
      vertex -2.4000000000000004 5.4977879705764545 4
      vertex -3.1429702945296087 -5.11094293919473 4
    endloop
  endfacet
  facet normal 0 0 1
    outer loop
      vertex -2.7072459092348247 -5.3545139449749595 4
      vertex -2.4000000000000004 5.4977879705764545 4
      vertex -2.9276422452907687 -5.237261773445053 4
    endloop
  endfacet
  facet normal 0 0 1
    outer loop
      vertex -2.482162832927567 -5.462496468724991 4
      vertex -2.4000000000000004 5.4977879705764545 4
      vertex -2.7072459092348247 -5.3545139449749595 4
    endloop
  endfacet
  facet normal 0 0 1
    outer loop
      vertex -2.482162832927567 -5.462496468724991 4
      vertex -2.4000000000000004 -5.4977879705764545 4
      vertex -2.4000000000000004 5.4977879705764545 4
    endloop
  endfacet
  facet normal -1 0 0
    outer loop
      vertex -2.4000000000000004 -5.4977879705764545 4
      vertex -2.4000000000000004 -5.4977879705764545 8
      vertex -2.4000000000000004 5.4977879705764545 4
    endloop
  endfacet
  facet normal 0 0 1
    outer loop
      vertex -5.781875375613789 -1.6030961109275093 4
      vertex -4.308323404088382 4.175924980861641 4
      vertex -5.843557012080395 -1.3611911866325195 4
    endloop
  endfacet
  facet normal 0 0 1
    outer loop
      vertex -5.895122377333543 -1.1169297902112412 4
      vertex -5.843557012080395 -1.3611911866325195 4
      vertex -4.308323404088382 4.175924980861641 4
    endloop
  endfacet
  facet normal 0 0 1
    outer loop
      vertex -5.936482202248442 -0.8707347830352758 4
      vertex -5.895122377333543 -1.1169297902112412 4
      vertex -4.308323404088382 4.175924980861641 4
    endloop
  endfacet
  facet normal 0 0 1
    outer loop
      vertex -5.998701471637938 -0.12482249063706757 4
      vertex -5.9883166168499695 -0.3742513812379713 4
      vertex -4.640536497929928 3.803343399087208 4
    endloop
  endfacet
  facet normal 0 0 1
    outer loop
      vertex -5.9883166168499695 -0.3742513812379713 4
      vertex -5.967564885366373 -0.623032373911841 4
      vertex -4.478306336692161 3.9930905768267806 4
    endloop
  endfacet
  facet normal 0 0 1
    outer loop
      vertex -5.967564885366373 -0.623032373911841 4
      vertex -5.936482202248442 -0.8707347830352758 4
      vertex -4.308323404088382 4.175924980861641 4
    endloop
  endfacet
  facet normal 0 0 1
    outer loop
      vertex -5.998701471637938 -0.12482249063706757 4
      vertex -4.7947330375752335 3.6070119348824687 4
      vertex -5.998701471637938 0.12482249063706757 4
    endloop
  endfacet
  facet normal 0 0 1
    outer loop
      vertex -5.9883166168499695 0.3742513812379713 4
      vertex -5.998701471637938 0.12482249063706757 4
      vertex -4.7947330375752335 3.6070119348824687 4
    endloop
  endfacet
  facet normal 0 0 1
    outer loop
      vertex -5.781875375613789 -1.6030961109275093 4
      vertex -5.710184250183318 -1.8422257812109715 4
      vertex -4.1308819718172005 4.351530091234075 4
    endloop
  endfacet
  facet normal 0 0 1
    outer loop
      vertex -5.710184250183318 -1.8422257812109715 4
      vertex -5.628607746303685 -2.0781662200724336 4
      vertex -3.9462892236109957 4.51960190322242 4
    endloop
  endfacet
  facet normal 0 0 1
    outer loop
      vertex -5.628607746303685 -2.0781662200724336 4
      vertex -5.5372870878965825 -2.310508971247197 4
      vertex -3.7548647234444266 4.679849453629103 4
    endloop
  endfacet
  facet normal 0 0 1
    outer loop
      vertex -5.895122377333543 1.1169297902112412 4
      vertex -5.936482202248442 0.8707347830352758 4
      vertex -5.326062274111127 2.762799423101541 4
    endloop
  endfacet
  facet normal 0 0 1
    outer loop
      vertex -5.843557012080395 1.3611911866325195 4
      vertex -5.895122377333543 1.1169297902112412 4
      vertex -5.436380367806136 2.5388518067291796 4
    endloop
  endfacet
  facet normal 0 0 1
    outer loop
      vertex -5.781875375613789 1.6030961109275093 4
      vertex -5.843557012080395 1.3611911866325195 4
      vertex -5.5372870878965825 2.310508971247197 4
    endloop
  endfacet
  facet normal 0 0 1
    outer loop
      vertex -5.710184250183318 1.8422257812109715 4
      vertex -5.781875375613789 1.6030961109275093 4
      vertex -5.628607746303685 2.0781662200724336 4
    endloop
  endfacet
  facet normal 0 0 1
    outer loop
      vertex -5.628607746303685 2.0781662200724336 4
      vertex -5.781875375613789 1.6030961109275093 4
      vertex -5.5372870878965825 2.310508971247197 4
    endloop
  endfacet
  facet normal 0 0 1
    outer loop
      vertex -5.967564885366373 0.623032373911841 4
      vertex -5.9883166168499695 0.3742513812379713 4
      vertex -4.7947330375752335 3.6070119348824687 4
    endloop
  endfacet
  facet normal 0 0 1
    outer loop
      vertex -5.936482202248442 0.8707347830352758 4
      vertex -5.967564885366373 0.623032373911841 4
      vertex -4.940629013077165 3.404436070062142 4
    endloop
  endfacet
  facet normal 0 0 1
    outer loop
      vertex -5.843557012080395 1.3611911866325195 4
      vertex -5.436380367806136 2.5388518067291796 4
      vertex -5.5372870878965825 2.310508971247197 4
    endloop
  endfacet
  facet normal 0 0 1
    outer loop
      vertex -5.895122377333543 1.1169297902112412 4
      vertex -5.326062274111127 2.762799423101541 4
      vertex -5.436380367806136 2.5388518067291796 4
    endloop
  endfacet
  facet normal 0 0 1
    outer loop
      vertex -5.936482202248442 0.8707347830352758 4
      vertex -5.206523787707823 2.9819641258795473 4
      vertex -5.326062274111127 2.762799423101541 4
    endloop
  endfacet
  facet normal 0 0 1
    outer loop
      vertex -5.936482202248442 0.8707347830352758 4
      vertex -5.077971851686954 3.1959665006809717 4
      vertex -5.206523787707823 2.9819641258795473 4
    endloop
  endfacet
  facet normal 0 0 1
    outer loop
      vertex -5.936482202248442 0.8707347830352758 4
      vertex -4.940629013077165 3.404436070062142 4
      vertex -5.077971851686954 3.1959665006809717 4
    endloop
  endfacet
  facet normal 0 0 1
    outer loop
      vertex -5.998701471637938 -0.12482249063706757 4
      vertex -4.640536497929928 3.803343399087208 4
      vertex -4.7947330375752335 3.6070119348824687 4
    endloop
  endfacet
  facet normal 0 0 1
    outer loop
      vertex -5.967564885366373 0.623032373911841 4
      vertex -4.7947330375752335 3.6070119348824687 4
      vertex -4.940629013077165 3.404436070062142 4
    endloop
  endfacet
  facet normal 0 0 1
    outer loop
      vertex -5.9883166168499695 -0.3742513812379713 4
      vertex -4.478306336692161 3.9930905768267806 4
      vertex -4.640536497929928 3.803343399087208 4
    endloop
  endfacet
  facet normal 0 0 1
    outer loop
      vertex -5.967564885366373 -0.623032373911841 4
      vertex -4.308323404088382 4.175924980861641 4
      vertex -4.478306336692161 3.9930905768267806 4
    endloop
  endfacet
  facet normal 0 0 1
    outer loop
      vertex -5.781875375613789 -1.6030961109275093 4
      vertex -4.1308819718172005 4.351530091234075 4
      vertex -4.308323404088382 4.175924980861641 4
    endloop
  endfacet
  facet normal 0 0 1
    outer loop
      vertex -5.710184250183318 -1.8422257812109715 4
      vertex -3.9462892236109957 4.51960190322242 4
      vertex -4.1308819718172005 4.351530091234075 4
    endloop
  endfacet
  facet normal 0 0 1
    outer loop
      vertex -5.628607746303685 -2.0781662200724336 4
      vertex -3.7548647234444266 4.679849453629103 4
      vertex -3.9462892236109957 4.51960190322242 4
    endloop
  endfacet
  facet normal 0 0 1
    outer loop
      vertex -5.5372870878965825 -2.310508971247197 4
      vertex -3.556939862310437 4.831995324491427 4
      vertex -3.7548647234444266 4.679849453629103 4
    endloop
  endfacet
  facet normal 0 0 1
    outer loop
      vertex -5.436380367806136 -2.5388518067291796 4
      vertex -3.352857284521556 4.975776123343045 4
      vertex -3.556939862310437 4.831995324491427 4
    endloop
  endfacet
  facet normal 0 0 1
    outer loop
      vertex -5.326062274111127 -2.762799423101541 4
      vertex -3.1429702945296074 5.1109429391947305 4
      vertex -3.352857284521556 4.975776123343045 4
    endloop
  endfacet
  facet normal 0 0 1
    outer loop
      vertex -5.206523787707823 -2.9819641258795473 4
      vertex -2.9276422452907687 5.237261773445053 4
      vertex -3.1429702945296074 5.1109429391947305 4
    endloop
  endfacet
  facet normal 0 0 1
    outer loop
      vertex -5.077971851686954 -3.1959665006809717 4
      vertex -2.7072459092348247 5.3545139449749595 4
      vertex -2.9276422452907687 5.237261773445053 4
    endloop
  endfacet
  facet normal 0 0 1
    outer loop
      vertex -4.940629013077165 -3.404436070062142 4
      vertex -2.4821628329275685 5.46249646872499 4
      vertex -2.7072459092348247 5.3545139449749595 4
    endloop
  endfacet
  facet normal 0 0 1
    outer loop
      vertex -4.7947330375752335 -3.6070119348824687 4
      vertex -2.4000000000000004 5.4977879705764545 4
      vertex -2.4821628329275685 5.46249646872499 4
    endloop
  endfacet
  facet normal -1 0 0
    outer loop
      vertex -2.4000000000000004 5.4977879705764545 8
      vertex -2.4000000000000004 5.4977879705764545 4
      vertex -2.4000000000000004 -5.4977879705764545 8
    endloop
  endfacet
  facet normal 0.573576436351046 0.8191520442889919 0
    outer loop
      vertex -0.8999026535611548 -1.0724622203665692 2.25
      vertex -0.7 -1.212435565298214 6.75
      vertex -0.7 -1.212435565298214 2.25
    endloop
  endfacet
  facet normal 0.7071067811865475 0.7071067811865475 0
    outer loop
      vertex -1.0724622203665692 -0.8999026535611548 2.25
      vertex -0.8999026535611548 -1.0724622203665692 6.75
      vertex -0.8999026535611548 -1.0724622203665692 2.25
    endloop
  endfacet
  facet normal 0.8191520442889919 0.573576436351046 0
    outer loop
      vertex -1.0724622203665692 -0.8999026535611548 2.25
      vertex -1.212435565298214 -0.7 2.25
      vertex -1.0724622203665692 -0.8999026535611548 6.75
    endloop
  endfacet
  facet normal 0.9659258262890684 0.25881904510252046 0
    outer loop
      vertex -1.3155696691002716 -0.4788282006559362 2.25
      vertex -1.378730854217091 -0.24310744873370244 2.25
      vertex -1.3155696691002716 -0.4788282006559362 6.75
    endloop
  endfacet
  facet normal 0.9063077870366498 0.42261826174069955 0
    outer loop
      vertex -1.3155696691002716 -0.4788282006559362 2.25
      vertex -1.212435565298214 -0.7 6.75
      vertex -1.212435565298214 -0.7 2.25
    endloop
  endfacet
  facet normal 0.9961946980917455 0.0871557427476587 0
    outer loop
      vertex -1.378730854217091 -0.24310744873370244 2.25
      vertex -1.4 0 2.25
      vertex -1.378730854217091 -0.24310744873370244 6.75
    endloop
  endfacet
  facet normal 0.42261826174069955 0.9063077870366498 0
    outer loop
      vertex -0.7 -1.212435565298214 2.25
      vertex -0.4788282006559362 -1.3155696691002716 6.75
      vertex -0.4788282006559362 -1.3155696691002716 2.25
    endloop
  endfacet
  facet normal 0.25881904510252046 0.9659258262890684 0
    outer loop
      vertex -0.4788282006559362 -1.3155696691002716 2.25
      vertex -0.24310744873370244 -1.378730854217091 6.75
      vertex -0.24310744873370244 -1.378730854217091 2.25
    endloop
  endfacet
  facet normal 0.0871557427476587 0.9961946980917455 0
    outer loop
      vertex -0.24310744873370244 -1.378730854217091 2.25
      vertex 0 -1.4 6.75
      vertex 0 -1.4 2.25
    endloop
  endfacet
  facet normal 0.8191520442889919 0.573576436351046 0
    outer loop
      vertex -1.212435565298214 -0.7 2.25
      vertex -1.212435565298214 -0.7 6.75
      vertex -1.0724622203665692 -0.8999026535611548 6.75
    endloop
  endfacet
  facet normal 0.7071067811865475 0.7071067811865475 0
    outer loop
      vertex -1.0724622203665692 -0.8999026535611548 2.25
      vertex -1.0724622203665692 -0.8999026535611548 6.75
      vertex -0.8999026535611548 -1.0724622203665692 6.75
    endloop
  endfacet
  facet normal 0.573576436351046 0.8191520442889919 0
    outer loop
      vertex -0.8999026535611548 -1.0724622203665692 2.25
      vertex -0.8999026535611548 -1.0724622203665692 6.75
      vertex -0.7 -1.212435565298214 6.75
    endloop
  endfacet
  facet normal 0.9063077870366498 0.42261826174069955 0
    outer loop
      vertex -1.3155696691002716 -0.4788282006559362 2.25
      vertex -1.3155696691002716 -0.4788282006559362 6.75
      vertex -1.212435565298214 -0.7 6.75
    endloop
  endfacet
  facet normal 0.9659258262890684 0.25881904510252046 0
    outer loop
      vertex -1.378730854217091 -0.24310744873370244 2.25
      vertex -1.378730854217091 -0.24310744873370244 6.75
      vertex -1.3155696691002716 -0.4788282006559362 6.75
    endloop
  endfacet
  facet normal 0.9961946980917455 0.0871557427476587 0
    outer loop
      vertex -1.378730854217091 -0.24310744873370244 6.75
      vertex -1.4 0 2.25
      vertex -1.4 0 6.75
    endloop
  endfacet
  facet normal 0.42261826174069955 0.9063077870366498 0
    outer loop
      vertex -0.7 -1.212435565298214 2.25
      vertex -0.7 -1.212435565298214 6.75
      vertex -0.4788282006559362 -1.3155696691002716 6.75
    endloop
  endfacet
  facet normal 0.25881904510252046 0.9659258262890684 0
    outer loop
      vertex -0.4788282006559362 -1.3155696691002716 2.25
      vertex -0.4788282006559362 -1.3155696691002716 6.75
      vertex -0.24310744873370244 -1.378730854217091 6.75
    endloop
  endfacet
  facet normal 0.0871557427476587 0.9961946980917455 0
    outer loop
      vertex -0.24310744873370244 -1.378730854217091 2.25
      vertex -0.24310744873370244 -1.378730854217091 6.75
      vertex 0 -1.4 6.75
    endloop
  endfacet
  facet normal 0 0 -1
    outer loop
      vertex -1.3155696691002716 -0.4788282006559362 6.75
      vertex -1.378730854217091 -0.24310744873370244 6.75
      vertex -1.378730854217091 0.24310744873370244 6.75
    endloop
  endfacet
  facet normal 0 0 -1
    outer loop
      vertex -1.3155696691002716 -0.4788282006559362 6.75
      vertex -1.3155696691002716 0.4788282006559362 6.75
      vertex -1.212435565298214 -0.7 6.75
    endloop
  endfacet
  facet normal 0 0 -1
    outer loop
      vertex -1.0724622203665692 -0.8999026535611548 6.75
      vertex -1.212435565298214 -0.7 6.75
      vertex -1.212435565298214 0.7 6.75
    endloop
  endfacet
  facet normal 0 0 -1
    outer loop
      vertex -0.8999026535611548 -1.0724622203665692 6.75
      vertex -0.8999026535611548 1.0724622203665692 6.75
      vertex -0.7 -1.212435565298214 6.75
    endloop
  endfacet
  facet normal 0 0 -1
    outer loop
      vertex -1.0724622203665692 -0.8999026535611548 6.75
      vertex -1.0724622203665692 0.8999026535611548 6.75
      vertex -0.8999026535611548 -1.0724622203665692 6.75
    endloop
  endfacet
  facet normal 0 0 -1
    outer loop
      vertex -0.7 -1.212435565298214 6.75
      vertex -0.7 1.212435565298214 6.75
      vertex -0.4788282006559362 -1.3155696691002716 6.75
    endloop
  endfacet
  facet normal 0 0 -1
    outer loop
      vertex -0.4788282006559362 -1.3155696691002716 6.75
      vertex -0.4788282006559362 1.3155696691002716 6.75
      vertex -0.24310744873370244 -1.378730854217091 6.75
    endloop
  endfacet
  facet normal 0 0 -1
    outer loop
      vertex -0.24310744873370244 -1.378730854217091 6.75
      vertex -0.24310744873370244 1.378730854217091 6.75
      vertex 0 -1.4 6.75
    endloop
  endfacet
  facet normal 0.9961946980917455 -0.0871557427476587 0
    outer loop
      vertex -1.4 0 2.25
      vertex -1.378730854217091 0.24310744873370244 2.25
      vertex -1.4 0 6.75
    endloop
  endfacet
  facet normal 0.9659258262890684 -0.25881904510252046 0
    outer loop
      vertex -1.378730854217091 0.24310744873370244 2.25
      vertex -1.3155696691002716 0.4788282006559362 2.25
      vertex -1.378730854217091 0.24310744873370244 6.75
    endloop
  endfacet
  facet normal 0.9063077870366498 -0.42261826174069955 0
    outer loop
      vertex -1.3155696691002716 0.4788282006559362 2.25
      vertex -1.212435565298214 0.7 2.25
      vertex -1.3155696691002716 0.4788282006559362 6.75
    endloop
  endfacet
  facet normal 0.8191520442889919 -0.573576436351046 0
    outer loop
      vertex -1.212435565298214 0.7 2.25
      vertex -1.0724622203665692 0.8999026535611548 2.25
      vertex -1.212435565298214 0.7 6.75
    endloop
  endfacet
  facet normal 0.7071067811865475 -0.7071067811865475 0
    outer loop
      vertex -1.0724622203665692 0.8999026535611548 2.25
      vertex -0.8999026535611548 1.0724622203665692 2.25
      vertex -1.0724622203665692 0.8999026535611548 6.75
    endloop
  endfacet
  facet normal 0.573576436351046 -0.8191520442889919 0
    outer loop
      vertex -0.8999026535611548 1.0724622203665692 2.25
      vertex -0.7 1.212435565298214 2.25
      vertex -0.8999026535611548 1.0724622203665692 6.75
    endloop
  endfacet
  facet normal 0.42261826174069955 -0.9063077870366498 0
    outer loop
      vertex -0.7 1.212435565298214 2.25
      vertex -0.4788282006559362 1.3155696691002716 2.25
      vertex -0.7 1.212435565298214 6.75
    endloop
  endfacet
  facet normal 0.25881904510252046 -0.9659258262890684 0
    outer loop
      vertex -0.4788282006559362 1.3155696691002716 2.25
      vertex -0.24310744873370244 1.378730854217091 2.25
      vertex -0.4788282006559362 1.3155696691002716 6.75
    endloop
  endfacet
  facet normal 0.0871557427476587 -0.9961946980917455 0
    outer loop
      vertex -0.24310744873370244 1.378730854217091 2.25
      vertex 0 1.4 2.25
      vertex -0.24310744873370244 1.378730854217091 6.75
    endloop
  endfacet
  facet normal 0.9961946980917455 -0.0871557427476587 0
    outer loop
      vertex -1.378730854217091 0.24310744873370244 2.25
      vertex -1.378730854217091 0.24310744873370244 6.75
      vertex -1.4 0 6.75
    endloop
  endfacet
  facet normal 0.9659258262890684 -0.25881904510252046 0
    outer loop
      vertex -1.3155696691002716 0.4788282006559362 2.25
      vertex -1.3155696691002716 0.4788282006559362 6.75
      vertex -1.378730854217091 0.24310744873370244 6.75
    endloop
  endfacet
  facet normal 0.9063077870366498 -0.42261826174069955 0
    outer loop
      vertex -1.212435565298214 0.7 2.25
      vertex -1.212435565298214 0.7 6.75
      vertex -1.3155696691002716 0.4788282006559362 6.75
    endloop
  endfacet
  facet normal 0.8191520442889919 -0.573576436351046 0
    outer loop
      vertex -1.0724622203665692 0.8999026535611548 2.25
      vertex -1.0724622203665692 0.8999026535611548 6.75
      vertex -1.212435565298214 0.7 6.75
    endloop
  endfacet
  facet normal 0.7071067811865475 -0.7071067811865475 0
    outer loop
      vertex -0.8999026535611548 1.0724622203665692 2.25
      vertex -0.8999026535611548 1.0724622203665692 6.75
      vertex -1.0724622203665692 0.8999026535611548 6.75
    endloop
  endfacet
  facet normal 0.573576436351046 -0.8191520442889919 0
    outer loop
      vertex -0.7 1.212435565298214 2.25
      vertex -0.7 1.212435565298214 6.75
      vertex -0.8999026535611548 1.0724622203665692 6.75
    endloop
  endfacet
  facet normal 0.42261826174069955 -0.9063077870366498 0
    outer loop
      vertex -0.4788282006559362 1.3155696691002716 2.25
      vertex -0.4788282006559362 1.3155696691002716 6.75
      vertex -0.7 1.212435565298214 6.75
    endloop
  endfacet
  facet normal 0.25881904510252046 -0.9659258262890684 0
    outer loop
      vertex -0.24310744873370244 1.378730854217091 2.25
      vertex -0.24310744873370244 1.378730854217091 6.75
      vertex -0.4788282006559362 1.3155696691002716 6.75
    endloop
  endfacet
  facet normal 0.0871557427476587 -0.9961946980917455 0
    outer loop
      vertex -0.24310744873370244 1.378730854217091 6.75
      vertex 0 1.4 2.25
      vertex 0 1.4 6.75
    endloop
  endfacet
  facet normal 0 0 -1
    outer loop
      vertex -1.378730854217091 -0.24310744873370244 6.75
      vertex -1.4 0 6.75
      vertex -1.378730854217091 0.24310744873370244 6.75
    endloop
  endfacet
  facet normal 0 0 -1
    outer loop
      vertex -1.3155696691002716 -0.4788282006559362 6.75
      vertex -1.378730854217091 0.24310744873370244 6.75
      vertex -1.3155696691002716 0.4788282006559362 6.75
    endloop
  endfacet
  facet normal 0 0 -1
    outer loop
      vertex -1.212435565298214 -0.7 6.75
      vertex -1.3155696691002716 0.4788282006559362 6.75
      vertex -1.212435565298214 0.7 6.75
    endloop
  endfacet
  facet normal 0 0 -1
    outer loop
      vertex -1.0724622203665692 -0.8999026535611548 6.75
      vertex -1.212435565298214 0.7 6.75
      vertex -1.0724622203665692 0.8999026535611548 6.75
    endloop
  endfacet
  facet normal 0 0 -1
    outer loop
      vertex -0.8999026535611548 -1.0724622203665692 6.75
      vertex -1.0724622203665692 0.8999026535611548 6.75
      vertex -0.8999026535611548 1.0724622203665692 6.75
    endloop
  endfacet
  facet normal 0 0 -1
    outer loop
      vertex -0.7 -1.212435565298214 6.75
      vertex -0.8999026535611548 1.0724622203665692 6.75
      vertex -0.7 1.212435565298214 6.75
    endloop
  endfacet
  facet normal 0 0 -1
    outer loop
      vertex -0.4788282006559362 -1.3155696691002716 6.75
      vertex -0.7 1.212435565298214 6.75
      vertex -0.4788282006559362 1.3155696691002716 6.75
    endloop
  endfacet
  facet normal 0 0 -1
    outer loop
      vertex -0.24310744873370244 -1.378730854217091 6.75
      vertex -0.4788282006559362 1.3155696691002716 6.75
      vertex -0.24310744873370244 1.378730854217091 6.75
    endloop
  endfacet
  facet normal 0 0 -1
    outer loop
      vertex -0.24310744873370244 1.378730854217091 6.75
      vertex 0 1.4 6.75
      vertex 0 -1.4 6.75
    endloop
  endfacet
  facet normal -0.0871557427476587 0.9961946980917455 0
    outer loop
      vertex 0 -1.4 2.25
      vertex 0.24310744873370244 -1.378730854217091 6.75
      vertex 0.24310744873370244 -1.378730854217091 2.25
    endloop
  endfacet
  facet normal -0.25881904510252046 0.9659258262890684 0
    outer loop
      vertex 0.24310744873370244 -1.378730854217091 2.25
      vertex 0.4788282006559362 -1.3155696691002716 6.75
      vertex 0.4788282006559362 -1.3155696691002716 2.25
    endloop
  endfacet
  facet normal -0.42261826174069955 0.9063077870366498 0
    outer loop
      vertex 0.4788282006559362 -1.3155696691002716 2.25
      vertex 0.7 -1.212435565298214 6.75
      vertex 0.7 -1.212435565298214 2.25
    endloop
  endfacet
  facet normal -0.573576436351046 0.8191520442889919 0
    outer loop
      vertex 0.7 -1.212435565298214 2.25
      vertex 0.8999026535611548 -1.0724622203665692 6.75
      vertex 0.8999026535611548 -1.0724622203665692 2.25
    endloop
  endfacet
  facet normal -0.7071067811865475 0.7071067811865475 0
    outer loop
      vertex 0.8999026535611548 -1.0724622203665692 2.25
      vertex 1.0724622203665692 -0.8999026535611548 6.75
      vertex 1.0724622203665692 -0.8999026535611548 2.25
    endloop
  endfacet
  facet normal -0.8191520442889919 0.573576436351046 0
    outer loop
      vertex 1.0724622203665692 -0.8999026535611548 2.25
      vertex 1.212435565298214 -0.7 6.75
      vertex 1.212435565298214 -0.7 2.25
    endloop
  endfacet
  facet normal -0.9063077870366498 0.42261826174069955 0
    outer loop
      vertex 1.212435565298214 -0.7 2.25
      vertex 1.3155696691002716 -0.4788282006559362 6.75
      vertex 1.3155696691002716 -0.4788282006559362 2.25
    endloop
  endfacet
  facet normal -0.9659258262890684 0.25881904510252046 0
    outer loop
      vertex 1.3155696691002716 -0.4788282006559362 2.25
      vertex 1.378730854217091 -0.24310744873370244 6.75
      vertex 1.378730854217091 -0.24310744873370244 2.25
    endloop
  endfacet
  facet normal -0.9961946980917455 0.0871557427476587 0
    outer loop
      vertex 1.378730854217091 -0.24310744873370244 2.25
      vertex 1.4 0 6.75
      vertex 1.4 0 2.25
    endloop
  endfacet
  facet normal -0.0871557427476587 0.9961946980917455 0
    outer loop
      vertex 0 -1.4 2.25
      vertex 0 -1.4 6.75
      vertex 0.24310744873370244 -1.378730854217091 6.75
    endloop
  endfacet
  facet normal -0.25881904510252046 0.9659258262890684 0
    outer loop
      vertex 0.24310744873370244 -1.378730854217091 2.25
      vertex 0.24310744873370244 -1.378730854217091 6.75
      vertex 0.4788282006559362 -1.3155696691002716 6.75
    endloop
  endfacet
  facet normal -0.42261826174069955 0.9063077870366498 0
    outer loop
      vertex 0.4788282006559362 -1.3155696691002716 2.25
      vertex 0.4788282006559362 -1.3155696691002716 6.75
      vertex 0.7 -1.212435565298214 6.75
    endloop
  endfacet
  facet normal -0.573576436351046 0.8191520442889919 0
    outer loop
      vertex 0.7 -1.212435565298214 2.25
      vertex 0.7 -1.212435565298214 6.75
      vertex 0.8999026535611548 -1.0724622203665692 6.75
    endloop
  endfacet
  facet normal -0.7071067811865475 0.7071067811865475 0
    outer loop
      vertex 0.8999026535611548 -1.0724622203665692 2.25
      vertex 0.8999026535611548 -1.0724622203665692 6.75
      vertex 1.0724622203665692 -0.8999026535611548 6.75
    endloop
  endfacet
  facet normal -0.8191520442889919 0.573576436351046 0
    outer loop
      vertex 1.0724622203665692 -0.8999026535611548 2.25
      vertex 1.0724622203665692 -0.8999026535611548 6.75
      vertex 1.212435565298214 -0.7 6.75
    endloop
  endfacet
  facet normal -0.9063077870366498 0.42261826174069955 0
    outer loop
      vertex 1.212435565298214 -0.7 2.25
      vertex 1.212435565298214 -0.7 6.75
      vertex 1.3155696691002716 -0.4788282006559362 6.75
    endloop
  endfacet
  facet normal -0.9659258262890684 0.25881904510252046 0
    outer loop
      vertex 1.3155696691002716 -0.4788282006559362 2.25
      vertex 1.3155696691002716 -0.4788282006559362 6.75
      vertex 1.378730854217091 -0.24310744873370244 6.75
    endloop
  endfacet
  facet normal -0.9961946980917455 0.0871557427476587 0
    outer loop
      vertex 1.378730854217091 -0.24310744873370244 2.25
      vertex 1.378730854217091 -0.24310744873370244 6.75
      vertex 1.4 0 6.75
    endloop
  endfacet
  facet normal 0 0 -1
    outer loop
      vertex 0 -1.4 6.75
      vertex 0 1.4 6.75
      vertex 0.24310744873370244 -1.378730854217091 6.75
    endloop
  endfacet
  facet normal 0 0 -1
    outer loop
      vertex 0.24310744873370244 -1.378730854217091 6.75
      vertex 0.24310744873370244 1.378730854217091 6.75
      vertex 0.4788282006559362 -1.3155696691002716 6.75
    endloop
  endfacet
  facet normal 0 0 -1
    outer loop
      vertex 0.4788282006559362 -1.3155696691002716 6.75
      vertex 0.4788282006559362 1.3155696691002716 6.75
      vertex 0.7 -1.212435565298214 6.75
    endloop
  endfacet
  facet normal 0 0 -1
    outer loop
      vertex 0.7 -1.212435565298214 6.75
      vertex 0.7 1.212435565298214 6.75
      vertex 0.8999026535611548 -1.0724622203665692 6.75
    endloop
  endfacet
  facet normal 0 0 -1
    outer loop
      vertex 0.8999026535611548 -1.0724622203665692 6.75
      vertex 0.8999026535611548 1.0724622203665692 6.75
      vertex 1.0724622203665692 -0.8999026535611548 6.75
    endloop
  endfacet
  facet normal 0 0 -1
    outer loop
      vertex 1.0724622203665692 -0.8999026535611548 6.75
      vertex 1.0724622203665692 0.8999026535611548 6.75
      vertex 1.212435565298214 -0.7 6.75
    endloop
  endfacet
  facet normal 0 0 -1
    outer loop
      vertex 1.212435565298214 -0.7 6.75
      vertex 1.212435565298214 0.7 6.75
      vertex 1.3155696691002716 -0.4788282006559362 6.75
    endloop
  endfacet
  facet normal 0 0 -1
    outer loop
      vertex 1.3155696691002716 -0.4788282006559362 6.75
      vertex 1.3155696691002716 0.4788282006559362 6.75
      vertex 1.378730854217091 -0.24310744873370244 6.75
    endloop
  endfacet
  facet normal -0.0871557427476587 -0.9961946980917455 0
    outer loop
      vertex 0 1.4 2.25
      vertex 0.24310744873370244 1.378730854217091 2.25
      vertex 0 1.4 6.75
    endloop
  endfacet
  facet normal -0.25881904510252046 -0.9659258262890684 0
    outer loop
      vertex 0.24310744873370244 1.378730854217091 2.25
      vertex 0.4788282006559362 1.3155696691002716 2.25
      vertex 0.24310744873370244 1.378730854217091 6.75
    endloop
  endfacet
  facet normal -0.42261826174069955 -0.9063077870366498 0
    outer loop
      vertex 0.4788282006559362 1.3155696691002716 2.25
      vertex 0.7 1.212435565298214 2.25
      vertex 0.4788282006559362 1.3155696691002716 6.75
    endloop
  endfacet
  facet normal -0.9961946980917455 -0.0871557427476587 0
    outer loop
      vertex 1.4 0 2.25
      vertex 1.378730854217091 0.24310744873370244 6.75
      vertex 1.378730854217091 0.24310744873370244 2.25
    endloop
  endfacet
  facet normal -0.9063077870366498 -0.42261826174069955 0
    outer loop
      vertex 1.212435565298214 0.7 2.25
      vertex 1.3155696691002716 0.4788282006559362 2.25
      vertex 1.212435565298214 0.7 6.75
    endloop
  endfacet
  facet normal -0.9659258262890684 -0.25881904510252046 0
    outer loop
      vertex 1.378730854217091 0.24310744873370244 2.25
      vertex 1.3155696691002716 0.4788282006559362 6.75
      vertex 1.3155696691002716 0.4788282006559362 2.25
    endloop
  endfacet
  facet normal -0.8191520442889919 -0.573576436351046 0
    outer loop
      vertex 1.212435565298214 0.7 2.25
      vertex 1.0724622203665692 0.8999026535611548 6.75
      vertex 1.0724622203665692 0.8999026535611548 2.25
    endloop
  endfacet
  facet normal -0.7071067811865475 -0.7071067811865475 0
    outer loop
      vertex 0.8999026535611548 1.0724622203665692 2.25
      vertex 1.0724622203665692 0.8999026535611548 2.25
      vertex 0.8999026535611548 1.0724622203665692 6.75
    endloop
  endfacet
  facet normal -0.573576436351046 -0.8191520442889919 0
    outer loop
      vertex 0.7 1.212435565298214 2.25
      vertex 0.8999026535611548 1.0724622203665692 2.25
      vertex 0.7 1.212435565298214 6.75
    endloop
  endfacet
  facet normal -0.0871557427476587 -0.9961946980917455 0
    outer loop
      vertex 0.24310744873370244 1.378730854217091 2.25
      vertex 0.24310744873370244 1.378730854217091 6.75
      vertex 0 1.4 6.75
    endloop
  endfacet
  facet normal -0.25881904510252046 -0.9659258262890684 0
    outer loop
      vertex 0.4788282006559362 1.3155696691002716 2.25
      vertex 0.4788282006559362 1.3155696691002716 6.75
      vertex 0.24310744873370244 1.378730854217091 6.75
    endloop
  endfacet
  facet normal -0.42261826174069955 -0.9063077870366498 0
    outer loop
      vertex 0.7 1.212435565298214 2.25
      vertex 0.7 1.212435565298214 6.75
      vertex 0.4788282006559362 1.3155696691002716 6.75
    endloop
  endfacet
  facet normal -0.9961946980917455 -0.0871557427476587 0
    outer loop
      vertex 1.4 0 2.25
      vertex 1.4 0 6.75
      vertex 1.378730854217091 0.24310744873370244 6.75
    endloop
  endfacet
  facet normal -0.9659258262890684 -0.25881904510252046 0
    outer loop
      vertex 1.378730854217091 0.24310744873370244 2.25
      vertex 1.378730854217091 0.24310744873370244 6.75
      vertex 1.3155696691002716 0.4788282006559362 6.75
    endloop
  endfacet
  facet normal -0.9063077870366498 -0.42261826174069955 0
    outer loop
      vertex 1.3155696691002716 0.4788282006559362 2.25
      vertex 1.3155696691002716 0.4788282006559362 6.75
      vertex 1.212435565298214 0.7 6.75
    endloop
  endfacet
  facet normal -0.573576436351046 -0.8191520442889919 0
    outer loop
      vertex 0.8999026535611548 1.0724622203665692 2.25
      vertex 0.8999026535611548 1.0724622203665692 6.75
      vertex 0.7 1.212435565298214 6.75
    endloop
  endfacet
  facet normal -0.7071067811865475 -0.7071067811865475 0
    outer loop
      vertex 1.0724622203665692 0.8999026535611548 2.25
      vertex 1.0724622203665692 0.8999026535611548 6.75
      vertex 0.8999026535611548 1.0724622203665692 6.75
    endloop
  endfacet
  facet normal -0.8191520442889919 -0.573576436351046 0
    outer loop
      vertex 1.212435565298214 0.7 2.25
      vertex 1.212435565298214 0.7 6.75
      vertex 1.0724622203665692 0.8999026535611548 6.75
    endloop
  endfacet
  facet normal 0 0 -1
    outer loop
      vertex 0.24310744873370244 -1.378730854217091 6.75
      vertex 0 1.4 6.75
      vertex 0.24310744873370244 1.378730854217091 6.75
    endloop
  endfacet
  facet normal 0 0 -1
    outer loop
      vertex 0.4788282006559362 -1.3155696691002716 6.75
      vertex 0.24310744873370244 1.378730854217091 6.75
      vertex 0.4788282006559362 1.3155696691002716 6.75
    endloop
  endfacet
  facet normal 0 0 -1
    outer loop
      vertex 0.7 -1.212435565298214 6.75
      vertex 0.4788282006559362 1.3155696691002716 6.75
      vertex 0.7 1.212435565298214 6.75
    endloop
  endfacet
  facet normal 0 0 -1
    outer loop
      vertex 1.0724622203665692 -0.8999026535611548 6.75
      vertex 0.8999026535611548 1.0724622203665692 6.75
      vertex 1.0724622203665692 0.8999026535611548 6.75
    endloop
  endfacet
  facet normal 0 0 -1
    outer loop
      vertex 0.8999026535611548 -1.0724622203665692 6.75
      vertex 0.7 1.212435565298214 6.75
      vertex 0.8999026535611548 1.0724622203665692 6.75
    endloop
  endfacet
  facet normal 0 0 -1
    outer loop
      vertex 1.212435565298214 -0.7 6.75
      vertex 1.0724622203665692 0.8999026535611548 6.75
      vertex 1.212435565298214 0.7 6.75
    endloop
  endfacet
  facet normal 0 0 -1
    outer loop
      vertex 1.3155696691002716 -0.4788282006559362 6.75
      vertex 1.212435565298214 0.7 6.75
      vertex 1.3155696691002716 0.4788282006559362 6.75
    endloop
  endfacet
  facet normal 0 0 -1
    outer loop
      vertex 1.378730854217091 -0.24310744873370244 6.75
      vertex 1.378730854217091 0.24310744873370244 6.75
      vertex 1.4 0 6.75
    endloop
  endfacet
  facet normal 0 0 -1
    outer loop
      vertex 1.378730854217091 -0.24310744873370244 6.75
      vertex 1.3155696691002716 0.4788282006559362 6.75
      vertex 1.378730854217091 0.24310744873370244 6.75
    endloop
  endfacet
  facet normal 0.9870502626379127 0.16041128085776094 0
    outer loop
      vertex -1.5449738276080254 -0.12472318151092505 2.25
      vertex -1.5049598170103804 -0.37093927964571427 0
      vertex -1.5449738276080254 -0.12472318151092505 0
    endloop
  endfacet
  facet normal 0.9870502626379127 0.16041128085776094 0
    outer loop
      vertex -1.5049598170103804 -0.37093927964571427 2.25
      vertex -1.5049598170103804 -0.37093927964571427 0
      vertex -1.5449738276080254 -0.12472318151092505 2.25
    endloop
  endfacet
  facet normal 1 0 0
    outer loop
      vertex -1.5449738276080254 -0.12472318151092505 2.25
      vertex -1.5449738276080254 -0.12472318151092505 0
      vertex -1.5449738276080254 0.12472318151092505 2.25
    endloop
  endfacet
  facet normal 0.12053668025532265 0.9927088740980541 0
    outer loop
      vertex -0.31003982535286906 -1.5186755106655148 2.25
      vertex -0.06241220716959381 -1.5487429471659326 0
      vertex -0.31003982535286906 -1.5186755106655148 0
    endloop
  endfacet
  facet normal 0.12053668025532265 0.9927088740980541 0
    outer loop
      vertex -0.31003982535286906 -1.5186755106655148 2.25
      vertex -0.06241220716959381 -1.5487429471659326 2.25
      vertex -0.06241220716959381 -1.5487429471659326 0
    endloop
  endfacet
  facet normal 0.7994427634035014 0.6007422642379787 0
    outer loop
      vertex -1.3100446325928814 -0.8284220304980918 2.25
      vertex -1.1601916596652064 -1.0278401202732326 0
      vertex -1.3100446325928814 -0.8284220304980918 0
    endloop
  endfacet
  facet normal 0.5680647467311555 0.8229838658936567 0
    outer loop
      vertex -0.9802903321728345 -1.2006376908328646 2.25
      vertex -0.7749999999999999 -1.3423393758658797 0
      vertex -0.9802903321728345 -1.2006376908328646 0
    endloop
  endfacet
  facet normal 0.6927243535095995 0.7212024473438144 0
    outer loop
      vertex -1.1601916596652064 -1.0278401202732326 2.25
      vertex -0.9802903321728345 -1.2006376908328646 0
      vertex -1.1601916596652064 -1.0278401202732326 0
    endloop
  endfacet
  facet normal 0.8854560256532097 0.4647231720437691 0
    outer loop
      vertex -1.4259681376711775 -0.607548245283116 2.25
      vertex -1.3100446325928814 -0.8284220304980918 0
      vertex -1.4259681376711775 -0.607548245283116 0
    endloop
  endfacet
  facet normal 0.9485364419471456 0.31666799380147187 0
    outer loop
      vertex -1.5049598170103804 -0.37093927964571427 2.25
      vertex -1.4259681376711775 -0.607548245283116 0
      vertex -1.5049598170103804 -0.37093927964571427 0
    endloop
  endfacet
  facet normal 0.4286925614030543 0.9034504346103822 0
    outer loop
      vertex -0.7749999999999999 -1.3423393758658797 2.25
      vertex -0.5496375749159302 -1.4492751761623928 0
      vertex -0.7749999999999999 -1.3423393758658797 0
    endloop
  endfacet
  facet normal 0.2782174639164529 0.9605181116313721 0
    outer loop
      vertex -0.5496375749159302 -1.4492751761623928 2.25
      vertex -0.31003982535286906 -1.5186755106655148 0
      vertex -0.5496375749159302 -1.4492751761623928 0
    endloop
  endfacet
  facet normal 0.8854560256532097 0.4647231720437691 0
    outer loop
      vertex -1.3100446325928814 -0.8284220304980918 2.25
      vertex -1.3100446325928814 -0.8284220304980918 0
      vertex -1.4259681376711775 -0.607548245283116 2.25
    endloop
  endfacet
  facet normal 0.7994427634035014 0.6007422642379787 0
    outer loop
      vertex -1.3100446325928814 -0.8284220304980918 2.25
      vertex -1.1601916596652064 -1.0278401202732326 2.25
      vertex -1.1601916596652064 -1.0278401202732326 0
    endloop
  endfacet
  facet normal 0.6927243535095995 0.7212024473438144 0
    outer loop
      vertex -1.1601916596652064 -1.0278401202732326 2.25
      vertex -0.9802903321728345 -1.2006376908328646 2.25
      vertex -0.9802903321728345 -1.2006376908328646 0
    endloop
  endfacet
  facet normal 0.5680647467311555 0.8229838658936567 0
    outer loop
      vertex -0.9802903321728345 -1.2006376908328646 2.25
      vertex -0.7749999999999999 -1.3423393758658797 2.25
      vertex -0.7749999999999999 -1.3423393758658797 0
    endloop
  endfacet
  facet normal 0.9485364419471456 0.31666799380147187 0
    outer loop
      vertex -1.4259681376711775 -0.607548245283116 2.25
      vertex -1.4259681376711775 -0.607548245283116 0
      vertex -1.5049598170103804 -0.37093927964571427 2.25
    endloop
  endfacet
  facet normal 0.4286925614030543 0.9034504346103822 0
    outer loop
      vertex -0.7749999999999999 -1.3423393758658797 2.25
      vertex -0.5496375749159302 -1.4492751761623928 2.25
      vertex -0.5496375749159302 -1.4492751761623928 0
    endloop
  endfacet
  facet normal 0.2782174639164529 0.9605181116313721 0
    outer loop
      vertex -0.31003982535286906 -1.5186755106655148 2.25
      vertex -0.31003982535286906 -1.5186755106655148 0
      vertex -0.5496375749159302 -1.4492751761623928 2.25
    endloop
  endfacet
  facet normal 0 0 -1
    outer loop
      vertex -1.5049598170103804 -0.37093927964571427 2.25
      vertex -1.5449738276080254 -0.12472318151092505 2.25
      vertex -1.5449738276080254 0.12472318151092505 2.25
    endloop
  endfacet
  facet normal 0 0 -1
    outer loop
      vertex -1.3100446325928814 -0.8284220304980918 2.25
      vertex -1.212435565298214 -0.7 2.25
      vertex -1.1601916596652064 -1.0278401202732326 2.25
    endloop
  endfacet
  facet normal 0 0 -1
    outer loop
      vertex -1.1601916596652064 -1.0278401202732326 2.25
      vertex -1.212435565298214 -0.7 2.25
      vertex -1.0724622203665692 -0.8999026535611548 2.25
    endloop
  endfacet
  facet normal 0 0 -1
    outer loop
      vertex -0.9802903321728345 -1.2006376908328646 2.25
      vertex -0.8999026535611548 -1.0724622203665692 2.25
      vertex -0.7749999999999999 -1.3423393758658797 2.25
    endloop
  endfacet
  facet normal 0 0 -1
    outer loop
      vertex -0.8999026535611548 -1.0724622203665692 2.25
      vertex -0.7 -1.212435565298214 2.25
      vertex -0.7749999999999999 -1.3423393758658797 2.25
    endloop
  endfacet
  facet normal 0 0 -1
    outer loop
      vertex -1.1601916596652064 -1.0278401202732326 2.25
      vertex -1.0724622203665692 -0.8999026535611548 2.25
      vertex -0.9802903321728345 -1.2006376908328646 2.25
    endloop
  endfacet
  facet normal 0 0 -1
    outer loop
      vertex -1.0724622203665692 -0.8999026535611548 2.25
      vertex -0.8999026535611548 -1.0724622203665692 2.25
      vertex -0.9802903321728345 -1.2006376908328646 2.25
    endloop
  endfacet
  facet normal 0 0 -1
    outer loop
      vertex -1.3100446325928814 -0.8284220304980918 2.25
      vertex -1.4259681376711775 -0.607548245283116 2.25
      vertex -1.378730854217091 -0.24310744873370244 2.25
    endloop
  endfacet
  facet normal 0 0 -1
    outer loop
      vertex -1.3100446325928814 -0.8284220304980918 2.25
      vertex -1.378730854217091 -0.24310744873370244 2.25
      vertex -1.3155696691002716 -0.4788282006559362 2.25
    endloop
  endfacet
  facet normal 0 0 -1
    outer loop
      vertex -1.3100446325928814 -0.8284220304980918 2.25
      vertex -1.3155696691002716 -0.4788282006559362 2.25
      vertex -1.212435565298214 -0.7 2.25
    endloop
  endfacet
  facet normal 0 0 -1
    outer loop
      vertex -1.4259681376711775 -0.607548245283116 2.25
      vertex -1.5049598170103804 -0.37093927964571427 2.25
      vertex -1.5049598170103804 0.37093927964571427 2.25
    endloop
  endfacet
  facet normal 0 0 -1
    outer loop
      vertex -1.4259681376711775 -0.607548245283116 2.25
      vertex -1.4 0 2.25
      vertex -1.378730854217091 -0.24310744873370244 2.25
    endloop
  endfacet
  facet normal 0 0 -1
    outer loop
      vertex -0.7749999999999999 -1.3423393758658797 2.25
      vertex -0.7 -1.212435565298214 2.25
      vertex -0.5496375749159302 -1.4492751761623928 2.25
    endloop
  endfacet
  facet normal 0 0 -1
    outer loop
      vertex -0.7 -1.212435565298214 2.25
      vertex -0.4788282006559362 -1.3155696691002716 2.25
      vertex -0.5496375749159302 -1.4492751761623928 2.25
    endloop
  endfacet
  facet normal 0 0 -1
    outer loop
      vertex -0.31003982535286906 -1.5186755106655148 2.25
      vertex -0.5496375749159302 -1.4492751761623928 2.25
      vertex -0.4788282006559362 -1.3155696691002716 2.25
    endloop
  endfacet
  facet normal 0 0 -1
    outer loop
      vertex -0.31003982535286906 -1.5186755106655148 2.25
      vertex -0.4788282006559362 -1.3155696691002716 2.25
      vertex -0.24310744873370244 -1.378730854217091 2.25
    endloop
  endfacet
  facet normal 0 0 -1
    outer loop
      vertex -0.31003982535286906 -1.5186755106655148 2.25
      vertex -0.24310744873370244 -1.378730854217091 2.25
      vertex -0.06241220716959381 -1.5487429471659326 2.25
    endloop
  endfacet
  facet normal 0 0 -1
    outer loop
      vertex -0.06241220716959381 -1.5487429471659326 2.25
      vertex -0.24310744873370244 -1.378730854217091 2.25
      vertex 0 -1.4 2.25
    endloop
  endfacet
  facet normal 1 0 0
    outer loop
      vertex -1.5449738276080254 0.12472318151092505 2.25
      vertex -1.5449738276080254 -0.12472318151092505 0
      vertex -1.5449738276080254 0.12472318151092505 0
    endloop
  endfacet
  facet normal 0.9870502626379127 -0.16041128085776094 0
    outer loop
      vertex -1.5049598170103804 0.37093927964571427 2.25
      vertex -1.5449738276080254 0.12472318151092505 0
      vertex -1.5049598170103804 0.37093927964571427 0
    endloop
  endfacet
  facet normal 0.9870502626379127 -0.16041128085776094 0
    outer loop
      vertex -1.5449738276080254 0.12472318151092505 2.25
      vertex -1.5449738276080254 0.12472318151092505 0
      vertex -1.5049598170103804 0.37093927964571427 2.25
    endloop
  endfacet
  facet normal 0.9485364419471456 -0.31666799380147187 0
    outer loop
      vertex -1.4259681376711775 0.607548245283116 2.25
      vertex -1.5049598170103804 0.37093927964571427 0
      vertex -1.4259681376711775 0.607548245283116 0
    endloop
  endfacet
  facet normal 0.8854560256532097 -0.4647231720437691 0
    outer loop
      vertex -1.3100446325928814 0.8284220304980918 2.25
      vertex -1.4259681376711775 0.607548245283116 0
      vertex -1.3100446325928814 0.8284220304980918 0
    endloop
  endfacet
  facet normal 0.7994427634035014 -0.6007422642379787 0
    outer loop
      vertex -1.1601916596652064 1.0278401202732326 2.25
      vertex -1.3100446325928814 0.8284220304980918 0
      vertex -1.1601916596652064 1.0278401202732326 0
    endloop
  endfacet
  facet normal 0.6927243535095995 -0.7212024473438144 0
    outer loop
      vertex -0.9802903321728345 1.2006376908328646 2.25
      vertex -1.1601916596652064 1.0278401202732326 0
      vertex -0.9802903321728345 1.2006376908328646 0
    endloop
  endfacet
  facet normal 0.5680647467311555 -0.8229838658936567 0
    outer loop
      vertex -0.7749999999999999 1.3423393758658797 2.25
      vertex -0.9802903321728345 1.2006376908328646 0
      vertex -0.7749999999999999 1.3423393758658797 0
    endloop
  endfacet
  facet normal 0.4286925614030543 -0.9034504346103822 0
    outer loop
      vertex -0.5496375749159302 1.4492751761623928 2.25
      vertex -0.7749999999999999 1.3423393758658797 0
      vertex -0.5496375749159302 1.4492751761623928 0
    endloop
  endfacet
  facet normal 0.2782174639164526 -0.9605181116313724 0
    outer loop
      vertex -0.3100398253528687 1.5186755106655148 2.25
      vertex -0.5496375749159302 1.4492751761623928 0
      vertex -0.3100398253528687 1.5186755106655148 0
    endloop
  endfacet
  facet normal 0.9485364419471456 -0.31666799380147187 0
    outer loop
      vertex -1.5049598170103804 0.37093927964571427 2.25
      vertex -1.5049598170103804 0.37093927964571427 0
      vertex -1.4259681376711775 0.607548245283116 2.25
    endloop
  endfacet
  facet normal 0.8854560256532097 -0.4647231720437691 0
    outer loop
      vertex -1.4259681376711775 0.607548245283116 2.25
      vertex -1.4259681376711775 0.607548245283116 0
      vertex -1.3100446325928814 0.8284220304980918 2.25
    endloop
  endfacet
  facet normal 0.7994427634035014 -0.6007422642379787 0
    outer loop
      vertex -1.3100446325928814 0.8284220304980918 2.25
      vertex -1.3100446325928814 0.8284220304980918 0
      vertex -1.1601916596652064 1.0278401202732326 2.25
    endloop
  endfacet
  facet normal 0.6927243535095995 -0.7212024473438144 0
    outer loop
      vertex -1.1601916596652064 1.0278401202732326 2.25
      vertex -1.1601916596652064 1.0278401202732326 0
      vertex -0.9802903321728345 1.2006376908328646 2.25
    endloop
  endfacet
  facet normal 0.5680647467311555 -0.8229838658936567 0
    outer loop
      vertex -0.9802903321728345 1.2006376908328646 2.25
      vertex -0.9802903321728345 1.2006376908328646 0
      vertex -0.7749999999999999 1.3423393758658797 2.25
    endloop
  endfacet
  facet normal 0.4286925614030543 -0.9034504346103822 0
    outer loop
      vertex -0.7749999999999999 1.3423393758658797 2.25
      vertex -0.7749999999999999 1.3423393758658797 0
      vertex -0.5496375749159302 1.4492751761623928 2.25
    endloop
  endfacet
  facet normal 0.2782174639164526 -0.9605181116313724 0
    outer loop
      vertex -0.5496375749159302 1.4492751761623928 2.25
      vertex -0.5496375749159302 1.4492751761623928 0
      vertex -0.3100398253528687 1.5186755106655148 2.25
    endloop
  endfacet
  facet normal 0.12053668025532262 -0.9927088740980541 0
    outer loop
      vertex -0.062412207169593434 1.5487429471659326 2.25
      vertex -0.3100398253528687 1.5186755106655148 0
      vertex -0.062412207169593434 1.5487429471659326 0
    endloop
  endfacet
  facet normal 0.12053668025532262 -0.9927088740980541 0
    outer loop
      vertex -0.3100398253528687 1.5186755106655148 2.25
      vertex -0.3100398253528687 1.5186755106655148 0
      vertex -0.062412207169593434 1.5487429471659326 2.25
    endloop
  endfacet
  facet normal 0 0 -1
    outer loop
      vertex -1.5049598170103804 -0.37093927964571427 2.25
      vertex -1.5449738276080254 0.12472318151092505 2.25
      vertex -1.5049598170103804 0.37093927964571427 2.25
    endloop
  endfacet
  facet normal 0 0 -1
    outer loop
      vertex -1.4259681376711775 -0.607548245283116 2.25
      vertex -1.4259681376711775 0.607548245283116 2.25
      vertex -1.4 0 2.25
    endloop
  endfacet
  facet normal 0 0 -1
    outer loop
      vertex -1.4259681376711775 -0.607548245283116 2.25
      vertex -1.5049598170103804 0.37093927964571427 2.25
      vertex -1.4259681376711775 0.607548245283116 2.25
    endloop
  endfacet
  facet normal 0 0 -1
    outer loop
      vertex -1.4 0 2.25
      vertex -1.4259681376711775 0.607548245283116 2.25
      vertex -1.378730854217091 0.24310744873370244 2.25
    endloop
  endfacet
  facet normal 0 0 -1
    outer loop
      vertex -1.378730854217091 0.24310744873370244 2.25
      vertex -1.4259681376711775 0.607548245283116 2.25
      vertex -1.3155696691002716 0.4788282006559362 2.25
    endloop
  endfacet
  facet normal 0 0 -1
    outer loop
      vertex -1.3155696691002716 0.4788282006559362 2.25
      vertex -1.4259681376711775 0.607548245283116 2.25
      vertex -1.212435565298214 0.7 2.25
    endloop
  endfacet
  facet normal 0 0 -1
    outer loop
      vertex -1.4259681376711775 0.607548245283116 2.25
      vertex -1.3100446325928814 0.8284220304980918 2.25
      vertex -1.212435565298214 0.7 2.25
    endloop
  endfacet
  facet normal 0 0 -1
    outer loop
      vertex -1.212435565298214 0.7 2.25
      vertex -1.3100446325928814 0.8284220304980918 2.25
      vertex -1.0724622203665692 0.8999026535611548 2.25
    endloop
  endfacet
  facet normal 0 0 -1
    outer loop
      vertex -1.3100446325928814 0.8284220304980918 2.25
      vertex -1.1601916596652064 1.0278401202732326 2.25
      vertex -1.0724622203665692 0.8999026535611548 2.25
    endloop
  endfacet
  facet normal 0 0 -1
    outer loop
      vertex -1.0724622203665692 0.8999026535611548 2.25
      vertex -1.1601916596652064 1.0278401202732326 2.25
      vertex -0.8999026535611548 1.0724622203665692 2.25
    endloop
  endfacet
  facet normal 0 0 -1
    outer loop
      vertex -1.1601916596652064 1.0278401202732326 2.25
      vertex -0.9802903321728345 1.2006376908328646 2.25
      vertex -0.8999026535611548 1.0724622203665692 2.25
    endloop
  endfacet
  facet normal 0 0 -1
    outer loop
      vertex -0.8999026535611548 1.0724622203665692 2.25
      vertex -0.9802903321728345 1.2006376908328646 2.25
      vertex -0.7 1.212435565298214 2.25
    endloop
  endfacet
  facet normal 0 0 -1
    outer loop
      vertex -0.9802903321728345 1.2006376908328646 2.25
      vertex -0.7749999999999999 1.3423393758658797 2.25
      vertex -0.7 1.212435565298214 2.25
    endloop
  endfacet
  facet normal 0 0 -1
    outer loop
      vertex -0.7 1.212435565298214 2.25
      vertex -0.7749999999999999 1.3423393758658797 2.25
      vertex -0.4788282006559362 1.3155696691002716 2.25
    endloop
  endfacet
  facet normal 0 0 -1
    outer loop
      vertex -0.7749999999999999 1.3423393758658797 2.25
      vertex -0.5496375749159302 1.4492751761623928 2.25
      vertex -0.4788282006559362 1.3155696691002716 2.25
    endloop
  endfacet
  facet normal 0 0 -1
    outer loop
      vertex -0.5496375749159302 1.4492751761623928 2.25
      vertex -0.24310744873370244 1.378730854217091 2.25
      vertex -0.4788282006559362 1.3155696691002716 2.25
    endloop
  endfacet
  facet normal 0 0 -1
    outer loop
      vertex -0.5496375749159302 1.4492751761623928 2.25
      vertex -0.3100398253528687 1.5186755106655148 2.25
      vertex -0.24310744873370244 1.378730854217091 2.25
    endloop
  endfacet
  facet normal 0 0 -1
    outer loop
      vertex -0.24310744873370244 1.378730854217091 2.25
      vertex -0.3100398253528687 1.5186755106655148 2.25
      vertex 0 1.4 2.25
    endloop
  endfacet
  facet normal 0 0 -1
    outer loop
      vertex -0.3100398253528687 1.5186755106655148 2.25
      vertex -0.062412207169593434 1.5487429471659326 2.25
      vertex 0 1.4 2.25
    endloop
  endfacet
  facet normal -0.04026594010941388 0.9991889981715696 0
    outer loop
      vertex -0.06241220716959381 -1.5487429471659326 2.25
      vertex 0.18683185439575026 -1.5386987548519837 0
      vertex -0.06241220716959381 -1.5487429471659326 0
    endloop
  endfacet
  facet normal -0.20002569377604396 0.9797906520422678 0
    outer loop
      vertex 0.18683185439575026 -1.5386987548519837 2.25
      vertex 0.4312370690705009 -1.4888030730286272 0
      vertex 0.18683185439575026 -1.5386987548519837 0
    endloop
  endfacet
  facet normal -0.04026594010941388 0.9991889981715696 0
    outer loop
      vertex -0.06241220716959381 -1.5487429471659326 2.25
      vertex 0.18683185439575026 -1.5386987548519837 2.25
      vertex 0.18683185439575026 -1.5386987548519837 0
    endloop
  endfacet
  facet normal -0.20002569377604396 0.9797906520422678 0
    outer loop
      vertex 0.18683185439575026 -1.5386987548519837 2.25
      vertex 0.4312370690705009 -1.4888030730286272 2.25
      vertex 0.4312370690705009 -1.4888030730286272 0
    endloop
  endfacet
  facet normal -0.35460488704253634 0.9350162426854146 0
    outer loop
      vertex 0.4312370690705009 -1.4888030730286272 2.25
      vertex 0.6644734701747332 -1.4003481736460925 0
      vertex 0.4312370690705009 -1.4888030730286272 0
    endloop
  endfacet
  facet normal -0.4999999999999999 0.8660254037844386 0
    outer loop
      vertex 0.6644734701747332 -1.4003481736460925 2.25
      vertex 0.8805003574332919 -1.2756249921351668 0
      vertex 0.6644734701747332 -1.4003481736460925 0
    endloop
  endfacet
  facet normal -0.6324453755953774 0.7746049618276545 0
    outer loop
      vertex 0.8805003574332919 -1.2756249921351668 2.25
      vertex 1.0737227479398794 -1.1178637933829119 0
      vertex 0.8805003574332919 -1.2756249921351668 0
    endloop
  endfacet
  facet normal -0.7485107481711011 0.6631226582407951 0
    outer loop
      vertex 1.0737227479398794 -1.1178637933829119 2.25
      vertex 1.239136283275427 -0.9311505095688669 0
      vertex 1.0737227479398794 -1.1178637933829119 0
    endloop
  endfacet
  facet normal -0.8451900855437947 0.534465826127801 0
    outer loop
      vertex 1.239136283275427 -0.9311505095688669 2.25
      vertex 1.3724568397624755 -0.7203209166678408 0
      vertex 1.239136283275427 -0.9311505095688669 0
    endloop
  endfacet
  facet normal -0.9199794436588242 0.3919666098600749 0
    outer loop
      vertex 1.3724568397624755 -0.7203209166678408 2.25
      vertex 1.4702314850180755 -0.49083539039228213 0
      vertex 1.3724568397624755 -0.7203209166678408 0
    endloop
  endfacet
  facet normal -0.970941817426052 0.23931566428755743 0
    outer loop
      vertex 1.4702314850180755 -0.49083539039228213 2.25
      vertex 1.5299279070887648 -0.24863748532952826 0
      vertex 1.4702314850180755 -0.49083539039228213 0
    endloop
  endfacet
  facet normal -0.35460488704253634 0.9350162426854146 0
    outer loop
      vertex 0.4312370690705009 -1.4888030730286272 2.25
      vertex 0.6644734701747332 -1.4003481736460925 2.25
      vertex 0.6644734701747332 -1.4003481736460925 0
    endloop
  endfacet
  facet normal -0.4999999999999999 0.8660254037844386 0
    outer loop
      vertex 0.6644734701747332 -1.4003481736460925 2.25
      vertex 0.8805003574332919 -1.2756249921351668 2.25
      vertex 0.8805003574332919 -1.2756249921351668 0
    endloop
  endfacet
  facet normal -0.6324453755953774 0.7746049618276545 0
    outer loop
      vertex 0.8805003574332919 -1.2756249921351668 2.25
      vertex 1.0737227479398794 -1.1178637933829119 2.25
      vertex 1.0737227479398794 -1.1178637933829119 0
    endloop
  endfacet
  facet normal -0.7485107481711011 0.6631226582407951 0
    outer loop
      vertex 1.0737227479398794 -1.1178637933829119 2.25
      vertex 1.239136283275427 -0.9311505095688669 2.25
      vertex 1.239136283275427 -0.9311505095688669 0
    endloop
  endfacet
  facet normal -0.8451900855437947 0.534465826127801 0
    outer loop
      vertex 1.239136283275427 -0.9311505095688669 2.25
      vertex 1.3724568397624755 -0.7203209166678408 2.25
      vertex 1.3724568397624755 -0.7203209166678408 0
    endloop
  endfacet
  facet normal -0.9199794436588242 0.3919666098600749 0
    outer loop
      vertex 1.3724568397624755 -0.7203209166678408 2.25
      vertex 1.4702314850180755 -0.49083539039228213 2.25
      vertex 1.4702314850180755 -0.49083539039228213 0
    endloop
  endfacet
  facet normal -0.9967573081342099 0.08046656871672574 0
    outer loop
      vertex 1.5299279070887648 -0.24863748532952826 2.25
      vertex 1.5499999999999998 0 0
      vertex 1.5299279070887648 -0.24863748532952826 0
    endloop
  endfacet
  facet normal -0.970941817426052 0.23931566428755743 0
    outer loop
      vertex 1.4702314850180755 -0.49083539039228213 2.25
      vertex 1.5299279070887648 -0.24863748532952826 2.25
      vertex 1.5299279070887648 -0.24863748532952826 0
    endloop
  endfacet
  facet normal -0.9967573081342099 0.08046656871672574 0
    outer loop
      vertex 1.5299279070887648 -0.24863748532952826 2.25
      vertex 1.5499999999999998 0 2.25
      vertex 1.5499999999999998 0 0
    endloop
  endfacet
  facet normal 0 0 -1
    outer loop
      vertex -0.06241220716959381 -1.5487429471659326 2.25
      vertex 0 -1.4 2.25
      vertex 0.18683185439575026 -1.5386987548519837 2.25
    endloop
  endfacet
  facet normal 0 0 -1
    outer loop
      vertex 0.18683185439575026 -1.5386987548519837 2.25
      vertex 0 -1.4 2.25
      vertex 0.24310744873370244 -1.378730854217091 2.25
    endloop
  endfacet
  facet normal 0 0 -1
    outer loop
      vertex 0.18683185439575026 -1.5386987548519837 2.25
      vertex 0.24310744873370244 -1.378730854217091 2.25
      vertex 0.4312370690705009 -1.4888030730286272 2.25
    endloop
  endfacet
  facet normal 0 0 -1
    outer loop
      vertex 0.24310744873370244 -1.378730854217091 2.25
      vertex 0.4788282006559362 -1.3155696691002716 2.25
      vertex 0.4312370690705009 -1.4888030730286272 2.25
    endloop
  endfacet
  facet normal 0 0 -1
    outer loop
      vertex 0.4312370690705009 -1.4888030730286272 2.25
      vertex 0.4788282006559362 -1.3155696691002716 2.25
      vertex 0.6644734701747332 -1.4003481736460925 2.25
    endloop
  endfacet
  facet normal 0 0 -1
    outer loop
      vertex 0.4788282006559362 -1.3155696691002716 2.25
      vertex 0.7 -1.212435565298214 2.25
      vertex 0.6644734701747332 -1.4003481736460925 2.25
    endloop
  endfacet
  facet normal 0 0 -1
    outer loop
      vertex 0.6644734701747332 -1.4003481736460925 2.25
      vertex 0.7 -1.212435565298214 2.25
      vertex 0.8805003574332919 -1.2756249921351668 2.25
    endloop
  endfacet
  facet normal 0 0 -1
    outer loop
      vertex 0.7 -1.212435565298214 2.25
      vertex 0.8999026535611548 -1.0724622203665692 2.25
      vertex 0.8805003574332919 -1.2756249921351668 2.25
    endloop
  endfacet
  facet normal 0 0 -1
    outer loop
      vertex 0.8805003574332919 -1.2756249921351668 2.25
      vertex 0.8999026535611548 -1.0724622203665692 2.25
      vertex 1.0737227479398794 -1.1178637933829119 2.25
    endloop
  endfacet
  facet normal 0 0 -1
    outer loop
      vertex 0.8999026535611548 -1.0724622203665692 2.25
      vertex 1.0724622203665692 -0.8999026535611548 2.25
      vertex 1.0737227479398794 -1.1178637933829119 2.25
    endloop
  endfacet
  facet normal 0 0 -1
    outer loop
      vertex 1.0737227479398794 -1.1178637933829119 2.25
      vertex 1.0724622203665692 -0.8999026535611548 2.25
      vertex 1.239136283275427 -0.9311505095688669 2.25
    endloop
  endfacet
  facet normal 0 0 -1
    outer loop
      vertex 1.0724622203665692 -0.8999026535611548 2.25
      vertex 1.212435565298214 -0.7 2.25
      vertex 1.239136283275427 -0.9311505095688669 2.25
    endloop
  endfacet
  facet normal 0 0 -1
    outer loop
      vertex 1.239136283275427 -0.9311505095688669 2.25
      vertex 1.212435565298214 -0.7 2.25
      vertex 1.3724568397624755 -0.7203209166678408 2.25
    endloop
  endfacet
  facet normal 0 0 -1
    outer loop
      vertex 1.212435565298214 -0.7 2.25
      vertex 1.3155696691002716 -0.4788282006559362 2.25
      vertex 1.3724568397624755 -0.7203209166678408 2.25
    endloop
  endfacet
  facet normal 0 0 -1
    outer loop
      vertex 1.3724568397624755 -0.7203209166678408 2.25
      vertex 1.3155696691002716 -0.4788282006559362 2.25
      vertex 1.4702314850180755 -0.49083539039228213 2.25
    endloop
  endfacet
  facet normal 0 0 -1
    outer loop
      vertex 1.3155696691002716 -0.4788282006559362 2.25
      vertex 1.378730854217091 -0.24310744873370244 2.25
      vertex 1.4702314850180755 -0.49083539039228213 2.25
    endloop
  endfacet
  facet normal 0 0 -1
    outer loop
      vertex 1.4702314850180755 -0.49083539039228213 2.25
      vertex 1.378730854217091 -0.24310744873370244 2.25
      vertex 1.4 0 2.25
    endloop
  endfacet
  facet normal 0 0 -1
    outer loop
      vertex 1.4702314850180755 -0.49083539039228213 2.25
      vertex 1.4702314850180753 0.4908353903922823 2.25
      vertex 1.5299279070887648 -0.24863748532952826 2.25
    endloop
  endfacet
  facet normal -0.3546048870425355 -0.9350162426854148 0
    outer loop
      vertex 0.664473470174734 1.4003481736460923 2.25
      vertex 0.4312370690705017 1.4888030730286268 0
      vertex 0.664473470174734 1.4003481736460923 0
    endloop
  endfacet
  facet normal -0.9199794436588243 -0.39196660986007464 0
    outer loop
      vertex 1.4702314850180753 0.4908353903922823 2.25
      vertex 1.3724568397624752 0.7203209166678411 0
      vertex 1.4702314850180753 0.4908353903922823 0
    endloop
  endfacet
  facet normal -0.4999999999999998 -0.8660254037844388 0
    outer loop
      vertex 0.8805003574332912 1.2756249921351674 2.25
      vertex 0.664473470174734 1.4003481736460923 0
      vertex 0.8805003574332912 1.2756249921351674 0
    endloop
  endfacet
  facet normal -0.632445375595377 -0.7746049618276548 0
    outer loop
      vertex 1.073722747939879 1.1178637933829125 2.25
      vertex 0.8805003574332912 1.2756249921351674 0
      vertex 1.073722747939879 1.1178637933829125 0
    endloop
  endfacet
  facet normal -0.7485107481711016 -0.6631226582407945 0
    outer loop
      vertex 1.2391362832754267 0.931150509568867 2.25
      vertex 1.073722747939879 1.1178637933829125 0
      vertex 1.2391362832754267 0.931150509568867 0
    endloop
  endfacet
  facet normal -0.8451900855437946 -0.5344658261278015 0
    outer loop
      vertex 1.3724568397624752 0.7203209166678411 2.25
      vertex 1.2391362832754267 0.931150509568867 0
      vertex 1.3724568397624752 0.7203209166678411 0
    endloop
  endfacet
  facet normal -0.3546048870425355 -0.9350162426854148 0
    outer loop
      vertex 0.4312370690705017 1.4888030730286268 2.25
      vertex 0.4312370690705017 1.4888030730286268 0
      vertex 0.664473470174734 1.4003481736460923 2.25
    endloop
  endfacet
  facet normal -0.4999999999999998 -0.8660254037844388 0
    outer loop
      vertex 0.664473470174734 1.4003481736460923 2.25
      vertex 0.664473470174734 1.4003481736460923 0
      vertex 0.8805003574332912 1.2756249921351674 2.25
    endloop
  endfacet
  facet normal -0.9709418174260519 -0.23931566428755818 0
    outer loop
      vertex 1.5299279070887648 0.24863748532952834 2.25
      vertex 1.4702314850180753 0.4908353903922823 2.25
      vertex 1.4702314850180753 0.4908353903922823 0
    endloop
  endfacet
  facet normal -0.9199794436588243 -0.39196660986007464 0
    outer loop
      vertex 1.3724568397624752 0.7203209166678411 2.25
      vertex 1.3724568397624752 0.7203209166678411 0
      vertex 1.4702314850180753 0.4908353903922823 2.25
    endloop
  endfacet
  facet normal -0.632445375595377 -0.7746049618276548 0
    outer loop
      vertex 0.8805003574332912 1.2756249921351674 2.25
      vertex 0.8805003574332912 1.2756249921351674 0
      vertex 1.073722747939879 1.1178637933829125 2.25
    endloop
  endfacet
  facet normal -0.8451900855437946 -0.5344658261278015 0
    outer loop
      vertex 1.3724568397624752 0.7203209166678411 2.25
      vertex 1.2391362832754267 0.931150509568867 2.25
      vertex 1.2391362832754267 0.931150509568867 0
    endloop
  endfacet
  facet normal -0.7485107481711016 -0.6631226582407945 0
    outer loop
      vertex 1.073722747939879 1.1178637933829125 2.25
      vertex 1.073722747939879 1.1178637933829125 0
      vertex 1.2391362832754267 0.931150509568867 2.25
    endloop
  endfacet
  facet normal -0.040265940109414776 -0.9991889981715696 0
    outer loop
      vertex 0.18683185439575062 1.5386987548519835 2.25
      vertex -0.062412207169593434 1.5487429471659326 0
      vertex 0.18683185439575062 1.5386987548519835 0
    endloop
  endfacet
  facet normal -0.20002569377604446 -0.9797906520422677 0
    outer loop
      vertex 0.4312370690705017 1.4888030730286268 2.25
      vertex 0.18683185439575062 1.5386987548519835 0
      vertex 0.4312370690705017 1.4888030730286268 0
    endloop
  endfacet
  facet normal -0.040265940109414776 -0.9991889981715696 0
    outer loop
      vertex -0.062412207169593434 1.5487429471659326 2.25
      vertex -0.062412207169593434 1.5487429471659326 0
      vertex 0.18683185439575062 1.5386987548519835 2.25
    endloop
  endfacet
  facet normal -0.20002569377604446 -0.9797906520422677 0
    outer loop
      vertex 0.4312370690705017 1.4888030730286268 2.25
      vertex 0.18683185439575062 1.5386987548519835 2.25
      vertex 0.18683185439575062 1.5386987548519835 0
    endloop
  endfacet
  facet normal -0.9967573081342102 -0.08046656871672574 0
    outer loop
      vertex 1.5499999999999998 0 2.25
      vertex 1.5299279070887648 0.24863748532952834 0
      vertex 1.5499999999999998 0 0
    endloop
  endfacet
  facet normal -0.9709418174260519 -0.23931566428755818 0
    outer loop
      vertex 1.5299279070887648 0.24863748532952834 2.25
      vertex 1.4702314850180753 0.4908353903922823 0
      vertex 1.5299279070887648 0.24863748532952834 0
    endloop
  endfacet
  facet normal -0.9967573081342102 -0.08046656871672574 0
    outer loop
      vertex 1.5499999999999998 0 2.25
      vertex 1.5299279070887648 0.24863748532952834 2.25
      vertex 1.5299279070887648 0.24863748532952834 0
    endloop
  endfacet
  facet normal 0 0 -1
    outer loop
      vertex -0.062412207169593434 1.5487429471659326 2.25
      vertex 0.18683185439575062 1.5386987548519835 2.25
      vertex 0 1.4 2.25
    endloop
  endfacet
  facet normal 0 0 -1
    outer loop
      vertex 0 1.4 2.25
      vertex 0.18683185439575062 1.5386987548519835 2.25
      vertex 0.24310744873370244 1.378730854217091 2.25
    endloop
  endfacet
  facet normal 0 0 -1
    outer loop
      vertex 0.24310744873370244 1.378730854217091 2.25
      vertex 0.18683185439575062 1.5386987548519835 2.25
      vertex 0.4312370690705017 1.4888030730286268 2.25
    endloop
  endfacet
  facet normal 0 0 -1
    outer loop
      vertex 0.24310744873370244 1.378730854217091 2.25
      vertex 0.4312370690705017 1.4888030730286268 2.25
      vertex 0.4788282006559362 1.3155696691002716 2.25
    endloop
  endfacet
  facet normal 0 0 -1
    outer loop
      vertex 0.4312370690705017 1.4888030730286268 2.25
      vertex 0.664473470174734 1.4003481736460923 2.25
      vertex 0.4788282006559362 1.3155696691002716 2.25
    endloop
  endfacet
  facet normal 0 0 -1
    outer loop
      vertex 0.4788282006559362 1.3155696691002716 2.25
      vertex 0.664473470174734 1.4003481736460923 2.25
      vertex 0.7 1.212435565298214 2.25
    endloop
  endfacet
  facet normal 0 0 -1
    outer loop
      vertex 0.7 1.212435565298214 2.25
      vertex 0.664473470174734 1.4003481736460923 2.25
      vertex 0.8805003574332912 1.2756249921351674 2.25
    endloop
  endfacet
  facet normal 0 0 -1
    outer loop
      vertex 1.4702314850180755 -0.49083539039228213 2.25
      vertex 1.4 0 2.25
      vertex 1.3724568397624752 0.7203209166678411 2.25
    endloop
  endfacet
  facet normal 0 0 -1
    outer loop
      vertex 1.4 0 2.25
      vertex 1.378730854217091 0.24310744873370244 2.25
      vertex 1.3724568397624752 0.7203209166678411 2.25
    endloop
  endfacet
  facet normal 0 0 -1
    outer loop
      vertex 1.4702314850180755 -0.49083539039228213 2.25
      vertex 1.3724568397624752 0.7203209166678411 2.25
      vertex 1.4702314850180753 0.4908353903922823 2.25
    endloop
  endfacet
  facet normal 0 0 -1
    outer loop
      vertex 1.212435565298214 0.7 2.25
      vertex 1.2391362832754267 0.931150509568867 2.25
      vertex 1.3155696691002716 0.4788282006559362 2.25
    endloop
  endfacet
  facet normal 0 0 -1
    outer loop
      vertex 1.3155696691002716 0.4788282006559362 2.25
      vertex 1.2391362832754267 0.931150509568867 2.25
      vertex 1.3724568397624752 0.7203209166678411 2.25
    endloop
  endfacet
  facet normal 0 0 -1
    outer loop
      vertex 1.378730854217091 0.24310744873370244 2.25
      vertex 1.3155696691002716 0.4788282006559362 2.25
      vertex 1.3724568397624752 0.7203209166678411 2.25
    endloop
  endfacet
  facet normal 0 0 -1
    outer loop
      vertex 1.212435565298214 0.7 2.25
      vertex 1.0724622203665692 0.8999026535611548 2.25
      vertex 1.073722747939879 1.1178637933829125 2.25
    endloop
  endfacet
  facet normal 0 0 -1
    outer loop
      vertex 0.8999026535611548 1.0724622203665692 2.25
      vertex 1.073722747939879 1.1178637933829125 2.25
      vertex 1.0724622203665692 0.8999026535611548 2.25
    endloop
  endfacet
  facet normal 0 0 -1
    outer loop
      vertex 0.7 1.212435565298214 2.25
      vertex 0.8805003574332912 1.2756249921351674 2.25
      vertex 0.8999026535611548 1.0724622203665692 2.25
    endloop
  endfacet
  facet normal 0 0 -1
    outer loop
      vertex 0.8999026535611548 1.0724622203665692 2.25
      vertex 0.8805003574332912 1.2756249921351674 2.25
      vertex 1.073722747939879 1.1178637933829125 2.25
    endloop
  endfacet
  facet normal 0 0 -1
    outer loop
      vertex 1.212435565298214 0.7 2.25
      vertex 1.073722747939879 1.1178637933829125 2.25
      vertex 1.2391362832754267 0.931150509568867 2.25
    endloop
  endfacet
  facet normal 0 0 -1
    outer loop
      vertex 1.5299279070887648 -0.24863748532952826 2.25
      vertex 1.5299279070887648 0.24863748532952834 2.25
      vertex 1.5499999999999998 0 2.25
    endloop
  endfacet
  facet normal 0 0 -1
    outer loop
      vertex 1.5299279070887648 -0.24863748532952826 2.25
      vertex 1.4702314850180753 0.4908353903922823 2.25
      vertex 1.5299279070887648 0.24863748532952834 2.25
    endloop
  endfacet
endsolid OpenSCAD_Model
