solid OpenSCAD_Model
  facet normal -0.8214207751204915 -0.5703226369349641 0
    outer loop
      vertex -2.9443873649091343 -1.8922428610945912 -1.5
      vertex -2.8018943432352614 -2.097471832789714 -1.5
      vertex -2.9443873649091343 -1.8922428610945912 1.5
    endloop
  endfacet
  facet normal -0.7786415380497556 -0.6274690073808514 0
    outer loop
      vertex -2.6451235102399044 -2.2920125688084974 -1.5
      vertex -2.8018943432352614 -2.097471832789714 1.5
      vertex -2.8018943432352614 -2.097471832789714 -1.5
    endloop
  endfacet
  facet normal -0.6274690073808514 -0.7786415380497556 0
    outer loop
      vertex -2.2920125688084974 -2.6451235102399044 -1.5
      vertex -2.097471832789714 -2.8018943432352614 -1.5
      vertex -2.097471832789714 -2.8018943432352614 1.5
    endloop
  endfacet
  facet normal -0.5703226369349641 -0.8214207751204915 0
    outer loop
      vertex -2.097471832789714 -2.8018943432352614 -1.5
      vertex -1.8922428610945912 -2.9443873649091343 -1.5
      vertex -1.8922428610945912 -2.9443873649091343 1.5
    endloop
  endfacet
  facet normal -0.7318945221817252 -0.6814179395938913 0
    outer loop
      vertex -2.6451235102399044 -2.2920125688084974 -1.5
      vertex -2.4748737341529163 -2.4748737341529163 -1.5
      vertex -2.6451235102399044 -2.2920125688084974 1.5
    endloop
  endfacet
  facet normal -0.6814179395938913 -0.7318945221817252 0
    outer loop
      vertex -2.2920125688084974 -2.6451235102399044 -1.5
      vertex -2.2920125688084974 -2.6451235102399044 1.5
      vertex -2.4748737341529163 -2.4748737341529163 -1.5
    endloop
  endfacet
  facet normal 0 0 -1
    outer loop
      vertex -3.0718764634853946 -1.6773714535201982 -1.5
      vertex -3.1837119837408148 -1.4539525455066018 -1.5
      vertex -3.0718764634853946 1.6773714535201982 -1.5
    endloop
  endfacet
  facet normal 0 0 -1
    outer loop
      vertex -3.3582254076507407 -0.9860639489450045 -1.5
      vertex -3.279324037499166 1.223124628596845 -1.5
      vertex -3.279324037499166 -1.223124628596845 -1.5
    endloop
  endfacet
  facet normal 0 0 -1
    outer loop
      vertex -3.3582254076507407 -0.9860639489450045 -1.5
      vertex -3.4200140308990585 -0.7439785134354188 -1.5
      vertex -3.3582254076507407 0.9860639489450045 -1.5
    endloop
  endfacet
  facet normal 0 0 -1
    outer loop
      vertex -3.4200140308990585 -0.7439785134354188 -1.5
      vertex -3.4643750465832643 -0.49810193395649827 -1.5
      vertex -3.4200140308990585 0.7439785134354188 -1.5
    endloop
  endfacet
  facet normal 0 0 -1
    outer loop
      vertex -3.4643750465832643 -0.49810193395649827 -1.5
      vertex -3.491082401135887 -0.24968714119731333 -1.5
      vertex -3.4643750465832643 0.49810193395649827 -1.5
    endloop
  endfacet
  facet normal 0 0 -1
    outer loop
      vertex -3.1837119837408148 -1.4539525455066018 -1.5
      vertex -3.279324037499166 -1.223124628596845 -1.5
      vertex -3.1837119837408148 1.4539525455066018 -1.5
    endloop
  endfacet
  facet normal 0 0 -1
    outer loop
      vertex -2.9443873649091343 -1.8922428610945912 -1.5
      vertex -3.0718764634853946 -1.6773714535201982 -1.5
      vertex -2.9443873649091343 1.8922428610945912 -1.5
    endloop
  endfacet
  facet normal 0 0 -1
    outer loop
      vertex -2.9443873649091343 -1.8922428610945912 -1.5
      vertex -2.8018943432352614 2.097471832789714 -1.5
      vertex -2.8018943432352614 -2.097471832789714 -1.5
    endloop
  endfacet
  facet normal 0 0 -1
    outer loop
      vertex -2.6451235102399044 -2.2920125688084974 -1.5
      vertex -2.8018943432352614 -2.097471832789714 -1.5
      vertex -2.6451235102399044 2.2920125688084974 -1.5
    endloop
  endfacet
  facet normal 0 0 -1
    outer loop
      vertex -2.2920125688084974 -2.6451235102399044 -1.5
      vertex -2.097471832789714 2.8018943432352614 -1.5
      vertex -2.097471832789714 -2.8018943432352614 -1.5
    endloop
  endfacet
  facet normal 0 0 -1
    outer loop
      vertex -1.8922428610945912 -2.9443873649091343 -1.5
      vertex -1.7321875232916322 -0.24905096697824913 -1.5
      vertex -1.6791127038253704 -0.49303197447250224 -1.5
    endloop
  endfacet
  facet normal 0 0 -1
    outer loop
      vertex -2.097471832789714 -2.8018943432352614 -1.5
      vertex -1.8922428610945918 2.944387364909134 -1.5
      vertex -1.8922428610945912 -2.9443873649091343 -1.5
    endloop
  endfacet
  facet normal 0 0 -1
    outer loop
      vertex -1.8922428610945912 -2.9443873649091343 -1.5
      vertex -1.75 0 -1.5
      vertex -1.7321875232916322 -0.24905096697824913 -1.5
    endloop
  endfacet
  facet normal 0 0 -1
    outer loop
      vertex -2.6451235102399044 -2.2920125688084974 -1.5
      vertex -2.4748737341529163 2.4748737341529163 -1.5
      vertex -2.4748737341529163 -2.4748737341529163 -1.5
    endloop
  endfacet
  facet normal 0 0 -1
    outer loop
      vertex -2.2920125688084974 -2.6451235102399044 -1.5
      vertex -2.4748737341529163 -2.4748737341529163 -1.5
      vertex -2.2920125688084974 2.6451235102399044 -1.5
    endloop
  endfacet
  facet normal -0.8942252698597103 -0.44761721006271427 0
    outer loop
      vertex -3.0718764634853946 -1.6773714535201982 -1.5
      vertex -3.1837119837408148 -1.4539525455066018 1.5
      vertex -3.1837119837408148 -1.4539525455066018 -1.5
    endloop
  endfacet
  facet normal -0.9488259168373196 -0.31579958761502486 0
    outer loop
      vertex -3.3582254076507407 -0.9860639489450045 -1.5
      vertex -3.279324037499166 -1.223124628596845 -1.5
      vertex -3.3582254076507407 -0.9860639489450045 1.5
    endloop
  endfacet
  facet normal -0.923879532511287 -0.3826834323650896 0
    outer loop
      vertex -3.1837119837408148 -1.4539525455066018 -1.5
      vertex -3.279324037499166 -1.223124628596845 1.5
      vertex -3.279324037499166 -1.223124628596845 -1.5
    endloop
  endfacet
  facet normal -0.8600142402077015 -0.5102700330608981 0
    outer loop
      vertex -2.9443873649091343 -1.8922428610945912 -1.5
      vertex -3.0718764634853946 -1.6773714535201982 1.5
      vertex -3.0718764634853946 -1.6773714535201982 -1.5
    endloop
  endfacet
  facet normal -0.968937301781507 -0.24730650055421668 0
    outer loop
      vertex -3.3582254076507407 -0.9860639489450045 -1.5
      vertex -3.4200140308990585 -0.7439785134354188 1.5
      vertex -3.4200140308990585 -0.7439785134354188 -1.5
    endloop
  endfacet
  facet normal -0.9841112043361164 -0.17755319625430147 0
    outer loop
      vertex -3.4200140308990585 -0.7439785134354188 -1.5
      vertex -3.4643750465832643 -0.49810193395649827 1.5
      vertex -3.4643750465832643 -0.49810193395649827 -1.5
    endloop
  endfacet
  facet normal -0.9942703017718972 -0.1068951215651128 0
    outer loop
      vertex -3.4643750465832643 -0.49810193395649827 -1.5
      vertex -3.491082401135887 -0.24968714119731333 1.5
      vertex -3.491082401135887 -0.24968714119731333 -1.5
    endloop
  endfacet
  facet normal -0.9993628256569916 -0.035692333838981245 0
    outer loop
      vertex -3.491082401135887 -0.24968714119731333 -1.5
      vertex -3.5 0 1.5
      vertex -3.5 0 -1.5
    endloop
  endfacet
  facet normal 0 0 -1
    outer loop
      vertex -1.223124628596845 -3.279324037499166 -1.5
      vertex -0.9461214305472956 -1.4721936824545672 -1.5
      vertex -0.9860639489450045 -3.3582254076507407 -1.5
    endloop
  endfacet
  facet normal 0 0 -1
    outer loop
      vertex -1.8922428610945912 -2.9443873649091343 -1.5
      vertex -1.5918559918704074 -0.7269762727533009 -1.5
      vertex -1.6773714535201982 -3.0718764634853946 -1.5
    endloop
  endfacet
  facet normal 0 0 -1
    outer loop
      vertex -1.6773714535201982 -3.0718764634853946 -1.5
      vertex -1.3225617551199522 -1.1460062844042487 -1.5
      vertex -1.4539525455066018 -3.1837119837408148 -1.5
    endloop
  endfacet
  facet normal 0 0 -1
    outer loop
      vertex -1.4539525455066018 -3.1837119837408148 -1.5
      vertex -1.1460062844042487 -1.3225617551199522 -1.5
      vertex -1.223124628596845 -3.279324037499166 -1.5
    endloop
  endfacet
  facet normal 0 0 -1
    outer loop
      vertex -1.223124628596845 -3.279324037499166 -1.5
      vertex -1.1460062844042487 -1.3225617551199522 -1.5
      vertex -0.9461214305472956 -1.4721936824545672 -1.5
    endloop
  endfacet
  facet normal 0 0 -1
    outer loop
      vertex -1.4539525455066018 -3.1837119837408148 -1.5
      vertex -1.3225617551199522 -1.1460062844042487 -1.5
      vertex -1.1460062844042487 -1.3225617551199522 -1.5
    endloop
  endfacet
  facet normal 0 0 -1
    outer loop
      vertex -0.9860639489450045 -3.3582254076507407 -1.5
      vertex -0.9461214305472956 -1.4721936824545672 -1.5
      vertex -0.7269762727533009 -1.5918559918704074 -1.5
    endloop
  endfacet
  facet normal 0 0 -1
    outer loop
      vertex -0.9860639489450045 -3.3582254076507407 -1.5
      vertex -0.7269762727533009 -1.5918559918704074 -1.5
      vertex -0.7439785134354171 -3.4200140308990585 -1.5
    endloop
  endfacet
  facet normal 0 0 -1
    outer loop
      vertex -0.7439785134354171 -3.4200140308990585 -1.5
      vertex -0.49303197447250224 -1.6791127038253704 -1.5
      vertex -0.49810193395649827 -3.4643750465832643 -1.5
    endloop
  endfacet
  facet normal 0 0 -1
    outer loop
      vertex -0.49810193395649827 -3.4643750465832643 -1.5
      vertex -0.24905096697824913 -1.7321875232916322 -1.5
      vertex -0.24968714119731164 -3.4910824011358876 -1.5
    endloop
  endfacet
  facet normal 0 0 -1
    outer loop
      vertex -0.24968714119731164 -3.4910824011358876 -1.5
      vertex 0 -1.75 -1.5
      vertex 0 -3.5 -1.5
    endloop
  endfacet
  facet normal 0 0 -1
    outer loop
      vertex -0.7439785134354171 -3.4200140308990585 -1.5
      vertex -0.7269762727533009 -1.5918559918704074 -1.5
      vertex -0.49303197447250224 -1.6791127038253704 -1.5
    endloop
  endfacet
  facet normal 0 0 -1
    outer loop
      vertex -0.49810193395649827 -3.4643750465832643 -1.5
      vertex -0.49303197447250224 -1.6791127038253704 -1.5
      vertex -0.24905096697824913 -1.7321875232916322 -1.5
    endloop
  endfacet
  facet normal 0 0 -1
    outer loop
      vertex -0.24968714119731164 -3.4910824011358876 -1.5
      vertex -0.24905096697824913 -1.7321875232916322 -1.5
      vertex 0 -1.75 -1.5
    endloop
  endfacet
  facet normal -0.44761721006271427 -0.8942252698597103 0
    outer loop
      vertex -1.6773714535201982 -3.0718764634853946 -1.5
      vertex -1.4539525455066018 -3.1837119837408148 -1.5
      vertex -1.4539525455066018 -3.1837119837408148 1.5
    endloop
  endfacet
  facet normal -0.5102700330608981 -0.8600142402077015 0
    outer loop
      vertex -1.8922428610945912 -2.9443873649091343 -1.5
      vertex -1.6773714535201982 -3.0718764634853946 -1.5
      vertex -1.6773714535201982 -3.0718764634853946 1.5
    endloop
  endfacet
  facet normal -0.3826834323650896 -0.923879532511287 0
    outer loop
      vertex -1.4539525455066018 -3.1837119837408148 -1.5
      vertex -1.223124628596845 -3.279324037499166 -1.5
      vertex -1.223124628596845 -3.279324037499166 1.5
    endloop
  endfacet
  facet normal -0.31579958761502486 -0.9488259168373196 0
    outer loop
      vertex -1.223124628596845 -3.279324037499166 -1.5
      vertex -0.9860639489450045 -3.3582254076507407 -1.5
      vertex -0.9860639489450045 -3.3582254076507407 1.5
    endloop
  endfacet
  facet normal -0.24730650055421508 -0.9689373017815075 0
    outer loop
      vertex -0.9860639489450045 -3.3582254076507407 -1.5
      vertex -0.7439785134354171 -3.4200140308990585 -1.5
      vertex -0.7439785134354171 -3.4200140308990585 1.5
    endloop
  endfacet
  facet normal -0.17755319625430263 -0.9841112043361162 0
    outer loop
      vertex -0.7439785134354171 -3.4200140308990585 -1.5
      vertex -0.49810193395649827 -3.4643750465832643 -1.5
      vertex -0.49810193395649827 -3.4643750465832643 1.5
    endloop
  endfacet
  facet normal -0.10689512156511385 -0.9942703017718971 0
    outer loop
      vertex -0.49810193395649827 -3.4643750465832643 -1.5
      vertex -0.24968714119731164 -3.4910824011358876 -1.5
      vertex -0.24968714119731164 -3.4910824011358876 1.5
    endloop
  endfacet
  facet normal -0.03569233383897971 -0.9993628256569919 0
    outer loop
      vertex -0.24968714119731164 -3.4910824011358876 -1.5
      vertex 0 -3.5 -1.5
      vertex 0 -3.5 1.5
    endloop
  endfacet
  facet normal 0 0 -1
    outer loop
      vertex -1.6773714535201982 -3.0718764634853946 -1.5
      vertex -1.5918559918704074 -0.7269762727533009 -1.5
      vertex -1.4721936824545672 -0.9461214305472956 -1.5
    endloop
  endfacet
  facet normal 0 0 -1
    outer loop
      vertex -1.8922428610945912 -2.9443873649091343 -1.5
      vertex -1.6791127038253704 -0.49303197447250224 -1.5
      vertex -1.5918559918704074 -0.7269762727533009 -1.5
    endloop
  endfacet
  facet normal 0 0 -1
    outer loop
      vertex -1.6773714535201982 -3.0718764634853946 -1.5
      vertex -1.4721936824545672 -0.9461214305472956 -1.5
      vertex -1.3225617551199522 -1.1460062844042487 -1.5
    endloop
  endfacet
  facet normal -0.7786415380497556 -0.6274690073808514 0
    outer loop
      vertex -2.6451235102399044 -2.2920125688084974 -1.5
      vertex -2.6451235102399044 -2.2920125688084974 1.5
      vertex -2.8018943432352614 -2.097471832789714 1.5
    endloop
  endfacet
  facet normal -0.8214207751204915 -0.5703226369349641 0
    outer loop
      vertex -2.8018943432352614 -2.097471832789714 -1.5
      vertex -2.8018943432352614 -2.097471832789714 1.5
      vertex -2.9443873649091343 -1.8922428610945912 1.5
    endloop
  endfacet
  facet normal -0.8600142402077015 -0.5102700330608981 0
    outer loop
      vertex -2.9443873649091343 -1.8922428610945912 -1.5
      vertex -2.9443873649091343 -1.8922428610945912 1.5
      vertex -3.0718764634853946 -1.6773714535201982 1.5
    endloop
  endfacet
  facet normal -0.6274690073808514 -0.7786415380497556 0
    outer loop
      vertex -2.2920125688084974 -2.6451235102399044 -1.5
      vertex -2.097471832789714 -2.8018943432352614 1.5
      vertex -2.2920125688084974 -2.6451235102399044 1.5
    endloop
  endfacet
  facet normal -0.5703226369349641 -0.8214207751204915 0
    outer loop
      vertex -2.097471832789714 -2.8018943432352614 -1.5
      vertex -1.8922428610945912 -2.9443873649091343 1.5
      vertex -2.097471832789714 -2.8018943432352614 1.5
    endloop
  endfacet
  facet normal -0.5102700330608981 -0.8600142402077015 0
    outer loop
      vertex -1.8922428610945912 -2.9443873649091343 -1.5
      vertex -1.6773714535201982 -3.0718764634853946 1.5
      vertex -1.8922428610945912 -2.9443873649091343 1.5
    endloop
  endfacet
  facet normal -0.7318945221817252 -0.6814179395938913 0
    outer loop
      vertex -2.4748737341529163 -2.4748737341529163 -1.5
      vertex -2.4748737341529163 -2.4748737341529163 1.5
      vertex -2.6451235102399044 -2.2920125688084974 1.5
    endloop
  endfacet
  facet normal -0.6814179395938913 -0.7318945221817252 0
    outer loop
      vertex -2.4748737341529163 -2.4748737341529163 -1.5
      vertex -2.2920125688084974 -2.6451235102399044 1.5
      vertex -2.4748737341529163 -2.4748737341529163 1.5
    endloop
  endfacet
  facet normal 0 0 1
    outer loop
      vertex -1.8922428610945912 -2.9443873649091343 1.5
      vertex -1.6773714535201982 -3.0718764634853946 1.5
      vertex -1.8130641474820903 -0.7178428777351218 1.5
    endloop
  endfacet
  facet normal -0.8942252698597103 -0.44761721006271427 0
    outer loop
      vertex -3.0718764634853946 -1.6773714535201982 -1.5
      vertex -3.0718764634853946 -1.6773714535201982 1.5
      vertex -3.1837119837408148 -1.4539525455066018 1.5
    endloop
  endfacet
  facet normal -0.923879532511287 -0.3826834323650896 0
    outer loop
      vertex -3.1837119837408148 -1.4539525455066018 -1.5
      vertex -3.1837119837408148 -1.4539525455066018 1.5
      vertex -3.279324037499166 -1.223124628596845 1.5
    endloop
  endfacet
  facet normal -0.9488259168373196 -0.31579958761502486 0
    outer loop
      vertex -3.279324037499166 -1.223124628596845 -1.5
      vertex -3.279324037499166 -1.223124628596845 1.5
      vertex -3.3582254076507407 -0.9860639489450045 1.5
    endloop
  endfacet
  facet normal -0.968937301781507 -0.24730650055421668 0
    outer loop
      vertex -3.3582254076507407 -0.9860639489450045 -1.5
      vertex -3.3582254076507407 -0.9860639489450045 1.5
      vertex -3.4200140308990585 -0.7439785134354188 1.5
    endloop
  endfacet
  facet normal -0.9841112043361164 -0.17755319625430147 0
    outer loop
      vertex -3.4200140308990585 -0.7439785134354188 -1.5
      vertex -3.4200140308990585 -0.7439785134354188 1.5
      vertex -3.4643750465832643 -0.49810193395649827 1.5
    endloop
  endfacet
  facet normal -0.9942703017718972 -0.1068951215651128 0
    outer loop
      vertex -3.4643750465832643 -0.49810193395649827 -1.5
      vertex -3.4643750465832643 -0.49810193395649827 1.5
      vertex -3.491082401135887 -0.24968714119731333 1.5
    endloop
  endfacet
  facet normal -0.9993628256569916 -0.035692333838981245 0
    outer loop
      vertex -3.491082401135887 -0.24968714119731333 -1.5
      vertex -3.491082401135887 -0.24968714119731333 1.5
      vertex -3.5 0 1.5
    endloop
  endfacet
  facet normal 0 0 1
    outer loop
      vertex -3.1837119837408148 -1.4539525455066018 1.5
      vertex -3.279324037499166 1.223124628596845 1.5
      vertex -3.279324037499166 -1.223124628596845 1.5
    endloop
  endfacet
  facet normal 0 0 1
    outer loop
      vertex -3.0718764634853946 -1.6773714535201982 1.5
      vertex -3.1837119837408148 1.4539525455066018 1.5
      vertex -3.1837119837408148 -1.4539525455066018 1.5
    endloop
  endfacet
  facet normal 0 0 1
    outer loop
      vertex -3.3582254076507407 -0.9860639489450045 1.5
      vertex -3.4200140308990585 0.7439785134354188 1.5
      vertex -3.4200140308990585 -0.7439785134354188 1.5
    endloop
  endfacet
  facet normal 0 0 1
    outer loop
      vertex -3.4200140308990585 -0.7439785134354188 1.5
      vertex -3.4643750465832643 0.49810193395649827 1.5
      vertex -3.4643750465832643 -0.49810193395649827 1.5
    endloop
  endfacet
  facet normal 0 0 1
    outer loop
      vertex -3.3582254076507407 -0.9860639489450045 1.5
      vertex -3.279324037499166 -1.223124628596845 1.5
      vertex -3.3582254076507407 0.9860639489450045 1.5
    endloop
  endfacet
  facet normal 0 0 1
    outer loop
      vertex -3.4643750465832643 -0.49810193395649827 1.5
      vertex -3.491082401135887 0.24968714119731333 1.5
      vertex -3.491082401135887 -0.24968714119731333 1.5
    endloop
  endfacet
  facet normal 0 0 1
    outer loop
      vertex -2.9443873649091343 -1.8922428610945912 1.5
      vertex -2.8018943432352614 -2.097471832789714 1.5
      vertex -2.9443873649091343 1.8922428610945912 1.5
    endloop
  endfacet
  facet normal 0 0 1
    outer loop
      vertex -2.9443873649091343 -1.8922428610945912 1.5
      vertex -3.0718764634853946 1.6773714535201982 1.5
      vertex -3.0718764634853946 -1.6773714535201982 1.5
    endloop
  endfacet
  facet normal 0 0 1
    outer loop
      vertex -2.6451235102399044 -2.2920125688084974 1.5
      vertex -2.8018943432352614 2.097471832789714 1.5
      vertex -2.8018943432352614 -2.097471832789714 1.5
    endloop
  endfacet
  facet normal 0 0 1
    outer loop
      vertex -2.2920125688084974 -2.6451235102399044 1.5
      vertex -2.4748737341529163 2.4748737341529163 1.5
      vertex -2.4748737341529163 -2.4748737341529163 1.5
    endloop
  endfacet
  facet normal 0 0 1
    outer loop
      vertex -2.2920125688084974 -2.6451235102399044 1.5
      vertex -2.097471832789714 -2.8018943432352614 1.5
      vertex -2.2920125688084974 2.6451235102399044 1.5
    endloop
  endfacet
  facet normal 0 0 1
    outer loop
      vertex -1.8922428610945912 -2.9443873649091343 1.5
      vertex -1.8130641474820903 -0.7178428777351218 1.5
      vertex -1.8887371642008306 -0.48494527997146697 1.5
    endloop
  endfacet
  facet normal 0 0 1
    outer loop
      vertex -2.097471832789714 -2.8018943432352614 1.5
      vertex -1.8922428610945912 -2.9443873649091343 1.5
      vertex -2.097471832789714 2.8018943432352614 1.5
    endloop
  endfacet
  facet normal 0 0 1
    outer loop
      vertex -1.8922428610945912 -2.9443873649091343 1.5
      vertex -1.8887371642008306 -0.48494527997146697 1.5
      vertex -1.9346236675632318 -0.24439980545039292 1.5
    endloop
  endfacet
  facet normal 0 0 1
    outer loop
      vertex -1.8922428610945912 -2.9443873649091343 1.5
      vertex -1.9346236675632318 -0.24439980545039292 1.5
      vertex -1.95 0 1.5
    endloop
  endfacet
  facet normal 0 0 1
    outer loop
      vertex -2.6451235102399044 -2.2920125688084974 1.5
      vertex -2.4748737341529163 -2.4748737341529163 1.5
      vertex -2.6451235102399044 2.2920125688084974 1.5
    endloop
  endfacet
  facet normal 0 0 1
    outer loop
      vertex -1.8922428610945912 -2.9443873649091343 1.5
      vertex -1.95 0 1.5
      vertex -2.097471832789714 2.8018943432352614 1.5
    endloop
  endfacet
  facet normal -0.44761721006271427 -0.8942252698597103 0
    outer loop
      vertex -1.6773714535201982 -3.0718764634853946 -1.5
      vertex -1.4539525455066018 -3.1837119837408148 1.5
      vertex -1.6773714535201982 -3.0718764634853946 1.5
    endloop
  endfacet
  facet normal -0.3826834323650896 -0.923879532511287 0
    outer loop
      vertex -1.4539525455066018 -3.1837119837408148 -1.5
      vertex -1.223124628596845 -3.279324037499166 1.5
      vertex -1.4539525455066018 -3.1837119837408148 1.5
    endloop
  endfacet
  facet normal -0.31579958761502486 -0.9488259168373196 0
    outer loop
      vertex -1.223124628596845 -3.279324037499166 -1.5
      vertex -0.9860639489450045 -3.3582254076507407 1.5
      vertex -1.223124628596845 -3.279324037499166 1.5
    endloop
  endfacet
  facet normal -0.24730650055421508 -0.9689373017815075 0
    outer loop
      vertex -0.9860639489450045 -3.3582254076507407 -1.5
      vertex -0.7439785134354171 -3.4200140308990585 1.5
      vertex -0.9860639489450045 -3.3582254076507407 1.5
    endloop
  endfacet
  facet normal -0.17755319625430263 -0.9841112043361162 0
    outer loop
      vertex -0.7439785134354171 -3.4200140308990585 -1.5
      vertex -0.49810193395649827 -3.4643750465832643 1.5
      vertex -0.7439785134354171 -3.4200140308990585 1.5
    endloop
  endfacet
  facet normal -0.10689512156511385 -0.9942703017718971 0
    outer loop
      vertex -0.49810193395649827 -3.4643750465832643 -1.5
      vertex -0.24968714119731164 -3.4910824011358876 1.5
      vertex -0.49810193395649827 -3.4643750465832643 1.5
    endloop
  endfacet
  facet normal -0.03569233383897971 -0.9993628256569919 0
    outer loop
      vertex -0.24968714119731164 -3.4910824011358876 -1.5
      vertex 0 -3.5 1.5
      vertex -0.24968714119731164 -3.4910824011358876 1.5
    endloop
  endfacet
  facet normal 0 0 1
    outer loop
      vertex -1.223124628596845 -3.279324037499166 1.5
      vertex -0.9860639489450045 -3.3582254076507407 1.5
      vertex -1.2429767800099447 -1.5025008234127892 1.5
    endloop
  endfacet
  facet normal 0 0 1
    outer loop
      vertex -1.6773714535201982 -3.0718764634853946 1.5
      vertex -1.4539525455066018 -3.1837119837408148 1.5
      vertex -1.5775831390311474 -1.1461812419703226 1.5
    endloop
  endfacet
  facet normal 0 0 1
    outer loop
      vertex -1.4539525455066018 -3.1837119837408148 1.5
      vertex -1.223124628596845 -3.279324037499166 1.5
      vertex -1.4214888234717526 -1.3348668565609425 1.5
    endloop
  endfacet
  facet normal 0 0 1
    outer loop
      vertex -1.4539525455066018 -3.1837119837408148 1.5
      vertex -1.4214888234717526 -1.3348668565609425 1.5
      vertex -1.5775831390311474 -1.1461812419703226 1.5
    endloop
  endfacet
  facet normal 0 0 1
    outer loop
      vertex -0.9860639489450045 -3.3582254076507407 1.5
      vertex -0.8302696185518912 -1.764412752308738 1.5
      vertex -1.0448622502090437 -1.6464394547289292 1.5
    endloop
  endfacet
  facet normal 0 0 1
    outer loop
      vertex -1.223124628596845 -3.279324037499166 1.5
      vertex -1.2429767800099447 -1.5025008234127892 1.5
      vertex -1.4214888234717526 -1.3348668565609425 1.5
    endloop
  endfacet
  facet normal 0 0 1
    outer loop
      vertex -0.9860639489450045 -3.3582254076507407 1.5
      vertex -1.0448622502090437 -1.6464394547289292 1.5
      vertex -1.2429767800099447 -1.5025008234127892 1.5
    endloop
  endfacet
  facet normal 0 0 1
    outer loop
      vertex -0.9860639489450045 -3.3582254076507407 1.5
      vertex -0.7439785134354171 -3.4200140308990585 1.5
      vertex -0.8302696185518912 -1.764412752308738 1.5
    endloop
  endfacet
  facet normal 0 0 1
    outer loop
      vertex -0.7439785134354171 -3.4200140308990585 1.5
      vertex -0.49810193395649827 -3.4643750465832643 1.5
      vertex -0.6025831390311475 -1.8545602067755493 1.5
    endloop
  endfacet
  facet normal 0 0 1
    outer loop
      vertex -0.49810193395649827 -3.4643750465832643 1.5
      vertex -0.24968714119731164 -3.4910824011358876 1.5
      vertex -0.3653935634421634 -1.9154601389209427 1.5
    endloop
  endfacet
  facet normal 0 0 1
    outer loop
      vertex -0.24968714119731164 -3.4910824011358876 1.5
      vertex 0 -3.5 1.5
      vertex -0.12244151308216183 -1.9461521204351295 1.5
    endloop
  endfacet
  facet normal 0 0 1
    outer loop
      vertex -0.7439785134354171 -3.4200140308990585 1.5
      vertex -0.6025831390311475 -1.8545602067755493 1.5
      vertex -0.8302696185518912 -1.764412752308738 1.5
    endloop
  endfacet
  facet normal 0 0 1
    outer loop
      vertex -0.49810193395649827 -3.4643750465832643 1.5
      vertex -0.3653935634421634 -1.9154601389209427 1.5
      vertex -0.6025831390311475 -1.8545602067755493 1.5
    endloop
  endfacet
  facet normal 0 0 1
    outer loop
      vertex -0.24968714119731164 -3.4910824011358876 1.5
      vertex -0.12244151308216183 -1.9461521204351295 1.5
      vertex -0.3653935634421634 -1.9154601389209427 1.5
    endloop
  endfacet
  facet normal 0 0 1
    outer loop
      vertex -1.6773714535201982 -3.0718764634853946 1.5
      vertex -1.5775831390311474 -1.1461812419703226 1.5
      vertex -1.7087980260855338 -0.939419664498345 1.5
    endloop
  endfacet
  facet normal 0 0 1
    outer loop
      vertex -1.6773714535201982 -3.0718764634853946 1.5
      vertex -1.7087980260855338 -0.939419664498345 1.5
      vertex -1.8130641474820903 -0.7178428777351218 1.5
    endloop
  endfacet
  facet normal 0 0 -1
    outer loop
      vertex -3.491082401135887 -0.24968714119731333 -1.5
      vertex -3.5 0 -1.5
      vertex -3.491082401135887 0.24968714119731333 -1.5
    endloop
  endfacet
  facet normal 0 0 -1
    outer loop
      vertex -3.491082401135887 -0.24968714119731333 -1.5
      vertex -3.491082401135887 0.24968714119731333 -1.5
      vertex -3.4643750465832643 0.49810193395649827 -1.5
    endloop
  endfacet
  facet normal 0 0 -1
    outer loop
      vertex -3.4643750465832643 -0.49810193395649827 -1.5
      vertex -3.4643750465832643 0.49810193395649827 -1.5
      vertex -3.4200140308990585 0.7439785134354188 -1.5
    endloop
  endfacet
  facet normal 0 0 -1
    outer loop
      vertex -3.4200140308990585 -0.7439785134354188 -1.5
      vertex -3.4200140308990585 0.7439785134354188 -1.5
      vertex -3.3582254076507407 0.9860639489450045 -1.5
    endloop
  endfacet
  facet normal 0 0 -1
    outer loop
      vertex -3.3582254076507407 -0.9860639489450045 -1.5
      vertex -3.3582254076507407 0.9860639489450045 -1.5
      vertex -3.279324037499166 1.223124628596845 -1.5
    endloop
  endfacet
  facet normal 0 0 -1
    outer loop
      vertex -3.279324037499166 -1.223124628596845 -1.5
      vertex -3.279324037499166 1.223124628596845 -1.5
      vertex -3.1837119837408148 1.4539525455066018 -1.5
    endloop
  endfacet
  facet normal 0 0 -1
    outer loop
      vertex -3.1837119837408148 -1.4539525455066018 -1.5
      vertex -3.1837119837408148 1.4539525455066018 -1.5
      vertex -3.0718764634853946 1.6773714535201982 -1.5
    endloop
  endfacet
  facet normal 0 0 -1
    outer loop
      vertex -3.0718764634853946 -1.6773714535201982 -1.5
      vertex -3.0718764634853946 1.6773714535201982 -1.5
      vertex -2.9443873649091343 1.8922428610945912 -1.5
    endloop
  endfacet
  facet normal 0 0 -1
    outer loop
      vertex -2.9443873649091343 -1.8922428610945912 -1.5
      vertex -2.9443873649091343 1.8922428610945912 -1.5
      vertex -2.8018943432352614 2.097471832789714 -1.5
    endloop
  endfacet
  facet normal 0 0 -1
    outer loop
      vertex -2.8018943432352614 -2.097471832789714 -1.5
      vertex -2.8018943432352614 2.097471832789714 -1.5
      vertex -2.6451235102399044 2.2920125688084974 -1.5
    endloop
  endfacet
  facet normal 0 0 -1
    outer loop
      vertex -2.6451235102399044 -2.2920125688084974 -1.5
      vertex -2.6451235102399044 2.2920125688084974 -1.5
      vertex -2.4748737341529163 2.4748737341529163 -1.5
    endloop
  endfacet
  facet normal 0 0 -1
    outer loop
      vertex -1.8922428610945912 -2.9443873649091343 -1.5
      vertex -1.6773714535201991 3.0718764634853946 -1.5
      vertex -1.75 0 -1.5
    endloop
  endfacet
  facet normal 0 0 -1
    outer loop
      vertex -2.4748737341529163 -2.4748737341529163 -1.5
      vertex -2.4748737341529163 2.4748737341529163 -1.5
      vertex -2.2920125688084974 2.6451235102399044 -1.5
    endloop
  endfacet
  facet normal 0 0 -1
    outer loop
      vertex -2.2920125688084974 -2.6451235102399044 -1.5
      vertex -2.2920125688084974 2.6451235102399044 -1.5
      vertex -2.097471832789714 2.8018943432352614 -1.5
    endloop
  endfacet
  facet normal 0 0 -1
    outer loop
      vertex -2.097471832789714 -2.8018943432352614 -1.5
      vertex -2.097471832789714 2.8018943432352614 -1.5
      vertex -1.8922428610945918 2.944387364909134 -1.5
    endloop
  endfacet
  facet normal 0 0 -1
    outer loop
      vertex -1.8922428610945912 -2.9443873649091343 -1.5
      vertex -1.8922428610945918 2.944387364909134 -1.5
      vertex -1.6773714535201991 3.0718764634853946 -1.5
    endloop
  endfacet
  facet normal -0.9993628256569916 0.035692333838981245 0
    outer loop
      vertex -3.5 0 -1.5
      vertex -3.491082401135887 0.24968714119731333 1.5
      vertex -3.491082401135887 0.24968714119731333 -1.5
    endloop
  endfacet
  facet normal -0.9942703017718972 0.1068951215651128 0
    outer loop
      vertex -3.491082401135887 0.24968714119731333 -1.5
      vertex -3.4643750465832643 0.49810193395649827 1.5
      vertex -3.4643750465832643 0.49810193395649827 -1.5
    endloop
  endfacet
  facet normal -0.9841112043361164 0.17755319625430147 0
    outer loop
      vertex -3.4643750465832643 0.49810193395649827 -1.5
      vertex -3.4200140308990585 0.7439785134354188 1.5
      vertex -3.4200140308990585 0.7439785134354188 -1.5
    endloop
  endfacet
  facet normal -0.968937301781507 0.24730650055421668 0
    outer loop
      vertex -3.4200140308990585 0.7439785134354188 -1.5
      vertex -3.3582254076507407 0.9860639489450045 1.5
      vertex -3.3582254076507407 0.9860639489450045 -1.5
    endloop
  endfacet
  facet normal -0.9488259168373196 0.31579958761502486 0
    outer loop
      vertex -3.3582254076507407 0.9860639489450045 -1.5
      vertex -3.279324037499166 1.223124628596845 1.5
      vertex -3.279324037499166 1.223124628596845 -1.5
    endloop
  endfacet
  facet normal -0.923879532511287 0.3826834323650896 0
    outer loop
      vertex -3.279324037499166 1.223124628596845 -1.5
      vertex -3.1837119837408148 1.4539525455066018 1.5
      vertex -3.1837119837408148 1.4539525455066018 -1.5
    endloop
  endfacet
  facet normal -0.8942252698597103 0.44761721006271427 0
    outer loop
      vertex -3.1837119837408148 1.4539525455066018 -1.5
      vertex -3.0718764634853946 1.6773714535201982 1.5
      vertex -3.0718764634853946 1.6773714535201982 -1.5
    endloop
  endfacet
  facet normal -0.8600142402077015 0.5102700330608981 0
    outer loop
      vertex -3.0718764634853946 1.6773714535201982 -1.5
      vertex -2.9443873649091343 1.8922428610945912 1.5
      vertex -2.9443873649091343 1.8922428610945912 -1.5
    endloop
  endfacet
  facet normal -0.8214207751204915 0.5703226369349641 0
    outer loop
      vertex -2.9443873649091343 1.8922428610945912 -1.5
      vertex -2.8018943432352614 2.097471832789714 1.5
      vertex -2.8018943432352614 2.097471832789714 -1.5
    endloop
  endfacet
  facet normal -0.7786415380497556 0.6274690073808514 0
    outer loop
      vertex -2.8018943432352614 2.097471832789714 -1.5
      vertex -2.6451235102399044 2.2920125688084974 1.5
      vertex -2.6451235102399044 2.2920125688084974 -1.5
    endloop
  endfacet
  facet normal -0.7318945221817252 0.6814179395938913 0
    outer loop
      vertex -2.6451235102399044 2.2920125688084974 -1.5
      vertex -2.4748737341529163 2.4748737341529163 1.5
      vertex -2.4748737341529163 2.4748737341529163 -1.5
    endloop
  endfacet
  facet normal -0.6814179395938913 0.7318945221817252 0
    outer loop
      vertex -2.4748737341529163 2.4748737341529163 -1.5
      vertex -2.4748737341529163 2.4748737341529163 1.5
      vertex -2.2920125688084974 2.6451235102399044 -1.5
    endloop
  endfacet
  facet normal -0.6274690073808514 0.7786415380497556 0
    outer loop
      vertex -2.2920125688084974 2.6451235102399044 -1.5
      vertex -2.2920125688084974 2.6451235102399044 1.5
      vertex -2.097471832789714 2.8018943432352614 -1.5
    endloop
  endfacet
  facet normal -0.5703226369349642 0.8214207751204915 0
    outer loop
      vertex -2.097471832789714 2.8018943432352614 -1.5
      vertex -2.097471832789714 2.8018943432352614 1.5
      vertex -1.8922428610945918 2.944387364909134 -1.5
    endloop
  endfacet
  facet normal -0.5102700330608998 0.8600142402077005 0
    outer loop
      vertex -1.8922428610945918 2.944387364909134 -1.5
      vertex -1.8922428610945918 2.944387364909134 1.5
      vertex -1.6773714535201991 3.0718764634853946 -1.5
    endloop
  endfacet
  facet normal 0 0 -1
    outer loop
      vertex -1.6773714535201991 3.0718764634853946 -1.5
      vertex -1.7321875232916322 0.24905096697824913 -1.5
      vertex -1.75 0 -1.5
    endloop
  endfacet
  facet normal 0 0 -1
    outer loop
      vertex -1.6773714535201991 3.0718764634853946 -1.5
      vertex -1.6791127038253704 0.49303197447250224 -1.5
      vertex -1.7321875232916322 0.24905096697824913 -1.5
    endloop
  endfacet
  facet normal 0 0 -1
    outer loop
      vertex -1.6773714535201991 3.0718764634853946 -1.5
      vertex -1.5918559918704074 0.7269762727533009 -1.5
      vertex -1.6791127038253704 0.49303197447250224 -1.5
    endloop
  endfacet
  facet normal 0 0 -1
    outer loop
      vertex -1.4539525455066025 3.1837119837408143 -1.5
      vertex -1.4721936824545672 0.9461214305472956 -1.5
      vertex -1.5918559918704074 0.7269762727533009 -1.5
    endloop
  endfacet
  facet normal 0 0 -1
    outer loop
      vertex -1.4539525455066025 3.1837119837408143 -1.5
      vertex -1.3225617551199522 1.1460062844042487 -1.5
      vertex -1.4721936824545672 0.9461214305472956 -1.5
    endloop
  endfacet
  facet normal 0 0 -1
    outer loop
      vertex -1.6773714535201991 3.0718764634853946 -1.5
      vertex -1.4539525455066025 3.1837119837408143 -1.5
      vertex -1.5918559918704074 0.7269762727533009 -1.5
    endloop
  endfacet
  facet normal 0 0 -1
    outer loop
      vertex -1.4539525455066025 3.1837119837408143 -1.5
      vertex -1.223124628596844 3.279324037499166 -1.5
      vertex -1.3225617551199522 1.1460062844042487 -1.5
    endloop
  endfacet
  facet normal 0 0 -1
    outer loop
      vertex -1.223124628596844 3.279324037499166 -1.5
      vertex -1.1460062844042487 1.3225617551199522 -1.5
      vertex -1.3225617551199522 1.1460062844042487 -1.5
    endloop
  endfacet
  facet normal 0 0 -1
    outer loop
      vertex -0.9860639489450036 3.3582254076507407 -1.5
      vertex -0.9461214305472959 1.472193682454567 -1.5
      vertex -1.1460062844042487 1.3225617551199522 -1.5
    endloop
  endfacet
  facet normal 0 0 -1
    outer loop
      vertex -1.223124628596844 3.279324037499166 -1.5
      vertex -0.9860639489450036 3.3582254076507407 -1.5
      vertex -1.1460062844042487 1.3225617551199522 -1.5
    endloop
  endfacet
  facet normal 0 0 -1
    outer loop
      vertex -0.9860639489450036 3.3582254076507407 -1.5
      vertex -0.7439785134354179 3.4200140308990585 -1.5
      vertex -0.9461214305472959 1.472193682454567 -1.5
    endloop
  endfacet
  facet normal 0 0 -1
    outer loop
      vertex -0.7439785134354179 3.4200140308990585 -1.5
      vertex -0.7269762727533012 1.5918559918704072 -1.5
      vertex -0.9461214305472959 1.472193682454567 -1.5
    endloop
  endfacet
  facet normal 0 0 -1
    outer loop
      vertex -0.49810193395649827 3.4643750465832643 -1.5
      vertex -0.4930319744725018 1.6791127038253704 -1.5
      vertex -0.7269762727533012 1.5918559918704072 -1.5
    endloop
  endfacet
  facet normal 0 0 -1
    outer loop
      vertex -0.24968714119731333 3.491082401135887 -1.5
      vertex -0.24905096697824913 1.7321875232916322 -1.5
      vertex -0.4930319744725018 1.6791127038253704 -1.5
    endloop
  endfacet
  facet normal 0 0 -1
    outer loop
      vertex 0 3.5 -1.5
      vertex 0 1.75 -1.5
      vertex -0.24905096697824913 1.7321875232916322 -1.5
    endloop
  endfacet
  facet normal 0 0 -1
    outer loop
      vertex -0.7439785134354179 3.4200140308990585 -1.5
      vertex -0.49810193395649827 3.4643750465832643 -1.5
      vertex -0.7269762727533012 1.5918559918704072 -1.5
    endloop
  endfacet
  facet normal 0 0 -1
    outer loop
      vertex -0.49810193395649827 3.4643750465832643 -1.5
      vertex -0.24968714119731333 3.491082401135887 -1.5
      vertex -0.4930319744725018 1.6791127038253704 -1.5
    endloop
  endfacet
  facet normal 0 0 -1
    outer loop
      vertex -0.24968714119731333 3.491082401135887 -1.5
      vertex 0 3.5 -1.5
      vertex -0.24905096697824913 1.7321875232916322 -1.5
    endloop
  endfacet
  facet normal -0.4476172100627125 0.8942252698597112 0
    outer loop
      vertex -1.6773714535201991 3.0718764634853946 -1.5
      vertex -1.6773714535201991 3.0718764634853946 1.5
      vertex -1.4539525455066025 3.1837119837408143 -1.5
    endloop
  endfacet
  facet normal -0.3826834323650889 0.9238795325112872 0
    outer loop
      vertex -1.4539525455066025 3.1837119837408143 -1.5
      vertex -1.4539525455066025 3.1837119837408143 1.5
      vertex -1.223124628596844 3.279324037499166 -1.5
    endloop
  endfacet
  facet normal -0.31579958761502486 0.9488259168373196 0
    outer loop
      vertex -1.223124628596844 3.279324037499166 -1.5
      vertex -1.223124628596844 3.279324037499166 1.5
      vertex -0.9860639489450036 3.3582254076507407 -1.5
    endloop
  endfacet
  facet normal -0.24730650055421668 0.968937301781507 0
    outer loop
      vertex -0.9860639489450036 3.3582254076507407 -1.5
      vertex -0.9860639489450036 3.3582254076507407 1.5
      vertex -0.7439785134354179 3.4200140308990585 -1.5
    endloop
  endfacet
  facet normal -0.1775531962543021 0.9841112043361163 0
    outer loop
      vertex -0.7439785134354179 3.4200140308990585 -1.5
      vertex -0.7439785134354179 3.4200140308990585 1.5
      vertex -0.49810193395649827 3.4643750465832643 -1.5
    endloop
  endfacet
  facet normal -0.1068951215651128 0.9942703017718972 0
    outer loop
      vertex -0.49810193395649827 3.4643750465832643 -1.5
      vertex -0.49810193395649827 3.4643750465832643 1.5
      vertex -0.24968714119731333 3.491082401135887 -1.5
    endloop
  endfacet
  facet normal -0.035692333838981245 0.9993628256569916 0
    outer loop
      vertex -0.24968714119731333 3.491082401135887 -1.5
      vertex -0.24968714119731333 3.491082401135887 1.5
      vertex 0 3.5 -1.5
    endloop
  endfacet
  facet normal -0.9993628256569916 0.035692333838981245 0
    outer loop
      vertex -3.5 0 -1.5
      vertex -3.5 0 1.5
      vertex -3.491082401135887 0.24968714119731333 1.5
    endloop
  endfacet
  facet normal -0.9942703017718972 0.1068951215651128 0
    outer loop
      vertex -3.491082401135887 0.24968714119731333 -1.5
      vertex -3.491082401135887 0.24968714119731333 1.5
      vertex -3.4643750465832643 0.49810193395649827 1.5
    endloop
  endfacet
  facet normal -0.9841112043361164 0.17755319625430147 0
    outer loop
      vertex -3.4643750465832643 0.49810193395649827 -1.5
      vertex -3.4643750465832643 0.49810193395649827 1.5
      vertex -3.4200140308990585 0.7439785134354188 1.5
    endloop
  endfacet
  facet normal -0.968937301781507 0.24730650055421668 0
    outer loop
      vertex -3.4200140308990585 0.7439785134354188 -1.5
      vertex -3.4200140308990585 0.7439785134354188 1.5
      vertex -3.3582254076507407 0.9860639489450045 1.5
    endloop
  endfacet
  facet normal -0.9488259168373196 0.31579958761502486 0
    outer loop
      vertex -3.3582254076507407 0.9860639489450045 -1.5
      vertex -3.3582254076507407 0.9860639489450045 1.5
      vertex -3.279324037499166 1.223124628596845 1.5
    endloop
  endfacet
  facet normal -0.923879532511287 0.3826834323650896 0
    outer loop
      vertex -3.279324037499166 1.223124628596845 -1.5
      vertex -3.279324037499166 1.223124628596845 1.5
      vertex -3.1837119837408148 1.4539525455066018 1.5
    endloop
  endfacet
  facet normal -0.8942252698597103 0.44761721006271427 0
    outer loop
      vertex -3.1837119837408148 1.4539525455066018 -1.5
      vertex -3.1837119837408148 1.4539525455066018 1.5
      vertex -3.0718764634853946 1.6773714535201982 1.5
    endloop
  endfacet
  facet normal -0.8600142402077015 0.5102700330608981 0
    outer loop
      vertex -3.0718764634853946 1.6773714535201982 -1.5
      vertex -3.0718764634853946 1.6773714535201982 1.5
      vertex -2.9443873649091343 1.8922428610945912 1.5
    endloop
  endfacet
  facet normal 0 0 1
    outer loop
      vertex -3.491082401135887 -0.24968714119731333 1.5
      vertex -3.491082401135887 0.24968714119731333 1.5
      vertex -3.5 0 1.5
    endloop
  endfacet
  facet normal 0 0 1
    outer loop
      vertex -3.4643750465832643 -0.49810193395649827 1.5
      vertex -3.4643750465832643 0.49810193395649827 1.5
      vertex -3.491082401135887 0.24968714119731333 1.5
    endloop
  endfacet
  facet normal 0 0 1
    outer loop
      vertex -3.4200140308990585 -0.7439785134354188 1.5
      vertex -3.4200140308990585 0.7439785134354188 1.5
      vertex -3.4643750465832643 0.49810193395649827 1.5
    endloop
  endfacet
  facet normal 0 0 1
    outer loop
      vertex -3.3582254076507407 -0.9860639489450045 1.5
      vertex -3.3582254076507407 0.9860639489450045 1.5
      vertex -3.4200140308990585 0.7439785134354188 1.5
    endloop
  endfacet
  facet normal 0 0 1
    outer loop
      vertex -3.279324037499166 -1.223124628596845 1.5
      vertex -3.279324037499166 1.223124628596845 1.5
      vertex -3.3582254076507407 0.9860639489450045 1.5
    endloop
  endfacet
  facet normal 0 0 1
    outer loop
      vertex -3.1837119837408148 -1.4539525455066018 1.5
      vertex -3.1837119837408148 1.4539525455066018 1.5
      vertex -3.279324037499166 1.223124628596845 1.5
    endloop
  endfacet
  facet normal 0 0 1
    outer loop
      vertex -3.0718764634853946 -1.6773714535201982 1.5
      vertex -3.0718764634853946 1.6773714535201982 1.5
      vertex -3.1837119837408148 1.4539525455066018 1.5
    endloop
  endfacet
  facet normal 0 0 1
    outer loop
      vertex -2.9443873649091343 -1.8922428610945912 1.5
      vertex -2.9443873649091343 1.8922428610945912 1.5
      vertex -3.0718764634853946 1.6773714535201982 1.5
    endloop
  endfacet
  facet normal 0 0 1
    outer loop
      vertex -2.8018943432352614 -2.097471832789714 1.5
      vertex -2.8018943432352614 2.097471832789714 1.5
      vertex -2.9443873649091343 1.8922428610945912 1.5
    endloop
  endfacet
  facet normal 0 0 1
    outer loop
      vertex -2.6451235102399044 -2.2920125688084974 1.5
      vertex -2.6451235102399044 2.2920125688084974 1.5
      vertex -2.8018943432352614 2.097471832789714 1.5
    endloop
  endfacet
  facet normal 0 0 1
    outer loop
      vertex -2.4748737341529163 -2.4748737341529163 1.5
      vertex -2.4748737341529163 2.4748737341529163 1.5
      vertex -2.6451235102399044 2.2920125688084974 1.5
    endloop
  endfacet
  facet normal 0 0 1
    outer loop
      vertex -2.2920125688084974 -2.6451235102399044 1.5
      vertex -2.2920125688084974 2.6451235102399044 1.5
      vertex -2.4748737341529163 2.4748737341529163 1.5
    endloop
  endfacet
  facet normal 0 0 1
    outer loop
      vertex -2.097471832789714 -2.8018943432352614 1.5
      vertex -2.097471832789714 2.8018943432352614 1.5
      vertex -2.2920125688084974 2.6451235102399044 1.5
    endloop
  endfacet
  facet normal 0 0 1
    outer loop
      vertex -2.097471832789714 2.8018943432352614 1.5
      vertex -1.95 0 1.5
      vertex -1.9346236675632318 0.24439980545039292 1.5
    endloop
  endfacet
  facet normal 0 0 1
    outer loop
      vertex -2.097471832789714 2.8018943432352614 1.5
      vertex -1.9346236675632318 0.24439980545039292 1.5
      vertex -1.8887371642008306 0.48494527997146697 1.5
    endloop
  endfacet
  facet normal 0 0 1
    outer loop
      vertex -1.8922428610945918 2.944387364909134 1.5
      vertex -1.8887371642008306 0.48494527997146697 1.5
      vertex -1.8130641474820903 0.7178428777351218 1.5
    endloop
  endfacet
  facet normal 0 0 1
    outer loop
      vertex -1.8922428610945918 2.944387364909134 1.5
      vertex -1.8130641474820903 0.7178428777351218 1.5
      vertex -1.7087980260855338 0.939419664498345 1.5
    endloop
  endfacet
  facet normal -0.8214207751204915 0.5703226369349641 0
    outer loop
      vertex -2.9443873649091343 1.8922428610945912 -1.5
      vertex -2.9443873649091343 1.8922428610945912 1.5
      vertex -2.8018943432352614 2.097471832789714 1.5
    endloop
  endfacet
  facet normal -0.7786415380497556 0.6274690073808514 0
    outer loop
      vertex -2.8018943432352614 2.097471832789714 -1.5
      vertex -2.8018943432352614 2.097471832789714 1.5
      vertex -2.6451235102399044 2.2920125688084974 1.5
    endloop
  endfacet
  facet normal -0.7318945221817252 0.6814179395938913 0
    outer loop
      vertex -2.6451235102399044 2.2920125688084974 -1.5
      vertex -2.6451235102399044 2.2920125688084974 1.5
      vertex -2.4748737341529163 2.4748737341529163 1.5
    endloop
  endfacet
  facet normal -0.6814179395938913 0.7318945221817252 0
    outer loop
      vertex -2.2920125688084974 2.6451235102399044 -1.5
      vertex -2.4748737341529163 2.4748737341529163 1.5
      vertex -2.2920125688084974 2.6451235102399044 1.5
    endloop
  endfacet
  facet normal -0.6274690073808514 0.7786415380497556 0
    outer loop
      vertex -2.097471832789714 2.8018943432352614 -1.5
      vertex -2.2920125688084974 2.6451235102399044 1.5
      vertex -2.097471832789714 2.8018943432352614 1.5
    endloop
  endfacet
  facet normal -0.5703226369349642 0.8214207751204915 0
    outer loop
      vertex -1.8922428610945918 2.944387364909134 -1.5
      vertex -2.097471832789714 2.8018943432352614 1.5
      vertex -1.8922428610945918 2.944387364909134 1.5
    endloop
  endfacet
  facet normal 0 0 1
    outer loop
      vertex -2.097471832789714 2.8018943432352614 1.5
      vertex -1.8887371642008306 0.48494527997146697 1.5
      vertex -1.8922428610945918 2.944387364909134 1.5
    endloop
  endfacet
  facet normal 0 0 1
    outer loop
      vertex -1.8922428610945918 2.944387364909134 1.5
      vertex -1.7087980260855338 0.939419664498345 1.5
      vertex -1.5775831390311474 1.1461812419703226 1.5
    endloop
  endfacet
  facet normal -0.5102700330608998 0.8600142402077005 0
    outer loop
      vertex -1.6773714535201991 3.0718764634853946 -1.5
      vertex -1.8922428610945918 2.944387364909134 1.5
      vertex -1.6773714535201991 3.0718764634853946 1.5
    endloop
  endfacet
  facet normal -0.4476172100627125 0.8942252698597112 0
    outer loop
      vertex -1.4539525455066025 3.1837119837408143 -1.5
      vertex -1.6773714535201991 3.0718764634853946 1.5
      vertex -1.4539525455066025 3.1837119837408143 1.5
    endloop
  endfacet
  facet normal -0.3826834323650889 0.9238795325112872 0
    outer loop
      vertex -1.223124628596844 3.279324037499166 -1.5
      vertex -1.4539525455066025 3.1837119837408143 1.5
      vertex -1.223124628596844 3.279324037499166 1.5
    endloop
  endfacet
  facet normal -0.31579958761502486 0.9488259168373196 0
    outer loop
      vertex -0.9860639489450036 3.3582254076507407 -1.5
      vertex -1.223124628596844 3.279324037499166 1.5
      vertex -0.9860639489450036 3.3582254076507407 1.5
    endloop
  endfacet
  facet normal -0.24730650055421668 0.968937301781507 0
    outer loop
      vertex -0.7439785134354179 3.4200140308990585 -1.5
      vertex -0.9860639489450036 3.3582254076507407 1.5
      vertex -0.7439785134354179 3.4200140308990585 1.5
    endloop
  endfacet
  facet normal -0.1775531962543021 0.9841112043361163 0
    outer loop
      vertex -0.49810193395649827 3.4643750465832643 -1.5
      vertex -0.7439785134354179 3.4200140308990585 1.5
      vertex -0.49810193395649827 3.4643750465832643 1.5
    endloop
  endfacet
  facet normal -0.1068951215651128 0.9942703017718972 0
    outer loop
      vertex -0.24968714119731333 3.491082401135887 -1.5
      vertex -0.49810193395649827 3.4643750465832643 1.5
      vertex -0.24968714119731333 3.491082401135887 1.5
    endloop
  endfacet
  facet normal -0.035692333838981245 0.9993628256569916 0
    outer loop
      vertex -0.24968714119731333 3.491082401135887 1.5
      vertex 0 3.5 1.5
      vertex 0 3.5 -1.5
    endloop
  endfacet
  facet normal 0 0 1
    outer loop
      vertex -1.6773714535201991 3.0718764634853946 1.5
      vertex -1.5775831390311474 1.1461812419703226 1.5
      vertex -1.4214888234717526 1.3348668565609425 1.5
    endloop
  endfacet
  facet normal 0 0 1
    outer loop
      vertex -1.4539525455066025 3.1837119837408143 1.5
      vertex -1.4214888234717526 1.3348668565609425 1.5
      vertex -1.2429767800099447 1.5025008234127892 1.5
    endloop
  endfacet
  facet normal 0 0 1
    outer loop
      vertex -1.8922428610945918 2.944387364909134 1.5
      vertex -1.5775831390311474 1.1461812419703226 1.5
      vertex -1.6773714535201991 3.0718764634853946 1.5
    endloop
  endfacet
  facet normal 0 0 1
    outer loop
      vertex -1.6773714535201991 3.0718764634853946 1.5
      vertex -1.4214888234717526 1.3348668565609425 1.5
      vertex -1.4539525455066025 3.1837119837408143 1.5
    endloop
  endfacet
  facet normal 0 0 1
    outer loop
      vertex -1.4539525455066025 3.1837119837408143 1.5
      vertex -1.2429767800099447 1.5025008234127892 1.5
      vertex -1.0448622502090437 1.6464394547289292 1.5
    endloop
  endfacet
  facet normal 0 0 1
    outer loop
      vertex -1.223124628596844 3.279324037499166 1.5
      vertex -1.0448622502090437 1.6464394547289292 1.5
      vertex -0.8302696185518917 1.7644127523087378 1.5
    endloop
  endfacet
  facet normal 0 0 1
    outer loop
      vertex -1.4539525455066025 3.1837119837408143 1.5
      vertex -1.0448622502090437 1.6464394547289292 1.5
      vertex -1.223124628596844 3.279324037499166 1.5
    endloop
  endfacet
  facet normal 0 0 1
    outer loop
      vertex -1.223124628596844 3.279324037499166 1.5
      vertex -0.8302696185518917 1.7644127523087378 1.5
      vertex -0.9860639489450036 3.3582254076507407 1.5
    endloop
  endfacet
  facet normal 0 0 1
    outer loop
      vertex -0.9860639489450036 3.3582254076507407 1.5
      vertex -0.8302696185518917 1.7644127523087378 1.5
      vertex -0.6025831390311475 1.8545602067755493 1.5
    endloop
  endfacet
  facet normal 0 0 1
    outer loop
      vertex -0.7439785134354179 3.4200140308990585 1.5
      vertex -0.6025831390311475 1.8545602067755493 1.5
      vertex -0.3653935634421629 1.915460138920943 1.5
    endloop
  endfacet
  facet normal 0 0 1
    outer loop
      vertex -0.49810193395649827 3.4643750465832643 1.5
      vertex -0.3653935634421629 1.915460138920943 1.5
      vertex -0.12244151308216089 1.9461521204351295 1.5
    endloop
  endfacet
  facet normal 0 0 1
    outer loop
      vertex -0.9860639489450036 3.3582254076507407 1.5
      vertex -0.6025831390311475 1.8545602067755493 1.5
      vertex -0.7439785134354179 3.4200140308990585 1.5
    endloop
  endfacet
  facet normal 0 0 1
    outer loop
      vertex -0.7439785134354179 3.4200140308990585 1.5
      vertex -0.3653935634421629 1.915460138920943 1.5
      vertex -0.49810193395649827 3.4643750465832643 1.5
    endloop
  endfacet
  facet normal 0 0 1
    outer loop
      vertex -0.49810193395649827 3.4643750465832643 1.5
      vertex -0.12244151308216089 1.9461521204351295 1.5
      vertex -0.24968714119731333 3.491082401135887 1.5
    endloop
  endfacet
  facet normal 0 0 1
    outer loop
      vertex -0.24968714119731333 3.491082401135887 1.5
      vertex -0.12244151308216089 1.9461521204351295 1.5
      vertex 0 3.5 1.5
    endloop
  endfacet
  facet normal 0 0 -1
    outer loop
      vertex 0 -3.5 -1.5
      vertex 0.24905096697824913 -1.7321875232916322 -1.5
      vertex 0.24968714119731164 -3.4910824011358876 -1.5
    endloop
  endfacet
  facet normal 0 0 -1
    outer loop
      vertex 0.24968714119731164 -3.4910824011358876 -1.5
      vertex 0.49303197447250224 -1.6791127038253704 -1.5
      vertex 0.49810193395649827 -3.4643750465832643 -1.5
    endloop
  endfacet
  facet normal 0 0 -1
    outer loop
      vertex 0.49810193395649827 -3.4643750465832643 -1.5
      vertex 0.7269762727533017 -1.591855991870407 -1.5
      vertex 0.7439785134354171 -3.4200140308990585 -1.5
    endloop
  endfacet
  facet normal 0 0 -1
    outer loop
      vertex 0 -3.5 -1.5
      vertex 0 -1.75 -1.5
      vertex 0.24905096697824913 -1.7321875232916322 -1.5
    endloop
  endfacet
  facet normal 0 0 -1
    outer loop
      vertex 0.24968714119731164 -3.4910824011358876 -1.5
      vertex 0.24905096697824913 -1.7321875232916322 -1.5
      vertex 0.49303197447250224 -1.6791127038253704 -1.5
    endloop
  endfacet
  facet normal 0 0 -1
    outer loop
      vertex 0.49810193395649827 -3.4643750465832643 -1.5
      vertex 0.49303197447250224 -1.6791127038253704 -1.5
      vertex 0.7269762727533017 -1.591855991870407 -1.5
    endloop
  endfacet
  facet normal 0 0 -1
    outer loop
      vertex 0.7439785134354171 -3.4200140308990585 -1.5
      vertex 0.7269762727533017 -1.591855991870407 -1.5
      vertex 0.9461214305472962 -1.4721936824545667 -1.5
    endloop
  endfacet
  facet normal 0 0 -1
    outer loop
      vertex 0.7439785134354171 -3.4200140308990585 -1.5
      vertex 0.9461214305472962 -1.4721936824545667 -1.5
      vertex 0.9860639489450045 -3.3582254076507407 -1.5
    endloop
  endfacet
  facet normal 0 0 -1
    outer loop
      vertex 0.9860639489450045 -3.3582254076507407 -1.5
      vertex 1.1460062844042496 -1.3225617551199513 -1.5
      vertex 1.2231246285968433 -3.2793240374991663 -1.5
    endloop
  endfacet
  facet normal 0 0 -1
    outer loop
      vertex 0.9860639489450045 -3.3582254076507407 -1.5
      vertex 0.9461214305472962 -1.4721936824545667 -1.5
      vertex 1.1460062844042496 -1.3225617551199513 -1.5
    endloop
  endfacet
  facet normal 0 0 -1
    outer loop
      vertex 1.2231246285968433 -3.2793240374991663 -1.5
      vertex 1.1460062844042496 -1.3225617551199513 -1.5
      vertex 1.3225617551199513 -1.1460062844042496 -1.5
    endloop
  endfacet
  facet normal 0 0 -1
    outer loop
      vertex 1.2231246285968433 -3.2793240374991663 -1.5
      vertex 1.3225617551199513 -1.1460062844042496 -1.5
      vertex 1.4539525455066034 -3.183711983740814 -1.5
    endloop
  endfacet
  facet normal 0 0 -1
    outer loop
      vertex 1.4539525455066034 -3.183711983740814 -1.5
      vertex 1.591855991870407 -0.7269762727533017 -1.5
      vertex 1.6773714535201982 -3.0718764634853946 -1.5
    endloop
  endfacet
  facet normal 0 0 -1
    outer loop
      vertex 1.4539525455066034 -3.183711983740814 -1.5
      vertex 1.3225617551199513 -1.1460062844042496 -1.5
      vertex 1.4721936824545667 -0.9461214305472962 -1.5
    endloop
  endfacet
  facet normal 0.03569233383897971 -0.9993628256569919 0
    outer loop
      vertex 0 -3.5 -1.5
      vertex 0.24968714119731164 -3.4910824011358876 -1.5
      vertex 0.24968714119731164 -3.4910824011358876 1.5
    endloop
  endfacet
  facet normal 0.10689512156511385 -0.9942703017718971 0
    outer loop
      vertex 0.24968714119731164 -3.4910824011358876 -1.5
      vertex 0.49810193395649827 -3.4643750465832643 -1.5
      vertex 0.49810193395649827 -3.4643750465832643 1.5
    endloop
  endfacet
  facet normal 0.17755319625430263 -0.9841112043361162 0
    outer loop
      vertex 0.49810193395649827 -3.4643750465832643 -1.5
      vertex 0.7439785134354171 -3.4200140308990585 -1.5
      vertex 0.7439785134354171 -3.4200140308990585 1.5
    endloop
  endfacet
  facet normal 0.24730650055421508 -0.9689373017815075 0
    outer loop
      vertex 0.7439785134354171 -3.4200140308990585 -1.5
      vertex 0.9860639489450045 -3.3582254076507407 -1.5
      vertex 0.9860639489450045 -3.3582254076507407 1.5
    endloop
  endfacet
  facet normal 0.31579958761502513 -0.9488259168373195 0
    outer loop
      vertex 0.9860639489450045 -3.3582254076507407 -1.5
      vertex 1.2231246285968433 -3.2793240374991663 -1.5
      vertex 1.2231246285968433 -3.2793240374991663 1.5
    endloop
  endfacet
  facet normal 0.3826834323650897 -0.9238795325112867 0
    outer loop
      vertex 1.2231246285968433 -3.2793240374991663 -1.5
      vertex 1.4539525455066034 -3.183711983740814 -1.5
      vertex 1.4539525455066034 -3.183711983740814 1.5
    endloop
  endfacet
  facet normal 0.447617210062714 -0.8942252698597106 0
    outer loop
      vertex 1.4539525455066034 -3.183711983740814 -1.5
      vertex 1.6773714535201982 -3.0718764634853946 -1.5
      vertex 1.6773714535201982 -3.0718764634853946 1.5
    endloop
  endfacet
  facet normal 0 0 -1
    outer loop
      vertex 1.4539525455066034 -3.183711983740814 -1.5
      vertex 1.4721936824545667 -0.9461214305472962 -1.5
      vertex 1.591855991870407 -0.7269762727533017 -1.5
    endloop
  endfacet
  facet normal 0 0 -1
    outer loop
      vertex 1.6773714535201982 -3.0718764634853946 -1.5
      vertex 1.591855991870407 -0.7269762727533017 -1.5
      vertex 1.6791127038253704 -0.49303197447250224 -1.5
    endloop
  endfacet
  facet normal 0 0 -1
    outer loop
      vertex 1.6773714535201982 -3.0718764634853946 -1.5
      vertex 1.6791127038253704 -0.49303197447250224 -1.5
      vertex 1.7321875232916322 -0.24905096697824913 -1.5
    endloop
  endfacet
  facet normal 0 0 -1
    outer loop
      vertex 1.6773714535201982 -3.0718764634853946 -1.5
      vertex 1.7321875232916322 -0.24905096697824913 -1.5
      vertex 1.75 0 -1.5
    endloop
  endfacet
  facet normal 0.5102700330608984 -0.8600142402077013 0
    outer loop
      vertex 1.6773714535201982 -3.0718764634853946 -1.5
      vertex 1.8922428610945925 -2.9443873649091334 -1.5
      vertex 1.8922428610945925 -2.9443873649091334 1.5
    endloop
  endfacet
  facet normal 0.5703226369349643 -0.8214207751204915 0
    outer loop
      vertex 1.8922428610945925 -2.9443873649091334 -1.5
      vertex 2.097471832789714 -2.8018943432352614 -1.5
      vertex 2.097471832789714 -2.8018943432352614 1.5
    endloop
  endfacet
  facet normal 0.6274690073808523 -0.7786415380497549 0
    outer loop
      vertex 2.097471832789714 -2.8018943432352614 -1.5
      vertex 2.292012568808499 -2.6451235102399027 -1.5
      vertex 2.292012568808499 -2.6451235102399027 1.5
    endloop
  endfacet
  facet normal 0.6814179395938911 -0.7318945221817255 0
    outer loop
      vertex 2.292012568808499 -2.6451235102399027 -1.5
      vertex 2.4748737341529163 -2.4748737341529163 -1.5
      vertex 2.4748737341529163 -2.4748737341529163 1.5
    endloop
  endfacet
  facet normal 0.7318945221817255 -0.6814179395938911 0
    outer loop
      vertex 2.4748737341529163 -2.4748737341529163 -1.5
      vertex 2.6451235102399027 -2.292012568808499 -1.5
      vertex 2.4748737341529163 -2.4748737341529163 1.5
    endloop
  endfacet
  facet normal 0.7786415380497549 -0.6274690073808523 0
    outer loop
      vertex 2.6451235102399027 -2.292012568808499 -1.5
      vertex 2.8018943432352614 -2.097471832789714 -1.5
      vertex 2.6451235102399027 -2.292012568808499 1.5
    endloop
  endfacet
  facet normal 0.8214207751204915 -0.5703226369349643 0
    outer loop
      vertex 2.8018943432352614 -2.097471832789714 -1.5
      vertex 2.9443873649091334 -1.8922428610945925 -1.5
      vertex 2.8018943432352614 -2.097471832789714 1.5
    endloop
  endfacet
  facet normal 0.8600142402077013 -0.5102700330608984 0
    outer loop
      vertex 2.9443873649091334 -1.8922428610945925 -1.5
      vertex 3.0718764634853946 -1.6773714535201982 -1.5
      vertex 2.9443873649091334 -1.8922428610945925 1.5
    endloop
  endfacet
  facet normal 0 0 -1
    outer loop
      vertex 1.6773714535201982 -3.0718764634853946 -1.5
      vertex 1.8922428610945914 2.9443873649091343 -1.5
      vertex 1.8922428610945925 -2.9443873649091334 -1.5
    endloop
  endfacet
  facet normal 0 0 -1
    outer loop
      vertex 1.8922428610945925 -2.9443873649091334 -1.5
      vertex 2.097471832789714 2.8018943432352614 -1.5
      vertex 2.097471832789714 -2.8018943432352614 -1.5
    endloop
  endfacet
  facet normal 0 0 -1
    outer loop
      vertex 2.097471832789714 -2.8018943432352614 -1.5
      vertex 2.2920125688084974 2.6451235102399044 -1.5
      vertex 2.292012568808499 -2.6451235102399027 -1.5
    endloop
  endfacet
  facet normal 0 0 -1
    outer loop
      vertex 2.292012568808499 -2.6451235102399027 -1.5
      vertex 2.4748737341529163 2.4748737341529163 -1.5
      vertex 2.4748737341529163 -2.4748737341529163 -1.5
    endloop
  endfacet
  facet normal 0 0 -1
    outer loop
      vertex 1.6773714535201982 -3.0718764634853946 -1.5
      vertex 1.75 0 -1.5
      vertex 1.8922428610945914 2.9443873649091343 -1.5
    endloop
  endfacet
  facet normal 0 0 -1
    outer loop
      vertex 2.4748737341529163 -2.4748737341529163 -1.5
      vertex 2.6451235102399044 2.2920125688084974 -1.5
      vertex 2.6451235102399027 -2.292012568808499 -1.5
    endloop
  endfacet
  facet normal 0 0 -1
    outer loop
      vertex 2.6451235102399027 -2.292012568808499 -1.5
      vertex 2.8018943432352614 2.097471832789714 -1.5
      vertex 2.8018943432352614 -2.097471832789714 -1.5
    endloop
  endfacet
  facet normal 0 0 -1
    outer loop
      vertex 2.8018943432352614 -2.097471832789714 -1.5
      vertex 2.9443873649091343 1.8922428610945914 -1.5
      vertex 2.9443873649091334 -1.8922428610945925 -1.5
    endloop
  endfacet
  facet normal 0 0 -1
    outer loop
      vertex 2.9443873649091334 -1.8922428610945925 -1.5
      vertex 3.0718764634853946 1.677371453520199 -1.5
      vertex 3.0718764634853946 -1.6773714535201982 -1.5
    endloop
  endfacet
  facet normal 0 0 -1
    outer loop
      vertex 3.0718764634853946 -1.6773714535201982 -1.5
      vertex 3.1837119837408143 1.4539525455066025 -1.5
      vertex 3.183711983740814 -1.4539525455066034 -1.5
    endloop
  endfacet
  facet normal 0 0 -1
    outer loop
      vertex 3.183711983740814 -1.4539525455066034 -1.5
      vertex 3.279324037499166 1.223124628596844 -1.5
      vertex 3.2793240374991663 -1.2231246285968433 -1.5
    endloop
  endfacet
  facet normal 0 0 -1
    outer loop
      vertex 3.2793240374991663 -1.2231246285968433 -1.5
      vertex 3.3582254076507407 0.9860639489450038 -1.5
      vertex 3.3582254076507407 -0.9860639489450045 -1.5
    endloop
  endfacet
  facet normal 0 0 -1
    outer loop
      vertex 3.3582254076507407 -0.9860639489450045 -1.5
      vertex 3.4200140308990585 0.7439785134354184 -1.5
      vertex 3.4200140308990585 -0.7439785134354171 -1.5
    endloop
  endfacet
  facet normal 0 0 -1
    outer loop
      vertex 3.4200140308990585 -0.7439785134354171 -1.5
      vertex 3.4643750465832643 0.498101933956498 -1.5
      vertex 3.4643750465832643 -0.49810193395649827 -1.5
    endloop
  endfacet
  facet normal 0 0 -1
    outer loop
      vertex 3.4643750465832643 -0.49810193395649827 -1.5
      vertex 3.491082401135887 0.2496871411973132 -1.5
      vertex 3.4910824011358876 -0.24968714119731164 -1.5
    endloop
  endfacet
  facet normal 0.8942252698597106 -0.447617210062714 0
    outer loop
      vertex 3.0718764634853946 -1.6773714535201982 -1.5
      vertex 3.183711983740814 -1.4539525455066034 -1.5
      vertex 3.0718764634853946 -1.6773714535201982 1.5
    endloop
  endfacet
  facet normal 0.9238795325112867 -0.3826834323650897 0
    outer loop
      vertex 3.183711983740814 -1.4539525455066034 -1.5
      vertex 3.2793240374991663 -1.2231246285968433 -1.5
      vertex 3.183711983740814 -1.4539525455066034 1.5
    endloop
  endfacet
  facet normal 0.9488259168373195 -0.31579958761502513 0
    outer loop
      vertex 3.2793240374991663 -1.2231246285968433 -1.5
      vertex 3.3582254076507407 -0.9860639489450045 -1.5
      vertex 3.2793240374991663 -1.2231246285968433 1.5
    endloop
  endfacet
  facet normal 0.9689373017815075 -0.24730650055421508 0
    outer loop
      vertex 3.3582254076507407 -0.9860639489450045 -1.5
      vertex 3.4200140308990585 -0.7439785134354171 -1.5
      vertex 3.3582254076507407 -0.9860639489450045 1.5
    endloop
  endfacet
  facet normal 0.9841112043361162 -0.17755319625430263 0
    outer loop
      vertex 3.4200140308990585 -0.7439785134354171 -1.5
      vertex 3.4643750465832643 -0.49810193395649827 -1.5
      vertex 3.4200140308990585 -0.7439785134354171 1.5
    endloop
  endfacet
  facet normal 0.9942703017718971 -0.10689512156511385 0
    outer loop
      vertex 3.4643750465832643 -0.49810193395649827 -1.5
      vertex 3.4910824011358876 -0.24968714119731164 -1.5
      vertex 3.4643750465832643 -0.49810193395649827 1.5
    endloop
  endfacet
  facet normal 0.9993628256569919 -0.03569233383897971 0
    outer loop
      vertex 3.4910824011358876 -0.24968714119731164 -1.5
      vertex 3.5 0 -1.5
      vertex 3.4910824011358876 -0.24968714119731164 1.5
    endloop
  endfacet
  facet normal 0.03569233383897971 -0.9993628256569919 0
    outer loop
      vertex 0 -3.5 -1.5
      vertex 0.24968714119731164 -3.4910824011358876 1.5
      vertex 0 -3.5 1.5
    endloop
  endfacet
  facet normal 0.10689512156511385 -0.9942703017718971 0
    outer loop
      vertex 0.24968714119731164 -3.4910824011358876 -1.5
      vertex 0.49810193395649827 -3.4643750465832643 1.5
      vertex 0.24968714119731164 -3.4910824011358876 1.5
    endloop
  endfacet
  facet normal 0.17755319625430263 -0.9841112043361162 0
    outer loop
      vertex 0.49810193395649827 -3.4643750465832643 -1.5
      vertex 0.7439785134354171 -3.4200140308990585 1.5
      vertex 0.49810193395649827 -3.4643750465832643 1.5
    endloop
  endfacet
  facet normal 0.24730650055421508 -0.9689373017815075 0
    outer loop
      vertex 0.7439785134354171 -3.4200140308990585 -1.5
      vertex 0.9860639489450045 -3.3582254076507407 1.5
      vertex 0.7439785134354171 -3.4200140308990585 1.5
    endloop
  endfacet
  facet normal 0.31579958761502513 -0.9488259168373195 0
    outer loop
      vertex 0.9860639489450045 -3.3582254076507407 -1.5
      vertex 1.2231246285968433 -3.2793240374991663 1.5
      vertex 0.9860639489450045 -3.3582254076507407 1.5
    endloop
  endfacet
  facet normal 0.3826834323650897 -0.9238795325112867 0
    outer loop
      vertex 1.2231246285968433 -3.2793240374991663 -1.5
      vertex 1.4539525455066034 -3.183711983740814 1.5
      vertex 1.2231246285968433 -3.2793240374991663 1.5
    endloop
  endfacet
  facet normal 0.447617210062714 -0.8942252698597106 0
    outer loop
      vertex 1.4539525455066034 -3.183711983740814 -1.5
      vertex 1.6773714535201982 -3.0718764634853946 1.5
      vertex 1.4539525455066034 -3.183711983740814 1.5
    endloop
  endfacet
  facet normal 0.5102700330608984 -0.8600142402077013 0
    outer loop
      vertex 1.6773714535201982 -3.0718764634853946 -1.5
      vertex 1.8922428610945925 -2.9443873649091334 1.5
      vertex 1.6773714535201982 -3.0718764634853946 1.5
    endloop
  endfacet
  facet normal 0 0 1
    outer loop
      vertex 0 -3.5 1.5
      vertex 0.24968714119731164 -3.4910824011358876 1.5
      vertex 0.12244151308216183 -1.9461521204351295 1.5
    endloop
  endfacet
  facet normal 0 0 1
    outer loop
      vertex 0.24968714119731164 -3.4910824011358876 1.5
      vertex 0.49810193395649827 -3.4643750465832643 1.5
      vertex 0.12244151308216183 -1.9461521204351295 1.5
    endloop
  endfacet
  facet normal 0 0 1
    outer loop
      vertex 0.49810193395649827 -3.4643750465832643 1.5
      vertex 0.7439785134354171 -3.4200140308990585 1.5
      vertex 0.3653935634421634 -1.9154601389209427 1.5
    endloop
  endfacet
  facet normal 0 0 1
    outer loop
      vertex 0.7439785134354171 -3.4200140308990585 1.5
      vertex 0.9860639489450045 -3.3582254076507407 1.5
      vertex 0.6025831390311475 -1.8545602067755493 1.5
    endloop
  endfacet
  facet normal 0 0 1
    outer loop
      vertex 0 -3.5 1.5
      vertex 0.12244151308216183 -1.9461521204351295 1.5
      vertex -0.12244151308216183 -1.9461521204351295 1.5
    endloop
  endfacet
  facet normal 0 0 1
    outer loop
      vertex 0.49810193395649827 -3.4643750465832643 1.5
      vertex 0.3653935634421634 -1.9154601389209427 1.5
      vertex 0.12244151308216183 -1.9461521204351295 1.5
    endloop
  endfacet
  facet normal 0 0 1
    outer loop
      vertex 0.7439785134354171 -3.4200140308990585 1.5
      vertex 0.6025831390311475 -1.8545602067755493 1.5
      vertex 0.3653935634421634 -1.9154601389209427 1.5
    endloop
  endfacet
  facet normal 0 0 1
    outer loop
      vertex 0.9860639489450045 -3.3582254076507407 1.5
      vertex 0.8302696185518912 -1.764412752308738 1.5
      vertex 0.6025831390311475 -1.8545602067755493 1.5
    endloop
  endfacet
  facet normal 0 0 1
    outer loop
      vertex 0.9860639489450045 -3.3582254076507407 1.5
      vertex 1.2231246285968433 -3.2793240374991663 1.5
      vertex 0.8302696185518912 -1.764412752308738 1.5
    endloop
  endfacet
  facet normal 0 0 1
    outer loop
      vertex 1.2231246285968433 -3.2793240374991663 1.5
      vertex 1.4539525455066034 -3.183711983740814 1.5
      vertex 1.0448622502090426 -1.6464394547289298 1.5
    endloop
  endfacet
  facet normal 0 0 1
    outer loop
      vertex 1.2231246285968433 -3.2793240374991663 1.5
      vertex 1.0448622502090426 -1.6464394547289298 1.5
      vertex 0.8302696185518912 -1.764412752308738 1.5
    endloop
  endfacet
  facet normal 0 0 1
    outer loop
      vertex 1.4539525455066034 -3.183711983740814 1.5
      vertex 1.2429767800099454 -1.5025008234127886 1.5
      vertex 1.0448622502090426 -1.6464394547289298 1.5
    endloop
  endfacet
  facet normal 0 0 1
    outer loop
      vertex 1.4539525455066034 -3.183711983740814 1.5
      vertex 1.6773714535201982 -3.0718764634853946 1.5
      vertex 1.4214888234717526 -1.3348668565609425 1.5
    endloop
  endfacet
  facet normal 0 0 1
    outer loop
      vertex 1.6773714535201982 -3.0718764634853946 1.5
      vertex 1.8922428610945925 -2.9443873649091334 1.5
      vertex 1.5775831390311474 -1.1461812419703226 1.5
    endloop
  endfacet
  facet normal 0 0 1
    outer loop
      vertex 1.4539525455066034 -3.183711983740814 1.5
      vertex 1.4214888234717526 -1.3348668565609425 1.5
      vertex 1.2429767800099454 -1.5025008234127886 1.5
    endloop
  endfacet
  facet normal 0 0 1
    outer loop
      vertex 1.6773714535201982 -3.0718764634853946 1.5
      vertex 1.5775831390311474 -1.1461812419703226 1.5
      vertex 1.4214888234717526 -1.3348668565609425 1.5
    endloop
  endfacet
  facet normal 0 0 1
    outer loop
      vertex 1.8922428610945925 -2.9443873649091334 1.5
      vertex 1.7087980260855338 -0.939419664498345 1.5
      vertex 1.5775831390311474 -1.1461812419703226 1.5
    endloop
  endfacet
  facet normal 0.5703226369349643 -0.8214207751204915 0
    outer loop
      vertex 1.8922428610945925 -2.9443873649091334 -1.5
      vertex 2.097471832789714 -2.8018943432352614 1.5
      vertex 1.8922428610945925 -2.9443873649091334 1.5
    endloop
  endfacet
  facet normal 0.6274690073808523 -0.7786415380497549 0
    outer loop
      vertex 2.097471832789714 -2.8018943432352614 -1.5
      vertex 2.292012568808499 -2.6451235102399027 1.5
      vertex 2.097471832789714 -2.8018943432352614 1.5
    endloop
  endfacet
  facet normal 0.6814179395938911 -0.7318945221817255 0
    outer loop
      vertex 2.292012568808499 -2.6451235102399027 -1.5
      vertex 2.4748737341529163 -2.4748737341529163 1.5
      vertex 2.292012568808499 -2.6451235102399027 1.5
    endloop
  endfacet
  facet normal 0.7318945221817255 -0.6814179395938911 0
    outer loop
      vertex 2.6451235102399027 -2.292012568808499 -1.5
      vertex 2.6451235102399027 -2.292012568808499 1.5
      vertex 2.4748737341529163 -2.4748737341529163 1.5
    endloop
  endfacet
  facet normal 0.7786415380497549 -0.6274690073808523 0
    outer loop
      vertex 2.8018943432352614 -2.097471832789714 -1.5
      vertex 2.8018943432352614 -2.097471832789714 1.5
      vertex 2.6451235102399027 -2.292012568808499 1.5
    endloop
  endfacet
  facet normal 0.8214207751204915 -0.5703226369349643 0
    outer loop
      vertex 2.9443873649091334 -1.8922428610945925 -1.5
      vertex 2.9443873649091334 -1.8922428610945925 1.5
      vertex 2.8018943432352614 -2.097471832789714 1.5
    endloop
  endfacet
  facet normal 0 0 1
    outer loop
      vertex 1.8922428610945925 -2.9443873649091334 1.5
      vertex 2.097471832789714 -2.8018943432352614 1.5
      vertex 1.8887371642008308 -0.48494527997146614 1.5
    endloop
  endfacet
  facet normal 0.8600142402077013 -0.5102700330608984 0
    outer loop
      vertex 3.0718764634853946 -1.6773714535201982 -1.5
      vertex 3.0718764634853946 -1.6773714535201982 1.5
      vertex 2.9443873649091334 -1.8922428610945925 1.5
    endloop
  endfacet
  facet normal 0.8942252698597106 -0.447617210062714 0
    outer loop
      vertex 3.183711983740814 -1.4539525455066034 -1.5
      vertex 3.183711983740814 -1.4539525455066034 1.5
      vertex 3.0718764634853946 -1.6773714535201982 1.5
    endloop
  endfacet
  facet normal 0.9238795325112867 -0.3826834323650897 0
    outer loop
      vertex 3.2793240374991663 -1.2231246285968433 -1.5
      vertex 3.2793240374991663 -1.2231246285968433 1.5
      vertex 3.183711983740814 -1.4539525455066034 1.5
    endloop
  endfacet
  facet normal 0.9488259168373195 -0.31579958761502513 0
    outer loop
      vertex 3.3582254076507407 -0.9860639489450045 -1.5
      vertex 3.3582254076507407 -0.9860639489450045 1.5
      vertex 3.2793240374991663 -1.2231246285968433 1.5
    endloop
  endfacet
  facet normal 0.9689373017815075 -0.24730650055421508 0
    outer loop
      vertex 3.4200140308990585 -0.7439785134354171 -1.5
      vertex 3.4200140308990585 -0.7439785134354171 1.5
      vertex 3.3582254076507407 -0.9860639489450045 1.5
    endloop
  endfacet
  facet normal 0.9841112043361162 -0.17755319625430263 0
    outer loop
      vertex 3.4643750465832643 -0.49810193395649827 -1.5
      vertex 3.4643750465832643 -0.49810193395649827 1.5
      vertex 3.4200140308990585 -0.7439785134354171 1.5
    endloop
  endfacet
  facet normal 0.9942703017718971 -0.10689512156511385 0
    outer loop
      vertex 3.4910824011358876 -0.24968714119731164 -1.5
      vertex 3.4910824011358876 -0.24968714119731164 1.5
      vertex 3.4643750465832643 -0.49810193395649827 1.5
    endloop
  endfacet
  facet normal 0.9993628256569919 -0.03569233383897971 0
    outer loop
      vertex 3.4910824011358876 -0.24968714119731164 1.5
      vertex 3.5 0 -1.5
      vertex 3.5 0 1.5
    endloop
  endfacet
  facet normal 0 0 1
    outer loop
      vertex 1.8922428610945925 -2.9443873649091334 1.5
      vertex 1.8130641474820899 -0.7178428777351228 1.5
      vertex 1.7087980260855338 -0.939419664498345 1.5
    endloop
  endfacet
  facet normal 0 0 1
    outer loop
      vertex 1.8922428610945925 -2.9443873649091334 1.5
      vertex 1.8887371642008308 -0.48494527997146614 1.5
      vertex 1.8130641474820899 -0.7178428777351228 1.5
    endloop
  endfacet
  facet normal 0 0 1
    outer loop
      vertex 2.097471832789714 -2.8018943432352614 1.5
      vertex 1.9346236675632318 -0.24439980545039292 1.5
      vertex 1.8887371642008308 -0.48494527997146614 1.5
    endloop
  endfacet
  facet normal 0 0 1
    outer loop
      vertex 2.097471832789714 -2.8018943432352614 1.5
      vertex 1.95 0 1.5
      vertex 1.9346236675632318 -0.24439980545039292 1.5
    endloop
  endfacet
  facet normal 0 0 1
    outer loop
      vertex 2.097471832789714 -2.8018943432352614 1.5
      vertex 2.292012568808499 -2.6451235102399027 1.5
      vertex 2.097471832789714 2.8018943432352614 1.5
    endloop
  endfacet
  facet normal 0 0 1
    outer loop
      vertex 2.292012568808499 -2.6451235102399027 1.5
      vertex 2.4748737341529163 -2.4748737341529163 1.5
      vertex 2.2920125688084974 2.6451235102399044 1.5
    endloop
  endfacet
  facet normal 0 0 1
    outer loop
      vertex 2.4748737341529163 -2.4748737341529163 1.5
      vertex 2.6451235102399027 -2.292012568808499 1.5
      vertex 2.4748737341529163 2.4748737341529163 1.5
    endloop
  endfacet
  facet normal 0 0 1
    outer loop
      vertex 2.6451235102399027 -2.292012568808499 1.5
      vertex 2.8018943432352614 -2.097471832789714 1.5
      vertex 2.6451235102399044 2.2920125688084974 1.5
    endloop
  endfacet
  facet normal 0 0 1
    outer loop
      vertex 2.8018943432352614 -2.097471832789714 1.5
      vertex 2.9443873649091334 -1.8922428610945925 1.5
      vertex 2.8018943432352614 2.097471832789714 1.5
    endloop
  endfacet
  facet normal 0 0 1
    outer loop
      vertex 2.9443873649091334 -1.8922428610945925 1.5
      vertex 3.0718764634853946 -1.6773714535201982 1.5
      vertex 2.9443873649091343 1.8922428610945914 1.5
    endloop
  endfacet
  facet normal 0 0 1
    outer loop
      vertex 3.0718764634853946 -1.6773714535201982 1.5
      vertex 3.183711983740814 -1.4539525455066034 1.5
      vertex 3.0718764634853946 1.677371453520199 1.5
    endloop
  endfacet
  facet normal 0 0 1
    outer loop
      vertex 3.183711983740814 -1.4539525455066034 1.5
      vertex 3.2793240374991663 -1.2231246285968433 1.5
      vertex 3.1837119837408143 1.4539525455066025 1.5
    endloop
  endfacet
  facet normal 0 0 1
    outer loop
      vertex 3.2793240374991663 -1.2231246285968433 1.5
      vertex 3.3582254076507407 -0.9860639489450045 1.5
      vertex 3.279324037499166 1.223124628596844 1.5
    endloop
  endfacet
  facet normal 0 0 1
    outer loop
      vertex 3.3582254076507407 -0.9860639489450045 1.5
      vertex 3.4200140308990585 -0.7439785134354171 1.5
      vertex 3.3582254076507407 0.9860639489450038 1.5
    endloop
  endfacet
  facet normal 0 0 1
    outer loop
      vertex 3.4200140308990585 -0.7439785134354171 1.5
      vertex 3.4643750465832643 -0.49810193395649827 1.5
      vertex 3.4200140308990585 0.7439785134354184 1.5
    endloop
  endfacet
  facet normal 0 0 1
    outer loop
      vertex 3.4643750465832643 -0.49810193395649827 1.5
      vertex 3.4910824011358876 -0.24968714119731164 1.5
      vertex 3.4643750465832643 0.498101933956498 1.5
    endloop
  endfacet
  facet normal 0 0 -1
    outer loop
      vertex 1.6773714535201987 3.0718764634853946 -1.5
      vertex 1.4721936824545672 0.9461214305472957 -1.5
      vertex 1.3225617551199522 1.1460062844042487 -1.5
    endloop
  endfacet
  facet normal 0 0 -1
    outer loop
      vertex 1.8922428610945914 2.9443873649091343 -1.5
      vertex 1.6791127038253704 0.4930319744725019 -1.5
      vertex 1.5918559918704072 0.7269762727533012 -1.5
    endloop
  endfacet
  facet normal 0 0 -1
    outer loop
      vertex 1.6773714535201987 3.0718764634853946 -1.5
      vertex 1.5918559918704072 0.7269762727533012 -1.5
      vertex 1.4721936824545672 0.9461214305472957 -1.5
    endloop
  endfacet
  facet normal 0 0 -1
    outer loop
      vertex 0.24968714119731333 3.491082401135887 -1.5
      vertex 0.24905096697824913 1.7321875232916322 -1.5
      vertex 0 1.75 -1.5
    endloop
  endfacet
  facet normal 0 0 -1
    outer loop
      vertex 0.49810193395649827 3.4643750465832643 -1.5
      vertex 0.4930319744725018 1.6791127038253704 -1.5
      vertex 0.24905096697824913 1.7321875232916322 -1.5
    endloop
  endfacet
  facet normal 0 0 -1
    outer loop
      vertex 0.7439785134354179 3.4200140308990585 -1.5
      vertex 0.7269762727533012 1.5918559918704072 -1.5
      vertex 0.4930319744725018 1.6791127038253704 -1.5
    endloop
  endfacet
  facet normal 0 0 -1
    outer loop
      vertex 0 3.5 -1.5
      vertex 0.24968714119731333 3.491082401135887 -1.5
      vertex 0 1.75 -1.5
    endloop
  endfacet
  facet normal 0 0 -1
    outer loop
      vertex 0.24968714119731333 3.491082401135887 -1.5
      vertex 0.49810193395649827 3.4643750465832643 -1.5
      vertex 0.24905096697824913 1.7321875232916322 -1.5
    endloop
  endfacet
  facet normal 0 0 -1
    outer loop
      vertex 0.49810193395649827 3.4643750465832643 -1.5
      vertex 0.7439785134354179 3.4200140308990585 -1.5
      vertex 0.4930319744725018 1.6791127038253704 -1.5
    endloop
  endfacet
  facet normal 0 0 -1
    outer loop
      vertex 0.7439785134354179 3.4200140308990585 -1.5
      vertex 0.9860639489450036 3.3582254076507407 -1.5
      vertex 0.7269762727533012 1.5918559918704072 -1.5
    endloop
  endfacet
  facet normal 0 0 -1
    outer loop
      vertex 0.9860639489450036 3.3582254076507407 -1.5
      vertex 0.9461214305472957 1.4721936824545672 -1.5
      vertex 0.7269762727533012 1.5918559918704072 -1.5
    endloop
  endfacet
  facet normal 0 0 -1
    outer loop
      vertex 1.4539525455066025 3.1837119837408143 -1.5
      vertex 1.3225617551199522 1.1460062844042487 -1.5
      vertex 1.1460062844042487 1.3225617551199522 -1.5
    endloop
  endfacet
  facet normal 0 0 -1
    outer loop
      vertex 1.223124628596844 3.279324037499166 -1.5
      vertex 1.1460062844042487 1.3225617551199522 -1.5
      vertex 0.9461214305472957 1.4721936824545672 -1.5
    endloop
  endfacet
  facet normal 0 0 -1
    outer loop
      vertex 1.223124628596844 3.279324037499166 -1.5
      vertex 1.4539525455066025 3.1837119837408143 -1.5
      vertex 1.1460062844042487 1.3225617551199522 -1.5
    endloop
  endfacet
  facet normal 0 0 -1
    outer loop
      vertex 1.4539525455066025 3.1837119837408143 -1.5
      vertex 1.6773714535201987 3.0718764634853946 -1.5
      vertex 1.3225617551199522 1.1460062844042487 -1.5
    endloop
  endfacet
  facet normal 0 0 -1
    outer loop
      vertex 1.6773714535201987 3.0718764634853946 -1.5
      vertex 1.8922428610945914 2.9443873649091343 -1.5
      vertex 1.5918559918704072 0.7269762727533012 -1.5
    endloop
  endfacet
  facet normal 0 0 -1
    outer loop
      vertex 0.9860639489450036 3.3582254076507407 -1.5
      vertex 1.223124628596844 3.279324037499166 -1.5
      vertex 0.9461214305472957 1.4721936824545672 -1.5
    endloop
  endfacet
  facet normal 0.035692333838981245 0.9993628256569916 0
    outer loop
      vertex 0 3.5 -1.5
      vertex 0 3.5 1.5
      vertex 0.24968714119731333 3.491082401135887 -1.5
    endloop
  endfacet
  facet normal 0.1068951215651128 0.9942703017718972 0
    outer loop
      vertex 0.24968714119731333 3.491082401135887 -1.5
      vertex 0.24968714119731333 3.491082401135887 1.5
      vertex 0.49810193395649827 3.4643750465832643 -1.5
    endloop
  endfacet
  facet normal 0.1775531962543021 0.9841112043361163 0
    outer loop
      vertex 0.49810193395649827 3.4643750465832643 -1.5
      vertex 0.49810193395649827 3.4643750465832643 1.5
      vertex 0.7439785134354179 3.4200140308990585 -1.5
    endloop
  endfacet
  facet normal 0.24730650055421668 0.968937301781507 0
    outer loop
      vertex 0.7439785134354179 3.4200140308990585 -1.5
      vertex 0.7439785134354179 3.4200140308990585 1.5
      vertex 0.9860639489450036 3.3582254076507407 -1.5
    endloop
  endfacet
  facet normal 0.31579958761502486 0.9488259168373196 0
    outer loop
      vertex 0.9860639489450036 3.3582254076507407 -1.5
      vertex 0.9860639489450036 3.3582254076507407 1.5
      vertex 1.223124628596844 3.279324037499166 -1.5
    endloop
  endfacet
  facet normal 0.3826834323650889 0.9238795325112872 0
    outer loop
      vertex 1.223124628596844 3.279324037499166 -1.5
      vertex 1.223124628596844 3.279324037499166 1.5
      vertex 1.4539525455066025 3.1837119837408143 -1.5
    endloop
  endfacet
  facet normal 0.5102700330608985 0.8600142402077012 0
    outer loop
      vertex 1.6773714535201987 3.0718764634853946 -1.5
      vertex 1.6773714535201987 3.0718764634853946 1.5
      vertex 1.8922428610945914 2.9443873649091343 -1.5
    endloop
  endfacet
  facet normal 0.44761721006271327 0.8942252698597108 0
    outer loop
      vertex 1.4539525455066025 3.1837119837408143 -1.5
      vertex 1.4539525455066025 3.1837119837408143 1.5
      vertex 1.6773714535201987 3.0718764634853946 -1.5
    endloop
  endfacet
  facet normal 0 0 -1
    outer loop
      vertex 2.292012568808499 -2.6451235102399027 -1.5
      vertex 2.2920125688084974 2.6451235102399044 -1.5
      vertex 2.4748737341529163 2.4748737341529163 -1.5
    endloop
  endfacet
  facet normal 0 0 -1
    outer loop
      vertex 2.4748737341529163 -2.4748737341529163 -1.5
      vertex 2.4748737341529163 2.4748737341529163 -1.5
      vertex 2.6451235102399044 2.2920125688084974 -1.5
    endloop
  endfacet
  facet normal 0 0 -1
    outer loop
      vertex 1.8922428610945914 2.9443873649091343 -1.5
      vertex 1.75 0 -1.5
      vertex 1.7321875232916322 0.249050966978249 -1.5
    endloop
  endfacet
  facet normal 0 0 -1
    outer loop
      vertex 1.8922428610945925 -2.9443873649091334 -1.5
      vertex 1.8922428610945914 2.9443873649091343 -1.5
      vertex 2.097471832789714 2.8018943432352614 -1.5
    endloop
  endfacet
  facet normal 0 0 -1
    outer loop
      vertex 1.8922428610945914 2.9443873649091343 -1.5
      vertex 1.7321875232916322 0.249050966978249 -1.5
      vertex 1.6791127038253704 0.4930319744725019 -1.5
    endloop
  endfacet
  facet normal 0 0 -1
    outer loop
      vertex 2.097471832789714 -2.8018943432352614 -1.5
      vertex 2.097471832789714 2.8018943432352614 -1.5
      vertex 2.2920125688084974 2.6451235102399044 -1.5
    endloop
  endfacet
  facet normal 0 0 -1
    outer loop
      vertex 2.6451235102399027 -2.292012568808499 -1.5
      vertex 2.6451235102399044 2.2920125688084974 -1.5
      vertex 2.8018943432352614 2.097471832789714 -1.5
    endloop
  endfacet
  facet normal 0 0 -1
    outer loop
      vertex 2.8018943432352614 -2.097471832789714 -1.5
      vertex 2.8018943432352614 2.097471832789714 -1.5
      vertex 2.9443873649091343 1.8922428610945914 -1.5
    endloop
  endfacet
  facet normal 0 0 -1
    outer loop
      vertex 2.9443873649091334 -1.8922428610945925 -1.5
      vertex 2.9443873649091343 1.8922428610945914 -1.5
      vertex 3.0718764634853946 1.677371453520199 -1.5
    endloop
  endfacet
  facet normal 0 0 -1
    outer loop
      vertex 3.183711983740814 -1.4539525455066034 -1.5
      vertex 3.1837119837408143 1.4539525455066025 -1.5
      vertex 3.279324037499166 1.223124628596844 -1.5
    endloop
  endfacet
  facet normal 0 0 -1
    outer loop
      vertex 3.4910824011358876 -0.24968714119731164 -1.5
      vertex 3.491082401135887 0.2496871411973132 -1.5
      vertex 3.5 0 -1.5
    endloop
  endfacet
  facet normal 0 0 -1
    outer loop
      vertex 3.4643750465832643 -0.49810193395649827 -1.5
      vertex 3.4643750465832643 0.498101933956498 -1.5
      vertex 3.491082401135887 0.2496871411973132 -1.5
    endloop
  endfacet
  facet normal 0 0 -1
    outer loop
      vertex 3.4200140308990585 -0.7439785134354171 -1.5
      vertex 3.4200140308990585 0.7439785134354184 -1.5
      vertex 3.4643750465832643 0.498101933956498 -1.5
    endloop
  endfacet
  facet normal 0 0 -1
    outer loop
      vertex 3.3582254076507407 -0.9860639489450045 -1.5
      vertex 3.3582254076507407 0.9860639489450038 -1.5
      vertex 3.4200140308990585 0.7439785134354184 -1.5
    endloop
  endfacet
  facet normal 0 0 -1
    outer loop
      vertex 3.2793240374991663 -1.2231246285968433 -1.5
      vertex 3.279324037499166 1.223124628596844 -1.5
      vertex 3.3582254076507407 0.9860639489450038 -1.5
    endloop
  endfacet
  facet normal 0 0 -1
    outer loop
      vertex 3.0718764634853946 -1.6773714535201982 -1.5
      vertex 3.0718764634853946 1.677371453520199 -1.5
      vertex 3.1837119837408143 1.4539525455066025 -1.5
    endloop
  endfacet
  facet normal 0.9993628256569916 0.035692333838981266 0
    outer loop
      vertex 3.5 0 -1.5
      vertex 3.491082401135887 0.2496871411973132 -1.5
      vertex 3.5 0 1.5
    endloop
  endfacet
  facet normal 0.9942703017718972 0.10689512156511286 0
    outer loop
      vertex 3.491082401135887 0.2496871411973132 -1.5
      vertex 3.4643750465832643 0.498101933956498 -1.5
      vertex 3.491082401135887 0.2496871411973132 1.5
    endloop
  endfacet
  facet normal 0.9841112043361164 0.1775531962543015 0
    outer loop
      vertex 3.4643750465832643 0.498101933956498 -1.5
      vertex 3.4200140308990585 0.7439785134354184 -1.5
      vertex 3.4643750465832643 0.498101933956498 1.5
    endloop
  endfacet
  facet normal 0.9689373017815069 0.24730650055421696 0
    outer loop
      vertex 3.4200140308990585 0.7439785134354184 -1.5
      vertex 3.3582254076507407 0.9860639489450038 -1.5
      vertex 3.4200140308990585 0.7439785134354184 1.5
    endloop
  endfacet
  facet normal 0.860014240207701 0.5102700330608989 0
    outer loop
      vertex 3.0718764634853946 1.677371453520199 -1.5
      vertex 2.9443873649091343 1.8922428610945914 -1.5
      vertex 3.0718764634853946 1.677371453520199 1.5
    endloop
  endfacet
  facet normal 0.9238795325112872 0.3826834323650889 0
    outer loop
      vertex 3.279324037499166 1.223124628596844 -1.5
      vertex 3.1837119837408143 1.4539525455066025 -1.5
      vertex 3.279324037499166 1.223124628596844 1.5
    endloop
  endfacet
  facet normal 0.9488259168373196 0.3157995876150252 0
    outer loop
      vertex 3.279324037499166 1.223124628596844 -1.5
      vertex 3.3582254076507407 0.9860639489450038 1.5
      vertex 3.3582254076507407 0.9860639489450038 -1.5
    endloop
  endfacet
  facet normal 0.8942252698597111 0.44761721006271293 0
    outer loop
      vertex 3.1837119837408143 1.4539525455066025 -1.5
      vertex 3.0718764634853946 1.677371453520199 -1.5
      vertex 3.1837119837408143 1.4539525455066025 1.5
    endloop
  endfacet
  facet normal 0.6814179395938913 0.7318945221817252 0
    outer loop
      vertex 2.4748737341529163 2.4748737341529163 -1.5
      vertex 2.2920125688084974 2.6451235102399044 -1.5
      vertex 2.2920125688084974 2.6451235102399044 1.5
    endloop
  endfacet
  facet normal 0.7318945221817252 0.6814179395938913 0
    outer loop
      vertex 2.4748737341529163 2.4748737341529163 -1.5
      vertex 2.6451235102399044 2.2920125688084974 1.5
      vertex 2.6451235102399044 2.2920125688084974 -1.5
    endloop
  endfacet
  facet normal 0.5703226369349645 0.8214207751204912 0
    outer loop
      vertex 1.8922428610945914 2.9443873649091343 -1.5
      vertex 1.8922428610945914 2.9443873649091343 1.5
      vertex 2.097471832789714 2.8018943432352614 -1.5
    endloop
  endfacet
  facet normal 0.6274690073808514 0.7786415380497556 0
    outer loop
      vertex 2.097471832789714 2.8018943432352614 -1.5
      vertex 2.097471832789714 2.8018943432352614 1.5
      vertex 2.2920125688084974 2.6451235102399044 -1.5
    endloop
  endfacet
  facet normal 0.7786415380497556 0.6274690073808514 0
    outer loop
      vertex 2.8018943432352614 2.097471832789714 -1.5
      vertex 2.6451235102399044 2.2920125688084974 -1.5
      vertex 2.8018943432352614 2.097471832789714 1.5
    endloop
  endfacet
  facet normal 0.8214207751204912 0.5703226369349645 0
    outer loop
      vertex 2.8018943432352614 2.097471832789714 -1.5
      vertex 2.9443873649091343 1.8922428610945914 1.5
      vertex 2.9443873649091343 1.8922428610945914 -1.5
    endloop
  endfacet
  facet normal 0 0 1
    outer loop
      vertex 1.6773714535201987 3.0718764634853946 1.5
      vertex 1.708798026085534 0.9394196644983449 1.5
      vertex 1.81306414748209 0.717842877735122 1.5
    endloop
  endfacet
  facet normal 0 0 1
    outer loop
      vertex 1.6773714535201987 3.0718764634853946 1.5
      vertex 1.5775831390311474 1.1461812419703226 1.5
      vertex 1.708798026085534 0.9394196644983449 1.5
    endloop
  endfacet
  facet normal 0.035692333838981245 0.9993628256569916 0
    outer loop
      vertex 0.24968714119731333 3.491082401135887 -1.5
      vertex 0 3.5 1.5
      vertex 0.24968714119731333 3.491082401135887 1.5
    endloop
  endfacet
  facet normal 0.1068951215651128 0.9942703017718972 0
    outer loop
      vertex 0.49810193395649827 3.4643750465832643 -1.5
      vertex 0.24968714119731333 3.491082401135887 1.5
      vertex 0.49810193395649827 3.4643750465832643 1.5
    endloop
  endfacet
  facet normal 0.1775531962543021 0.9841112043361163 0
    outer loop
      vertex 0.7439785134354179 3.4200140308990585 -1.5
      vertex 0.49810193395649827 3.4643750465832643 1.5
      vertex 0.7439785134354179 3.4200140308990585 1.5
    endloop
  endfacet
  facet normal 0.24730650055421668 0.968937301781507 0
    outer loop
      vertex 0.9860639489450036 3.3582254076507407 -1.5
      vertex 0.7439785134354179 3.4200140308990585 1.5
      vertex 0.9860639489450036 3.3582254076507407 1.5
    endloop
  endfacet
  facet normal 0.31579958761502486 0.9488259168373196 0
    outer loop
      vertex 1.223124628596844 3.279324037499166 -1.5
      vertex 0.9860639489450036 3.3582254076507407 1.5
      vertex 1.223124628596844 3.279324037499166 1.5
    endloop
  endfacet
  facet normal 0.3826834323650889 0.9238795325112872 0
    outer loop
      vertex 1.4539525455066025 3.1837119837408143 -1.5
      vertex 1.223124628596844 3.279324037499166 1.5
      vertex 1.4539525455066025 3.1837119837408143 1.5
    endloop
  endfacet
  facet normal 0.44761721006271327 0.8942252698597108 0
    outer loop
      vertex 1.6773714535201987 3.0718764634853946 -1.5
      vertex 1.4539525455066025 3.1837119837408143 1.5
      vertex 1.6773714535201987 3.0718764634853946 1.5
    endloop
  endfacet
  facet normal 0 0 1
    outer loop
      vertex 0 3.5 1.5
      vertex -0.12244151308216089 1.9461521204351295 1.5
      vertex 0.12244151308216089 1.9461521204351295 1.5
    endloop
  endfacet
  facet normal 0 0 1
    outer loop
      vertex 0.24968714119731333 3.491082401135887 1.5
      vertex 0.12244151308216089 1.9461521204351295 1.5
      vertex 0.3653935634421629 1.915460138920943 1.5
    endloop
  endfacet
  facet normal 0 0 1
    outer loop
      vertex 0.49810193395649827 3.4643750465832643 1.5
      vertex 0.3653935634421629 1.915460138920943 1.5
      vertex 0.6025831390311475 1.8545602067755493 1.5
    endloop
  endfacet
  facet normal 0 0 1
    outer loop
      vertex 0.7439785134354179 3.4200140308990585 1.5
      vertex 0.6025831390311475 1.8545602067755493 1.5
      vertex 0.8302696185518917 1.7644127523087378 1.5
    endloop
  endfacet
  facet normal 0 0 1
    outer loop
      vertex 0 3.5 1.5
      vertex 0.12244151308216089 1.9461521204351295 1.5
      vertex 0.24968714119731333 3.491082401135887 1.5
    endloop
  endfacet
  facet normal 0 0 1
    outer loop
      vertex 0.24968714119731333 3.491082401135887 1.5
      vertex 0.3653935634421629 1.915460138920943 1.5
      vertex 0.49810193395649827 3.4643750465832643 1.5
    endloop
  endfacet
  facet normal 0 0 1
    outer loop
      vertex 0.49810193395649827 3.4643750465832643 1.5
      vertex 0.6025831390311475 1.8545602067755493 1.5
      vertex 0.7439785134354179 3.4200140308990585 1.5
    endloop
  endfacet
  facet normal 0 0 1
    outer loop
      vertex 0.7439785134354179 3.4200140308990585 1.5
      vertex 0.8302696185518917 1.7644127523087378 1.5
      vertex 0.9860639489450036 3.3582254076507407 1.5
    endloop
  endfacet
  facet normal 0 0 1
    outer loop
      vertex 0.9860639489450036 3.3582254076507407 1.5
      vertex 1.0448622502090434 1.6464394547289294 1.5
      vertex 1.242976780009945 1.5025008234127888 1.5
    endloop
  endfacet
  facet normal 0 0 1
    outer loop
      vertex 1.223124628596844 3.279324037499166 1.5
      vertex 1.242976780009945 1.5025008234127888 1.5
      vertex 1.4214888234717524 1.334866856560943 1.5
    endloop
  endfacet
  facet normal 0 0 1
    outer loop
      vertex 0.9860639489450036 3.3582254076507407 1.5
      vertex 0.8302696185518917 1.7644127523087378 1.5
      vertex 1.0448622502090434 1.6464394547289294 1.5
    endloop
  endfacet
  facet normal 0 0 1
    outer loop
      vertex 1.4539525455066025 3.1837119837408143 1.5
      vertex 1.4214888234717524 1.334866856560943 1.5
      vertex 1.5775831390311474 1.1461812419703226 1.5
    endloop
  endfacet
  facet normal 0 0 1
    outer loop
      vertex 1.223124628596844 3.279324037499166 1.5
      vertex 1.4214888234717524 1.334866856560943 1.5
      vertex 1.4539525455066025 3.1837119837408143 1.5
    endloop
  endfacet
  facet normal 0 0 1
    outer loop
      vertex 1.4539525455066025 3.1837119837408143 1.5
      vertex 1.5775831390311474 1.1461812419703226 1.5
      vertex 1.6773714535201987 3.0718764634853946 1.5
    endloop
  endfacet
  facet normal 0 0 1
    outer loop
      vertex 0.9860639489450036 3.3582254076507407 1.5
      vertex 1.242976780009945 1.5025008234127888 1.5
      vertex 1.223124628596844 3.279324037499166 1.5
    endloop
  endfacet
  facet normal 0.9993628256569916 0.035692333838981266 0
    outer loop
      vertex 3.491082401135887 0.2496871411973132 -1.5
      vertex 3.491082401135887 0.2496871411973132 1.5
      vertex 3.5 0 1.5
    endloop
  endfacet
  facet normal 0.9942703017718972 0.10689512156511286 0
    outer loop
      vertex 3.4643750465832643 0.498101933956498 -1.5
      vertex 3.4643750465832643 0.498101933956498 1.5
      vertex 3.491082401135887 0.2496871411973132 1.5
    endloop
  endfacet
  facet normal 0.9841112043361164 0.1775531962543015 0
    outer loop
      vertex 3.4200140308990585 0.7439785134354184 -1.5
      vertex 3.4200140308990585 0.7439785134354184 1.5
      vertex 3.4643750465832643 0.498101933956498 1.5
    endloop
  endfacet
  facet normal 0.9689373017815069 0.24730650055421696 0
    outer loop
      vertex 3.3582254076507407 0.9860639489450038 -1.5
      vertex 3.3582254076507407 0.9860639489450038 1.5
      vertex 3.4200140308990585 0.7439785134354184 1.5
    endloop
  endfacet
  facet normal 0.9488259168373196 0.3157995876150252 0
    outer loop
      vertex 3.279324037499166 1.223124628596844 -1.5
      vertex 3.279324037499166 1.223124628596844 1.5
      vertex 3.3582254076507407 0.9860639489450038 1.5
    endloop
  endfacet
  facet normal 0.9238795325112872 0.3826834323650889 0
    outer loop
      vertex 3.1837119837408143 1.4539525455066025 -1.5
      vertex 3.1837119837408143 1.4539525455066025 1.5
      vertex 3.279324037499166 1.223124628596844 1.5
    endloop
  endfacet
  facet normal 0.8942252698597111 0.44761721006271293 0
    outer loop
      vertex 3.0718764634853946 1.677371453520199 -1.5
      vertex 3.0718764634853946 1.677371453520199 1.5
      vertex 3.1837119837408143 1.4539525455066025 1.5
    endloop
  endfacet
  facet normal 0 0 1
    outer loop
      vertex 2.097471832789714 -2.8018943432352614 1.5
      vertex 1.8922428610945914 2.9443873649091343 1.5
      vertex 1.95 0 1.5
    endloop
  endfacet
  facet normal 0 0 1
    outer loop
      vertex 2.6451235102399027 -2.292012568808499 1.5
      vertex 2.6451235102399044 2.2920125688084974 1.5
      vertex 2.4748737341529163 2.4748737341529163 1.5
    endloop
  endfacet
  facet normal 0 0 1
    outer loop
      vertex 1.8922428610945914 2.9443873649091343 1.5
      vertex 1.9346236675632318 0.2443998054503933 1.5
      vertex 1.95 0 1.5
    endloop
  endfacet
  facet normal 0 0 1
    outer loop
      vertex 1.8922428610945914 2.9443873649091343 1.5
      vertex 1.8887371642008306 0.48494527997146686 1.5
      vertex 1.9346236675632318 0.2443998054503933 1.5
    endloop
  endfacet
  facet normal 0 0 1
    outer loop
      vertex 2.097471832789714 -2.8018943432352614 1.5
      vertex 2.097471832789714 2.8018943432352614 1.5
      vertex 1.8922428610945914 2.9443873649091343 1.5
    endloop
  endfacet
  facet normal 0 0 1
    outer loop
      vertex 1.8922428610945914 2.9443873649091343 1.5
      vertex 1.81306414748209 0.717842877735122 1.5
      vertex 1.8887371642008306 0.48494527997146686 1.5
    endloop
  endfacet
  facet normal 0 0 1
    outer loop
      vertex 2.292012568808499 -2.6451235102399027 1.5
      vertex 2.2920125688084974 2.6451235102399044 1.5
      vertex 2.097471832789714 2.8018943432352614 1.5
    endloop
  endfacet
  facet normal 0 0 1
    outer loop
      vertex 2.4748737341529163 -2.4748737341529163 1.5
      vertex 2.4748737341529163 2.4748737341529163 1.5
      vertex 2.2920125688084974 2.6451235102399044 1.5
    endloop
  endfacet
  facet normal 0 0 1
    outer loop
      vertex 2.8018943432352614 -2.097471832789714 1.5
      vertex 2.8018943432352614 2.097471832789714 1.5
      vertex 2.6451235102399044 2.2920125688084974 1.5
    endloop
  endfacet
  facet normal 0 0 1
    outer loop
      vertex 3.0718764634853946 -1.6773714535201982 1.5
      vertex 3.0718764634853946 1.677371453520199 1.5
      vertex 2.9443873649091343 1.8922428610945914 1.5
    endloop
  endfacet
  facet normal 0 0 1
    outer loop
      vertex 2.9443873649091334 -1.8922428610945925 1.5
      vertex 2.9443873649091343 1.8922428610945914 1.5
      vertex 2.8018943432352614 2.097471832789714 1.5
    endloop
  endfacet
  facet normal 0 0 1
    outer loop
      vertex 3.4910824011358876 -0.24968714119731164 1.5
      vertex 3.5 0 1.5
      vertex 3.491082401135887 0.2496871411973132 1.5
    endloop
  endfacet
  facet normal 0 0 1
    outer loop
      vertex 3.4910824011358876 -0.24968714119731164 1.5
      vertex 3.491082401135887 0.2496871411973132 1.5
      vertex 3.4643750465832643 0.498101933956498 1.5
    endloop
  endfacet
  facet normal 0 0 1
    outer loop
      vertex 3.3582254076507407 -0.9860639489450045 1.5
      vertex 3.3582254076507407 0.9860639489450038 1.5
      vertex 3.279324037499166 1.223124628596844 1.5
    endloop
  endfacet
  facet normal 0 0 1
    outer loop
      vertex 3.4643750465832643 -0.49810193395649827 1.5
      vertex 3.4643750465832643 0.498101933956498 1.5
      vertex 3.4200140308990585 0.7439785134354184 1.5
    endloop
  endfacet
  facet normal 0 0 1
    outer loop
      vertex 3.4200140308990585 -0.7439785134354171 1.5
      vertex 3.4200140308990585 0.7439785134354184 1.5
      vertex 3.3582254076507407 0.9860639489450038 1.5
    endloop
  endfacet
  facet normal 0 0 1
    outer loop
      vertex 3.183711983740814 -1.4539525455066034 1.5
      vertex 3.1837119837408143 1.4539525455066025 1.5
      vertex 3.0718764634853946 1.677371453520199 1.5
    endloop
  endfacet
  facet normal 0 0 1
    outer loop
      vertex 3.2793240374991663 -1.2231246285968433 1.5
      vertex 3.279324037499166 1.223124628596844 1.5
      vertex 3.1837119837408143 1.4539525455066025 1.5
    endloop
  endfacet
  facet normal 0.6814179395938913 0.7318945221817252 0
    outer loop
      vertex 2.4748737341529163 2.4748737341529163 -1.5
      vertex 2.2920125688084974 2.6451235102399044 1.5
      vertex 2.4748737341529163 2.4748737341529163 1.5
    endloop
  endfacet
  facet normal 0.7318945221817252 0.6814179395938913 0
    outer loop
      vertex 2.4748737341529163 2.4748737341529163 -1.5
      vertex 2.4748737341529163 2.4748737341529163 1.5
      vertex 2.6451235102399044 2.2920125688084974 1.5
    endloop
  endfacet
  facet normal 0.5102700330608985 0.8600142402077012 0
    outer loop
      vertex 1.8922428610945914 2.9443873649091343 -1.5
      vertex 1.6773714535201987 3.0718764634853946 1.5
      vertex 1.8922428610945914 2.9443873649091343 1.5
    endloop
  endfacet
  facet normal 0.5703226369349645 0.8214207751204912 0
    outer loop
      vertex 2.097471832789714 2.8018943432352614 -1.5
      vertex 1.8922428610945914 2.9443873649091343 1.5
      vertex 2.097471832789714 2.8018943432352614 1.5
    endloop
  endfacet
  facet normal 0.6274690073808514 0.7786415380497556 0
    outer loop
      vertex 2.2920125688084974 2.6451235102399044 -1.5
      vertex 2.097471832789714 2.8018943432352614 1.5
      vertex 2.2920125688084974 2.6451235102399044 1.5
    endloop
  endfacet
  facet normal 0.860014240207701 0.5102700330608989 0
    outer loop
      vertex 2.9443873649091343 1.8922428610945914 -1.5
      vertex 2.9443873649091343 1.8922428610945914 1.5
      vertex 3.0718764634853946 1.677371453520199 1.5
    endloop
  endfacet
  facet normal 0.8214207751204912 0.5703226369349645 0
    outer loop
      vertex 2.8018943432352614 2.097471832789714 -1.5
      vertex 2.8018943432352614 2.097471832789714 1.5
      vertex 2.9443873649091343 1.8922428610945914 1.5
    endloop
  endfacet
  facet normal 0.7786415380497556 0.6274690073808514 0
    outer loop
      vertex 2.6451235102399044 2.2920125688084974 -1.5
      vertex 2.6451235102399044 2.2920125688084974 1.5
      vertex 2.8018943432352614 2.097471832789714 1.5
    endloop
  endfacet
  facet normal 0 0 1
    outer loop
      vertex 1.6773714535201987 3.0718764634853946 1.5
      vertex 1.81306414748209 0.717842877735122 1.5
      vertex 1.8922428610945914 2.9443873649091343 1.5
    endloop
  endfacet
  facet normal 0.8005412409243605 0.5992776665113465 0
    outer loop
      vertex -1.4721936824545672 -0.9461214305472956 0.5999999999999996
      vertex -1.3225617551199522 -1.1460062844042487 -1.5
      vertex -1.4721936824545672 -0.9461214305472956 -1.5
    endloop
  endfacet
  facet normal 0.5992776665113465 0.8005412409243605 0
    outer loop
      vertex -1.1460062844042487 -1.3225617551199522 0.5999999999999996
      vertex -0.9461214305472956 -1.4721936824545672 -1.5
      vertex -1.1460062844042487 -1.3225617551199522 -1.5
    endloop
  endfacet
  facet normal 0.7071067811865476 0.7071067811865476 0
    outer loop
      vertex -1.3225617551199522 -1.1460062844042487 0.5999999999999996
      vertex -1.1460062844042487 -1.3225617551199522 -1.5
      vertex -1.3225617551199522 -1.1460062844042487 -1.5
    endloop
  endfacet
  facet normal 0.8776789895672557 0.47924898672005695 0
    outer loop
      vertex -1.5918559918704074 -0.7269762727533009 0.5999999999999996
      vertex -1.4721936824545672 -0.9461214305472956 -1.5
      vertex -1.5918559918704074 -0.7269762727533009 -1.5
    endloop
  endfacet
  facet normal 0.9369497249997619 0.34946417959909815 0
    outer loop
      vertex -1.6791127038253704 -0.49303197447250224 0.5999999999999996
      vertex -1.5918559918704074 -0.7269762727533009 -1.5
      vertex -1.6791127038253704 -0.49303197447250224 -1.5
    endloop
  endfacet
  facet normal 0.9771468659711596 0.21256528955297635 0
    outer loop
      vertex -1.7321875232916322 -0.24905096697824913 0.5999999999999996
      vertex -1.6791127038253704 -0.49303197447250224 -1.5
      vertex -1.7321875232916322 -0.24905096697824913 -1.5
    endloop
  endfacet
  facet normal 0.9974521146102535 0.07133918319923274 0
    outer loop
      vertex -1.75 0 0.5999999999999996
      vertex -1.7321875232916322 -0.24905096697824913 -1.5
      vertex -1.75 0 -1.5
    endloop
  endfacet
  facet normal 0.47924898672005695 0.8776789895672557 0
    outer loop
      vertex -0.9461214305472956 -1.4721936824545672 0.5999999999999996
      vertex -0.7269762727533009 -1.5918559918704074 -1.5
      vertex -0.9461214305472956 -1.4721936824545672 -1.5
    endloop
  endfacet
  facet normal 0.34946417959909815 0.9369497249997619 0
    outer loop
      vertex -0.7269762727533009 -1.5918559918704074 0.5999999999999996
      vertex -0.49303197447250224 -1.6791127038253704 -1.5
      vertex -0.7269762727533009 -1.5918559918704074 -1.5
    endloop
  endfacet
  facet normal 0.21256528955297635 0.9771468659711596 0
    outer loop
      vertex -0.49303197447250224 -1.6791127038253704 0.5999999999999996
      vertex -0.24905096697824913 -1.7321875232916322 -1.5
      vertex -0.49303197447250224 -1.6791127038253704 -1.5
    endloop
  endfacet
  facet normal 0.07133918319923274 0.9974521146102535 0
    outer loop
      vertex -0.24905096697824913 -1.7321875232916322 0.5999999999999996
      vertex 0 -1.75 -1.5
      vertex -0.24905096697824913 -1.7321875232916322 -1.5
    endloop
  endfacet
  facet normal 0.8005412409243605 0.5992776665113465 0
    outer loop
      vertex -1.3225617551199522 -1.1460062844042487 0.5999999999999996
      vertex -1.3225617551199522 -1.1460062844042487 -1.5
      vertex -1.4721936824545672 -0.9461214305472956 0.5999999999999996
    endloop
  endfacet
  facet normal 0.5992776665113465 0.8005412409243605 0
    outer loop
      vertex -1.1460062844042487 -1.3225617551199522 0.5999999999999996
      vertex -0.9461214305472956 -1.4721936824545672 0.5999999999999996
      vertex -0.9461214305472956 -1.4721936824545672 -1.5
    endloop
  endfacet
  facet normal 0.7071067811865476 0.7071067811865476 0
    outer loop
      vertex -1.3225617551199522 -1.1460062844042487 0.5999999999999996
      vertex -1.1460062844042487 -1.3225617551199522 0.5999999999999996
      vertex -1.1460062844042487 -1.3225617551199522 -1.5
    endloop
  endfacet
  facet normal 0.9369497249997619 0.34946417959909815 0
    outer loop
      vertex -1.5918559918704074 -0.7269762727533009 0.5999999999999996
      vertex -1.5918559918704074 -0.7269762727533009 -1.5
      vertex -1.6791127038253704 -0.49303197447250224 0.5999999999999996
    endloop
  endfacet
  facet normal 0.8776789895672557 0.47924898672005695 0
    outer loop
      vertex -1.4721936824545672 -0.9461214305472956 0.5999999999999996
      vertex -1.4721936824545672 -0.9461214305472956 -1.5
      vertex -1.5918559918704074 -0.7269762727533009 0.5999999999999996
    endloop
  endfacet
  facet normal 0.9771468659711596 0.21256528955297635 0
    outer loop
      vertex -1.6791127038253704 -0.49303197447250224 0.5999999999999996
      vertex -1.6791127038253704 -0.49303197447250224 -1.5
      vertex -1.7321875232916322 -0.24905096697824913 0.5999999999999996
    endloop
  endfacet
  facet normal 0.9974521146102535 0.07133918319923274 0
    outer loop
      vertex -1.7321875232916322 -0.24905096697824913 0.5999999999999996
      vertex -1.7321875232916322 -0.24905096697824913 -1.5
      vertex -1.75 0 0.5999999999999996
    endloop
  endfacet
  facet normal 0.47924898672005695 0.8776789895672557 0
    outer loop
      vertex -0.9461214305472956 -1.4721936824545672 0.5999999999999996
      vertex -0.7269762727533009 -1.5918559918704074 0.5999999999999996
      vertex -0.7269762727533009 -1.5918559918704074 -1.5
    endloop
  endfacet
  facet normal 0.34946417959909815 0.9369497249997619 0
    outer loop
      vertex -0.7269762727533009 -1.5918559918704074 0.5999999999999996
      vertex -0.49303197447250224 -1.6791127038253704 0.5999999999999996
      vertex -0.49303197447250224 -1.6791127038253704 -1.5
    endloop
  endfacet
  facet normal 0.21256528955297635 0.9771468659711596 0
    outer loop
      vertex -0.49303197447250224 -1.6791127038253704 0.5999999999999996
      vertex -0.24905096697824913 -1.7321875232916322 0.5999999999999996
      vertex -0.24905096697824913 -1.7321875232916322 -1.5
    endloop
  endfacet
  facet normal 0.07133918319923274 0.9974521146102535 0
    outer loop
      vertex -0.24905096697824913 -1.7321875232916322 0.5999999999999996
      vertex 0 -1.75 0.5999999999999996
      vertex 0 -1.75 -1.5
    endloop
  endfacet
  facet normal 0.9974521146102535 -0.07133918319923274 0
    outer loop
      vertex -1.7321875232916322 0.24905096697824913 0.5999999999999996
      vertex -1.75 0 -1.5
      vertex -1.7321875232916322 0.24905096697824913 -1.5
    endloop
  endfacet
  facet normal 0.9771468659711596 -0.21256528955297635 0
    outer loop
      vertex -1.6791127038253704 0.49303197447250224 0.5999999999999996
      vertex -1.7321875232916322 0.24905096697824913 -1.5
      vertex -1.6791127038253704 0.49303197447250224 -1.5
    endloop
  endfacet
  facet normal 0.9369497249997619 -0.34946417959909815 0
    outer loop
      vertex -1.5918559918704074 0.7269762727533009 0.5999999999999996
      vertex -1.6791127038253704 0.49303197447250224 -1.5
      vertex -1.5918559918704074 0.7269762727533009 -1.5
    endloop
  endfacet
  facet normal 0.8776789895672557 -0.47924898672005695 0
    outer loop
      vertex -1.4721936824545672 0.9461214305472956 0.5999999999999996
      vertex -1.5918559918704074 0.7269762727533009 -1.5
      vertex -1.4721936824545672 0.9461214305472956 -1.5
    endloop
  endfacet
  facet normal 0.8005412409243605 -0.5992776665113465 0
    outer loop
      vertex -1.3225617551199522 1.1460062844042487 0.5999999999999996
      vertex -1.4721936824545672 0.9461214305472956 -1.5
      vertex -1.3225617551199522 1.1460062844042487 -1.5
    endloop
  endfacet
  facet normal 0.7071067811865476 -0.7071067811865476 0
    outer loop
      vertex -1.1460062844042487 1.3225617551199522 0.5999999999999996
      vertex -1.3225617551199522 1.1460062844042487 -1.5
      vertex -1.1460062844042487 1.3225617551199522 -1.5
    endloop
  endfacet
  facet normal 0.5992776665113467 -0.8005412409243605 0
    outer loop
      vertex -0.9461214305472959 1.472193682454567 0.5999999999999996
      vertex -1.1460062844042487 1.3225617551199522 -1.5
      vertex -0.9461214305472959 1.472193682454567 -1.5
    endloop
  endfacet
  facet normal 0.47924898672005695 -0.8776789895672557 0
    outer loop
      vertex -0.7269762727533012 1.5918559918704072 0.5999999999999996
      vertex -0.9461214305472959 1.472193682454567 -1.5
      vertex -0.7269762727533012 1.5918559918704072 -1.5
    endloop
  endfacet
  facet normal 0.3494641795990978 -0.9369497249997619 0
    outer loop
      vertex -0.4930319744725018 1.6791127038253704 0.5999999999999996
      vertex -0.7269762727533012 1.5918559918704072 -1.5
      vertex -0.4930319744725018 1.6791127038253704 -1.5
    endloop
  endfacet
  facet normal 0.2125652895529767 -0.9771468659711594 0
    outer loop
      vertex -0.24905096697824913 1.7321875232916322 0.5999999999999996
      vertex -0.4930319744725018 1.6791127038253704 -1.5
      vertex -0.24905096697824913 1.7321875232916322 -1.5
    endloop
  endfacet
  facet normal 0.07133918319923274 -0.9974521146102535 0
    outer loop
      vertex 0 1.75 0.5999999999999996
      vertex -0.24905096697824913 1.7321875232916322 -1.5
      vertex 0 1.75 -1.5
    endloop
  endfacet
  facet normal 0.9974521146102535 -0.07133918319923274 0
    outer loop
      vertex -1.75 0 0.5999999999999996
      vertex -1.75 0 -1.5
      vertex -1.7321875232916322 0.24905096697824913 0.5999999999999996
    endloop
  endfacet
  facet normal 0.9771468659711596 -0.21256528955297635 0
    outer loop
      vertex -1.7321875232916322 0.24905096697824913 0.5999999999999996
      vertex -1.7321875232916322 0.24905096697824913 -1.5
      vertex -1.6791127038253704 0.49303197447250224 0.5999999999999996
    endloop
  endfacet
  facet normal 0.9369497249997619 -0.34946417959909815 0
    outer loop
      vertex -1.6791127038253704 0.49303197447250224 0.5999999999999996
      vertex -1.6791127038253704 0.49303197447250224 -1.5
      vertex -1.5918559918704074 0.7269762727533009 0.5999999999999996
    endloop
  endfacet
  facet normal 0.8776789895672557 -0.47924898672005695 0
    outer loop
      vertex -1.5918559918704074 0.7269762727533009 0.5999999999999996
      vertex -1.5918559918704074 0.7269762727533009 -1.5
      vertex -1.4721936824545672 0.9461214305472956 0.5999999999999996
    endloop
  endfacet
  facet normal 0.8005412409243605 -0.5992776665113465 0
    outer loop
      vertex -1.4721936824545672 0.9461214305472956 0.5999999999999996
      vertex -1.4721936824545672 0.9461214305472956 -1.5
      vertex -1.3225617551199522 1.1460062844042487 0.5999999999999996
    endloop
  endfacet
  facet normal 0.7071067811865476 -0.7071067811865476 0
    outer loop
      vertex -1.3225617551199522 1.1460062844042487 0.5999999999999996
      vertex -1.3225617551199522 1.1460062844042487 -1.5
      vertex -1.1460062844042487 1.3225617551199522 0.5999999999999996
    endloop
  endfacet
  facet normal 0.5992776665113467 -0.8005412409243605 0
    outer loop
      vertex -1.1460062844042487 1.3225617551199522 0.5999999999999996
      vertex -1.1460062844042487 1.3225617551199522 -1.5
      vertex -0.9461214305472959 1.472193682454567 0.5999999999999996
    endloop
  endfacet
  facet normal 0.47924898672005695 -0.8776789895672557 0
    outer loop
      vertex -0.9461214305472959 1.472193682454567 0.5999999999999996
      vertex -0.9461214305472959 1.472193682454567 -1.5
      vertex -0.7269762727533012 1.5918559918704072 0.5999999999999996
    endloop
  endfacet
  facet normal 0.3494641795990978 -0.9369497249997619 0
    outer loop
      vertex -0.7269762727533012 1.5918559918704072 0.5999999999999996
      vertex -0.7269762727533012 1.5918559918704072 -1.5
      vertex -0.4930319744725018 1.6791127038253704 0.5999999999999996
    endloop
  endfacet
  facet normal 0.2125652895529767 -0.9771468659711594 0
    outer loop
      vertex -0.4930319744725018 1.6791127038253704 0.5999999999999996
      vertex -0.4930319744725018 1.6791127038253704 -1.5
      vertex -0.24905096697824913 1.7321875232916322 0.5999999999999996
    endloop
  endfacet
  facet normal 0.07133918319923274 -0.9974521146102535 0
    outer loop
      vertex -0.24905096697824913 1.7321875232916322 0.5999999999999996
      vertex -0.24905096697824913 1.7321875232916322 -1.5
      vertex 0 1.75 0.5999999999999996
    endloop
  endfacet
  facet normal -0.07133918319923274 0.9974521146102535 0
    outer loop
      vertex 0 -1.75 0.5999999999999996
      vertex 0.24905096697824913 -1.7321875232916322 -1.5
      vertex 0 -1.75 -1.5
    endloop
  endfacet
  facet normal -0.21256528955297635 0.9771468659711596 0
    outer loop
      vertex 0.24905096697824913 -1.7321875232916322 0.5999999999999996
      vertex 0.49303197447250224 -1.6791127038253704 -1.5
      vertex 0.24905096697824913 -1.7321875232916322 -1.5
    endloop
  endfacet
  facet normal -0.34946417959909865 0.9369497249997617 0
    outer loop
      vertex 0.49303197447250224 -1.6791127038253704 0.5999999999999996
      vertex 0.7269762727533017 -1.591855991870407 -1.5
      vertex 0.49303197447250224 -1.6791127038253704 -1.5
    endloop
  endfacet
  facet normal -0.47924898672005717 0.8776789895672555 0
    outer loop
      vertex 0.7269762727533017 -1.591855991870407 0.5999999999999996
      vertex 0.9461214305472962 -1.4721936824545667 -1.5
      vertex 0.7269762727533017 -1.591855991870407 -1.5
    endloop
  endfacet
  facet normal -0.5992776665113473 0.80054124092436 0
    outer loop
      vertex 0.9461214305472962 -1.4721936824545667 0.5999999999999996
      vertex 1.1460062844042496 -1.3225617551199513 -1.5
      vertex 0.9461214305472962 -1.4721936824545667 -1.5
    endloop
  endfacet
  facet normal -0.7071067811865476 0.7071067811865476 0
    outer loop
      vertex 1.1460062844042496 -1.3225617551199513 0.5999999999999996
      vertex 1.3225617551199513 -1.1460062844042496 -1.5
      vertex 1.1460062844042496 -1.3225617551199513 -1.5
    endloop
  endfacet
  facet normal -0.80054124092436 0.5992776665113473 0
    outer loop
      vertex 1.3225617551199513 -1.1460062844042496 0.5999999999999996
      vertex 1.4721936824545667 -0.9461214305472962 -1.5
      vertex 1.3225617551199513 -1.1460062844042496 -1.5
    endloop
  endfacet
  facet normal -0.8776789895672555 0.47924898672005717 0
    outer loop
      vertex 1.4721936824545667 -0.9461214305472962 0.5999999999999996
      vertex 1.591855991870407 -0.7269762727533017 -1.5
      vertex 1.4721936824545667 -0.9461214305472962 -1.5
    endloop
  endfacet
  facet normal -0.9369497249997617 0.34946417959909865 0
    outer loop
      vertex 1.591855991870407 -0.7269762727533017 0.5999999999999996
      vertex 1.6791127038253704 -0.49303197447250224 -1.5
      vertex 1.591855991870407 -0.7269762727533017 -1.5
    endloop
  endfacet
  facet normal -0.9771468659711596 0.21256528955297635 0
    outer loop
      vertex 1.6791127038253704 -0.49303197447250224 0.5999999999999996
      vertex 1.7321875232916322 -0.24905096697824913 -1.5
      vertex 1.6791127038253704 -0.49303197447250224 -1.5
    endloop
  endfacet
  facet normal -0.9974521146102535 0.07133918319923274 0
    outer loop
      vertex 1.7321875232916322 -0.24905096697824913 0.5999999999999996
      vertex 1.75 0 -1.5
      vertex 1.7321875232916322 -0.24905096697824913 -1.5
    endloop
  endfacet
  facet normal -0.07133918319923274 0.9974521146102535 0
    outer loop
      vertex 0 -1.75 0.5999999999999996
      vertex 0.24905096697824913 -1.7321875232916322 0.5999999999999996
      vertex 0.24905096697824913 -1.7321875232916322 -1.5
    endloop
  endfacet
  facet normal -0.21256528955297635 0.9771468659711596 0
    outer loop
      vertex 0.24905096697824913 -1.7321875232916322 0.5999999999999996
      vertex 0.49303197447250224 -1.6791127038253704 0.5999999999999996
      vertex 0.49303197447250224 -1.6791127038253704 -1.5
    endloop
  endfacet
  facet normal -0.34946417959909865 0.9369497249997617 0
    outer loop
      vertex 0.49303197447250224 -1.6791127038253704 0.5999999999999996
      vertex 0.7269762727533017 -1.591855991870407 0.5999999999999996
      vertex 0.7269762727533017 -1.591855991870407 -1.5
    endloop
  endfacet
  facet normal -0.47924898672005717 0.8776789895672555 0
    outer loop
      vertex 0.7269762727533017 -1.591855991870407 0.5999999999999996
      vertex 0.9461214305472962 -1.4721936824545667 0.5999999999999996
      vertex 0.9461214305472962 -1.4721936824545667 -1.5
    endloop
  endfacet
  facet normal -0.5992776665113473 0.80054124092436 0
    outer loop
      vertex 0.9461214305472962 -1.4721936824545667 0.5999999999999996
      vertex 1.1460062844042496 -1.3225617551199513 0.5999999999999996
      vertex 1.1460062844042496 -1.3225617551199513 -1.5
    endloop
  endfacet
  facet normal -0.7071067811865476 0.7071067811865476 0
    outer loop
      vertex 1.1460062844042496 -1.3225617551199513 0.5999999999999996
      vertex 1.3225617551199513 -1.1460062844042496 0.5999999999999996
      vertex 1.3225617551199513 -1.1460062844042496 -1.5
    endloop
  endfacet
  facet normal -0.80054124092436 0.5992776665113473 0
    outer loop
      vertex 1.3225617551199513 -1.1460062844042496 0.5999999999999996
      vertex 1.4721936824545667 -0.9461214305472962 0.5999999999999996
      vertex 1.4721936824545667 -0.9461214305472962 -1.5
    endloop
  endfacet
  facet normal -0.8776789895672555 0.47924898672005717 0
    outer loop
      vertex 1.4721936824545667 -0.9461214305472962 0.5999999999999996
      vertex 1.591855991870407 -0.7269762727533017 0.5999999999999996
      vertex 1.591855991870407 -0.7269762727533017 -1.5
    endloop
  endfacet
  facet normal -0.9369497249997617 0.34946417959909865 0
    outer loop
      vertex 1.591855991870407 -0.7269762727533017 0.5999999999999996
      vertex 1.6791127038253704 -0.49303197447250224 0.5999999999999996
      vertex 1.6791127038253704 -0.49303197447250224 -1.5
    endloop
  endfacet
  facet normal -0.9771468659711596 0.21256528955297635 0
    outer loop
      vertex 1.6791127038253704 -0.49303197447250224 0.5999999999999996
      vertex 1.7321875232916322 -0.24905096697824913 0.5999999999999996
      vertex 1.7321875232916322 -0.24905096697824913 -1.5
    endloop
  endfacet
  facet normal -0.9974521146102535 0.07133918319923274 0
    outer loop
      vertex 1.7321875232916322 -0.24905096697824913 0.5999999999999996
      vertex 1.75 0 0.5999999999999996
      vertex 1.75 0 -1.5
    endloop
  endfacet
  facet normal -0.07133918319923274 -0.9974521146102535 0
    outer loop
      vertex 0.24905096697824913 1.7321875232916322 0.5999999999999996
      vertex 0 1.75 -1.5
      vertex 0.24905096697824913 1.7321875232916322 -1.5
    endloop
  endfacet
  facet normal -0.2125652895529767 -0.9771468659711594 0
    outer loop
      vertex 0.4930319744725018 1.6791127038253704 0.5999999999999996
      vertex 0.24905096697824913 1.7321875232916322 -1.5
      vertex 0.4930319744725018 1.6791127038253704 -1.5
    endloop
  endfacet
  facet normal -0.3494641795990978 -0.9369497249997619 0
    outer loop
      vertex 0.7269762727533012 1.5918559918704072 0.5999999999999996
      vertex 0.4930319744725018 1.6791127038253704 -1.5
      vertex 0.7269762727533012 1.5918559918704072 -1.5
    endloop
  endfacet
  facet normal -0.4792489867200566 -0.8776789895672558 0
    outer loop
      vertex 0.9461214305472957 1.4721936824545672 0.5999999999999996
      vertex 0.7269762727533012 1.5918559918704072 -1.5
      vertex 0.9461214305472957 1.4721936824545672 -1.5
    endloop
  endfacet
  facet normal -0.9974521146102535 -0.0713391831992328 0
    outer loop
      vertex 1.75 0 0.5999999999999996
      vertex 1.7321875232916322 0.249050966978249 -1.5
      vertex 1.75 0 -1.5
    endloop
  endfacet
  facet normal -0.9771468659711594 -0.2125652895529765 0
    outer loop
      vertex 1.7321875232916322 0.249050966978249 0.5999999999999996
      vertex 1.6791127038253704 0.4930319744725019 -1.5
      vertex 1.7321875232916322 0.249050966978249 -1.5
    endloop
  endfacet
  facet normal -0.9369497249997619 -0.349464179599098 0
    outer loop
      vertex 1.6791127038253704 0.4930319744725019 0.5999999999999996
      vertex 1.5918559918704072 0.7269762727533012 -1.5
      vertex 1.6791127038253704 0.4930319744725019 -1.5
    endloop
  endfacet
  facet normal -0.8776789895672558 -0.4792489867200566 0
    outer loop
      vertex 1.5918559918704072 0.7269762727533012 0.5999999999999996
      vertex 1.4721936824545672 0.9461214305472957 -1.5
      vertex 1.5918559918704072 0.7269762727533012 -1.5
    endloop
  endfacet
  facet normal -0.7071067811865476 -0.7071067811865476 0
    outer loop
      vertex 1.3225617551199522 1.1460062844042487 0.5999999999999996
      vertex 1.1460062844042487 1.3225617551199522 -1.5
      vertex 1.3225617551199522 1.1460062844042487 -1.5
    endloop
  endfacet
  facet normal -0.5992776665113467 -0.8005412409243604 0
    outer loop
      vertex 1.1460062844042487 1.3225617551199522 0.5999999999999996
      vertex 0.9461214305472957 1.4721936824545672 -1.5
      vertex 1.1460062844042487 1.3225617551199522 -1.5
    endloop
  endfacet
  facet normal -0.8005412409243604 -0.5992776665113467 0
    outer loop
      vertex 1.4721936824545672 0.9461214305472957 0.5999999999999996
      vertex 1.3225617551199522 1.1460062844042487 -1.5
      vertex 1.4721936824545672 0.9461214305472957 -1.5
    endloop
  endfacet
  facet normal -0.07133918319923274 -0.9974521146102535 0
    outer loop
      vertex 0 1.75 0.5999999999999996
      vertex 0 1.75 -1.5
      vertex 0.24905096697824913 1.7321875232916322 0.5999999999999996
    endloop
  endfacet
  facet normal -0.2125652895529767 -0.9771468659711594 0
    outer loop
      vertex 0.24905096697824913 1.7321875232916322 0.5999999999999996
      vertex 0.24905096697824913 1.7321875232916322 -1.5
      vertex 0.4930319744725018 1.6791127038253704 0.5999999999999996
    endloop
  endfacet
  facet normal -0.3494641795990978 -0.9369497249997619 0
    outer loop
      vertex 0.4930319744725018 1.6791127038253704 0.5999999999999996
      vertex 0.4930319744725018 1.6791127038253704 -1.5
      vertex 0.7269762727533012 1.5918559918704072 0.5999999999999996
    endloop
  endfacet
  facet normal -0.4792489867200566 -0.8776789895672558 0
    outer loop
      vertex 0.7269762727533012 1.5918559918704072 0.5999999999999996
      vertex 0.7269762727533012 1.5918559918704072 -1.5
      vertex 0.9461214305472957 1.4721936824545672 0.5999999999999996
    endloop
  endfacet
  facet normal -0.9974521146102535 -0.0713391831992328 0
    outer loop
      vertex 1.75 0 0.5999999999999996
      vertex 1.7321875232916322 0.249050966978249 0.5999999999999996
      vertex 1.7321875232916322 0.249050966978249 -1.5
    endloop
  endfacet
  facet normal -0.9771468659711594 -0.2125652895529765 0
    outer loop
      vertex 1.7321875232916322 0.249050966978249 0.5999999999999996
      vertex 1.6791127038253704 0.4930319744725019 0.5999999999999996
      vertex 1.6791127038253704 0.4930319744725019 -1.5
    endloop
  endfacet
  facet normal -0.8776789895672558 -0.4792489867200566 0
    outer loop
      vertex 1.5918559918704072 0.7269762727533012 0.5999999999999996
      vertex 1.4721936824545672 0.9461214305472957 0.5999999999999996
      vertex 1.4721936824545672 0.9461214305472957 -1.5
    endloop
  endfacet
  facet normal -0.9369497249997619 -0.349464179599098 0
    outer loop
      vertex 1.6791127038253704 0.4930319744725019 0.5999999999999996
      vertex 1.5918559918704072 0.7269762727533012 0.5999999999999996
      vertex 1.5918559918704072 0.7269762727533012 -1.5
    endloop
  endfacet
  facet normal -0.7071067811865476 -0.7071067811865476 0
    outer loop
      vertex 1.1460062844042487 1.3225617551199522 0.5999999999999996
      vertex 1.1460062844042487 1.3225617551199522 -1.5
      vertex 1.3225617551199522 1.1460062844042487 0.5999999999999996
    endloop
  endfacet
  facet normal -0.5992776665113467 -0.8005412409243604 0
    outer loop
      vertex 0.9461214305472957 1.4721936824545672 0.5999999999999996
      vertex 0.9461214305472957 1.4721936824545672 -1.5
      vertex 1.1460062844042487 1.3225617551199522 0.5999999999999996
    endloop
  endfacet
  facet normal -0.8005412409243604 -0.5992776665113467 0
    outer loop
      vertex 1.4721936824545672 0.9461214305472957 0.5999999999999996
      vertex 1.3225617551199522 1.1460062844042487 0.5999999999999996
      vertex 1.3225617551199522 1.1460062844042487 -1.5
    endloop
  endfacet
  facet normal 0 0 1
    outer loop
      vertex -1.8130641474820903 -0.7178428777351218 0.5999999999999996
      vertex -1.7321875232916322 -0.24905096697824913 0.5999999999999996
      vertex -1.75 0 0.5999999999999996
    endloop
  endfacet
  facet normal 0 0 1
    outer loop
      vertex -1.8887371642008306 -0.48494527997146697 0.5999999999999996
      vertex -1.8887371642008306 0.48494527997146697 0.5999999999999996
      vertex -1.9346236675632318 -0.24439980545039292 0.5999999999999996
    endloop
  endfacet
  facet normal 0 0 1
    outer loop
      vertex -1.8130641474820903 -0.7178428777351218 0.5999999999999996
      vertex -1.8130641474820903 0.7178428777351218 0.5999999999999996
      vertex -1.8887371642008306 -0.48494527997146697 0.5999999999999996
    endloop
  endfacet
  facet normal 0 0 1
    outer loop
      vertex -1.8130641474820903 -0.7178428777351218 0.5999999999999996
      vertex -1.75 0 0.5999999999999996
      vertex -1.7321875232916322 0.24905096697824913 0.5999999999999996
    endloop
  endfacet
  facet normal 0.9048270524660194 0.42577929156507294 0
    outer loop
      vertex -1.7087980260855338 -0.939419664498345 0.5999999999999996
      vertex -1.8130641474820903 -0.7178428777351218 0.5999999999999996
      vertex -1.8130641474820903 -0.7178428777351218 1.5
    endloop
  endfacet
  facet normal 0.9510565162951536 0.30901699437494723 0
    outer loop
      vertex -1.8130641474820903 -0.7178428777351218 0.5999999999999996
      vertex -1.8887371642008306 -0.48494527997146697 0.5999999999999996
      vertex -1.8887371642008306 -0.48494527997146697 1.5
    endloop
  endfacet
  facet normal 0.9822872507286886 0.18738131458572463 0
    outer loop
      vertex -1.8887371642008306 -0.48494527997146697 0.5999999999999996
      vertex -1.9346236675632318 -0.24439980545039292 0.5999999999999996
      vertex -1.9346236675632318 -0.24439980545039292 1.5
    endloop
  endfacet
  facet normal 0.9980267284282717 0.06279051952931324 0
    outer loop
      vertex -1.9346236675632318 -0.24439980545039292 0.5999999999999996
      vertex -1.95 0 0.5999999999999996
      vertex -1.95 0 1.5
    endloop
  endfacet
  facet normal 0.9510565162951536 0.30901699437494723 0
    outer loop
      vertex -1.8130641474820903 -0.7178428777351218 0.5999999999999996
      vertex -1.8887371642008306 -0.48494527997146697 1.5
      vertex -1.8130641474820903 -0.7178428777351218 1.5
    endloop
  endfacet
  facet normal 0.9822872507286886 0.18738131458572463 0
    outer loop
      vertex -1.8887371642008306 -0.48494527997146697 0.5999999999999996
      vertex -1.9346236675632318 -0.24439980545039292 1.5
      vertex -1.8887371642008306 -0.48494527997146697 1.5
    endloop
  endfacet
  facet normal 0.9980267284282717 0.06279051952931324 0
    outer loop
      vertex -1.9346236675632318 -0.24439980545039292 0.5999999999999996
      vertex -1.95 0 1.5
      vertex -1.9346236675632318 -0.24439980545039292 1.5
    endloop
  endfacet
  facet normal 0 0 1
    outer loop
      vertex -0.8302696185518912 -1.764412752308738 0.5999999999999996
      vertex -0.6025831390311475 -1.8545602067755493 0.5999999999999996
      vertex -0.49303197447250224 -1.6791127038253704 0.5999999999999996
    endloop
  endfacet
  facet normal 0 0 1
    outer loop
      vertex -0.6025831390311475 -1.8545602067755493 0.5999999999999996
      vertex -0.3653935634421634 -1.9154601389209427 0.5999999999999996
      vertex -0.49303197447250224 -1.6791127038253704 0.5999999999999996
    endloop
  endfacet
  facet normal 0 0 1
    outer loop
      vertex -0.49303197447250224 -1.6791127038253704 0.5999999999999996
      vertex -0.3653935634421634 -1.9154601389209427 0.5999999999999996
      vertex -0.24905096697824913 -1.7321875232916322 0.5999999999999996
    endloop
  endfacet
  facet normal 0 0 1
    outer loop
      vertex -0.3653935634421634 -1.9154601389209427 0.5999999999999996
      vertex -0.12244151308216183 -1.9461521204351295 0.5999999999999996
      vertex -0.24905096697824913 -1.7321875232916322 0.5999999999999996
    endloop
  endfacet
  facet normal 0 0 1
    outer loop
      vertex -0.24905096697824913 -1.7321875232916322 0.5999999999999996
      vertex -0.12244151308216183 -1.9461521204351295 0.5999999999999996
      vertex 0 -1.75 0.5999999999999996
    endloop
  endfacet
  facet normal 0.3681245526846782 0.9297764858882513 0
    outer loop
      vertex -0.8302696185518912 -1.764412752308738 0.5999999999999996
      vertex -0.8302696185518912 -1.764412752308738 1.5
      vertex -0.6025831390311475 -1.8545602067755493 0.5999999999999996
    endloop
  endfacet
  facet normal 0.24868988716485477 0.9685831611286312 0
    outer loop
      vertex -0.6025831390311475 -1.8545602067755493 0.5999999999999996
      vertex -0.6025831390311475 -1.8545602067755493 1.5
      vertex -0.3653935634421634 -1.9154601389209427 0.5999999999999996
    endloop
  endfacet
  facet normal 0.12533323356430534 0.9921147013144777 0
    outer loop
      vertex -0.3653935634421634 -1.9154601389209427 0.5999999999999996
      vertex -0.3653935634421634 -1.9154601389209427 1.5
      vertex -0.12244151308216183 -1.9461521204351295 0.5999999999999996
    endloop
  endfacet
  facet normal 0 1 0
    outer loop
      vertex -0.12244151308216183 -1.9461521204351295 0.5999999999999996
      vertex -0.12244151308216183 -1.9461521204351295 1.5
      vertex 0.12244151308216183 -1.9461521204351295 0.5999999999999996
    endloop
  endfacet
  facet normal 0.3681245526846782 0.9297764858882513 0
    outer loop
      vertex -0.6025831390311475 -1.8545602067755493 0.5999999999999996
      vertex -0.8302696185518912 -1.764412752308738 1.5
      vertex -0.6025831390311475 -1.8545602067755493 1.5
    endloop
  endfacet
  facet normal 0.24868988716485477 0.9685831611286312 0
    outer loop
      vertex -0.3653935634421634 -1.9154601389209427 0.5999999999999996
      vertex -0.6025831390311475 -1.8545602067755493 1.5
      vertex -0.3653935634421634 -1.9154601389209427 1.5
    endloop
  endfacet
  facet normal 0.12533323356430534 0.9921147013144777 0
    outer loop
      vertex -0.12244151308216183 -1.9461521204351295 0.5999999999999996
      vertex -0.3653935634421634 -1.9154601389209427 1.5
      vertex -0.12244151308216183 -1.9461521204351295 1.5
    endloop
  endfacet
  facet normal 0 0 1
    outer loop
      vertex -1.5775831390311474 -1.1461812419703226 0.5999999999999996
      vertex -1.4721936824545672 -0.9461214305472956 0.5999999999999996
      vertex -1.7087980260855338 -0.939419664498345 0.5999999999999996
    endloop
  endfacet
  facet normal 0 0 1
    outer loop
      vertex -1.5775831390311474 -1.1461812419703226 0.5999999999999996
      vertex -1.4214888234717526 -1.3348668565609425 0.5999999999999996
      vertex -1.3225617551199522 -1.1460062844042487 0.5999999999999996
    endloop
  endfacet
  facet normal 0 0 1
    outer loop
      vertex -1.5775831390311474 -1.1461812419703226 0.5999999999999996
      vertex -1.3225617551199522 -1.1460062844042487 0.5999999999999996
      vertex -1.4721936824545672 -0.9461214305472956 0.5999999999999996
    endloop
  endfacet
  facet normal 0 0 1
    outer loop
      vertex -1.2429767800099447 -1.5025008234127892 0.5999999999999996
      vertex -1.1460062844042487 -1.3225617551199522 0.5999999999999996
      vertex -1.4214888234717526 -1.3348668565609425 0.5999999999999996
    endloop
  endfacet
  facet normal 0 0 1
    outer loop
      vertex -1.2429767800099447 -1.5025008234127892 0.5999999999999996
      vertex -0.9461214305472956 -1.4721936824545672 0.5999999999999996
      vertex -1.1460062844042487 -1.3225617551199522 0.5999999999999996
    endloop
  endfacet
  facet normal 0 0 1
    outer loop
      vertex -1.2429767800099447 -1.5025008234127892 0.5999999999999996
      vertex -1.0448622502090437 -1.6464394547289292 0.5999999999999996
      vertex -0.9461214305472956 -1.4721936824545672 0.5999999999999996
    endloop
  endfacet
  facet normal 0 0 1
    outer loop
      vertex -1.0448622502090437 -1.6464394547289292 0.5999999999999996
      vertex -0.7269762727533009 -1.5918559918704074 0.5999999999999996
      vertex -0.9461214305472956 -1.4721936824545672 0.5999999999999996
    endloop
  endfacet
  facet normal 0 0 1
    outer loop
      vertex -1.4214888234717526 -1.3348668565609425 0.5999999999999996
      vertex -1.1460062844042487 -1.3225617551199522 0.5999999999999996
      vertex -1.3225617551199522 -1.1460062844042487 0.5999999999999996
    endloop
  endfacet
  facet normal 0 0 1
    outer loop
      vertex -1.7087980260855338 -0.939419664498345 0.5999999999999996
      vertex -1.6791127038253704 -0.49303197447250224 0.5999999999999996
      vertex -1.8130641474820903 -0.7178428777351218 0.5999999999999996
    endloop
  endfacet
  facet normal 0 0 1
    outer loop
      vertex -1.7087980260855338 -0.939419664498345 0.5999999999999996
      vertex -1.5918559918704074 -0.7269762727533009 0.5999999999999996
      vertex -1.6791127038253704 -0.49303197447250224 0.5999999999999996
    endloop
  endfacet
  facet normal 0 0 1
    outer loop
      vertex -1.7087980260855338 -0.939419664498345 0.5999999999999996
      vertex -1.4721936824545672 -0.9461214305472956 0.5999999999999996
      vertex -1.5918559918704074 -0.7269762727533009 0.5999999999999996
    endloop
  endfacet
  facet normal 0 0 1
    outer loop
      vertex -1.8130641474820903 -0.7178428777351218 0.5999999999999996
      vertex -1.6791127038253704 -0.49303197447250224 0.5999999999999996
      vertex -1.7321875232916322 -0.24905096697824913 0.5999999999999996
    endloop
  endfacet
  facet normal 0 0 1
    outer loop
      vertex -1.0448622502090437 -1.6464394547289292 0.5999999999999996
      vertex -0.8302696185518912 -1.764412752308738 0.5999999999999996
      vertex -0.7269762727533009 -1.5918559918704074 0.5999999999999996
    endloop
  endfacet
  facet normal 0 0 1
    outer loop
      vertex -0.8302696185518912 -1.764412752308738 0.5999999999999996
      vertex -0.49303197447250224 -1.6791127038253704 0.5999999999999996
      vertex -0.7269762727533009 -1.5918559918704074 0.5999999999999996
    endloop
  endfacet
  facet normal 0.6845471059286893 0.7289686274214111 0
    outer loop
      vertex -1.2429767800099447 -1.5025008234127892 0.5999999999999996
      vertex -1.4214888234717526 -1.3348668565609425 0.5999999999999996
      vertex -1.4214888234717526 -1.3348668565609425 1.5
    endloop
  endfacet
  facet normal 0.8443279255020151 0.5358267949789967 0
    outer loop
      vertex -1.5775831390311474 -1.1461812419703226 0.5999999999999996
      vertex -1.7087980260855338 -0.939419664498345 0.5999999999999996
      vertex -1.7087980260855338 -0.939419664498345 1.5
    endloop
  endfacet
  facet normal 0.770513242775789 0.63742398974869 0
    outer loop
      vertex -1.5775831390311474 -1.1461812419703226 0.5999999999999996
      vertex -1.5775831390311474 -1.1461812419703226 1.5
      vertex -1.4214888234717526 -1.3348668565609425 0.5999999999999996
    endloop
  endfacet
  facet normal 0.5877852522924728 0.8090169943749477 0
    outer loop
      vertex -1.2429767800099447 -1.5025008234127892 0.5999999999999996
      vertex -1.2429767800099447 -1.5025008234127892 1.5
      vertex -1.0448622502090437 -1.6464394547289292 0.5999999999999996
    endloop
  endfacet
  facet normal 0.48175367410171466 0.8763066800438639 0
    outer loop
      vertex -1.0448622502090437 -1.6464394547289292 0.5999999999999996
      vertex -1.0448622502090437 -1.6464394547289292 1.5
      vertex -0.8302696185518912 -1.764412752308738 0.5999999999999996
    endloop
  endfacet
  facet normal 0.8443279255020151 0.5358267949789967 0
    outer loop
      vertex -1.5775831390311474 -1.1461812419703226 0.5999999999999996
      vertex -1.7087980260855338 -0.939419664498345 1.5
      vertex -1.5775831390311474 -1.1461812419703226 1.5
    endloop
  endfacet
  facet normal 0.770513242775789 0.63742398974869 0
    outer loop
      vertex -1.4214888234717526 -1.3348668565609425 0.5999999999999996
      vertex -1.5775831390311474 -1.1461812419703226 1.5
      vertex -1.4214888234717526 -1.3348668565609425 1.5
    endloop
  endfacet
  facet normal 0.5877852522924728 0.8090169943749477 0
    outer loop
      vertex -1.0448622502090437 -1.6464394547289292 0.5999999999999996
      vertex -1.2429767800099447 -1.5025008234127892 1.5
      vertex -1.0448622502090437 -1.6464394547289292 1.5
    endloop
  endfacet
  facet normal 0.6845471059286893 0.7289686274214111 0
    outer loop
      vertex -1.2429767800099447 -1.5025008234127892 0.5999999999999996
      vertex -1.4214888234717526 -1.3348668565609425 1.5
      vertex -1.2429767800099447 -1.5025008234127892 1.5
    endloop
  endfacet
  facet normal 0.48175367410171466 0.8763066800438639 0
    outer loop
      vertex -0.8302696185518912 -1.764412752308738 0.5999999999999996
      vertex -1.0448622502090437 -1.6464394547289292 1.5
      vertex -0.8302696185518912 -1.764412752308738 1.5
    endloop
  endfacet
  facet normal 0.9048270524660194 0.42577929156507294 0
    outer loop
      vertex -1.7087980260855338 -0.939419664498345 0.5999999999999996
      vertex -1.8130641474820903 -0.7178428777351218 1.5
      vertex -1.7087980260855338 -0.939419664498345 1.5
    endloop
  endfacet
  facet normal 0 0 1
    outer loop
      vertex -1.9346236675632318 -0.24439980545039292 0.5999999999999996
      vertex -1.9346236675632318 0.24439980545039292 0.5999999999999996
      vertex -1.95 0 0.5999999999999996
    endloop
  endfacet
  facet normal 0 0 1
    outer loop
      vertex -1.9346236675632318 -0.24439980545039292 0.5999999999999996
      vertex -1.8887371642008306 0.48494527997146697 0.5999999999999996
      vertex -1.9346236675632318 0.24439980545039292 0.5999999999999996
    endloop
  endfacet
  facet normal 0 0 1
    outer loop
      vertex -1.8130641474820903 -0.7178428777351218 0.5999999999999996
      vertex -1.7321875232916322 0.24905096697824913 0.5999999999999996
      vertex -1.7087980260855338 0.939419664498345 0.5999999999999996
    endloop
  endfacet
  facet normal 0 0 1
    outer loop
      vertex -1.8887371642008306 -0.48494527997146697 0.5999999999999996
      vertex -1.8130641474820903 0.7178428777351218 0.5999999999999996
      vertex -1.8887371642008306 0.48494527997146697 0.5999999999999996
    endloop
  endfacet
  facet normal 0 0 1
    outer loop
      vertex -1.8130641474820903 -0.7178428777351218 0.5999999999999996
      vertex -1.7087980260855338 0.939419664498345 0.5999999999999996
      vertex -1.8130641474820903 0.7178428777351218 0.5999999999999996
    endloop
  endfacet
  facet normal 0.9980267284282717 -0.06279051952931324 0
    outer loop
      vertex -1.95 0 0.5999999999999996
      vertex -1.9346236675632318 0.24439980545039292 0.5999999999999996
      vertex -1.9346236675632318 0.24439980545039292 1.5
    endloop
  endfacet
  facet normal 0.9822872507286886 -0.18738131458572463 0
    outer loop
      vertex -1.9346236675632318 0.24439980545039292 0.5999999999999996
      vertex -1.8887371642008306 0.48494527997146697 0.5999999999999996
      vertex -1.8887371642008306 0.48494527997146697 1.5
    endloop
  endfacet
  facet normal 0.9510565162951536 -0.30901699437494723 0
    outer loop
      vertex -1.8887371642008306 0.48494527997146697 0.5999999999999996
      vertex -1.8130641474820903 0.7178428777351218 0.5999999999999996
      vertex -1.8130641474820903 0.7178428777351218 1.5
    endloop
  endfacet
  facet normal 0.9980267284282717 -0.06279051952931324 0
    outer loop
      vertex -1.95 0 0.5999999999999996
      vertex -1.9346236675632318 0.24439980545039292 1.5
      vertex -1.95 0 1.5
    endloop
  endfacet
  facet normal 0.9822872507286886 -0.18738131458572463 0
    outer loop
      vertex -1.9346236675632318 0.24439980545039292 0.5999999999999996
      vertex -1.8887371642008306 0.48494527997146697 1.5
      vertex -1.9346236675632318 0.24439980545039292 1.5
    endloop
  endfacet
  facet normal 0.9510565162951536 -0.30901699437494723 0
    outer loop
      vertex -1.8887371642008306 0.48494527997146697 0.5999999999999996
      vertex -1.8130641474820903 0.7178428777351218 1.5
      vertex -1.8887371642008306 0.48494527997146697 1.5
    endloop
  endfacet
  facet normal 0.9048270524660194 -0.42577929156507294 0
    outer loop
      vertex -1.8130641474820903 0.7178428777351218 0.5999999999999996
      vertex -1.7087980260855338 0.939419664498345 1.5
      vertex -1.8130641474820903 0.7178428777351218 1.5
    endloop
  endfacet
  facet normal 0 0 1
    outer loop
      vertex -1.7321875232916322 0.24905096697824913 0.5999999999999996
      vertex -1.6791127038253704 0.49303197447250224 0.5999999999999996
      vertex -1.7087980260855338 0.939419664498345 0.5999999999999996
    endloop
  endfacet
  facet normal 0 0 1
    outer loop
      vertex -1.7087980260855338 0.939419664498345 0.5999999999999996
      vertex -1.6791127038253704 0.49303197447250224 0.5999999999999996
      vertex -1.5775831390311474 1.1461812419703226 0.5999999999999996
    endloop
  endfacet
  facet normal 0 0 1
    outer loop
      vertex -1.6791127038253704 0.49303197447250224 0.5999999999999996
      vertex -1.5918559918704074 0.7269762727533009 0.5999999999999996
      vertex -1.5775831390311474 1.1461812419703226 0.5999999999999996
    endloop
  endfacet
  facet normal 0 0 1
    outer loop
      vertex -1.5918559918704074 0.7269762727533009 0.5999999999999996
      vertex -1.4721936824545672 0.9461214305472956 0.5999999999999996
      vertex -1.5775831390311474 1.1461812419703226 0.5999999999999996
    endloop
  endfacet
  facet normal 0 0 1
    outer loop
      vertex -1.4721936824545672 0.9461214305472956 0.5999999999999996
      vertex -1.4214888234717526 1.3348668565609425 0.5999999999999996
      vertex -1.5775831390311474 1.1461812419703226 0.5999999999999996
    endloop
  endfacet
  facet normal 0 0 1
    outer loop
      vertex -1.4721936824545672 0.9461214305472956 0.5999999999999996
      vertex -1.3225617551199522 1.1460062844042487 0.5999999999999996
      vertex -1.4214888234717526 1.3348668565609425 0.5999999999999996
    endloop
  endfacet
  facet normal 0 0 1
    outer loop
      vertex -1.3225617551199522 1.1460062844042487 0.5999999999999996
      vertex -1.2429767800099447 1.5025008234127892 0.5999999999999996
      vertex -1.4214888234717526 1.3348668565609425 0.5999999999999996
    endloop
  endfacet
  facet normal 0 0 1
    outer loop
      vertex -1.3225617551199522 1.1460062844042487 0.5999999999999996
      vertex -1.1460062844042487 1.3225617551199522 0.5999999999999996
      vertex -1.2429767800099447 1.5025008234127892 0.5999999999999996
    endloop
  endfacet
  facet normal 0 0 1
    outer loop
      vertex -1.1460062844042487 1.3225617551199522 0.5999999999999996
      vertex -1.0448622502090437 1.6464394547289292 0.5999999999999996
      vertex -1.2429767800099447 1.5025008234127892 0.5999999999999996
    endloop
  endfacet
  facet normal 0 0 1
    outer loop
      vertex -1.1460062844042487 1.3225617551199522 0.5999999999999996
      vertex -0.9461214305472959 1.472193682454567 0.5999999999999996
      vertex -1.0448622502090437 1.6464394547289292 0.5999999999999996
    endloop
  endfacet
  facet normal 0 0 1
    outer loop
      vertex -1.0448622502090437 1.6464394547289292 0.5999999999999996
      vertex -0.9461214305472959 1.472193682454567 0.5999999999999996
      vertex -0.8302696185518917 1.7644127523087378 0.5999999999999996
    endloop
  endfacet
  facet normal 0 0 1
    outer loop
      vertex -0.9461214305472959 1.472193682454567 0.5999999999999996
      vertex -0.7269762727533012 1.5918559918704072 0.5999999999999996
      vertex -0.8302696185518917 1.7644127523087378 0.5999999999999996
    endloop
  endfacet
  facet normal 0 0 1
    outer loop
      vertex -0.8302696185518917 1.7644127523087378 0.5999999999999996
      vertex -0.7269762727533012 1.5918559918704072 0.5999999999999996
      vertex -0.6025831390311475 1.8545602067755493 0.5999999999999996
    endloop
  endfacet
  facet normal 0 0 1
    outer loop
      vertex -0.7269762727533012 1.5918559918704072 0.5999999999999996
      vertex -0.4930319744725018 1.6791127038253704 0.5999999999999996
      vertex -0.6025831390311475 1.8545602067755493 0.5999999999999996
    endloop
  endfacet
  facet normal 0.9048270524660194 -0.42577929156507294 0
    outer loop
      vertex -1.8130641474820903 0.7178428777351218 0.5999999999999996
      vertex -1.7087980260855338 0.939419664498345 0.5999999999999996
      vertex -1.7087980260855338 0.939419664498345 1.5
    endloop
  endfacet
  facet normal 0.8443279255020151 -0.5358267949789967 0
    outer loop
      vertex -1.7087980260855338 0.939419664498345 0.5999999999999996
      vertex -1.5775831390311474 1.1461812419703226 0.5999999999999996
      vertex -1.5775831390311474 1.1461812419703226 1.5
    endloop
  endfacet
  facet normal 0.770513242775789 -0.63742398974869 0
    outer loop
      vertex -1.5775831390311474 1.1461812419703226 0.5999999999999996
      vertex -1.4214888234717526 1.3348668565609425 0.5999999999999996
      vertex -1.4214888234717526 1.3348668565609425 1.5
    endloop
  endfacet
  facet normal 0.6845471059286893 -0.7289686274214111 0
    outer loop
      vertex -1.4214888234717526 1.3348668565609425 0.5999999999999996
      vertex -1.2429767800099447 1.5025008234127892 0.5999999999999996
      vertex -1.2429767800099447 1.5025008234127892 1.5
    endloop
  endfacet
  facet normal 0.5877852522924728 -0.8090169943749477 0
    outer loop
      vertex -1.2429767800099447 1.5025008234127892 0.5999999999999996
      vertex -1.0448622502090437 1.6464394547289292 0.5999999999999996
      vertex -1.0448622502090437 1.6464394547289292 1.5
    endloop
  endfacet
  facet normal 0.48175367410171493 -0.8763066800438637 0
    outer loop
      vertex -1.0448622502090437 1.6464394547289292 0.5999999999999996
      vertex -0.8302696185518917 1.7644127523087378 0.5999999999999996
      vertex -0.8302696185518917 1.7644127523087378 1.5
    endloop
  endfacet
  facet normal 0.8443279255020151 -0.5358267949789967 0
    outer loop
      vertex -1.7087980260855338 0.939419664498345 0.5999999999999996
      vertex -1.5775831390311474 1.1461812419703226 1.5
      vertex -1.7087980260855338 0.939419664498345 1.5
    endloop
  endfacet
  facet normal 0.770513242775789 -0.63742398974869 0
    outer loop
      vertex -1.5775831390311474 1.1461812419703226 0.5999999999999996
      vertex -1.4214888234717526 1.3348668565609425 1.5
      vertex -1.5775831390311474 1.1461812419703226 1.5
    endloop
  endfacet
  facet normal 0.6845471059286893 -0.7289686274214111 0
    outer loop
      vertex -1.4214888234717526 1.3348668565609425 0.5999999999999996
      vertex -1.2429767800099447 1.5025008234127892 1.5
      vertex -1.4214888234717526 1.3348668565609425 1.5
    endloop
  endfacet
  facet normal 0.5877852522924728 -0.8090169943749477 0
    outer loop
      vertex -1.2429767800099447 1.5025008234127892 0.5999999999999996
      vertex -1.0448622502090437 1.6464394547289292 1.5
      vertex -1.2429767800099447 1.5025008234127892 1.5
    endloop
  endfacet
  facet normal 0.48175367410171493 -0.8763066800438637 0
    outer loop
      vertex -1.0448622502090437 1.6464394547289292 0.5999999999999996
      vertex -0.8302696185518917 1.7644127523087378 1.5
      vertex -1.0448622502090437 1.6464394547289292 1.5
    endloop
  endfacet
  facet normal 0 0 1
    outer loop
      vertex -0.4930319744725018 1.6791127038253704 0.5999999999999996
      vertex -0.3653935634421629 1.915460138920943 0.5999999999999996
      vertex -0.6025831390311475 1.8545602067755493 0.5999999999999996
    endloop
  endfacet
  facet normal 0 0 1
    outer loop
      vertex -0.4930319744725018 1.6791127038253704 0.5999999999999996
      vertex -0.24905096697824913 1.7321875232916322 0.5999999999999996
      vertex -0.3653935634421629 1.915460138920943 0.5999999999999996
    endloop
  endfacet
  facet normal 0 0 1
    outer loop
      vertex -0.24905096697824913 1.7321875232916322 0.5999999999999996
      vertex -0.12244151308216089 1.9461521204351295 0.5999999999999996
      vertex -0.3653935634421629 1.915460138920943 0.5999999999999996
    endloop
  endfacet
  facet normal 0 0 1
    outer loop
      vertex -0.24905096697824913 1.7321875232916322 0.5999999999999996
      vertex 0 1.75 0.5999999999999996
      vertex -0.12244151308216089 1.9461521204351295 0.5999999999999996
    endloop
  endfacet
  facet normal 0.3681245526846782 -0.9297764858882512 0
    outer loop
      vertex -0.8302696185518917 1.7644127523087378 0.5999999999999996
      vertex -0.6025831390311475 1.8545602067755493 0.5999999999999996
      vertex -0.6025831390311475 1.8545602067755493 1.5
    endloop
  endfacet
  facet normal 0.24868988716485513 -0.968583161128631 0
    outer loop
      vertex -0.6025831390311475 1.8545602067755493 0.5999999999999996
      vertex -0.3653935634421629 1.915460138920943 0.5999999999999996
      vertex -0.3653935634421629 1.915460138920943 1.5
    endloop
  endfacet
  facet normal 0.12533323356430423 -0.9921147013144779 0
    outer loop
      vertex -0.3653935634421629 1.915460138920943 0.5999999999999996
      vertex -0.12244151308216089 1.9461521204351295 0.5999999999999996
      vertex -0.12244151308216089 1.9461521204351295 1.5
    endloop
  endfacet
  facet normal 0.3681245526846782 -0.9297764858882512 0
    outer loop
      vertex -0.8302696185518917 1.7644127523087378 0.5999999999999996
      vertex -0.6025831390311475 1.8545602067755493 1.5
      vertex -0.8302696185518917 1.7644127523087378 1.5
    endloop
  endfacet
  facet normal 0.24868988716485513 -0.968583161128631 0
    outer loop
      vertex -0.6025831390311475 1.8545602067755493 0.5999999999999996
      vertex -0.3653935634421629 1.915460138920943 1.5
      vertex -0.6025831390311475 1.8545602067755493 1.5
    endloop
  endfacet
  facet normal 0.12533323356430423 -0.9921147013144779 0
    outer loop
      vertex -0.3653935634421629 1.915460138920943 0.5999999999999996
      vertex -0.12244151308216089 1.9461521204351295 1.5
      vertex -0.3653935634421629 1.915460138920943 1.5
    endloop
  endfacet
  facet normal 0 -1 0
    outer loop
      vertex -0.12244151308216089 1.9461521204351295 0.5999999999999996
      vertex 0.12244151308216089 1.9461521204351295 1.5
      vertex -0.12244151308216089 1.9461521204351295 1.5
    endloop
  endfacet
  facet normal 0 0 1
    outer loop
      vertex -0.12244151308216183 -1.9461521204351295 0.5999999999999996
      vertex 0.12244151308216183 -1.9461521204351295 0.5999999999999996
      vertex 0 -1.75 0.5999999999999996
    endloop
  endfacet
  facet normal 0 0 1
    outer loop
      vertex 0 -1.75 0.5999999999999996
      vertex 0.12244151308216183 -1.9461521204351295 0.5999999999999996
      vertex 0.24905096697824913 -1.7321875232916322 0.5999999999999996
    endloop
  endfacet
  facet normal 0 0 1
    outer loop
      vertex 0.12244151308216183 -1.9461521204351295 0.5999999999999996
      vertex 0.3653935634421634 -1.9154601389209427 0.5999999999999996
      vertex 0.24905096697824913 -1.7321875232916322 0.5999999999999996
    endloop
  endfacet
  facet normal 0 0 1
    outer loop
      vertex 0.3653935634421634 -1.9154601389209427 0.5999999999999996
      vertex 0.49303197447250224 -1.6791127038253704 0.5999999999999996
      vertex 0.24905096697824913 -1.7321875232916322 0.5999999999999996
    endloop
  endfacet
  facet normal 0 0 1
    outer loop
      vertex 0.3653935634421634 -1.9154601389209427 0.5999999999999996
      vertex 0.6025831390311475 -1.8545602067755493 0.5999999999999996
      vertex 0.49303197447250224 -1.6791127038253704 0.5999999999999996
    endloop
  endfacet
  facet normal -0.12533323356430534 0.9921147013144777 0
    outer loop
      vertex 0.12244151308216183 -1.9461521204351295 0.5999999999999996
      vertex 0.12244151308216183 -1.9461521204351295 1.5
      vertex 0.3653935634421634 -1.9154601389209427 0.5999999999999996
    endloop
  endfacet
  facet normal -0.24868988716485477 0.9685831611286312 0
    outer loop
      vertex 0.3653935634421634 -1.9154601389209427 0.5999999999999996
      vertex 0.3653935634421634 -1.9154601389209427 1.5
      vertex 0.6025831390311475 -1.8545602067755493 0.5999999999999996
    endloop
  endfacet
  facet normal -0.3681245526846782 0.9297764858882513 0
    outer loop
      vertex 0.6025831390311475 -1.8545602067755493 0.5999999999999996
      vertex 0.6025831390311475 -1.8545602067755493 1.5
      vertex 0.8302696185518912 -1.764412752308738 0.5999999999999996
    endloop
  endfacet
  facet normal 0 1 0
    outer loop
      vertex 0.12244151308216183 -1.9461521204351295 0.5999999999999996
      vertex -0.12244151308216183 -1.9461521204351295 1.5
      vertex 0.12244151308216183 -1.9461521204351295 1.5
    endloop
  endfacet
  facet normal -0.12533323356430534 0.9921147013144777 0
    outer loop
      vertex 0.3653935634421634 -1.9154601389209427 0.5999999999999996
      vertex 0.12244151308216183 -1.9461521204351295 1.5
      vertex 0.3653935634421634 -1.9154601389209427 1.5
    endloop
  endfacet
  facet normal -0.24868988716485477 0.9685831611286312 0
    outer loop
      vertex 0.6025831390311475 -1.8545602067755493 0.5999999999999996
      vertex 0.3653935634421634 -1.9154601389209427 1.5
      vertex 0.6025831390311475 -1.8545602067755493 1.5
    endloop
  endfacet
  facet normal -0.3681245526846782 0.9297764858882513 0
    outer loop
      vertex 0.8302696185518912 -1.764412752308738 0.5999999999999996
      vertex 0.6025831390311475 -1.8545602067755493 1.5
      vertex 0.8302696185518912 -1.764412752308738 1.5
    endloop
  endfacet
  facet normal 0 0 1
    outer loop
      vertex 0.6025831390311475 -1.8545602067755493 0.5999999999999996
      vertex 0.7269762727533017 -1.591855991870407 0.5999999999999996
      vertex 0.49303197447250224 -1.6791127038253704 0.5999999999999996
    endloop
  endfacet
  facet normal 0 0 1
    outer loop
      vertex 0.6025831390311475 -1.8545602067755493 0.5999999999999996
      vertex 0.8302696185518912 -1.764412752308738 0.5999999999999996
      vertex 0.7269762727533017 -1.591855991870407 0.5999999999999996
    endloop
  endfacet
  facet normal 0 0 1
    outer loop
      vertex 0.7269762727533017 -1.591855991870407 0.5999999999999996
      vertex 0.8302696185518912 -1.764412752308738 0.5999999999999996
      vertex 0.9461214305472962 -1.4721936824545667 0.5999999999999996
    endloop
  endfacet
  facet normal 0 0 1
    outer loop
      vertex 0.8302696185518912 -1.764412752308738 0.5999999999999996
      vertex 1.0448622502090426 -1.6464394547289298 0.5999999999999996
      vertex 0.9461214305472962 -1.4721936824545667 0.5999999999999996
    endloop
  endfacet
  facet normal 0 0 1
    outer loop
      vertex 0.9461214305472962 -1.4721936824545667 0.5999999999999996
      vertex 1.0448622502090426 -1.6464394547289298 0.5999999999999996
      vertex 1.1460062844042496 -1.3225617551199513 0.5999999999999996
    endloop
  endfacet
  facet normal 0 0 1
    outer loop
      vertex 1.0448622502090426 -1.6464394547289298 0.5999999999999996
      vertex 1.2429767800099454 -1.5025008234127886 0.5999999999999996
      vertex 1.1460062844042496 -1.3225617551199513 0.5999999999999996
    endloop
  endfacet
  facet normal 0 0 1
    outer loop
      vertex 1.2429767800099454 -1.5025008234127886 0.5999999999999996
      vertex 1.3225617551199513 -1.1460062844042496 0.5999999999999996
      vertex 1.1460062844042496 -1.3225617551199513 0.5999999999999996
    endloop
  endfacet
  facet normal 0 0 1
    outer loop
      vertex 1.2429767800099454 -1.5025008234127886 0.5999999999999996
      vertex 1.4214888234717526 -1.3348668565609425 0.5999999999999996
      vertex 1.3225617551199513 -1.1460062844042496 0.5999999999999996
    endloop
  endfacet
  facet normal 0 0 1
    outer loop
      vertex 1.4214888234717526 -1.3348668565609425 0.5999999999999996
      vertex 1.4721936824545667 -0.9461214305472962 0.5999999999999996
      vertex 1.3225617551199513 -1.1460062844042496 0.5999999999999996
    endloop
  endfacet
  facet normal 0 0 1
    outer loop
      vertex 1.4214888234717526 -1.3348668565609425 0.5999999999999996
      vertex 1.5775831390311474 -1.1461812419703226 0.5999999999999996
      vertex 1.4721936824545667 -0.9461214305472962 0.5999999999999996
    endloop
  endfacet
  facet normal 0 0 1
    outer loop
      vertex 1.5775831390311474 -1.1461812419703226 0.5999999999999996
      vertex 1.591855991870407 -0.7269762727533017 0.5999999999999996
      vertex 1.4721936824545667 -0.9461214305472962 0.5999999999999996
    endloop
  endfacet
  facet normal 0 0 1
    outer loop
      vertex 1.5775831390311474 -1.1461812419703226 0.5999999999999996
      vertex 1.6791127038253704 -0.49303197447250224 0.5999999999999996
      vertex 1.591855991870407 -0.7269762727533017 0.5999999999999996
    endloop
  endfacet
  facet normal 0 0 1
    outer loop
      vertex 1.5775831390311474 -1.1461812419703226 0.5999999999999996
      vertex 1.7087980260855338 -0.939419664498345 0.5999999999999996
      vertex 1.6791127038253704 -0.49303197447250224 0.5999999999999996
    endloop
  endfacet
  facet normal 0 0 1
    outer loop
      vertex 1.6791127038253704 -0.49303197447250224 0.5999999999999996
      vertex 1.7087980260855338 -0.939419664498345 0.5999999999999996
      vertex 1.7321875232916322 -0.24905096697824913 0.5999999999999996
    endloop
  endfacet
  facet normal -0.4817536741017145 0.876306680043864 0
    outer loop
      vertex 0.8302696185518912 -1.764412752308738 0.5999999999999996
      vertex 0.8302696185518912 -1.764412752308738 1.5
      vertex 1.0448622502090426 -1.6464394547289298 0.5999999999999996
    endloop
  endfacet
  facet normal -0.5877852522924728 0.8090169943749476 0
    outer loop
      vertex 1.0448622502090426 -1.6464394547289298 0.5999999999999996
      vertex 1.0448622502090426 -1.6464394547289298 1.5
      vertex 1.2429767800099454 -1.5025008234127886 0.5999999999999996
    endloop
  endfacet
  facet normal -0.6845471059286892 0.728968627421411 0
    outer loop
      vertex 1.2429767800099454 -1.5025008234127886 0.5999999999999996
      vertex 1.2429767800099454 -1.5025008234127886 1.5
      vertex 1.4214888234717526 -1.3348668565609425 0.5999999999999996
    endloop
  endfacet
  facet normal -0.770513242775789 0.63742398974869 0
    outer loop
      vertex 1.4214888234717526 -1.3348668565609425 0.5999999999999996
      vertex 1.4214888234717526 -1.3348668565609425 1.5
      vertex 1.5775831390311474 -1.1461812419703226 0.5999999999999996
    endloop
  endfacet
  facet normal -0.8443279255020151 0.5358267949789967 0
    outer loop
      vertex 1.5775831390311474 -1.1461812419703226 0.5999999999999996
      vertex 1.5775831390311474 -1.1461812419703226 1.5
      vertex 1.7087980260855338 -0.939419664498345 0.5999999999999996
    endloop
  endfacet
  facet normal -0.4817536741017145 0.876306680043864 0
    outer loop
      vertex 1.0448622502090426 -1.6464394547289298 0.5999999999999996
      vertex 0.8302696185518912 -1.764412752308738 1.5
      vertex 1.0448622502090426 -1.6464394547289298 1.5
    endloop
  endfacet
  facet normal -0.5877852522924728 0.8090169943749476 0
    outer loop
      vertex 1.2429767800099454 -1.5025008234127886 0.5999999999999996
      vertex 1.0448622502090426 -1.6464394547289298 1.5
      vertex 1.2429767800099454 -1.5025008234127886 1.5
    endloop
  endfacet
  facet normal -0.6845471059286892 0.728968627421411 0
    outer loop
      vertex 1.4214888234717526 -1.3348668565609425 0.5999999999999996
      vertex 1.2429767800099454 -1.5025008234127886 1.5
      vertex 1.4214888234717526 -1.3348668565609425 1.5
    endloop
  endfacet
  facet normal -0.770513242775789 0.63742398974869 0
    outer loop
      vertex 1.5775831390311474 -1.1461812419703226 0.5999999999999996
      vertex 1.4214888234717526 -1.3348668565609425 1.5
      vertex 1.5775831390311474 -1.1461812419703226 1.5
    endloop
  endfacet
  facet normal -0.8443279255020151 0.5358267949789967 0
    outer loop
      vertex 1.7087980260855338 -0.939419664498345 0.5999999999999996
      vertex 1.5775831390311474 -1.1461812419703226 1.5
      vertex 1.7087980260855338 -0.939419664498345 1.5
    endloop
  endfacet
  facet normal -0.9048270524660194 0.425779291565073 0
    outer loop
      vertex 1.7087980260855338 -0.939419664498345 0.5999999999999996
      vertex 1.7087980260855338 -0.939419664498345 1.5
      vertex 1.8130641474820899 -0.7178428777351228 0.5999999999999996
    endloop
  endfacet
  facet normal 0 0 1
    outer loop
      vertex 1.7087980260855338 -0.939419664498345 0.5999999999999996
      vertex 1.8130641474820899 -0.7178428777351228 0.5999999999999996
      vertex 1.81306414748209 0.717842877735122 0.5999999999999996
    endloop
  endfacet
  facet normal 0 0 1
    outer loop
      vertex 1.8130641474820899 -0.7178428777351228 0.5999999999999996
      vertex 1.8887371642008308 -0.48494527997146614 0.5999999999999996
      vertex 1.8887371642008306 0.48494527997146686 0.5999999999999996
    endloop
  endfacet
  facet normal 0 0 1
    outer loop
      vertex 1.7087980260855338 -0.939419664498345 0.5999999999999996
      vertex 1.81306414748209 0.717842877735122 0.5999999999999996
      vertex 1.7321875232916322 -0.24905096697824913 0.5999999999999996
    endloop
  endfacet
  facet normal 0 0 1
    outer loop
      vertex 1.8887371642008308 -0.48494527997146614 0.5999999999999996
      vertex 1.9346236675632318 -0.24439980545039292 0.5999999999999996
      vertex 1.9346236675632318 0.2443998054503933 0.5999999999999996
    endloop
  endfacet
  facet normal -0.9510565162951535 0.30901699437494745 0
    outer loop
      vertex 1.8130641474820899 -0.7178428777351228 0.5999999999999996
      vertex 1.8130641474820899 -0.7178428777351228 1.5
      vertex 1.8887371642008308 -0.48494527997146614 0.5999999999999996
    endloop
  endfacet
  facet normal -0.9822872507286888 0.18738131458572443 0
    outer loop
      vertex 1.8887371642008308 -0.48494527997146614 0.5999999999999996
      vertex 1.8887371642008308 -0.48494527997146614 1.5
      vertex 1.9346236675632318 -0.24439980545039292 0.5999999999999996
    endloop
  endfacet
  facet normal -0.9980267284282717 0.06279051952931324 0
    outer loop
      vertex 1.9346236675632318 -0.24439980545039292 0.5999999999999996
      vertex 1.9346236675632318 -0.24439980545039292 1.5
      vertex 1.95 0 0.5999999999999996
    endloop
  endfacet
  facet normal -0.9048270524660194 0.425779291565073 0
    outer loop
      vertex 1.8130641474820899 -0.7178428777351228 0.5999999999999996
      vertex 1.7087980260855338 -0.939419664498345 1.5
      vertex 1.8130641474820899 -0.7178428777351228 1.5
    endloop
  endfacet
  facet normal -0.9510565162951535 0.30901699437494745 0
    outer loop
      vertex 1.8887371642008308 -0.48494527997146614 0.5999999999999996
      vertex 1.8130641474820899 -0.7178428777351228 1.5
      vertex 1.8887371642008308 -0.48494527997146614 1.5
    endloop
  endfacet
  facet normal -0.9822872507286888 0.18738131458572443 0
    outer loop
      vertex 1.9346236675632318 -0.24439980545039292 0.5999999999999996
      vertex 1.8887371642008308 -0.48494527997146614 1.5
      vertex 1.9346236675632318 -0.24439980545039292 1.5
    endloop
  endfacet
  facet normal -0.9980267284282717 0.06279051952931324 0
    outer loop
      vertex 1.95 0 0.5999999999999996
      vertex 1.9346236675632318 -0.24439980545039292 1.5
      vertex 1.95 0 1.5
    endloop
  endfacet
  facet normal 0 0 1
    outer loop
      vertex 0.4930319744725018 1.6791127038253704 0.5999999999999996
      vertex 0.7269762727533012 1.5918559918704072 0.5999999999999996
      vertex 0.8302696185518917 1.7644127523087378 0.5999999999999996
    endloop
  endfacet
  facet normal 0 0 1
    outer loop
      vertex 0.7269762727533012 1.5918559918704072 0.5999999999999996
      vertex 1.0448622502090434 1.6464394547289294 0.5999999999999996
      vertex 0.8302696185518917 1.7644127523087378 0.5999999999999996
    endloop
  endfacet
  facet normal 0 0 1
    outer loop
      vertex 1.7321875232916322 0.249050966978249 0.5999999999999996
      vertex 1.81306414748209 0.717842877735122 0.5999999999999996
      vertex 1.6791127038253704 0.4930319744725019 0.5999999999999996
    endloop
  endfacet
  facet normal 0 0 1
    outer loop
      vertex 1.5918559918704072 0.7269762727533012 0.5999999999999996
      vertex 1.708798026085534 0.9394196644983449 0.5999999999999996
      vertex 1.4721936824545672 0.9461214305472957 0.5999999999999996
    endloop
  endfacet
  facet normal 0 0 1
    outer loop
      vertex 1.6791127038253704 0.4930319744725019 0.5999999999999996
      vertex 1.708798026085534 0.9394196644983449 0.5999999999999996
      vertex 1.5918559918704072 0.7269762727533012 0.5999999999999996
    endloop
  endfacet
  facet normal 0 0 1
    outer loop
      vertex 1.6791127038253704 0.4930319744725019 0.5999999999999996
      vertex 1.81306414748209 0.717842877735122 0.5999999999999996
      vertex 1.708798026085534 0.9394196644983449 0.5999999999999996
    endloop
  endfacet
  facet normal 0 0 1
    outer loop
      vertex 1.1460062844042487 1.3225617551199522 0.5999999999999996
      vertex 1.3225617551199522 1.1460062844042487 0.5999999999999996
      vertex 1.4214888234717524 1.334866856560943 0.5999999999999996
    endloop
  endfacet
  facet normal 0 0 1
    outer loop
      vertex 0.7269762727533012 1.5918559918704072 0.5999999999999996
      vertex 0.9461214305472957 1.4721936824545672 0.5999999999999996
      vertex 1.0448622502090434 1.6464394547289294 0.5999999999999996
    endloop
  endfacet
  facet normal 0 0 1
    outer loop
      vertex 0.9461214305472957 1.4721936824545672 0.5999999999999996
      vertex 1.242976780009945 1.5025008234127888 0.5999999999999996
      vertex 1.0448622502090434 1.6464394547289294 0.5999999999999996
    endloop
  endfacet
  facet normal 0 0 1
    outer loop
      vertex 0.9461214305472957 1.4721936824545672 0.5999999999999996
      vertex 1.1460062844042487 1.3225617551199522 0.5999999999999996
      vertex 1.242976780009945 1.5025008234127888 0.5999999999999996
    endloop
  endfacet
  facet normal 0 0 1
    outer loop
      vertex 1.1460062844042487 1.3225617551199522 0.5999999999999996
      vertex 1.4214888234717524 1.334866856560943 0.5999999999999996
      vertex 1.242976780009945 1.5025008234127888 0.5999999999999996
    endloop
  endfacet
  facet normal 0 0 1
    outer loop
      vertex 1.4721936824545672 0.9461214305472957 0.5999999999999996
      vertex 1.5775831390311474 1.1461812419703226 0.5999999999999996
      vertex 1.3225617551199522 1.1460062844042487 0.5999999999999996
    endloop
  endfacet
  facet normal 0 0 1
    outer loop
      vertex 1.3225617551199522 1.1460062844042487 0.5999999999999996
      vertex 1.5775831390311474 1.1461812419703226 0.5999999999999996
      vertex 1.4214888234717524 1.334866856560943 0.5999999999999996
    endloop
  endfacet
  facet normal 0 0 1
    outer loop
      vertex 1.4721936824545672 0.9461214305472957 0.5999999999999996
      vertex 1.708798026085534 0.9394196644983449 0.5999999999999996
      vertex 1.5775831390311474 1.1461812419703226 0.5999999999999996
    endloop
  endfacet
  facet normal -0.9048270524660199 -0.425779291565072 0
    outer loop
      vertex 1.708798026085534 0.9394196644983449 0.5999999999999996
      vertex 1.81306414748209 0.717842877735122 1.5
      vertex 1.708798026085534 0.9394196644983449 1.5
    endloop
  endfacet
  facet normal -0.48175367410171466 -0.8763066800438639 0
    outer loop
      vertex 0.8302696185518917 1.7644127523087378 0.5999999999999996
      vertex 1.0448622502090434 1.6464394547289294 0.5999999999999996
      vertex 1.0448622502090434 1.6464394547289294 1.5
    endloop
  endfacet
  facet normal -0.5877852522924738 -0.809016994374947 0
    outer loop
      vertex 1.0448622502090434 1.6464394547289294 0.5999999999999996
      vertex 1.242976780009945 1.5025008234127888 0.5999999999999996
      vertex 1.242976780009945 1.5025008234127888 1.5
    endloop
  endfacet
  facet normal -0.7705132427757894 -0.6374239897486895 0
    outer loop
      vertex 1.4214888234717524 1.334866856560943 0.5999999999999996
      vertex 1.5775831390311474 1.1461812419703226 0.5999999999999996
      vertex 1.5775831390311474 1.1461812419703226 1.5
    endloop
  endfacet
  facet normal -0.8443279255020149 -0.5358267949789971 0
    outer loop
      vertex 1.708798026085534 0.9394196644983449 0.5999999999999996
      vertex 1.708798026085534 0.9394196644983449 1.5
      vertex 1.5775831390311474 1.1461812419703226 0.5999999999999996
    endloop
  endfacet
  facet normal -0.6845471059286882 -0.728968627421412 0
    outer loop
      vertex 1.4214888234717524 1.334866856560943 0.5999999999999996
      vertex 1.4214888234717524 1.334866856560943 1.5
      vertex 1.242976780009945 1.5025008234127888 0.5999999999999996
    endloop
  endfacet
  facet normal -0.48175367410171466 -0.8763066800438639 0
    outer loop
      vertex 0.8302696185518917 1.7644127523087378 0.5999999999999996
      vertex 1.0448622502090434 1.6464394547289294 1.5
      vertex 0.8302696185518917 1.7644127523087378 1.5
    endloop
  endfacet
  facet normal -0.6845471059286882 -0.728968627421412 0
    outer loop
      vertex 1.242976780009945 1.5025008234127888 0.5999999999999996
      vertex 1.4214888234717524 1.334866856560943 1.5
      vertex 1.242976780009945 1.5025008234127888 1.5
    endloop
  endfacet
  facet normal -0.5877852522924738 -0.809016994374947 0
    outer loop
      vertex 1.0448622502090434 1.6464394547289294 0.5999999999999996
      vertex 1.242976780009945 1.5025008234127888 1.5
      vertex 1.0448622502090434 1.6464394547289294 1.5
    endloop
  endfacet
  facet normal -0.7705132427757894 -0.6374239897486895 0
    outer loop
      vertex 1.4214888234717524 1.334866856560943 0.5999999999999996
      vertex 1.5775831390311474 1.1461812419703226 1.5
      vertex 1.4214888234717524 1.334866856560943 1.5
    endloop
  endfacet
  facet normal -0.8443279255020149 -0.5358267949789971 0
    outer loop
      vertex 1.5775831390311474 1.1461812419703226 0.5999999999999996
      vertex 1.708798026085534 0.9394196644983449 1.5
      vertex 1.5775831390311474 1.1461812419703226 1.5
    endloop
  endfacet
  facet normal 0 0 1
    outer loop
      vertex -0.12244151308216089 1.9461521204351295 0.5999999999999996
      vertex 0 1.75 0.5999999999999996
      vertex 0.12244151308216089 1.9461521204351295 0.5999999999999996
    endloop
  endfacet
  facet normal 0 0 1
    outer loop
      vertex 0 1.75 0.5999999999999996
      vertex 0.24905096697824913 1.7321875232916322 0.5999999999999996
      vertex 0.12244151308216089 1.9461521204351295 0.5999999999999996
    endloop
  endfacet
  facet normal 0 0 1
    outer loop
      vertex 0.12244151308216089 1.9461521204351295 0.5999999999999996
      vertex 0.24905096697824913 1.7321875232916322 0.5999999999999996
      vertex 0.3653935634421629 1.915460138920943 0.5999999999999996
    endloop
  endfacet
  facet normal 0 0 1
    outer loop
      vertex 0.24905096697824913 1.7321875232916322 0.5999999999999996
      vertex 0.4930319744725018 1.6791127038253704 0.5999999999999996
      vertex 0.3653935634421629 1.915460138920943 0.5999999999999996
    endloop
  endfacet
  facet normal 0 0 1
    outer loop
      vertex 0.3653935634421629 1.915460138920943 0.5999999999999996
      vertex 0.4930319744725018 1.6791127038253704 0.5999999999999996
      vertex 0.6025831390311475 1.8545602067755493 0.5999999999999996
    endloop
  endfacet
  facet normal 0 0 1
    outer loop
      vertex 0.4930319744725018 1.6791127038253704 0.5999999999999996
      vertex 0.8302696185518917 1.7644127523087378 0.5999999999999996
      vertex 0.6025831390311475 1.8545602067755493 0.5999999999999996
    endloop
  endfacet
  facet normal 0 -1 0
    outer loop
      vertex -0.12244151308216089 1.9461521204351295 0.5999999999999996
      vertex 0.12244151308216089 1.9461521204351295 0.5999999999999996
      vertex 0.12244151308216089 1.9461521204351295 1.5
    endloop
  endfacet
  facet normal -0.12533323356430423 -0.9921147013144779 0
    outer loop
      vertex 0.12244151308216089 1.9461521204351295 0.5999999999999996
      vertex 0.3653935634421629 1.915460138920943 0.5999999999999996
      vertex 0.3653935634421629 1.915460138920943 1.5
    endloop
  endfacet
  facet normal -0.24868988716485513 -0.968583161128631 0
    outer loop
      vertex 0.3653935634421629 1.915460138920943 0.5999999999999996
      vertex 0.6025831390311475 1.8545602067755493 0.5999999999999996
      vertex 0.6025831390311475 1.8545602067755493 1.5
    endloop
  endfacet
  facet normal -0.3681245526846782 -0.9297764858882512 0
    outer loop
      vertex 0.6025831390311475 1.8545602067755493 0.5999999999999996
      vertex 0.8302696185518917 1.7644127523087378 0.5999999999999996
      vertex 0.8302696185518917 1.7644127523087378 1.5
    endloop
  endfacet
  facet normal -0.12533323356430423 -0.9921147013144779 0
    outer loop
      vertex 0.12244151308216089 1.9461521204351295 0.5999999999999996
      vertex 0.3653935634421629 1.915460138920943 1.5
      vertex 0.12244151308216089 1.9461521204351295 1.5
    endloop
  endfacet
  facet normal -0.24868988716485513 -0.968583161128631 0
    outer loop
      vertex 0.3653935634421629 1.915460138920943 0.5999999999999996
      vertex 0.6025831390311475 1.8545602067755493 1.5
      vertex 0.3653935634421629 1.915460138920943 1.5
    endloop
  endfacet
  facet normal -0.3681245526846782 -0.9297764858882512 0
    outer loop
      vertex 0.6025831390311475 1.8545602067755493 0.5999999999999996
      vertex 0.8302696185518917 1.7644127523087378 1.5
      vertex 0.6025831390311475 1.8545602067755493 1.5
    endloop
  endfacet
  facet normal 0 0 1
    outer loop
      vertex 1.7321875232916322 -0.24905096697824913 0.5999999999999996
      vertex 1.81306414748209 0.717842877735122 0.5999999999999996
      vertex 1.75 0 0.5999999999999996
    endloop
  endfacet
  facet normal 0 0 1
    outer loop
      vertex 1.8130641474820899 -0.7178428777351228 0.5999999999999996
      vertex 1.8887371642008306 0.48494527997146686 0.5999999999999996
      vertex 1.81306414748209 0.717842877735122 0.5999999999999996
    endloop
  endfacet
  facet normal 0 0 1
    outer loop
      vertex 1.8887371642008308 -0.48494527997146614 0.5999999999999996
      vertex 1.9346236675632318 0.2443998054503933 0.5999999999999996
      vertex 1.8887371642008306 0.48494527997146686 0.5999999999999996
    endloop
  endfacet
  facet normal 0 0 1
    outer loop
      vertex 1.9346236675632318 -0.24439980545039292 0.5999999999999996
      vertex 1.95 0 0.5999999999999996
      vertex 1.9346236675632318 0.2443998054503933 0.5999999999999996
    endloop
  endfacet
  facet normal 0 0 1
    outer loop
      vertex 1.75 0 0.5999999999999996
      vertex 1.81306414748209 0.717842877735122 0.5999999999999996
      vertex 1.7321875232916322 0.249050966978249 0.5999999999999996
    endloop
  endfacet
  facet normal -0.9980267284282717 -0.06279051952931312 0
    outer loop
      vertex 1.95 0 0.5999999999999996
      vertex 1.95 0 1.5
      vertex 1.9346236675632318 0.2443998054503933 0.5999999999999996
    endloop
  endfacet
  facet normal -0.9822872507286886 -0.18738131458572502 0
    outer loop
      vertex 1.9346236675632318 0.2443998054503933 0.5999999999999996
      vertex 1.9346236675632318 0.2443998054503933 1.5
      vertex 1.8887371642008306 0.48494527997146686 0.5999999999999996
    endloop
  endfacet
  facet normal -0.9510565162951534 -0.3090169943749476 0
    outer loop
      vertex 1.8887371642008306 0.48494527997146686 0.5999999999999996
      vertex 1.8887371642008306 0.48494527997146686 1.5
      vertex 1.81306414748209 0.717842877735122 0.5999999999999996
    endloop
  endfacet
  facet normal -0.9048270524660199 -0.425779291565072 0
    outer loop
      vertex 1.81306414748209 0.717842877735122 0.5999999999999996
      vertex 1.81306414748209 0.717842877735122 1.5
      vertex 1.708798026085534 0.9394196644983449 0.5999999999999996
    endloop
  endfacet
  facet normal -0.9980267284282717 -0.06279051952931312 0
    outer loop
      vertex 1.9346236675632318 0.2443998054503933 0.5999999999999996
      vertex 1.95 0 1.5
      vertex 1.9346236675632318 0.2443998054503933 1.5
    endloop
  endfacet
  facet normal -0.9822872507286886 -0.18738131458572502 0
    outer loop
      vertex 1.8887371642008306 0.48494527997146686 0.5999999999999996
      vertex 1.9346236675632318 0.2443998054503933 1.5
      vertex 1.8887371642008306 0.48494527997146686 1.5
    endloop
  endfacet
  facet normal -0.9510565162951534 -0.3090169943749476 0
    outer loop
      vertex 1.81306414748209 0.717842877735122 0.5999999999999996
      vertex 1.8887371642008306 0.48494527997146686 1.5
      vertex 1.81306414748209 0.717842877735122 1.5
    endloop
  endfacet
endsolid OpenSCAD_Model
