solid OpenSCAD_Model
  facet normal -1 0 0
    outer loop
      vertex 3.5 -6.922565069400936 4.4634265734866005
      vertex 3.5 -7.02148444708578 4.691605914025319
      vertex 3.5 -6.922565069400936 10.7365734265134
    endloop
  endfacet
  facet normal -1 0 0
    outer loop
      vertex 3.5 -6.816232835648432 4.23860595433559
      vertex 3.5 -6.922565069400936 4.4634265734866005
      vertex 3.5 -6.816232835648432 10.961394045664411
    endloop
  endfacet
  facet normal -1 0 0
    outer loop
      vertex 3.5 -6.702601609047499 4.017384800122418
      vertex 3.5 -6.816232835648432 4.23860595433559
      vertex 3.5 -6.702601609047499 11.182615199877583
    endloop
  endfacet
  facet normal -1 0 0
    outer loop
      vertex 3.5 -7.401465042507736 5.874220400938764
      vertex 3.5 -7.453968131064552 6.117313552677426
      vertex 3.5 -7.401465042507736 9.325779599061237
    endloop
  endfacet
  facet normal -1 0 0
    outer loop
      vertex 3.5 -7.1966689841628035 5.1570600636959725
      vertex 3.5 -7.272746551564787 5.393836452866086
      vertex 3.5 -7.1966689841628035 10.042939936304029
    endloop
  endfacet
  facet normal -1 0 0
    outer loop
      vertex 3.5 -7.1966689841628035 5.1570600636959725
      vertex 3.5 -7.112885043355676 10.277100364201376
      vertex 3.5 -7.112885043355676 4.922899635798625
    endloop
  endfacet
  facet normal -1 0 0
    outer loop
      vertex 3.5 -7.272746551564787 5.393836452866086
      vertex 3.5 -7.34103627979692 5.632975257220843
      vertex 3.5 -7.272746551564787 9.806163547133915
    endloop
  endfacet
  facet normal -1 0 0
    outer loop
      vertex 3.5 -7.34103627979692 5.632975257220843
      vertex 3.5 -7.401465042507736 5.874220400938764
      vertex 3.5 -7.34103627979692 9.567024742779159
    endloop
  endfacet
  facet normal -1 0 0
    outer loop
      vertex 3.5 -7.534980946440959 6.608000939127608
      vertex 3.5 -7.563403922708697 6.855069733495339
      vertex 3.5 -7.534980946440959 8.591999060872393
    endloop
  endfacet
  facet normal -1 0 0
    outer loop
      vertex 3.5 -7.498489323845081 6.361994402201126
      vertex 3.5 -7.534980946440959 6.608000939127608
      vertex 3.5 -7.498489323845081 8.838005597798874
    endloop
  endfacet
  facet normal -1 0 0
    outer loop
      vertex 3.5 -7.453968131064552 6.117313552677426
      vertex 3.5 -7.498489323845081 6.361994402201126
      vertex 3.5 -7.453968131064552 9.082686447322576
    endloop
  endfacet
  facet normal -1 0 0
    outer loop
      vertex 3.5 -7.563403922708697 6.855069733495339
      vertex 3.5 -7.583727816613387 7.102936217850913
      vertex 3.5 -7.563403922708697 8.344930266504662
    endloop
  endfacet
  facet normal -1 0 0
    outer loop
      vertex 3.5 -7.583727816613387 7.102936217850913
      vertex 3.5 -7.59593086482038 7.351334970554502
      vertex 3.5 -7.583727816613387 8.097063782149087
    endloop
  endfacet
  facet normal -1 0 0
    outer loop
      vertex 3.5 -7.02148444708578 4.691605914025319
      vertex 3.5 -7.112885043355676 4.922899635798625
      vertex 3.5 -7.02148444708578 10.508394085974682
    endloop
  endfacet
  facet normal -1 0 0
    outer loop
      vertex 3.5 -6.702601609047499 4.017384800122418
      vertex 3.5 -6.581793068761733 11.4
      vertex 3.5 -6.581793068761733 3.8000000000000003
    endloop
  endfacet
  facet normal -1 0 0
    outer loop
      vertex 3.5 -6.453936579602 3.5866843350572033
      vertex 3.5 -6.581793068761733 3.8000000000000003
      vertex 3.5 -6.453936579602 11.613315664942798
    endloop
  endfacet
  facet normal -1 0 0
    outer loop
      vertex 3.5 -6.453936579602 3.5866843350572033
      vertex 3.5 -6.319169053499344 11.822333770948976
      vertex 3.5 -6.319169053499344 3.377666229051024
    endloop
  endfacet
  facet normal -1 0 0
    outer loop
      vertex 3.5 -6.177634802896276 3.1731695038047043
      vertex 3.5 -6.319169053499344 3.377666229051024
      vertex 3.5 -6.177634802896276 12.026830496195297
    endloop
  endfacet
  facet normal -1 0 0
    outer loop
      vertex 3.5 -6.177634802896276 3.1731695038047043
      vertex 3.5 -6.029485386213388 12.226586860466277
      vertex 3.5 -6.029485386213388 2.973413139533723
    endloop
  endfacet
  facet normal -1 0 0
    outer loop
      vertex 3.5 -5.874879445556801 2.778611040356295
      vertex 3.5 -6.029485386213388 2.973413139533723
      vertex 3.5 -5.874879445556801 12.421388959643707
    endloop
  endfacet
  facet normal -1 0 0
    outer loop
      vertex 3.5 -5.713982536840229 2.588971805239477
      vertex 3.5 -5.874879445556801 2.778611040356295
      vertex 3.5 -5.713982536840229 12.611028194760525
    endloop
  endfacet
  facet normal -1 0 0
    outer loop
      vertex 3.5 -5.011028194760524 1.8860174631597717
      vertex 3.5 -4.821388959643706 13.474879445556802
      vertex 3.5 -4.821388959643706 1.7251205544431993
    endloop
  endfacet
  facet normal -1 0 0
    outer loop
      vertex 3.5 -4.821388959643706 1.7251205544431993
      vertex 3.5 -4.626586860466277 13.62948538621339
      vertex 3.5 -4.626586860466277 1.5705146137866128
    endloop
  endfacet
  facet normal -1 0 0
    outer loop
      vertex 3.5 -4.426830496195296 1.4223651971037246
      vertex 3.5 -4.626586860466277 1.5705146137866128
      vertex 3.5 -4.426830496195296 13.777634802896277
    endloop
  endfacet
  facet normal -1 0 0
    outer loop
      vertex 3.5 -4.426830496195296 1.4223651971037246
      vertex 3.5 -4.2223337709489766 13.919169053499346
      vertex 3.5 -4.2223337709489766 1.2808309465006564
    endloop
  endfacet
  facet normal -1 0 0
    outer loop
      vertex 3.5 -4.2223337709489766 1.2808309465006564
      vertex 3.5 -4.013315664942797 14.053936579602
      vertex 3.5 -4.013315664942797 1.1460634203980007
    endloop
  endfacet
  facet normal -1 0 0
    outer loop
      vertex 3.5 -4.013315664942797 1.1460634203980007
      vertex 3.5 -3.8000000000000003 14.181793068761735
      vertex 3.5 -3.8000000000000003 1.018206931238267
    endloop
  endfacet
  facet normal -1 0 0
    outer loop
      vertex 3.5 -5.713982536840229 2.588971805239477
      vertex 3.5 -5.546966952503551 12.795301495373822
      vertex 3.5 -5.546966952503551 2.404698504626179
    endloop
  endfacet
  facet normal -1 0 0
    outer loop
      vertex 3.5 -5.374011537017762 2.2259884629822384
      vertex 3.5 -5.546966952503551 2.404698504626179
      vertex 3.5 -5.374011537017762 12.974011537017763
    endloop
  endfacet
  facet normal -1 0 0
    outer loop
      vertex 3.5 -5.374011537017762 2.2259884629822384
      vertex 3.5 -5.195301495373822 13.14696695250355
      vertex 3.5 -5.195301495373822 2.0530330474964495
    endloop
  endfacet
  facet normal -1 0 0
    outer loop
      vertex 3.5 -5.011028194760524 1.8860174631597717
      vertex 3.5 -5.195301495373822 2.0530330474964495
      vertex 3.5 -5.011028194760524 13.313982536840228
    endloop
  endfacet
  facet normal -1 0 0
    outer loop
      vertex 3.5 -3.582615199877582 0.8973983909525014
      vertex 3.5 -3.5 1
      vertex 3.5 -3.5 0.8549627272775674
    endloop
  endfacet
  facet normal -1 0 0
    outer loop
      vertex 3.5 -3.582615199877582 0.8973983909525014
      vertex 3.5 -3.5 10.133333333333335
      vertex 3.5 -3.5 1
    endloop
  endfacet
  facet normal -1 0 0
    outer loop
      vertex 3.5 -3.582615199877582 0.8973983909525014
      vertex 3.5 -3.8000000000000003 1.018206931238267
      vertex 3.5 -3.582615199877582 14.3026016090475
    endloop
  endfacet
  facet normal 0 -0.7625272039063896 -0.6469561525348556
    outer loop
      vertex 3.5 -5.713982536840229 2.588971805239477
      vertex 10.5 -5.874879445556801 2.778611040356295
      vertex 3.5 -5.874879445556801 2.778611040356295
    endloop
  endfacet
  facet normal 0 -0.8222682189897755 -0.5691001458788977
    outer loop
      vertex 3.5 -6.177634802896276 3.1731695038047043
      vertex 10.5 -6.319169053499344 3.377666229051024
      vertex 3.5 -6.319169053499344 3.377666229051024
    endloop
  endfacet
  facet normal 0 -0.8577286100002733 -0.5141027441932197
    outer loop
      vertex 3.5 -6.453936579602 3.5866843350572033
      vertex 10.5 -6.581793068761733 3.8000000000000003
      vertex 3.5 -6.581793068761733 3.8000000000000003
    endloop
  endfacet
  facet normal 0 -0.8404484010944371 -0.5418915805747533
    outer loop
      vertex 3.5 -6.453936579602 3.5866843350572033
      vertex 3.5 -6.319169053499344 3.377666229051024
      vertex 10.5 -6.453936579602 3.5866843350572033
    endloop
  endfacet
  facet normal 0 -0.7832867492286489 -0.6216605733700793
    outer loop
      vertex 3.5 -5.874879445556801 2.778611040356295
      vertex 10.5 -6.029485386213388 2.973413139533723
      vertex 3.5 -6.029485386213388 2.973413139533723
    endloop
  endfacet
  facet normal 0 -0.8032075314806462 -0.5956993044924318
    outer loop
      vertex 3.5 -6.177634802896276 3.1731695038047043
      vertex 3.5 -6.029485386213388 2.973413139533723
      vertex 10.5 -6.177634802896276 3.1731695038047043
    endloop
  endfacet
  facet normal 0 -0.6469561525348556 -0.7625272039063896
    outer loop
      vertex 3.5 -5.011028194760524 1.8860174631597717
      vertex 3.5 -4.821388959643706 1.7251205544431993
      vertex 10.5 -4.821388959643706 1.7251205544431993
    endloop
  endfacet
  facet normal 0 -0.5691001458788977 -0.8222682189897755
    outer loop
      vertex 3.5 -4.426830496195296 1.4223651971037246
      vertex 3.5 -4.2223337709489766 1.2808309465006564
      vertex 10.5 -4.2223337709489766 1.2808309465006564
    endloop
  endfacet
  facet normal 0 -0.6216605733700793 -0.7832867492286489
    outer loop
      vertex 3.5 -4.821388959643706 1.7251205544431993
      vertex 3.5 -4.626586860466277 1.5705146137866128
      vertex 10.5 -4.626586860466277 1.5705146137866128
    endloop
  endfacet
  facet normal 0 -0.5956993044924318 -0.8032075314806462
    outer loop
      vertex 3.5 -4.426830496195296 1.4223651971037246
      vertex 10.5 -4.426830496195296 1.4223651971037246
      vertex 3.5 -4.626586860466277 1.5705146137866128
    endloop
  endfacet
  facet normal 0 -0.5418915805747533 -0.8404484010944371
    outer loop
      vertex 3.5 -4.2223337709489766 1.2808309465006564
      vertex 3.5 -4.013315664942797 1.1460634203980007
      vertex 10.5 -4.013315664942797 1.1460634203980007
    endloop
  endfacet
  facet normal 0 -0.5141027441932197 -0.8577286100002733
    outer loop
      vertex 3.5 -4.013315664942797 1.1460634203980007
      vertex 3.5 -3.8000000000000003 1.018206931238267
      vertex 10.5 -3.8000000000000003 1.018206931238267
    endloop
  endfacet
  facet normal 0 -0.718581617779702 -0.6954426350096078
    outer loop
      vertex 3.5 -5.374011537017762 2.2259884629822384
      vertex 10.5 -5.546966952503551 2.404698504626179
      vertex 3.5 -5.546966952503551 2.404698504626179
    endloop
  endfacet
  facet normal 0 -0.6954426350096078 -0.718581617779702
    outer loop
      vertex 3.5 -5.374011537017762 2.2259884629822384
      vertex 3.5 -5.195301495373822 2.0530330474964495
      vertex 10.5 -5.195301495373822 2.0530330474964495
    endloop
  endfacet
  facet normal 0 -0.7409511253549571 -0.6715589548470206
    outer loop
      vertex 3.5 -5.713982536840229 2.588971805239477
      vertex 3.5 -5.546966952503551 2.404698504626179
      vertex 10.5 -5.713982536840229 2.588971805239477
    endloop
  endfacet
  facet normal 0 -0.6715589548470206 -0.7409511253549571
    outer loop
      vertex 3.5 -5.011028194760524 1.8860174631597717
      vertex 10.5 -5.011028194760524 1.8860174631597717
      vertex 3.5 -5.195301495373822 2.0530330474964495
    endloop
  endfacet
  facet normal 0 -0.7832867492286489 -0.6216605733700793
    outer loop
      vertex 3.5 -5.874879445556801 2.778611040356295
      vertex 10.5 -5.874879445556801 2.778611040356295
      vertex 10.5 -6.029485386213388 2.973413139533723
    endloop
  endfacet
  facet normal 0 -0.7625272039063896 -0.6469561525348556
    outer loop
      vertex 3.5 -5.713982536840229 2.588971805239477
      vertex 10.5 -5.713982536840229 2.588971805239477
      vertex 10.5 -5.874879445556801 2.778611040356295
    endloop
  endfacet
  facet normal 0 -0.8222682189897755 -0.5691001458788977
    outer loop
      vertex 3.5 -6.177634802896276 3.1731695038047043
      vertex 10.5 -6.177634802896276 3.1731695038047043
      vertex 10.5 -6.319169053499344 3.377666229051024
    endloop
  endfacet
  facet normal 0 -0.8577286100002733 -0.5141027441932197
    outer loop
      vertex 3.5 -6.453936579602 3.5866843350572033
      vertex 10.5 -6.453936579602 3.5866843350572033
      vertex 10.5 -6.581793068761733 3.8000000000000003
    endloop
  endfacet
  facet normal 0 -0.8404484010944371 -0.5418915805747533
    outer loop
      vertex 3.5 -6.319169053499344 3.377666229051024
      vertex 10.5 -6.319169053499344 3.377666229051024
      vertex 10.5 -6.453936579602 3.5866843350572033
    endloop
  endfacet
  facet normal 0 -0.8032075314806462 -0.5956993044924318
    outer loop
      vertex 3.5 -6.029485386213388 2.973413139533723
      vertex 10.5 -6.029485386213388 2.973413139533723
      vertex 10.5 -6.177634802896276 3.1731695038047043
    endloop
  endfacet
  facet normal 0 -0.6469561525348556 -0.7625272039063896
    outer loop
      vertex 3.5 -5.011028194760524 1.8860174631597717
      vertex 10.5 -4.821388959643706 1.7251205544431993
      vertex 10.5 -5.011028194760524 1.8860174631597717
    endloop
  endfacet
  facet normal 0 -0.6216605733700793 -0.7832867492286489
    outer loop
      vertex 3.5 -4.821388959643706 1.7251205544431993
      vertex 10.5 -4.626586860466277 1.5705146137866128
      vertex 10.5 -4.821388959643706 1.7251205544431993
    endloop
  endfacet
  facet normal 0 -0.5691001458788977 -0.8222682189897755
    outer loop
      vertex 3.5 -4.426830496195296 1.4223651971037246
      vertex 10.5 -4.2223337709489766 1.2808309465006564
      vertex 10.5 -4.426830496195296 1.4223651971037246
    endloop
  endfacet
  facet normal 0 -0.5956993044924318 -0.8032075314806462
    outer loop
      vertex 3.5 -4.626586860466277 1.5705146137866128
      vertex 10.5 -4.426830496195296 1.4223651971037246
      vertex 10.5 -4.626586860466277 1.5705146137866128
    endloop
  endfacet
  facet normal 0 -0.5418915805747533 -0.8404484010944371
    outer loop
      vertex 3.5 -4.2223337709489766 1.2808309465006564
      vertex 10.5 -4.013315664942797 1.1460634203980007
      vertex 10.5 -4.2223337709489766 1.2808309465006564
    endloop
  endfacet
  facet normal 0 -0.5141027441932197 -0.8577286100002733
    outer loop
      vertex 3.5 -4.013315664942797 1.1460634203980007
      vertex 10.5 -3.8000000000000003 1.018206931238267
      vertex 10.5 -4.013315664942797 1.1460634203980007
    endloop
  endfacet
  facet normal 0 -0.718581617779702 -0.6954426350096078
    outer loop
      vertex 3.5 -5.374011537017762 2.2259884629822384
      vertex 10.5 -5.374011537017762 2.2259884629822384
      vertex 10.5 -5.546966952503551 2.404698504626179
    endloop
  endfacet
  facet normal 0 -0.6954426350096078 -0.718581617779702
    outer loop
      vertex 3.5 -5.374011537017762 2.2259884629822384
      vertex 10.5 -5.195301495373822 2.0530330474964495
      vertex 10.5 -5.374011537017762 2.2259884629822384
    endloop
  endfacet
  facet normal 0 -0.7409511253549571 -0.6715589548470206
    outer loop
      vertex 3.5 -5.546966952503551 2.404698504626179
      vertex 10.5 -5.546966952503551 2.404698504626179
      vertex 10.5 -5.713982536840229 2.588971805239477
    endloop
  endfacet
  facet normal 0 -0.6715589548470206 -0.7409511253549571
    outer loop
      vertex 3.5 -5.195301495373822 2.0530330474964495
      vertex 10.5 -5.011028194760524 1.8860174631597717
      vertex 10.5 -5.195301495373822 2.0530330474964495
    endloop
  endfacet
  facet normal 0 -0.8740903416267567 -0.4857633937163441
    outer loop
      vertex 3.5 -6.702601609047499 4.017384800122418
      vertex 3.5 -6.581793068761733 3.8000000000000003
      vertex 10.5 -6.702601609047499 4.017384800122418
    endloop
  endfacet
  facet normal 0 -0.8895160754218563 -0.45690387563042023
    outer loop
      vertex 3.5 -6.702601609047499 4.017384800122418
      vertex 10.5 -6.816232835648432 4.23860595433559
      vertex 3.5 -6.816232835648432 4.23860595433559
    endloop
  endfacet
  facet normal 0 -0.9174944964474905 -0.397748474527013
    outer loop
      vertex 3.5 -6.922565069400936 4.4634265734866005
      vertex 10.5 -7.02148444708578 4.691605914025319
      vertex 3.5 -7.02148444708578 4.691605914025319
    endloop
  endfacet
  facet normal 0 -0.9039892931234449 -0.4275550934302788
    outer loop
      vertex 3.5 -6.816232835648432 4.23860595433559
      vertex 10.5 -6.922565069400936 4.4634265734866005
      vertex 3.5 -6.922565069400936 4.4634265734866005
    endloop
  endfacet
  facet normal 0 -0.9415440651830209 -0.33688985339221944
    outer loop
      vertex 3.5 -7.1966689841628035 5.1570600636959725
      vertex 3.5 -7.112885043355676 4.922899635798625
      vertex 10.5 -7.1966689841628035 5.1570600636959725
    endloop
  endfacet
  facet normal 0 -0.9520626777139248 -0.3059030200965518
    outer loop
      vertex 3.5 -7.1966689841628035 5.1570600636959725
      vertex 10.5 -7.272746551564787 5.393836452866086
      vertex 3.5 -7.272746551564787 5.393836452866086
    endloop
  endfacet
  facet normal 0 -0.9615617976829612 -0.2745886181849349
    outer loop
      vertex 3.5 -7.272746551564787 5.393836452866086
      vertex 10.5 -7.34103627979692 5.632975257220843
      vertex 3.5 -7.34103627979692 5.632975257220843
    endloop
  endfacet
  facet normal 0 -0.9300172236840119 -0.36751593659470405
    outer loop
      vertex 3.5 -7.02148444708578 4.691605914025319
      vertex 10.5 -7.112885043355676 4.922899635798625
      vertex 3.5 -7.112885043355676 4.922899635798625
    endloop
  endfacet
  facet normal 0 -0.9700312531945444 -0.24298017990326198
    outer loop
      vertex 3.5 -7.34103627979692 5.632975257220843
      vertex 10.5 -7.401465042507736 5.874220400938764
      vertex 3.5 -7.401465042507736 5.874220400938764
    endloop
  endfacet
  facet normal 0 -0.9774619749435718 -0.2111115523589657
    outer loop
      vertex 3.5 -7.401465042507736 5.874220400938764
      vertex 10.5 -7.453968131064552 6.117313552677426
      vertex 3.5 -7.453968131064552 6.117313552677426
    endloop
  endfacet
  facet normal 0 -0.9838460059270774 -0.17901686127663247
    outer loop
      vertex 3.5 -7.453968131064552 6.117313552677426
      vertex 10.5 -7.498489323845081 6.361994402201126
      vertex 3.5 -7.498489323845081 6.361994402201126
    endloop
  endfacet
  facet normal 0 -0.989176509964781 -0.14673047445536172
    outer loop
      vertex 3.5 -7.498489323845081 6.361994402201126
      vertex 10.5 -7.534980946440959 6.608000939127608
      vertex 3.5 -7.534980946440959 6.608000939127608
    endloop
  endfacet
  facet normal 0 -0.9934477790194443 -0.11428696496684852
    outer loop
      vertex 3.5 -7.534980946440959 6.608000939127608
      vertex 10.5 -7.563403922708697 6.855069733495339
      vertex 3.5 -7.563403922708697 6.855069733495339
    endloop
  endfacet
  facet normal 0 -0.9966552393091804 -0.08172107413366742
    outer loop
      vertex 3.5 -7.563403922708697 6.855069733495339
      vertex 10.5 -7.583727816613387 7.102936217850913
      vertex 3.5 -7.583727816613387 7.102936217850913
    endloop
  endfacet
  facet normal 0 -0.9987954562051724 -0.04906767432741927
    outer loop
      vertex 3.5 -7.583727816613387 7.102936217850913
      vertex 10.5 -7.59593086482038 7.351334970554502
      vertex 3.5 -7.59593086482038 7.351334970554502
    endloop
  endfacet
  facet normal 0 -0.9998661379095617 -0.016361731626485215
    outer loop
      vertex 3.5 -7.59593086482038 7.351334970554502
      vertex 10.5 -7.6000000000000005 7.6000000000000005
      vertex 3.5 -7.6000000000000005 7.6000000000000005
    endloop
  endfacet
  facet normal 0 -0.8895160754218563 -0.45690387563042023
    outer loop
      vertex 3.5 -6.702601609047499 4.017384800122418
      vertex 10.5 -6.702601609047499 4.017384800122418
      vertex 10.5 -6.816232835648432 4.23860595433559
    endloop
  endfacet
  facet normal 0 -0.9174944964474905 -0.397748474527013
    outer loop
      vertex 3.5 -6.922565069400936 4.4634265734866005
      vertex 10.5 -6.922565069400936 4.4634265734866005
      vertex 10.5 -7.02148444708578 4.691605914025319
    endloop
  endfacet
  facet normal 0 -0.9039892931234449 -0.4275550934302788
    outer loop
      vertex 3.5 -6.816232835648432 4.23860595433559
      vertex 10.5 -6.816232835648432 4.23860595433559
      vertex 10.5 -6.922565069400936 4.4634265734866005
    endloop
  endfacet
  facet normal 0 -0.9415440651830209 -0.33688985339221944
    outer loop
      vertex 3.5 -7.112885043355676 4.922899635798625
      vertex 10.5 -7.112885043355676 4.922899635798625
      vertex 10.5 -7.1966689841628035 5.1570600636959725
    endloop
  endfacet
  facet normal 0 -0.9520626777139248 -0.3059030200965518
    outer loop
      vertex 3.5 -7.1966689841628035 5.1570600636959725
      vertex 10.5 -7.1966689841628035 5.1570600636959725
      vertex 10.5 -7.272746551564787 5.393836452866086
    endloop
  endfacet
  facet normal 0 -0.9615617976829612 -0.2745886181849349
    outer loop
      vertex 3.5 -7.272746551564787 5.393836452866086
      vertex 10.5 -7.272746551564787 5.393836452866086
      vertex 10.5 -7.34103627979692 5.632975257220843
    endloop
  endfacet
  facet normal 0 -0.9300172236840119 -0.36751593659470405
    outer loop
      vertex 3.5 -7.02148444708578 4.691605914025319
      vertex 10.5 -7.02148444708578 4.691605914025319
      vertex 10.5 -7.112885043355676 4.922899635798625
    endloop
  endfacet
  facet normal 0 -0.8740903416267567 -0.4857633937163441
    outer loop
      vertex 3.5 -6.581793068761733 3.8000000000000003
      vertex 10.5 -6.581793068761733 3.8000000000000003
      vertex 10.5 -6.702601609047499 4.017384800122418
    endloop
  endfacet
  facet normal 0 -0.9774619749435718 -0.2111115523589657
    outer loop
      vertex 3.5 -7.401465042507736 5.874220400938764
      vertex 10.5 -7.401465042507736 5.874220400938764
      vertex 10.5 -7.453968131064552 6.117313552677426
    endloop
  endfacet
  facet normal 0 -0.9700312531945444 -0.24298017990326198
    outer loop
      vertex 3.5 -7.34103627979692 5.632975257220843
      vertex 10.5 -7.34103627979692 5.632975257220843
      vertex 10.5 -7.401465042507736 5.874220400938764
    endloop
  endfacet
  facet normal 0 -0.9838460059270774 -0.17901686127663247
    outer loop
      vertex 3.5 -7.453968131064552 6.117313552677426
      vertex 10.5 -7.453968131064552 6.117313552677426
      vertex 10.5 -7.498489323845081 6.361994402201126
    endloop
  endfacet
  facet normal 0 -0.989176509964781 -0.14673047445536172
    outer loop
      vertex 3.5 -7.498489323845081 6.361994402201126
      vertex 10.5 -7.498489323845081 6.361994402201126
      vertex 10.5 -7.534980946440959 6.608000939127608
    endloop
  endfacet
  facet normal 0 -0.9934477790194443 -0.11428696496684852
    outer loop
      vertex 3.5 -7.534980946440959 6.608000939127608
      vertex 10.5 -7.534980946440959 6.608000939127608
      vertex 10.5 -7.563403922708697 6.855069733495339
    endloop
  endfacet
  facet normal 0 -0.9966552393091804 -0.08172107413366742
    outer loop
      vertex 3.5 -7.563403922708697 6.855069733495339
      vertex 10.5 -7.563403922708697 6.855069733495339
      vertex 10.5 -7.583727816613387 7.102936217850913
    endloop
  endfacet
  facet normal 0 -0.9987954562051724 -0.04906767432741927
    outer loop
      vertex 3.5 -7.583727816613387 7.102936217850913
      vertex 10.5 -7.583727816613387 7.102936217850913
      vertex 10.5 -7.59593086482038 7.351334970554502
    endloop
  endfacet
  facet normal 0 -0.9998661379095617 -0.016361731626485215
    outer loop
      vertex 3.5 -7.59593086482038 7.351334970554502
      vertex 10.5 -7.59593086482038 7.351334970554502
      vertex 10.5 -7.6000000000000005 7.6000000000000005
    endloop
  endfacet
  facet normal 1 0 0
    outer loop
      vertex 10.5 -7.02148444708578 4.691605914025319
      vertex 10.5 -7.112885043355676 10.277100364201376
      vertex 10.5 -7.112885043355676 4.922899635798625
    endloop
  endfacet
  facet normal 1 0 0
    outer loop
      vertex 10.5 -6.922565069400936 4.4634265734866005
      vertex 10.5 -7.02148444708578 10.508394085974682
      vertex 10.5 -7.02148444708578 4.691605914025319
    endloop
  endfacet
  facet normal 1 0 0
    outer loop
      vertex 10.5 -6.702601609047499 4.017384800122418
      vertex 10.5 -6.816232835648432 10.961394045664411
      vertex 10.5 -6.816232835648432 4.23860595433559
    endloop
  endfacet
  facet normal 1 0 0
    outer loop
      vertex 10.5 -6.702601609047499 4.017384800122418
      vertex 10.5 -6.581793068761733 3.8000000000000003
      vertex 10.5 -6.702601609047499 11.182615199877583
    endloop
  endfacet
  facet normal 1 0 0
    outer loop
      vertex 10.5 -6.816232835648432 4.23860595433559
      vertex 10.5 -6.922565069400936 10.7365734265134
      vertex 10.5 -6.922565069400936 4.4634265734866005
    endloop
  endfacet
  facet normal 1 0 0
    outer loop
      vertex 10.5 -7.453968131064552 6.117313552677426
      vertex 10.5 -7.498489323845081 8.838005597798874
      vertex 10.5 -7.498489323845081 6.361994402201126
    endloop
  endfacet
  facet normal 1 0 0
    outer loop
      vertex 10.5 -7.34103627979692 5.632975257220843
      vertex 10.5 -7.401465042507736 9.325779599061237
      vertex 10.5 -7.401465042507736 5.874220400938764
    endloop
  endfacet
  facet normal 1 0 0
    outer loop
      vertex 10.5 -7.401465042507736 5.874220400938764
      vertex 10.5 -7.453968131064552 9.082686447322576
      vertex 10.5 -7.453968131064552 6.117313552677426
    endloop
  endfacet
  facet normal 1 0 0
    outer loop
      vertex 10.5 -7.272746551564787 5.393836452866086
      vertex 10.5 -7.34103627979692 9.567024742779159
      vertex 10.5 -7.34103627979692 5.632975257220843
    endloop
  endfacet
  facet normal 1 0 0
    outer loop
      vertex 10.5 -7.1966689841628035 5.1570600636959725
      vertex 10.5 -7.272746551564787 9.806163547133915
      vertex 10.5 -7.272746551564787 5.393836452866086
    endloop
  endfacet
  facet normal 1 0 0
    outer loop
      vertex 10.5 -7.1966689841628035 5.1570600636959725
      vertex 10.5 -7.112885043355676 4.922899635798625
      vertex 10.5 -7.1966689841628035 10.042939936304029
    endloop
  endfacet
  facet normal 1 0 0
    outer loop
      vertex 10.5 -7.498489323845081 6.361994402201126
      vertex 10.5 -7.534980946440959 8.591999060872393
      vertex 10.5 -7.534980946440959 6.608000939127608
    endloop
  endfacet
  facet normal 1 0 0
    outer loop
      vertex 10.5 -7.534980946440959 6.608000939127608
      vertex 10.5 -7.563403922708697 8.344930266504662
      vertex 10.5 -7.563403922708697 6.855069733495339
    endloop
  endfacet
  facet normal 1 0 0
    outer loop
      vertex 10.5 -7.563403922708697 6.855069733495339
      vertex 10.5 -7.583727816613387 8.097063782149087
      vertex 10.5 -7.583727816613387 7.102936217850913
    endloop
  endfacet
  facet normal 1 0 0
    outer loop
      vertex 10.5 -7.583727816613387 7.102936217850913
      vertex 10.5 -7.59593086482038 7.848665029445499
      vertex 10.5 -7.59593086482038 7.351334970554502
    endloop
  endfacet
  facet normal 1 0 0
    outer loop
      vertex 10.5 -6.177634802896276 3.1731695038047043
      vertex 10.5 -6.319169053499344 11.822333770948976
      vertex 10.5 -6.319169053499344 3.377666229051024
    endloop
  endfacet
  facet normal 1 0 0
    outer loop
      vertex 10.5 -6.453936579602 3.5866843350572033
      vertex 10.5 -6.581793068761733 11.4
      vertex 10.5 -6.581793068761733 3.8000000000000003
    endloop
  endfacet
  facet normal 1 0 0
    outer loop
      vertex 10.5 -6.453936579602 3.5866843350572033
      vertex 10.5 -6.319169053499344 3.377666229051024
      vertex 10.5 -6.453936579602 11.613315664942798
    endloop
  endfacet
  facet normal 1 0 0
    outer loop
      vertex 10.5 -6.177634802896276 3.1731695038047043
      vertex 10.5 -6.029485386213388 2.973413139533723
      vertex 10.5 -6.177634802896276 12.026830496195297
    endloop
  endfacet
  facet normal 1 0 0
    outer loop
      vertex 10.5 -5.874879445556801 2.778611040356295
      vertex 10.5 -6.029485386213388 12.226586860466277
      vertex 10.5 -6.029485386213388 2.973413139533723
    endloop
  endfacet
  facet normal 1 0 0
    outer loop
      vertex 10.5 -5.713982536840229 2.588971805239477
      vertex 10.5 -5.874879445556801 12.421388959643707
      vertex 10.5 -5.874879445556801 2.778611040356295
    endloop
  endfacet
  facet normal 1 0 0
    outer loop
      vertex 10.5 -5.011028194760524 1.8860174631597717
      vertex 10.5 -5.195301495373822 13.14696695250355
      vertex 10.5 -5.195301495373822 2.0530330474964495
    endloop
  endfacet
  facet normal 1 0 0
    outer loop
      vertex 10.5 -5.011028194760524 1.8860174631597717
      vertex 10.5 -4.821388959643706 1.7251205544431993
      vertex 10.5 -5.011028194760524 13.313982536840228
    endloop
  endfacet
  facet normal 1 0 0
    outer loop
      vertex 10.5 -4.821388959643706 1.7251205544431993
      vertex 10.5 -4.626586860466277 1.5705146137866128
      vertex 10.5 -4.821388959643706 13.474879445556802
    endloop
  endfacet
  facet normal 1 0 0
    outer loop
      vertex 10.5 -4.426830496195296 1.4223651971037246
      vertex 10.5 -4.626586860466277 13.62948538621339
      vertex 10.5 -4.626586860466277 1.5705146137866128
    endloop
  endfacet
  facet normal 1 0 0
    outer loop
      vertex 10.5 -4.426830496195296 1.4223651971037246
      vertex 10.5 -4.2223337709489766 1.2808309465006564
      vertex 10.5 -4.426830496195296 13.777634802896277
    endloop
  endfacet
  facet normal 1 0 0
    outer loop
      vertex 10.5 -4.2223337709489766 1.2808309465006564
      vertex 10.5 -4.013315664942797 1.1460634203980007
      vertex 10.5 -4.2223337709489766 13.919169053499346
    endloop
  endfacet
  facet normal 1 0 0
    outer loop
      vertex 10.5 -4.013315664942797 1.1460634203980007
      vertex 10.5 -3.8000000000000003 1.018206931238267
      vertex 10.5 -4.013315664942797 14.053936579602
    endloop
  endfacet
  facet normal 1 0 0
    outer loop
      vertex 10.5 -5.713982536840229 2.588971805239477
      vertex 10.5 -5.546966952503551 2.404698504626179
      vertex 10.5 -5.713982536840229 12.611028194760525
    endloop
  endfacet
  facet normal 1 0 0
    outer loop
      vertex 10.5 -5.374011537017762 2.2259884629822384
      vertex 10.5 -5.546966952503551 12.795301495373822
      vertex 10.5 -5.546966952503551 2.404698504626179
    endloop
  endfacet
  facet normal 1 0 0
    outer loop
      vertex 10.5 -5.374011537017762 2.2259884629822384
      vertex 10.5 -5.195301495373822 2.0530330474964495
      vertex 10.5 -5.374011537017762 12.974011537017763
    endloop
  endfacet
  facet normal 0 -0.48576339371634336 -0.8740903416267571
    outer loop
      vertex 3.5 -3.582615199877582 0.8973983909525014
      vertex 10.5 -3.582615199877582 0.8973983909525014
      vertex 3.5 -3.8000000000000003 1.018206931238267
    endloop
  endfacet
  facet normal 0 -0.45690387563042045 -0.8895160754218561
    outer loop
      vertex 3.5 -3.582615199877582 0.8973983909525014
      vertex 3.5 -3.5 0.8549627272775674
      vertex 10.5 -3.5 0.8549627272775674
    endloop
  endfacet
  facet normal 0 -0.45690387563042045 -0.8895160754218561
    outer loop
      vertex 3.5 -3.582615199877582 0.8973983909525014
      vertex 10.5 -3.5 0.8549627272775674
      vertex 10.5 -3.582615199877582 0.8973983909525014
    endloop
  endfacet
  facet normal 0 -0.48576339371634336 -0.8740903416267571
    outer loop
      vertex 3.5 -3.8000000000000003 1.018206931238267
      vertex 10.5 -3.582615199877582 0.8973983909525014
      vertex 10.5 -3.8000000000000003 1.018206931238267
    endloop
  endfacet
  facet normal 1 0 0
    outer loop
      vertex 10.5 -3.582615199877582 0.8973983909525014
      vertex 10.5 -3.8000000000000003 14.181793068761735
      vertex 10.5 -3.8000000000000003 1.018206931238267
    endloop
  endfacet
  facet normal 1 0 0
    outer loop
      vertex 10.5 -3.5 0.8549627272775674
      vertex 10.5 -3.3613940456644102 0.7837671643515689
      vertex 10.5 -3.582615199877582 14.3026016090475
    endloop
  endfacet
  facet normal 1 0 0
    outer loop
      vertex 10.5 -3.582615199877582 0.8973983909525014
      vertex 10.5 -3.5 0.8549627272775674
      vertex 10.5 -3.582615199877582 14.3026016090475
    endloop
  endfacet
  facet normal 1 0 0
    outer loop
      vertex 10.5 -3.3613940456644102 0.7837671643515689
      vertex 10.5 -3.1365734265134 0.6774349305990643
      vertex 10.5 -3.3613940456644102 14.416232835648433
    endloop
  endfacet
  facet normal 1 0 0
    outer loop
      vertex 10.5 -3.1365734265134 0.6774349305990643
      vertex 10.5 -2.9083940859746824 0.5785155529142205
      vertex 10.5 -3.1365734265134 14.522565069400937
    endloop
  endfacet
  facet normal 1 0 0
    outer loop
      vertex 10.5 -2.442939936304028 0.403331015837197
      vertex 10.5 -2.6771003642013746 14.712885043355676
      vertex 10.5 -2.6771003642013746 0.4871149566443247
    endloop
  endfacet
  facet normal 1 0 0
    outer loop
      vertex 10.5 -2.9083940859746824 0.5785155529142205
      vertex 10.5 -2.6771003642013746 0.4871149566443247
      vertex 10.5 -2.9083940859746824 14.62148444708578
    endloop
  endfacet
  facet normal 1 0 0
    outer loop
      vertex 10.5 -2.442939936304028 0.403331015837197
      vertex 10.5 -2.206163547133914 0.3272534484352132
      vertex 10.5 -2.442939936304028 14.796668984162803
    endloop
  endfacet
  facet normal 1 0 0
    outer loop
      vertex 10.5 -2.206163547133914 0.3272534484352132
      vertex 10.5 -1.9670247427791578 0.2589637202030808
      vertex 10.5 -2.206163547133914 14.872746551564788
    endloop
  endfacet
  facet normal 1 0 0
    outer loop
      vertex 10.5 -1.9670247427791578 0.2589637202030808
      vertex 10.5 -1.7257795990612366 0.19853495749226457
      vertex 10.5 -1.9670247427791578 14.94103627979692
    endloop
  endfacet
  facet normal 1 0 0
    outer loop
      vertex 10.5 -1.7257795990612366 0.19853495749226457
      vertex 10.5 -1.4826864473225747 0.14603186893544873
      vertex 10.5 -1.7257795990612366 15.001465042507736
    endloop
  endfacet
  facet normal 1 0 0
    outer loop
      vertex 10.5 -1.4826864473225747 0.14603186893544873
      vertex 10.5 -1.2380055977988744 0.10151067615491982
      vertex 10.5 -1.4826864473225747 15.053968131064552
    endloop
  endfacet
  facet normal 1 0 0
    outer loop
      vertex 10.5 -1.2380055977988744 0.10151067615491982
      vertex 10.5 -0.991999060872392 0.06501905355904114
      vertex 10.5 -1.2380055977988744 15.098489323845081
    endloop
  endfacet
  facet normal 1 0 0
    outer loop
      vertex 10.5 -0.991999060872392 0.06501905355904114
      vertex 10.5 -0.7449302665046607 0.03659607729130343
      vertex 10.5 -0.991999060872392 15.13498094644096
    endloop
  endfacet
  facet normal 1 0 0
    outer loop
      vertex 10.5 -0.7449302665046607 0.03659607729130343
      vertex 10.5 -0.4970637821490873 0.016272183386613293
      vertex 10.5 -0.7449302665046607 15.163403922708698
    endloop
  endfacet
  facet normal 1 0 0
    outer loop
      vertex 10.5 -0.4970637821490873 0.016272183386613293
      vertex 10.5 -0.24866502944549865 0.004069135179620709
      vertex 10.5 -0.4970637821490873 15.183727816613388
    endloop
  endfacet
  facet normal 1 0 0
    outer loop
      vertex 10.5 -0.24866502944549865 0.004069135179620709
      vertex 10.5 0 0
      vertex 10.5 -0.24866502944549865 15.19593086482038
    endloop
  endfacet
  facet normal -1 0 0
    outer loop
      vertex 3.5 -7.59593086482038 7.351334970554502
      vertex 3.5 -7.6000000000000005 7.6000000000000005
      vertex 3.5 -7.59593086482038 7.848665029445499
    endloop
  endfacet
  facet normal -1 0 0
    outer loop
      vertex 3.5 -7.59593086482038 7.351334970554502
      vertex 3.5 -7.59593086482038 7.848665029445499
      vertex 3.5 -7.583727816613387 8.097063782149087
    endloop
  endfacet
  facet normal -1 0 0
    outer loop
      vertex 3.5 -7.583727816613387 7.102936217850913
      vertex 3.5 -7.583727816613387 8.097063782149087
      vertex 3.5 -7.563403922708697 8.344930266504662
    endloop
  endfacet
  facet normal -1 0 0
    outer loop
      vertex 3.5 -7.563403922708697 6.855069733495339
      vertex 3.5 -7.563403922708697 8.344930266504662
      vertex 3.5 -7.534980946440959 8.591999060872393
    endloop
  endfacet
  facet normal -1 0 0
    outer loop
      vertex 3.5 -7.534980946440959 6.608000939127608
      vertex 3.5 -7.534980946440959 8.591999060872393
      vertex 3.5 -7.498489323845081 8.838005597798874
    endloop
  endfacet
  facet normal -1 0 0
    outer loop
      vertex 3.5 -7.498489323845081 6.361994402201126
      vertex 3.5 -7.498489323845081 8.838005597798874
      vertex 3.5 -7.453968131064552 9.082686447322576
    endloop
  endfacet
  facet normal -1 0 0
    outer loop
      vertex 3.5 -7.453968131064552 6.117313552677426
      vertex 3.5 -7.453968131064552 9.082686447322576
      vertex 3.5 -7.401465042507736 9.325779599061237
    endloop
  endfacet
  facet normal -1 0 0
    outer loop
      vertex 3.5 -7.401465042507736 5.874220400938764
      vertex 3.5 -7.401465042507736 9.325779599061237
      vertex 3.5 -7.34103627979692 9.567024742779159
    endloop
  endfacet
  facet normal -1 0 0
    outer loop
      vertex 3.5 -7.34103627979692 5.632975257220843
      vertex 3.5 -7.34103627979692 9.567024742779159
      vertex 3.5 -7.272746551564787 9.806163547133915
    endloop
  endfacet
  facet normal -1 0 0
    outer loop
      vertex 3.5 -7.272746551564787 5.393836452866086
      vertex 3.5 -7.272746551564787 9.806163547133915
      vertex 3.5 -7.1966689841628035 10.042939936304029
    endloop
  endfacet
  facet normal -1 0 0
    outer loop
      vertex 3.5 -7.1966689841628035 5.1570600636959725
      vertex 3.5 -7.1966689841628035 10.042939936304029
      vertex 3.5 -7.112885043355676 10.277100364201376
    endloop
  endfacet
  facet normal -1 0 0
    outer loop
      vertex 3.5 -7.112885043355676 4.922899635798625
      vertex 3.5 -7.112885043355676 10.277100364201376
      vertex 3.5 -7.02148444708578 10.508394085974682
    endloop
  endfacet
  facet normal -1 0 0
    outer loop
      vertex 3.5 -7.02148444708578 4.691605914025319
      vertex 3.5 -7.02148444708578 10.508394085974682
      vertex 3.5 -6.922565069400936 10.7365734265134
    endloop
  endfacet
  facet normal -1 0 0
    outer loop
      vertex 3.5 -6.922565069400936 4.4634265734866005
      vertex 3.5 -6.922565069400936 10.7365734265134
      vertex 3.5 -6.816232835648432 10.961394045664411
    endloop
  endfacet
  facet normal -1 0 0
    outer loop
      vertex 3.5 -6.816232835648432 4.23860595433559
      vertex 3.5 -6.816232835648432 10.961394045664411
      vertex 3.5 -6.702601609047499 11.182615199877583
    endloop
  endfacet
  facet normal -1 0 0
    outer loop
      vertex 3.5 -6.702601609047499 4.017384800122418
      vertex 3.5 -6.702601609047499 11.182615199877583
      vertex 3.5 -6.581793068761733 11.4
    endloop
  endfacet
  facet normal -1 0 0
    outer loop
      vertex 3.5 -6.581793068761733 3.8000000000000003
      vertex 3.5 -6.581793068761733 11.4
      vertex 3.5 -6.453936579602 11.613315664942798
    endloop
  endfacet
  facet normal -1 0 0
    outer loop
      vertex 3.5 -6.453936579602 3.5866843350572033
      vertex 3.5 -6.453936579602 11.613315664942798
      vertex 3.5 -6.319169053499344 11.822333770948976
    endloop
  endfacet
  facet normal -1 0 0
    outer loop
      vertex 3.5 -6.319169053499344 3.377666229051024
      vertex 3.5 -6.319169053499344 11.822333770948976
      vertex 3.5 -6.177634802896276 12.026830496195297
    endloop
  endfacet
  facet normal -1 0 0
    outer loop
      vertex 3.5 -6.177634802896276 3.1731695038047043
      vertex 3.5 -6.177634802896276 12.026830496195297
      vertex 3.5 -6.029485386213388 12.226586860466277
    endloop
  endfacet
  facet normal -1 0 0
    outer loop
      vertex 3.5 -6.029485386213388 2.973413139533723
      vertex 3.5 -6.029485386213388 12.226586860466277
      vertex 3.5 -5.874879445556801 12.421388959643707
    endloop
  endfacet
  facet normal -1 0 0
    outer loop
      vertex 3.5 -5.874879445556801 2.778611040356295
      vertex 3.5 -5.874879445556801 12.421388959643707
      vertex 3.5 -5.713982536840229 12.611028194760525
    endloop
  endfacet
  facet normal -1 0 0
    outer loop
      vertex 3.5 -5.713982536840229 2.588971805239477
      vertex 3.5 -5.713982536840229 12.611028194760525
      vertex 3.5 -5.546966952503551 12.795301495373822
    endloop
  endfacet
  facet normal -1 0 0
    outer loop
      vertex 3.5 -5.546966952503551 2.404698504626179
      vertex 3.5 -5.546966952503551 12.795301495373822
      vertex 3.5 -5.374011537017762 12.974011537017763
    endloop
  endfacet
  facet normal -1 0 0
    outer loop
      vertex 3.5 -5.374011537017762 2.2259884629822384
      vertex 3.5 -5.374011537017762 12.974011537017763
      vertex 3.5 -5.195301495373822 13.14696695250355
    endloop
  endfacet
  facet normal -1 0 0
    outer loop
      vertex 3.5 -5.195301495373822 2.0530330474964495
      vertex 3.5 -5.195301495373822 13.14696695250355
      vertex 3.5 -5.011028194760524 13.313982536840228
    endloop
  endfacet
  facet normal -1 0 0
    outer loop
      vertex 3.5 -5.011028194760524 1.8860174631597717
      vertex 3.5 -5.011028194760524 13.313982536840228
      vertex 3.5 -4.821388959643706 13.474879445556802
    endloop
  endfacet
  facet normal -1 0 0
    outer loop
      vertex 3.5 -4.821388959643706 1.7251205544431993
      vertex 3.5 -4.821388959643706 13.474879445556802
      vertex 3.5 -4.626586860466277 13.62948538621339
    endloop
  endfacet
  facet normal -1 0 0
    outer loop
      vertex 3.5 -4.626586860466277 1.5705146137866128
      vertex 3.5 -4.626586860466277 13.62948538621339
      vertex 3.5 -4.426830496195296 13.777634802896277
    endloop
  endfacet
  facet normal -1 0 0
    outer loop
      vertex 3.5 -4.426830496195296 1.4223651971037246
      vertex 3.5 -4.426830496195296 13.777634802896277
      vertex 3.5 -4.2223337709489766 13.919169053499346
    endloop
  endfacet
  facet normal -1 0 0
    outer loop
      vertex 3.5 -4.2223337709489766 1.2808309465006564
      vertex 3.5 -4.2223337709489766 13.919169053499346
      vertex 3.5 -4.013315664942797 14.053936579602
    endloop
  endfacet
  facet normal -1 0 0
    outer loop
      vertex 3.5 -4.013315664942797 1.1460634203980007
      vertex 3.5 -4.013315664942797 14.053936579602
      vertex 3.5 -3.8000000000000003 14.181793068761735
    endloop
  endfacet
  facet normal -1 0 0
    outer loop
      vertex 3.5 -3.582615199877582 0.8973983909525014
      vertex 3.5 -3.582615199877582 14.3026016090475
      vertex 3.5 -3.5 10.133333333333335
    endloop
  endfacet
  facet normal -1 0 0
    outer loop
      vertex 3.5 -3.8000000000000003 1.018206931238267
      vertex 3.5 -3.8000000000000003 14.181793068761735
      vertex 3.5 -3.582615199877582 14.3026016090475
    endloop
  endfacet
  facet normal -1 0 0
    outer loop
      vertex 3.5 -3.5 10.133333333333335
      vertex 3.5 -3.582615199877582 14.3026016090475
      vertex 3.5 -3.3613940456644102 14.416232835648433
    endloop
  endfacet
  facet normal -1 0 0
    outer loop
      vertex 3.5 -3.5 10.133333333333335
      vertex 3.5 -3.3613940456644102 14.416232835648433
      vertex 3.5 -3.1365734265134 14.522565069400937
    endloop
  endfacet
  facet normal -1 0 0
    outer loop
      vertex 3.5 -3.5 10.133333333333335
      vertex 3.5 -3.1365734265134 14.522565069400937
      vertex 3.5 -2.9083940859746824 14.62148444708578
    endloop
  endfacet
  facet normal -1 0 0
    outer loop
      vertex 3.5 -3.5 10.133333333333335
      vertex 3.5 -2.9083940859746824 14.62148444708578
      vertex 3.5 -2.6771003642013746 14.712885043355676
    endloop
  endfacet
  facet normal -1 0 0
    outer loop
      vertex 3.5 -3.5 10.133333333333335
      vertex 3.5 -2.6771003642013746 14.712885043355676
      vertex 3.5 -2.442939936304028 14.796668984162803
    endloop
  endfacet
  facet normal -1 0 0
    outer loop
      vertex 3.5 -3.5 10.133333333333335
      vertex 3.5 -2.442939936304028 14.796668984162803
      vertex 3.5 -2.206163547133914 14.872746551564788
    endloop
  endfacet
  facet normal -1 0 0
    outer loop
      vertex 3.5 -3.5 10.133333333333335
      vertex 3.5 -2.206163547133914 14.872746551564788
      vertex 3.5 -1.9670247427791578 14.94103627979692
    endloop
  endfacet
  facet normal -1 0 0
    outer loop
      vertex 3.5 -3.5 10.133333333333335
      vertex 3.5 -1.9670247427791578 14.94103627979692
      vertex 3.5 -1.7257795990612366 15.001465042507736
    endloop
  endfacet
  facet normal -1 0 0
    outer loop
      vertex 3.5 -3.5 10.133333333333335
      vertex 3.5 -1.7257795990612366 15.001465042507736
      vertex 3.5 -1.4826864473225747 15.053968131064552
    endloop
  endfacet
  facet normal -1 0 0
    outer loop
      vertex 3.5 -3.5 10.133333333333335
      vertex 3.5 -1.4826864473225747 15.053968131064552
      vertex 3.5 -1.2380055977988744 15.098489323845081
    endloop
  endfacet
  facet normal -1 0 0
    outer loop
      vertex 3.5 -3.5 10.133333333333335
      vertex 3.5 -1.2380055977988744 15.098489323845081
      vertex 3.5 -0.991999060872392 15.13498094644096
    endloop
  endfacet
  facet normal -1 0 0
    outer loop
      vertex 3.5 -3.5 10.133333333333335
      vertex 3.5 -0.991999060872392 15.13498094644096
      vertex 3.5 -0.7449302665046607 15.163403922708698
    endloop
  endfacet
  facet normal -1 0 0
    outer loop
      vertex 3.5 -3.5 10.133333333333335
      vertex 3.5 -0.7449302665046607 15.163403922708698
      vertex 3.5 -0.4970637821490873 15.183727816613388
    endloop
  endfacet
  facet normal -1 0 0
    outer loop
      vertex 3.5 -3.5 10.133333333333335
      vertex 3.5 -0.4970637821490873 15.183727816613388
      vertex 3.5 -0.24866502944549865 15.19593086482038
    endloop
  endfacet
  facet normal -1 0 0
    outer loop
      vertex 3.5 -3.5 10.133333333333335
      vertex 3.5 -0.24866502944549865 15.19593086482038
      vertex 3.5 0 15.200000000000001
    endloop
  endfacet
  facet normal -1 0 0
    outer loop
      vertex 3.5 -3.5 10.133333333333335
      vertex 3.5 0 15.200000000000001
      vertex 3.5 0.24866502944549865 15.19593086482038
    endloop
  endfacet
  facet normal -1 0 0
    outer loop
      vertex 3.5 -3.5 10.133333333333335
      vertex 3.5 0.24866502944549865 15.19593086482038
      vertex 3.5 0.4970637821490873 15.183727816613388
    endloop
  endfacet
  facet normal -1 0 0
    outer loop
      vertex 3.5 -3.5 10.133333333333335
      vertex 3.5 0.4970637821490873 15.183727816613388
      vertex 3.5 0.7449302665046607 15.163403922708698
    endloop
  endfacet
  facet normal -1 0 0
    outer loop
      vertex 3.5 -3.5 10.133333333333335
      vertex 3.5 0.7449302665046607 15.163403922708698
      vertex 3.5 0.991999060872392 15.13498094644096
    endloop
  endfacet
  facet normal -1 0 0
    outer loop
      vertex 3.5 -3.5 10.133333333333335
      vertex 3.5 0.991999060872392 15.13498094644096
      vertex 3.5 1.2380055977988744 15.098489323845081
    endloop
  endfacet
  facet normal -1 0 0
    outer loop
      vertex 3.5 -3.5 10.133333333333335
      vertex 3.5 1.2380055977988744 15.098489323845081
      vertex 3.5 1.4826864473225747 15.053968131064552
    endloop
  endfacet
  facet normal -1 0 0
    outer loop
      vertex 3.5 -3.5 10.133333333333335
      vertex 3.5 1.4826864473225747 15.053968131064552
      vertex 3.5 1.7257795990612366 15.001465042507736
    endloop
  endfacet
  facet normal 0 -0.9998661379095617 0.016361731626485215
    outer loop
      vertex 3.5 -7.6000000000000005 7.6000000000000005
      vertex 10.5 -7.59593086482038 7.848665029445499
      vertex 3.5 -7.59593086482038 7.848665029445499
    endloop
  endfacet
  facet normal 0 -0.9987954562051723 0.049067674327419444
    outer loop
      vertex 3.5 -7.59593086482038 7.848665029445499
      vertex 10.5 -7.583727816613387 8.097063782149087
      vertex 3.5 -7.583727816613387 8.097063782149087
    endloop
  endfacet
  facet normal 0 -0.9966552393091804 0.08172107413366712
    outer loop
      vertex 3.5 -7.583727816613387 8.097063782149087
      vertex 10.5 -7.563403922708697 8.344930266504662
      vertex 3.5 -7.563403922708697 8.344930266504662
    endloop
  endfacet
  facet normal 0 -0.9934477790194443 0.11428696496684852
    outer loop
      vertex 3.5 -7.563403922708697 8.344930266504662
      vertex 10.5 -7.534980946440959 8.591999060872393
      vertex 3.5 -7.534980946440959 8.591999060872393
    endloop
  endfacet
  facet normal 0 -0.9891765099647809 0.14673047445536222
    outer loop
      vertex 3.5 -7.534980946440959 8.591999060872393
      vertex 10.5 -7.498489323845081 8.838005597798874
      vertex 3.5 -7.498489323845081 8.838005597798874
    endloop
  endfacet
  facet normal 0 -0.9838460059270778 0.17901686127663125
    outer loop
      vertex 3.5 -7.498489323845081 8.838005597798874
      vertex 10.5 -7.453968131064552 9.082686447322576
      vertex 3.5 -7.453968131064552 9.082686447322576
    endloop
  endfacet
  facet normal 0 -0.9774619749435716 0.21111155235896642
    outer loop
      vertex 3.5 -7.453968131064552 9.082686447322576
      vertex 10.5 -7.401465042507736 9.325779599061237
      vertex 3.5 -7.401465042507736 9.325779599061237
    endloop
  endfacet
  facet normal 0 -0.9700312531945446 0.24298017990326115
    outer loop
      vertex 3.5 -7.401465042507736 9.325779599061237
      vertex 10.5 -7.34103627979692 9.567024742779159
      vertex 3.5 -7.34103627979692 9.567024742779159
    endloop
  endfacet
  facet normal 0 -0.9615617976829609 0.27458861818493585
    outer loop
      vertex 3.5 -7.34103627979692 9.567024742779159
      vertex 10.5 -7.272746551564787 9.806163547133915
      vertex 3.5 -7.272746551564787 9.806163547133915
    endloop
  endfacet
  facet normal 0 -0.9520626777139248 0.3059030200965518
    outer loop
      vertex 3.5 -7.272746551564787 9.806163547133915
      vertex 10.5 -7.1966689841628035 10.042939936304029
      vertex 3.5 -7.1966689841628035 10.042939936304029
    endloop
  endfacet
  facet normal 0 -0.9415440651830209 0.33688985339221944
    outer loop
      vertex 3.5 -7.1966689841628035 10.042939936304029
      vertex 10.5 -7.112885043355676 10.277100364201376
      vertex 3.5 -7.112885043355676 10.277100364201376
    endloop
  endfacet
  facet normal 0 -0.9300172236840119 0.36751593659470405
    outer loop
      vertex 3.5 -7.112885043355676 10.277100364201376
      vertex 10.5 -7.02148444708578 10.508394085974682
      vertex 3.5 -7.02148444708578 10.508394085974682
    endloop
  endfacet
  facet normal 0 -0.9174944964474905 0.397748474527013
    outer loop
      vertex 3.5 -7.02148444708578 10.508394085974682
      vertex 10.5 -6.922565069400936 10.7365734265134
      vertex 3.5 -6.922565069400936 10.7365734265134
    endloop
  endfacet
  facet normal 0 -0.9039892931234449 0.4275550934302788
    outer loop
      vertex 3.5 -6.922565069400936 10.7365734265134
      vertex 10.5 -6.816232835648432 10.961394045664411
      vertex 3.5 -6.816232835648432 10.961394045664411
    endloop
  endfacet
  facet normal 0 -0.8895160754218563 0.45690387563042023
    outer loop
      vertex 3.5 -6.816232835648432 10.961394045664411
      vertex 10.5 -6.702601609047499 11.182615199877583
      vertex 3.5 -6.702601609047499 11.182615199877583
    endloop
  endfacet
  facet normal 0 -0.8740903416267563 0.4857633937163448
    outer loop
      vertex 3.5 -6.702601609047499 11.182615199877583
      vertex 10.5 -6.581793068761733 11.4
      vertex 3.5 -6.581793068761733 11.4
    endloop
  endfacet
  facet normal 0 -0.9998661379095617 0.016361731626485215
    outer loop
      vertex 3.5 -7.6000000000000005 7.6000000000000005
      vertex 10.5 -7.6000000000000005 7.6000000000000005
      vertex 10.5 -7.59593086482038 7.848665029445499
    endloop
  endfacet
  facet normal 0 -0.9987954562051723 0.049067674327419444
    outer loop
      vertex 3.5 -7.59593086482038 7.848665029445499
      vertex 10.5 -7.59593086482038 7.848665029445499
      vertex 10.5 -7.583727816613387 8.097063782149087
    endloop
  endfacet
  facet normal 0 -0.9966552393091804 0.08172107413366712
    outer loop
      vertex 3.5 -7.583727816613387 8.097063782149087
      vertex 10.5 -7.583727816613387 8.097063782149087
      vertex 10.5 -7.563403922708697 8.344930266504662
    endloop
  endfacet
  facet normal 0 -0.9934477790194443 0.11428696496684852
    outer loop
      vertex 3.5 -7.563403922708697 8.344930266504662
      vertex 10.5 -7.563403922708697 8.344930266504662
      vertex 10.5 -7.534980946440959 8.591999060872393
    endloop
  endfacet
  facet normal 0 -0.9891765099647809 0.14673047445536222
    outer loop
      vertex 3.5 -7.534980946440959 8.591999060872393
      vertex 10.5 -7.534980946440959 8.591999060872393
      vertex 10.5 -7.498489323845081 8.838005597798874
    endloop
  endfacet
  facet normal 0 -0.9838460059270778 0.17901686127663125
    outer loop
      vertex 3.5 -7.498489323845081 8.838005597798874
      vertex 10.5 -7.498489323845081 8.838005597798874
      vertex 10.5 -7.453968131064552 9.082686447322576
    endloop
  endfacet
  facet normal 0 -0.9774619749435716 0.21111155235896642
    outer loop
      vertex 3.5 -7.453968131064552 9.082686447322576
      vertex 10.5 -7.453968131064552 9.082686447322576
      vertex 10.5 -7.401465042507736 9.325779599061237
    endloop
  endfacet
  facet normal 0 -0.9700312531945446 0.24298017990326115
    outer loop
      vertex 3.5 -7.401465042507736 9.325779599061237
      vertex 10.5 -7.401465042507736 9.325779599061237
      vertex 10.5 -7.34103627979692 9.567024742779159
    endloop
  endfacet
  facet normal 1 0 0
    outer loop
      vertex 10.5 -7.59593086482038 7.351334970554502
      vertex 10.5 -7.59593086482038 7.848665029445499
      vertex 10.5 -7.6000000000000005 7.6000000000000005
    endloop
  endfacet
  facet normal 1 0 0
    outer loop
      vertex 10.5 -7.583727816613387 7.102936217850913
      vertex 10.5 -7.583727816613387 8.097063782149087
      vertex 10.5 -7.59593086482038 7.848665029445499
    endloop
  endfacet
  facet normal 1 0 0
    outer loop
      vertex 10.5 -7.563403922708697 6.855069733495339
      vertex 10.5 -7.563403922708697 8.344930266504662
      vertex 10.5 -7.583727816613387 8.097063782149087
    endloop
  endfacet
  facet normal 1 0 0
    outer loop
      vertex 10.5 -7.534980946440959 6.608000939127608
      vertex 10.5 -7.534980946440959 8.591999060872393
      vertex 10.5 -7.563403922708697 8.344930266504662
    endloop
  endfacet
  facet normal 1 0 0
    outer loop
      vertex 10.5 -7.498489323845081 6.361994402201126
      vertex 10.5 -7.498489323845081 8.838005597798874
      vertex 10.5 -7.534980946440959 8.591999060872393
    endloop
  endfacet
  facet normal 1 0 0
    outer loop
      vertex 10.5 -7.453968131064552 6.117313552677426
      vertex 10.5 -7.453968131064552 9.082686447322576
      vertex 10.5 -7.498489323845081 8.838005597798874
    endloop
  endfacet
  facet normal 1 0 0
    outer loop
      vertex 10.5 -7.401465042507736 5.874220400938764
      vertex 10.5 -7.401465042507736 9.325779599061237
      vertex 10.5 -7.453968131064552 9.082686447322576
    endloop
  endfacet
  facet normal 1 0 0
    outer loop
      vertex 10.5 -7.34103627979692 5.632975257220843
      vertex 10.5 -7.34103627979692 9.567024742779159
      vertex 10.5 -7.401465042507736 9.325779599061237
    endloop
  endfacet
  facet normal 1 0 0
    outer loop
      vertex 10.5 -7.272746551564787 5.393836452866086
      vertex 10.5 -7.272746551564787 9.806163547133915
      vertex 10.5 -7.34103627979692 9.567024742779159
    endloop
  endfacet
  facet normal 1 0 0
    outer loop
      vertex 10.5 -7.1966689841628035 5.1570600636959725
      vertex 10.5 -7.1966689841628035 10.042939936304029
      vertex 10.5 -7.272746551564787 9.806163547133915
    endloop
  endfacet
  facet normal 1 0 0
    outer loop
      vertex 10.5 -7.112885043355676 4.922899635798625
      vertex 10.5 -7.112885043355676 10.277100364201376
      vertex 10.5 -7.1966689841628035 10.042939936304029
    endloop
  endfacet
  facet normal 1 0 0
    outer loop
      vertex 10.5 -7.02148444708578 4.691605914025319
      vertex 10.5 -7.02148444708578 10.508394085974682
      vertex 10.5 -7.112885043355676 10.277100364201376
    endloop
  endfacet
  facet normal 1 0 0
    outer loop
      vertex 10.5 -6.922565069400936 4.4634265734866005
      vertex 10.5 -6.922565069400936 10.7365734265134
      vertex 10.5 -7.02148444708578 10.508394085974682
    endloop
  endfacet
  facet normal 1 0 0
    outer loop
      vertex 10.5 -6.816232835648432 4.23860595433559
      vertex 10.5 -6.816232835648432 10.961394045664411
      vertex 10.5 -6.922565069400936 10.7365734265134
    endloop
  endfacet
  facet normal 1 0 0
    outer loop
      vertex 10.5 -6.702601609047499 4.017384800122418
      vertex 10.5 -6.702601609047499 11.182615199877583
      vertex 10.5 -6.816232835648432 10.961394045664411
    endloop
  endfacet
  facet normal 1 0 0
    outer loop
      vertex 10.5 -6.581793068761733 3.8000000000000003
      vertex 10.5 -6.581793068761733 11.4
      vertex 10.5 -6.702601609047499 11.182615199877583
    endloop
  endfacet
  facet normal 1 0 0
    outer loop
      vertex 10.5 -6.453936579602 3.5866843350572033
      vertex 10.5 -6.453936579602 11.613315664942798
      vertex 10.5 -6.581793068761733 11.4
    endloop
  endfacet
  facet normal 1 0 0
    outer loop
      vertex 10.5 -6.319169053499344 3.377666229051024
      vertex 10.5 -6.319169053499344 11.822333770948976
      vertex 10.5 -6.453936579602 11.613315664942798
    endloop
  endfacet
  facet normal 1 0 0
    outer loop
      vertex 10.5 -6.177634802896276 3.1731695038047043
      vertex 10.5 -6.177634802896276 12.026830496195297
      vertex 10.5 -6.319169053499344 11.822333770948976
    endloop
  endfacet
  facet normal 1 0 0
    outer loop
      vertex 10.5 -6.029485386213388 2.973413139533723
      vertex 10.5 -6.029485386213388 12.226586860466277
      vertex 10.5 -6.177634802896276 12.026830496195297
    endloop
  endfacet
  facet normal 1 0 0
    outer loop
      vertex 10.5 -5.874879445556801 2.778611040356295
      vertex 10.5 -5.874879445556801 12.421388959643707
      vertex 10.5 -6.029485386213388 12.226586860466277
    endloop
  endfacet
  facet normal 1 0 0
    outer loop
      vertex 10.5 -5.713982536840229 2.588971805239477
      vertex 10.5 -5.713982536840229 12.611028194760525
      vertex 10.5 -5.874879445556801 12.421388959643707
    endloop
  endfacet
  facet normal 0 -0.9615617976829609 0.27458861818493585
    outer loop
      vertex 3.5 -7.34103627979692 9.567024742779159
      vertex 10.5 -7.34103627979692 9.567024742779159
      vertex 10.5 -7.272746551564787 9.806163547133915
    endloop
  endfacet
  facet normal 0 -0.9520626777139248 0.3059030200965518
    outer loop
      vertex 3.5 -7.272746551564787 9.806163547133915
      vertex 10.5 -7.272746551564787 9.806163547133915
      vertex 10.5 -7.1966689841628035 10.042939936304029
    endloop
  endfacet
  facet normal 0 -0.9415440651830209 0.33688985339221944
    outer loop
      vertex 3.5 -7.1966689841628035 10.042939936304029
      vertex 10.5 -7.1966689841628035 10.042939936304029
      vertex 10.5 -7.112885043355676 10.277100364201376
    endloop
  endfacet
  facet normal 0 -0.9300172236840119 0.36751593659470405
    outer loop
      vertex 3.5 -7.112885043355676 10.277100364201376
      vertex 10.5 -7.112885043355676 10.277100364201376
      vertex 10.5 -7.02148444708578 10.508394085974682
    endloop
  endfacet
  facet normal 0 -0.9174944964474905 0.397748474527013
    outer loop
      vertex 3.5 -7.02148444708578 10.508394085974682
      vertex 10.5 -7.02148444708578 10.508394085974682
      vertex 10.5 -6.922565069400936 10.7365734265134
    endloop
  endfacet
  facet normal 0 -0.9039892931234449 0.4275550934302788
    outer loop
      vertex 3.5 -6.922565069400936 10.7365734265134
      vertex 10.5 -6.922565069400936 10.7365734265134
      vertex 10.5 -6.816232835648432 10.961394045664411
    endloop
  endfacet
  facet normal 0 -0.8895160754218563 0.45690387563042023
    outer loop
      vertex 3.5 -6.816232835648432 10.961394045664411
      vertex 10.5 -6.816232835648432 10.961394045664411
      vertex 10.5 -6.702601609047499 11.182615199877583
    endloop
  endfacet
  facet normal 0 -0.8740903416267563 0.4857633937163448
    outer loop
      vertex 3.5 -6.702601609047499 11.182615199877583
      vertex 10.5 -6.702601609047499 11.182615199877583
      vertex 10.5 -6.581793068761733 11.4
    endloop
  endfacet
  facet normal 1 0 0
    outer loop
      vertex 10.5 -5.546966952503551 2.404698504626179
      vertex 10.5 -5.546966952503551 12.795301495373822
      vertex 10.5 -5.713982536840229 12.611028194760525
    endloop
  endfacet
  facet normal 1 0 0
    outer loop
      vertex 10.5 -5.374011537017762 2.2259884629822384
      vertex 10.5 -5.374011537017762 12.974011537017763
      vertex 10.5 -5.546966952503551 12.795301495373822
    endloop
  endfacet
  facet normal 1 0 0
    outer loop
      vertex 10.5 -5.195301495373822 2.0530330474964495
      vertex 10.5 -5.195301495373822 13.14696695250355
      vertex 10.5 -5.374011537017762 12.974011537017763
    endloop
  endfacet
  facet normal 1 0 0
    outer loop
      vertex 10.5 -5.011028194760524 1.8860174631597717
      vertex 10.5 -5.011028194760524 13.313982536840228
      vertex 10.5 -5.195301495373822 13.14696695250355
    endloop
  endfacet
  facet normal 1 0 0
    outer loop
      vertex 10.5 -4.821388959643706 1.7251205544431993
      vertex 10.5 -4.821388959643706 13.474879445556802
      vertex 10.5 -5.011028194760524 13.313982536840228
    endloop
  endfacet
  facet normal 1 0 0
    outer loop
      vertex 10.5 -4.626586860466277 1.5705146137866128
      vertex 10.5 -4.626586860466277 13.62948538621339
      vertex 10.5 -4.821388959643706 13.474879445556802
    endloop
  endfacet
  facet normal 1 0 0
    outer loop
      vertex 10.5 -4.426830496195296 1.4223651971037246
      vertex 10.5 -4.426830496195296 13.777634802896277
      vertex 10.5 -4.626586860466277 13.62948538621339
    endloop
  endfacet
  facet normal 1 0 0
    outer loop
      vertex 10.5 -4.2223337709489766 1.2808309465006564
      vertex 10.5 -4.2223337709489766 13.919169053499346
      vertex 10.5 -4.426830496195296 13.777634802896277
    endloop
  endfacet
  facet normal 1 0 0
    outer loop
      vertex 10.5 -4.013315664942797 1.1460634203980007
      vertex 10.5 -4.013315664942797 14.053936579602
      vertex 10.5 -4.2223337709489766 13.919169053499346
    endloop
  endfacet
  facet normal 1 0 0
    outer loop
      vertex 10.5 -3.8000000000000003 1.018206931238267
      vertex 10.5 -3.8000000000000003 14.181793068761735
      vertex 10.5 -4.013315664942797 14.053936579602
    endloop
  endfacet
  facet normal 0 -0.8577286100002738 0.5141027441932189
    outer loop
      vertex 3.5 -6.581793068761733 11.4
      vertex 10.5 -6.453936579602 11.613315664942798
      vertex 3.5 -6.453936579602 11.613315664942798
    endloop
  endfacet
  facet normal 0 -0.840448401094436 0.5418915805747548
    outer loop
      vertex 3.5 -6.453936579602 11.613315664942798
      vertex 10.5 -6.319169053499344 11.822333770948976
      vertex 3.5 -6.319169053499344 11.822333770948976
    endloop
  endfacet
  facet normal 0 -0.8222682189897766 0.569100145878896
    outer loop
      vertex 3.5 -6.319169053499344 11.822333770948976
      vertex 10.5 -6.177634802896276 12.026830496195297
      vertex 3.5 -6.177634802896276 12.026830496195297
    endloop
  endfacet
  facet normal 0 -0.8032075314806448 0.5956993044924335
    outer loop
      vertex 3.5 -6.177634802896276 12.026830496195297
      vertex 10.5 -6.029485386213388 12.226586860466277
      vertex 3.5 -6.029485386213388 12.226586860466277
    endloop
  endfacet
  facet normal 0 -0.7832867492286517 0.6216605733700757
    outer loop
      vertex 3.5 -6.029485386213388 12.226586860466277
      vertex 10.5 -5.874879445556801 12.421388959643707
      vertex 3.5 -5.874879445556801 12.421388959643707
    endloop
  endfacet
  facet normal 0 -0.7625272039063896 0.6469561525348556
    outer loop
      vertex 3.5 -5.874879445556801 12.421388959643707
      vertex 10.5 -5.713982536840229 12.611028194760525
      vertex 3.5 -5.713982536840229 12.611028194760525
    endloop
  endfacet
  facet normal 0 -0.7409511253549554 0.6715589548470223
    outer loop
      vertex 3.5 -5.713982536840229 12.611028194760525
      vertex 10.5 -5.546966952503551 12.795301495373822
      vertex 3.5 -5.546966952503551 12.795301495373822
    endloop
  endfacet
  facet normal 0 -0.718581617779702 0.6954426350096078
    outer loop
      vertex 3.5 -5.546966952503551 12.795301495373822
      vertex 10.5 -5.374011537017762 12.974011537017763
      vertex 3.5 -5.374011537017762 12.974011537017763
    endloop
  endfacet
  facet normal 0 -0.6954426350096059 0.7185816177797038
    outer loop
      vertex 3.5 -5.374011537017762 12.974011537017763
      vertex 10.5 -5.374011537017762 12.974011537017763
      vertex 3.5 -5.195301495373822 13.14696695250355
    endloop
  endfacet
  facet normal 0 -0.6715589548470206 0.7409511253549571
    outer loop
      vertex 3.5 -5.195301495373822 13.14696695250355
      vertex 10.5 -5.195301495373822 13.14696695250355
      vertex 3.5 -5.011028194760524 13.313982536840228
    endloop
  endfacet
  facet normal 0 -0.6469561525348576 0.7625272039063878
    outer loop
      vertex 3.5 -5.011028194760524 13.313982536840228
      vertex 10.5 -5.011028194760524 13.313982536840228
      vertex 3.5 -4.821388959643706 13.474879445556802
    endloop
  endfacet
  facet normal 0 -0.6216605733700815 0.7832867492286473
    outer loop
      vertex 3.5 -4.821388959643706 13.474879445556802
      vertex 10.5 -4.821388959643706 13.474879445556802
      vertex 3.5 -4.626586860466277 13.62948538621339
    endloop
  endfacet
  facet normal 0 -0.5956993044924295 0.8032075314806478
    outer loop
      vertex 3.5 -4.626586860466277 13.62948538621339
      vertex 10.5 -4.626586860466277 13.62948538621339
      vertex 3.5 -4.426830496195296 13.777634802896277
    endloop
  endfacet
  facet normal 0 -0.5691001458789001 0.8222682189897739
    outer loop
      vertex 3.5 -4.426830496195296 13.777634802896277
      vertex 10.5 -4.426830496195296 13.777634802896277
      vertex 3.5 -4.2223337709489766 13.919169053499346
    endloop
  endfacet
  facet normal 0 -0.5418915805747507 0.8404484010944387
    outer loop
      vertex 3.5 -4.2223337709489766 13.919169053499346
      vertex 10.5 -4.2223337709489766 13.919169053499346
      vertex 3.5 -4.013315664942797 14.053936579602
    endloop
  endfacet
  facet normal 0 -0.5141027441932222 0.8577286100002717
    outer loop
      vertex 3.5 -4.013315664942797 14.053936579602
      vertex 10.5 -4.013315664942797 14.053936579602
      vertex 3.5 -3.8000000000000003 14.181793068761735
    endloop
  endfacet
  facet normal 0 -0.8577286100002738 0.5141027441932189
    outer loop
      vertex 3.5 -6.581793068761733 11.4
      vertex 10.5 -6.581793068761733 11.4
      vertex 10.5 -6.453936579602 11.613315664942798
    endloop
  endfacet
  facet normal 0 -0.840448401094436 0.5418915805747548
    outer loop
      vertex 3.5 -6.453936579602 11.613315664942798
      vertex 10.5 -6.453936579602 11.613315664942798
      vertex 10.5 -6.319169053499344 11.822333770948976
    endloop
  endfacet
  facet normal 0 -0.8222682189897766 0.569100145878896
    outer loop
      vertex 3.5 -6.319169053499344 11.822333770948976
      vertex 10.5 -6.319169053499344 11.822333770948976
      vertex 10.5 -6.177634802896276 12.026830496195297
    endloop
  endfacet
  facet normal 0 -0.8032075314806448 0.5956993044924335
    outer loop
      vertex 3.5 -6.177634802896276 12.026830496195297
      vertex 10.5 -6.177634802896276 12.026830496195297
      vertex 10.5 -6.029485386213388 12.226586860466277
    endloop
  endfacet
  facet normal 0 -0.7832867492286517 0.6216605733700757
    outer loop
      vertex 3.5 -6.029485386213388 12.226586860466277
      vertex 10.5 -6.029485386213388 12.226586860466277
      vertex 10.5 -5.874879445556801 12.421388959643707
    endloop
  endfacet
  facet normal 0 -0.7625272039063896 0.6469561525348556
    outer loop
      vertex 3.5 -5.874879445556801 12.421388959643707
      vertex 10.5 -5.874879445556801 12.421388959643707
      vertex 10.5 -5.713982536840229 12.611028194760525
    endloop
  endfacet
  facet normal 0 -0.7409511253549554 0.6715589548470223
    outer loop
      vertex 3.5 -5.713982536840229 12.611028194760525
      vertex 10.5 -5.713982536840229 12.611028194760525
      vertex 10.5 -5.546966952503551 12.795301495373822
    endloop
  endfacet
  facet normal 0 -0.718581617779702 0.6954426350096078
    outer loop
      vertex 3.5 -5.546966952503551 12.795301495373822
      vertex 10.5 -5.546966952503551 12.795301495373822
      vertex 10.5 -5.374011537017762 12.974011537017763
    endloop
  endfacet
  facet normal 0 -0.6954426350096059 0.7185816177797038
    outer loop
      vertex 3.5 -5.195301495373822 13.14696695250355
      vertex 10.5 -5.374011537017762 12.974011537017763
      vertex 10.5 -5.195301495373822 13.14696695250355
    endloop
  endfacet
  facet normal 0 -0.6715589548470206 0.7409511253549571
    outer loop
      vertex 3.5 -5.011028194760524 13.313982536840228
      vertex 10.5 -5.195301495373822 13.14696695250355
      vertex 10.5 -5.011028194760524 13.313982536840228
    endloop
  endfacet
  facet normal 0 -0.6469561525348576 0.7625272039063878
    outer loop
      vertex 3.5 -4.821388959643706 13.474879445556802
      vertex 10.5 -5.011028194760524 13.313982536840228
      vertex 10.5 -4.821388959643706 13.474879445556802
    endloop
  endfacet
  facet normal 0 -0.6216605733700815 0.7832867492286473
    outer loop
      vertex 3.5 -4.626586860466277 13.62948538621339
      vertex 10.5 -4.821388959643706 13.474879445556802
      vertex 10.5 -4.626586860466277 13.62948538621339
    endloop
  endfacet
  facet normal 0 -0.5956993044924295 0.8032075314806478
    outer loop
      vertex 3.5 -4.426830496195296 13.777634802896277
      vertex 10.5 -4.626586860466277 13.62948538621339
      vertex 10.5 -4.426830496195296 13.777634802896277
    endloop
  endfacet
  facet normal 0 -0.5691001458789001 0.8222682189897739
    outer loop
      vertex 3.5 -4.2223337709489766 13.919169053499346
      vertex 10.5 -4.426830496195296 13.777634802896277
      vertex 10.5 -4.2223337709489766 13.919169053499346
    endloop
  endfacet
  facet normal 0 -0.5418915805747507 0.8404484010944387
    outer loop
      vertex 3.5 -4.013315664942797 14.053936579602
      vertex 10.5 -4.2223337709489766 13.919169053499346
      vertex 10.5 -4.013315664942797 14.053936579602
    endloop
  endfacet
  facet normal 0 -0.5141027441932222 0.8577286100002717
    outer loop
      vertex 3.5 -3.8000000000000003 14.181793068761735
      vertex 10.5 -4.013315664942797 14.053936579602
      vertex 10.5 -3.8000000000000003 14.181793068761735
    endloop
  endfacet
  facet normal 1 0 0
    outer loop
      vertex 10.5 -3.582615199877582 0.8973983909525014
      vertex 10.5 -3.582615199877582 14.3026016090475
      vertex 10.5 -3.8000000000000003 14.181793068761735
    endloop
  endfacet
  facet normal 1 0 0
    outer loop
      vertex 10.5 -3.3613940456644102 0.7837671643515689
      vertex 10.5 -3.3613940456644102 14.416232835648433
      vertex 10.5 -3.582615199877582 14.3026016090475
    endloop
  endfacet
  facet normal 1 0 0
    outer loop
      vertex 10.5 -3.1365734265134 0.6774349305990643
      vertex 10.5 -3.1365734265134 14.522565069400937
      vertex 10.5 -3.3613940456644102 14.416232835648433
    endloop
  endfacet
  facet normal 1 0 0
    outer loop
      vertex 10.5 -2.9083940859746824 0.5785155529142205
      vertex 10.5 -2.9083940859746824 14.62148444708578
      vertex 10.5 -3.1365734265134 14.522565069400937
    endloop
  endfacet
  facet normal 1 0 0
    outer loop
      vertex 10.5 -2.6771003642013746 0.4871149566443247
      vertex 10.5 -2.6771003642013746 14.712885043355676
      vertex 10.5 -2.9083940859746824 14.62148444708578
    endloop
  endfacet
  facet normal 1 0 0
    outer loop
      vertex 10.5 -2.442939936304028 0.403331015837197
      vertex 10.5 -2.442939936304028 14.796668984162803
      vertex 10.5 -2.6771003642013746 14.712885043355676
    endloop
  endfacet
  facet normal 1 0 0
    outer loop
      vertex 10.5 -2.206163547133914 0.3272534484352132
      vertex 10.5 -2.206163547133914 14.872746551564788
      vertex 10.5 -2.442939936304028 14.796668984162803
    endloop
  endfacet
  facet normal 1 0 0
    outer loop
      vertex 10.5 -1.9670247427791578 0.2589637202030808
      vertex 10.5 -1.9670247427791578 14.94103627979692
      vertex 10.5 -2.206163547133914 14.872746551564788
    endloop
  endfacet
  facet normal 1 0 0
    outer loop
      vertex 10.5 -1.7257795990612366 0.19853495749226457
      vertex 10.5 -1.7257795990612366 15.001465042507736
      vertex 10.5 -1.9670247427791578 14.94103627979692
    endloop
  endfacet
  facet normal 1 0 0
    outer loop
      vertex 10.5 -1.4826864473225747 0.14603186893544873
      vertex 10.5 -1.4826864473225747 15.053968131064552
      vertex 10.5 -1.7257795990612366 15.001465042507736
    endloop
  endfacet
  facet normal 1 0 0
    outer loop
      vertex 10.5 -1.2380055977988744 0.10151067615491982
      vertex 10.5 -1.2380055977988744 15.098489323845081
      vertex 10.5 -1.4826864473225747 15.053968131064552
    endloop
  endfacet
  facet normal 1 0 0
    outer loop
      vertex 10.5 -0.991999060872392 0.06501905355904114
      vertex 10.5 -0.991999060872392 15.13498094644096
      vertex 10.5 -1.2380055977988744 15.098489323845081
    endloop
  endfacet
  facet normal 1 0 0
    outer loop
      vertex 10.5 -0.7449302665046607 0.03659607729130343
      vertex 10.5 -0.7449302665046607 15.163403922708698
      vertex 10.5 -0.991999060872392 15.13498094644096
    endloop
  endfacet
  facet normal 1 0 0
    outer loop
      vertex 10.5 -0.4970637821490873 0.016272183386613293
      vertex 10.5 -0.4970637821490873 15.183727816613388
      vertex 10.5 -0.7449302665046607 15.163403922708698
    endloop
  endfacet
  facet normal 1 0 0
    outer loop
      vertex 10.5 -0.24866502944549865 0.004069135179620709
      vertex 10.5 -0.24866502944549865 15.19593086482038
      vertex 10.5 -0.4970637821490873 15.183727816613388
    endloop
  endfacet
  facet normal 1 0 0
    outer loop
      vertex 10.5 -0.24866502944549865 15.19593086482038
      vertex 10.5 0 0
      vertex 10.5 0 15.200000000000001
    endloop
  endfacet
  facet normal 0 -0.4857633937163406 0.8740903416267586
    outer loop
      vertex 3.5 -3.8000000000000003 14.181793068761735
      vertex 10.5 -3.8000000000000003 14.181793068761735
      vertex 3.5 -3.582615199877582 14.3026016090475
    endloop
  endfacet
  facet normal 0 -0.45690387563042306 0.8895160754218548
    outer loop
      vertex 3.5 -3.582615199877582 14.3026016090475
      vertex 10.5 -3.582615199877582 14.3026016090475
      vertex 3.5 -3.3613940456644102 14.416232835648433
    endloop
  endfacet
  facet normal 0 -0.42755509343027653 0.9039892931234459
    outer loop
      vertex 3.5 -3.3613940456644102 14.416232835648433
      vertex 10.5 -3.3613940456644102 14.416232835648433
      vertex 3.5 -3.1365734265134 14.522565069400937
    endloop
  endfacet
  facet normal 0 -0.3977484745270137 0.9174944964474903
    outer loop
      vertex 3.5 -3.1365734265134 14.522565069400937
      vertex 10.5 -3.1365734265134 14.522565069400937
      vertex 3.5 -2.9083940859746824 14.62148444708578
    endloop
  endfacet
  facet normal 0 -0.3675159365947029 0.9300172236840125
    outer loop
      vertex 3.5 -2.9083940859746824 14.62148444708578
      vertex 10.5 -2.9083940859746824 14.62148444708578
      vertex 3.5 -2.6771003642013746 14.712885043355676
    endloop
  endfacet
  facet normal 0 -0.33688985339221683 0.9415440651830219
    outer loop
      vertex 3.5 -2.6771003642013746 14.712885043355676
      vertex 10.5 -2.6771003642013746 14.712885043355676
      vertex 3.5 -2.442939936304028 14.796668984162803
    endloop
  endfacet
  facet normal 0 -0.3059030200965545 0.9520626777139239
    outer loop
      vertex 3.5 -2.442939936304028 14.796668984162803
      vertex 10.5 -2.442939936304028 14.796668984162803
      vertex 3.5 -2.206163547133914 14.872746551564788
    endloop
  endfacet
  facet normal 0 -0.2745886181849356 0.961561797682961
    outer loop
      vertex 3.5 -2.206163547133914 14.872746551564788
      vertex 10.5 -2.206163547133914 14.872746551564788
      vertex 3.5 -1.9670247427791578 14.94103627979692
    endloop
  endfacet
  facet normal 0 -0.24298017990325863 0.9700312531945453
    outer loop
      vertex 3.5 -1.9670247427791578 14.94103627979692
      vertex 10.5 -1.9670247427791578 14.94103627979692
      vertex 3.5 -1.7257795990612366 15.001465042507736
    endloop
  endfacet
  facet normal 0 -0.21111155235896892 0.977461974943571
    outer loop
      vertex 3.5 -1.7257795990612366 15.001465042507736
      vertex 10.5 -1.7257795990612366 15.001465042507736
      vertex 3.5 -1.4826864473225747 15.053968131064552
    endloop
  endfacet
  facet normal 0 -0.1790168612766323 0.9838460059270774
    outer loop
      vertex 3.5 -1.4826864473225747 15.053968131064552
      vertex 10.5 -1.4826864473225747 15.053968131064552
      vertex 3.5 -1.2380055977988744 15.098489323845081
    endloop
  endfacet
  facet normal 0 -0.14673047445536166 0.989176509964781
    outer loop
      vertex 3.5 -1.2380055977988744 15.098489323845081
      vertex 10.5 -1.2380055977988744 15.098489323845081
      vertex 3.5 -0.991999060872392 15.13498094644096
    endloop
  endfacet
  facet normal 0 -0.11428696496684847 0.9934477790194443
    outer loop
      vertex 3.5 -0.991999060872392 15.13498094644096
      vertex 10.5 -0.991999060872392 15.13498094644096
      vertex 3.5 -0.7449302665046607 15.163403922708698
    endloop
  endfacet
  facet normal 0 -0.08172107413366748 0.9966552393091804
    outer loop
      vertex 3.5 -0.7449302665046607 15.163403922708698
      vertex 10.5 -0.7449302665046607 15.163403922708698
      vertex 3.5 -0.4970637821490873 15.183727816613388
    endloop
  endfacet
  facet normal 0 -0.0490676743274158 0.9987954562051725
    outer loop
      vertex 3.5 -0.4970637821490873 15.183727816613388
      vertex 10.5 -0.4970637821490873 15.183727816613388
      vertex 3.5 -0.24866502944549865 15.19593086482038
    endloop
  endfacet
  facet normal 0 -0.01636173162648877 0.9998661379095617
    outer loop
      vertex 3.5 -0.24866502944549865 15.19593086482038
      vertex 10.5 -0.24866502944549865 15.19593086482038
      vertex 3.5 0 15.200000000000001
    endloop
  endfacet
  facet normal 0 -0.4857633937163406 0.8740903416267586
    outer loop
      vertex 3.5 -3.582615199877582 14.3026016090475
      vertex 10.5 -3.8000000000000003 14.181793068761735
      vertex 10.5 -3.582615199877582 14.3026016090475
    endloop
  endfacet
  facet normal 0 -0.45690387563042306 0.8895160754218548
    outer loop
      vertex 3.5 -3.3613940456644102 14.416232835648433
      vertex 10.5 -3.582615199877582 14.3026016090475
      vertex 10.5 -3.3613940456644102 14.416232835648433
    endloop
  endfacet
  facet normal 0 -0.42755509343027653 0.9039892931234459
    outer loop
      vertex 3.5 -3.1365734265134 14.522565069400937
      vertex 10.5 -3.3613940456644102 14.416232835648433
      vertex 10.5 -3.1365734265134 14.522565069400937
    endloop
  endfacet
  facet normal 0 -0.3977484745270137 0.9174944964474903
    outer loop
      vertex 3.5 -2.9083940859746824 14.62148444708578
      vertex 10.5 -3.1365734265134 14.522565069400937
      vertex 10.5 -2.9083940859746824 14.62148444708578
    endloop
  endfacet
  facet normal 0 -0.3675159365947029 0.9300172236840125
    outer loop
      vertex 3.5 -2.6771003642013746 14.712885043355676
      vertex 10.5 -2.9083940859746824 14.62148444708578
      vertex 10.5 -2.6771003642013746 14.712885043355676
    endloop
  endfacet
  facet normal 0 -0.33688985339221683 0.9415440651830219
    outer loop
      vertex 3.5 -2.442939936304028 14.796668984162803
      vertex 10.5 -2.6771003642013746 14.712885043355676
      vertex 10.5 -2.442939936304028 14.796668984162803
    endloop
  endfacet
  facet normal 0 -0.3059030200965545 0.9520626777139239
    outer loop
      vertex 3.5 -2.206163547133914 14.872746551564788
      vertex 10.5 -2.442939936304028 14.796668984162803
      vertex 10.5 -2.206163547133914 14.872746551564788
    endloop
  endfacet
  facet normal 0 -0.2745886181849356 0.961561797682961
    outer loop
      vertex 3.5 -1.9670247427791578 14.94103627979692
      vertex 10.5 -2.206163547133914 14.872746551564788
      vertex 10.5 -1.9670247427791578 14.94103627979692
    endloop
  endfacet
  facet normal 0 -0.24298017990325863 0.9700312531945453
    outer loop
      vertex 3.5 -1.7257795990612366 15.001465042507736
      vertex 10.5 -1.9670247427791578 14.94103627979692
      vertex 10.5 -1.7257795990612366 15.001465042507736
    endloop
  endfacet
  facet normal 0 -0.21111155235896892 0.977461974943571
    outer loop
      vertex 3.5 -1.4826864473225747 15.053968131064552
      vertex 10.5 -1.7257795990612366 15.001465042507736
      vertex 10.5 -1.4826864473225747 15.053968131064552
    endloop
  endfacet
  facet normal 0 -0.1790168612766323 0.9838460059270774
    outer loop
      vertex 3.5 -1.2380055977988744 15.098489323845081
      vertex 10.5 -1.4826864473225747 15.053968131064552
      vertex 10.5 -1.2380055977988744 15.098489323845081
    endloop
  endfacet
  facet normal 0 -0.14673047445536166 0.989176509964781
    outer loop
      vertex 3.5 -0.991999060872392 15.13498094644096
      vertex 10.5 -1.2380055977988744 15.098489323845081
      vertex 10.5 -0.991999060872392 15.13498094644096
    endloop
  endfacet
  facet normal 0 -0.11428696496684847 0.9934477790194443
    outer loop
      vertex 3.5 -0.7449302665046607 15.163403922708698
      vertex 10.5 -0.991999060872392 15.13498094644096
      vertex 10.5 -0.7449302665046607 15.163403922708698
    endloop
  endfacet
  facet normal 0 -0.08172107413366748 0.9966552393091804
    outer loop
      vertex 3.5 -0.4970637821490873 15.183727816613388
      vertex 10.5 -0.7449302665046607 15.163403922708698
      vertex 10.5 -0.4970637821490873 15.183727816613388
    endloop
  endfacet
  facet normal 0 -0.0490676743274158 0.9987954562051725
    outer loop
      vertex 3.5 -0.24866502944549865 15.19593086482038
      vertex 10.5 -0.4970637821490873 15.183727816613388
      vertex 10.5 -0.24866502944549865 15.19593086482038
    endloop
  endfacet
  facet normal 0 -0.01636173162648877 0.9998661379095617
    outer loop
      vertex 10.5 -0.24866502944549865 15.19593086482038
      vertex 10.5 0 15.200000000000001
      vertex 3.5 0 15.200000000000001
    endloop
  endfacet
  facet normal -1 0 0
    outer loop
      vertex 3.5 3.5 0.8549627272775674
      vertex 3.5 3.5 1
      vertex 3.5 3.582615199877582 0.8973983909525014
    endloop
  endfacet
  facet normal -1 0 0
    outer loop
      vertex 3.5 3.582615199877582 0.8973983909525014
      vertex 3.5 3.5 1
      vertex 3.5 3.582615199877582 14.3026016090475
    endloop
  endfacet
  facet normal -1 0 0
    outer loop
      vertex 3.5 3.582615199877582 0.8973983909525014
      vertex 3.5 3.8000000000000003 14.181793068761735
      vertex 3.5 3.8000000000000003 1.018206931238267
    endloop
  endfacet
  facet normal -1 0 0
    outer loop
      vertex 3.5 3.8000000000000003 1.018206931238267
      vertex 3.5 4.013315664942797 14.053936579602
      vertex 3.5 4.013315664942797 1.1460634203980007
    endloop
  endfacet
  facet normal -1 0 0
    outer loop
      vertex 3.5 4.013315664942797 1.1460634203980007
      vertex 3.5 4.2223337709489766 13.919169053499346
      vertex 3.5 4.2223337709489766 1.2808309465006564
    endloop
  endfacet
  facet normal -1 0 0
    outer loop
      vertex 3.5 4.2223337709489766 1.2808309465006564
      vertex 3.5 4.426830496195296 13.777634802896277
      vertex 3.5 4.426830496195296 1.4223651971037246
    endloop
  endfacet
  facet normal -1 0 0
    outer loop
      vertex 3.5 4.426830496195296 1.4223651971037246
      vertex 3.5 4.626586860466277 13.62948538621339
      vertex 3.5 4.626586860466277 1.5705146137866128
    endloop
  endfacet
  facet normal -1 0 0
    outer loop
      vertex 3.5 4.626586860466277 1.5705146137866128
      vertex 3.5 4.821388959643706 13.474879445556802
      vertex 3.5 4.821388959643706 1.7251205544431993
    endloop
  endfacet
  facet normal -1 0 0
    outer loop
      vertex 3.5 4.821388959643706 1.7251205544431993
      vertex 3.5 5.011028194760524 13.313982536840228
      vertex 3.5 5.011028194760524 1.8860174631597717
    endloop
  endfacet
  facet normal -1 0 0
    outer loop
      vertex 3.5 5.011028194760524 1.8860174631597717
      vertex 3.5 5.195301495373822 13.14696695250355
      vertex 3.5 5.195301495373822 2.0530330474964495
    endloop
  endfacet
  facet normal -1 0 0
    outer loop
      vertex 3.5 5.195301495373822 2.0530330474964495
      vertex 3.5 5.374011537017762 12.974011537017763
      vertex 3.5 5.374011537017762 2.2259884629822384
    endloop
  endfacet
  facet normal -1 0 0
    outer loop
      vertex 3.5 5.374011537017762 2.2259884629822384
      vertex 3.5 5.546966952503551 12.795301495373822
      vertex 3.5 5.546966952503551 2.404698504626179
    endloop
  endfacet
  facet normal -1 0 0
    outer loop
      vertex 3.5 5.546966952503551 2.404698504626179
      vertex 3.5 5.713982536840229 12.611028194760525
      vertex 3.5 5.713982536840229 2.588971805239477
    endloop
  endfacet
  facet normal -1 0 0
    outer loop
      vertex 3.5 5.713982536840229 2.588971805239477
      vertex 3.5 5.874879445556801 12.421388959643707
      vertex 3.5 5.874879445556801 2.778611040356295
    endloop
  endfacet
  facet normal -1 0 0
    outer loop
      vertex 3.5 5.874879445556801 2.778611040356295
      vertex 3.5 6.029485386213388 12.226586860466277
      vertex 3.5 6.029485386213388 2.973413139533723
    endloop
  endfacet
  facet normal -1 0 0
    outer loop
      vertex 3.5 6.029485386213388 2.973413139533723
      vertex 3.5 6.177634802896276 12.026830496195297
      vertex 3.5 6.177634802896276 3.1731695038047043
    endloop
  endfacet
  facet normal -1 0 0
    outer loop
      vertex 3.5 6.177634802896276 3.1731695038047043
      vertex 3.5 6.319169053499344 11.822333770948976
      vertex 3.5 6.319169053499344 3.377666229051024
    endloop
  endfacet
  facet normal -1 0 0
    outer loop
      vertex 3.5 6.319169053499344 3.377666229051024
      vertex 3.5 6.453936579602 11.613315664942798
      vertex 3.5 6.453936579602 3.5866843350572033
    endloop
  endfacet
  facet normal -1 0 0
    outer loop
      vertex 3.5 6.453936579602 3.5866843350572033
      vertex 3.5 6.581793068761733 11.4
      vertex 3.5 6.581793068761733 3.8000000000000003
    endloop
  endfacet
  facet normal -1 0 0
    outer loop
      vertex 3.5 6.581793068761733 3.8000000000000003
      vertex 3.5 6.702601609047499 11.182615199877583
      vertex 3.5 6.702601609047499 4.017384800122418
    endloop
  endfacet
  facet normal -1 0 0
    outer loop
      vertex 3.5 6.702601609047499 4.017384800122418
      vertex 3.5 6.816232835648432 10.961394045664411
      vertex 3.5 6.816232835648432 4.23860595433559
    endloop
  endfacet
  facet normal -1 0 0
    outer loop
      vertex 3.5 6.816232835648432 4.23860595433559
      vertex 3.5 6.922565069400936 10.7365734265134
      vertex 3.5 6.922565069400936 4.4634265734866005
    endloop
  endfacet
  facet normal -1 0 0
    outer loop
      vertex 3.5 6.922565069400936 4.4634265734866005
      vertex 3.5 7.02148444708578 10.508394085974682
      vertex 3.5 7.02148444708578 4.691605914025319
    endloop
  endfacet
  facet normal -1 0 0
    outer loop
      vertex 3.5 7.02148444708578 4.691605914025319
      vertex 3.5 7.112885043355676 10.277100364201376
      vertex 3.5 7.112885043355676 4.922899635798625
    endloop
  endfacet
  facet normal -1 0 0
    outer loop
      vertex 3.5 7.112885043355676 4.922899635798625
      vertex 3.5 7.1966689841628035 10.042939936304029
      vertex 3.5 7.1966689841628035 5.1570600636959725
    endloop
  endfacet
  facet normal -1 0 0
    outer loop
      vertex 3.5 7.1966689841628035 5.1570600636959725
      vertex 3.5 7.272746551564787 9.806163547133915
      vertex 3.5 7.272746551564787 5.393836452866086
    endloop
  endfacet
  facet normal -1 0 0
    outer loop
      vertex 3.5 7.272746551564787 5.393836452866086
      vertex 3.5 7.34103627979692 9.567024742779159
      vertex 3.5 7.34103627979692 5.632975257220843
    endloop
  endfacet
  facet normal -1 0 0
    outer loop
      vertex 3.5 7.34103627979692 5.632975257220843
      vertex 3.5 7.401465042507736 9.325779599061237
      vertex 3.5 7.401465042507736 5.874220400938764
    endloop
  endfacet
  facet normal -1 0 0
    outer loop
      vertex 3.5 7.401465042507736 5.874220400938764
      vertex 3.5 7.453968131064552 9.082686447322576
      vertex 3.5 7.453968131064552 6.117313552677426
    endloop
  endfacet
  facet normal -1 0 0
    outer loop
      vertex 3.5 7.453968131064552 6.117313552677426
      vertex 3.5 7.498489323845081 8.838005597798874
      vertex 3.5 7.498489323845081 6.361994402201126
    endloop
  endfacet
  facet normal -1 0 0
    outer loop
      vertex 3.5 7.498489323845081 6.361994402201126
      vertex 3.5 7.534980946440959 8.591999060872393
      vertex 3.5 7.534980946440959 6.608000939127608
    endloop
  endfacet
  facet normal -1 0 0
    outer loop
      vertex 3.5 7.534980946440959 6.608000939127608
      vertex 3.5 7.563403922708697 8.344930266504662
      vertex 3.5 7.563403922708697 6.855069733495339
    endloop
  endfacet
  facet normal -1 0 0
    outer loop
      vertex 3.5 7.563403922708697 6.855069733495339
      vertex 3.5 7.583727816613387 8.097063782149087
      vertex 3.5 7.583727816613387 7.102936217850913
    endloop
  endfacet
  facet normal -1 0 0
    outer loop
      vertex 3.5 7.583727816613387 7.102936217850913
      vertex 3.5 7.59593086482038 7.848665029445499
      vertex 3.5 7.59593086482038 7.351334970554502
    endloop
  endfacet
  facet normal 0 0.45690387563042045 -0.8895160754218561
    outer loop
      vertex 3.5 3.5 0.8549627272775674
      vertex 3.5 3.582615199877582 0.8973983909525014
      vertex 10.5 3.582615199877582 0.8973983909525014
    endloop
  endfacet
  facet normal 0 0.48576339371634336 -0.8740903416267571
    outer loop
      vertex 3.5 3.582615199877582 0.8973983909525014
      vertex 3.5 3.8000000000000003 1.018206931238267
      vertex 10.5 3.8000000000000003 1.018206931238267
    endloop
  endfacet
  facet normal 0 0.45690387563042045 -0.8895160754218561
    outer loop
      vertex 3.5 3.5 0.8549627272775674
      vertex 10.5 3.582615199877582 0.8973983909525014
      vertex 10.5 3.5 0.8549627272775674
    endloop
  endfacet
  facet normal 0 0.48576339371634336 -0.8740903416267571
    outer loop
      vertex 3.5 3.582615199877582 0.8973983909525014
      vertex 10.5 3.8000000000000003 1.018206931238267
      vertex 10.5 3.582615199877582 0.8973983909525014
    endloop
  endfacet
  facet normal 1 0 0
    outer loop
      vertex 10.5 0 0
      vertex 10.5 0.24866502944549865 0.004069135179620709
      vertex 10.5 0 15.200000000000001
    endloop
  endfacet
  facet normal 1 0 0
    outer loop
      vertex 10.5 0.24866502944549865 0.004069135179620709
      vertex 10.5 0.4970637821490873 0.016272183386613293
      vertex 10.5 0.24866502944549865 15.19593086482038
    endloop
  endfacet
  facet normal 1 0 0
    outer loop
      vertex 10.5 0.4970637821490873 0.016272183386613293
      vertex 10.5 0.7449302665046607 0.03659607729130343
      vertex 10.5 0.4970637821490873 15.183727816613388
    endloop
  endfacet
  facet normal 1 0 0
    outer loop
      vertex 10.5 0.7449302665046607 0.03659607729130343
      vertex 10.5 0.991999060872392 0.06501905355904114
      vertex 10.5 0.7449302665046607 15.163403922708698
    endloop
  endfacet
  facet normal 1 0 0
    outer loop
      vertex 10.5 0.991999060872392 0.06501905355904114
      vertex 10.5 1.2380055977988744 0.10151067615491982
      vertex 10.5 0.991999060872392 15.13498094644096
    endloop
  endfacet
  facet normal 1 0 0
    outer loop
      vertex 10.5 1.2380055977988744 0.10151067615491982
      vertex 10.5 1.4826864473225747 0.14603186893544873
      vertex 10.5 1.2380055977988744 15.098489323845081
    endloop
  endfacet
  facet normal 1 0 0
    outer loop
      vertex 10.5 1.4826864473225747 0.14603186893544873
      vertex 10.5 1.7257795990612366 0.19853495749226457
      vertex 10.5 1.4826864473225747 15.053968131064552
    endloop
  endfacet
  facet normal 1 0 0
    outer loop
      vertex 10.5 1.7257795990612366 0.19853495749226457
      vertex 10.5 1.9670247427791578 0.2589637202030808
      vertex 10.5 1.7257795990612366 15.001465042507736
    endloop
  endfacet
  facet normal 1 0 0
    outer loop
      vertex 10.5 1.9670247427791578 0.2589637202030808
      vertex 10.5 2.206163547133914 0.3272534484352132
      vertex 10.5 1.9670247427791578 14.94103627979692
    endloop
  endfacet
  facet normal 1 0 0
    outer loop
      vertex 10.5 2.206163547133914 0.3272534484352132
      vertex 10.5 2.442939936304028 0.403331015837197
      vertex 10.5 2.206163547133914 14.872746551564788
    endloop
  endfacet
  facet normal 1 0 0
    outer loop
      vertex 10.5 2.442939936304028 0.403331015837197
      vertex 10.5 2.6771003642013746 0.4871149566443247
      vertex 10.5 2.442939936304028 14.796668984162803
    endloop
  endfacet
  facet normal 1 0 0
    outer loop
      vertex 10.5 2.6771003642013746 0.4871149566443247
      vertex 10.5 2.9083940859746824 0.5785155529142205
      vertex 10.5 2.6771003642013746 14.712885043355676
    endloop
  endfacet
  facet normal 1 0 0
    outer loop
      vertex 10.5 2.9083940859746824 0.5785155529142205
      vertex 10.5 3.1365734265134 0.6774349305990643
      vertex 10.5 2.9083940859746824 14.62148444708578
    endloop
  endfacet
  facet normal 1 0 0
    outer loop
      vertex 10.5 3.1365734265134 0.6774349305990643
      vertex 10.5 3.3613940456644102 0.7837671643515689
      vertex 10.5 3.1365734265134 14.522565069400937
    endloop
  endfacet
  facet normal 1 0 0
    outer loop
      vertex 10.5 3.3613940456644102 0.7837671643515689
      vertex 10.5 3.5 0.8549627272775674
      vertex 10.5 3.3613940456644102 14.416232835648433
    endloop
  endfacet
  facet normal 1 0 0
    outer loop
      vertex 10.5 3.5 0.8549627272775674
      vertex 10.5 3.582615199877582 0.8973983909525014
      vertex 10.5 3.3613940456644102 14.416232835648433
    endloop
  endfacet
  facet normal 1 0 0
    outer loop
      vertex 10.5 3.582615199877582 0.8973983909525014
      vertex 10.5 3.8000000000000003 1.018206931238267
      vertex 10.5 3.582615199877582 14.3026016090475
    endloop
  endfacet
  facet normal 0 0.5141027441932197 -0.8577286100002733
    outer loop
      vertex 3.5 3.8000000000000003 1.018206931238267
      vertex 3.5 4.013315664942797 1.1460634203980007
      vertex 10.5 4.013315664942797 1.1460634203980007
    endloop
  endfacet
  facet normal 0 0.5418915805747533 -0.8404484010944371
    outer loop
      vertex 3.5 4.013315664942797 1.1460634203980007
      vertex 3.5 4.2223337709489766 1.2808309465006564
      vertex 10.5 4.2223337709489766 1.2808309465006564
    endloop
  endfacet
  facet normal 0 0.5691001458788977 -0.8222682189897755
    outer loop
      vertex 3.5 4.2223337709489766 1.2808309465006564
      vertex 3.5 4.426830496195296 1.4223651971037246
      vertex 10.5 4.426830496195296 1.4223651971037246
    endloop
  endfacet
  facet normal 0 0.5956993044924318 -0.8032075314806462
    outer loop
      vertex 3.5 4.426830496195296 1.4223651971037246
      vertex 3.5 4.626586860466277 1.5705146137866128
      vertex 10.5 4.626586860466277 1.5705146137866128
    endloop
  endfacet
  facet normal 0 0.6216605733700793 -0.7832867492286489
    outer loop
      vertex 3.5 4.626586860466277 1.5705146137866128
      vertex 3.5 4.821388959643706 1.7251205544431993
      vertex 10.5 4.821388959643706 1.7251205544431993
    endloop
  endfacet
  facet normal 0 0.6469561525348556 -0.7625272039063896
    outer loop
      vertex 3.5 4.821388959643706 1.7251205544431993
      vertex 3.5 5.011028194760524 1.8860174631597717
      vertex 10.5 5.011028194760524 1.8860174631597717
    endloop
  endfacet
  facet normal 0 0.6715589548470206 -0.7409511253549571
    outer loop
      vertex 3.5 5.011028194760524 1.8860174631597717
      vertex 3.5 5.195301495373822 2.0530330474964495
      vertex 10.5 5.195301495373822 2.0530330474964495
    endloop
  endfacet
  facet normal 0 0.6954426350096078 -0.718581617779702
    outer loop
      vertex 3.5 5.195301495373822 2.0530330474964495
      vertex 3.5 5.374011537017762 2.2259884629822384
      vertex 10.5 5.374011537017762 2.2259884629822384
    endloop
  endfacet
  facet normal 0 0.718581617779702 -0.6954426350096078
    outer loop
      vertex 3.5 5.374011537017762 2.2259884629822384
      vertex 3.5 5.546966952503551 2.404698504626179
      vertex 10.5 5.374011537017762 2.2259884629822384
    endloop
  endfacet
  facet normal 0 0.7409511253549571 -0.6715589548470206
    outer loop
      vertex 3.5 5.546966952503551 2.404698504626179
      vertex 3.5 5.713982536840229 2.588971805239477
      vertex 10.5 5.546966952503551 2.404698504626179
    endloop
  endfacet
  facet normal 0 0.7625272039063896 -0.6469561525348556
    outer loop
      vertex 3.5 5.713982536840229 2.588971805239477
      vertex 3.5 5.874879445556801 2.778611040356295
      vertex 10.5 5.713982536840229 2.588971805239477
    endloop
  endfacet
  facet normal 0 0.7832867492286489 -0.6216605733700793
    outer loop
      vertex 3.5 5.874879445556801 2.778611040356295
      vertex 3.5 6.029485386213388 2.973413139533723
      vertex 10.5 5.874879445556801 2.778611040356295
    endloop
  endfacet
  facet normal 0 0.8032075314806462 -0.5956993044924318
    outer loop
      vertex 3.5 6.029485386213388 2.973413139533723
      vertex 3.5 6.177634802896276 3.1731695038047043
      vertex 10.5 6.029485386213388 2.973413139533723
    endloop
  endfacet
  facet normal 0 0.8222682189897755 -0.5691001458788977
    outer loop
      vertex 3.5 6.177634802896276 3.1731695038047043
      vertex 3.5 6.319169053499344 3.377666229051024
      vertex 10.5 6.177634802896276 3.1731695038047043
    endloop
  endfacet
  facet normal 0 0.8404484010944371 -0.5418915805747533
    outer loop
      vertex 3.5 6.319169053499344 3.377666229051024
      vertex 3.5 6.453936579602 3.5866843350572033
      vertex 10.5 6.319169053499344 3.377666229051024
    endloop
  endfacet
  facet normal 0 0.8577286100002733 -0.5141027441932197
    outer loop
      vertex 3.5 6.453936579602 3.5866843350572033
      vertex 3.5 6.581793068761733 3.8000000000000003
      vertex 10.5 6.453936579602 3.5866843350572033
    endloop
  endfacet
  facet normal 0 0.5141027441932197 -0.8577286100002733
    outer loop
      vertex 3.5 3.8000000000000003 1.018206931238267
      vertex 10.5 4.013315664942797 1.1460634203980007
      vertex 10.5 3.8000000000000003 1.018206931238267
    endloop
  endfacet
  facet normal 0 0.5418915805747533 -0.8404484010944371
    outer loop
      vertex 3.5 4.013315664942797 1.1460634203980007
      vertex 10.5 4.2223337709489766 1.2808309465006564
      vertex 10.5 4.013315664942797 1.1460634203980007
    endloop
  endfacet
  facet normal 0 0.5691001458788977 -0.8222682189897755
    outer loop
      vertex 3.5 4.2223337709489766 1.2808309465006564
      vertex 10.5 4.426830496195296 1.4223651971037246
      vertex 10.5 4.2223337709489766 1.2808309465006564
    endloop
  endfacet
  facet normal 0 0.5956993044924318 -0.8032075314806462
    outer loop
      vertex 3.5 4.426830496195296 1.4223651971037246
      vertex 10.5 4.626586860466277 1.5705146137866128
      vertex 10.5 4.426830496195296 1.4223651971037246
    endloop
  endfacet
  facet normal 0 0.6216605733700793 -0.7832867492286489
    outer loop
      vertex 3.5 4.626586860466277 1.5705146137866128
      vertex 10.5 4.821388959643706 1.7251205544431993
      vertex 10.5 4.626586860466277 1.5705146137866128
    endloop
  endfacet
  facet normal 0 0.6469561525348556 -0.7625272039063896
    outer loop
      vertex 3.5 4.821388959643706 1.7251205544431993
      vertex 10.5 5.011028194760524 1.8860174631597717
      vertex 10.5 4.821388959643706 1.7251205544431993
    endloop
  endfacet
  facet normal 0 0.6715589548470206 -0.7409511253549571
    outer loop
      vertex 3.5 5.011028194760524 1.8860174631597717
      vertex 10.5 5.195301495373822 2.0530330474964495
      vertex 10.5 5.011028194760524 1.8860174631597717
    endloop
  endfacet
  facet normal 0 0.6954426350096078 -0.718581617779702
    outer loop
      vertex 3.5 5.195301495373822 2.0530330474964495
      vertex 10.5 5.374011537017762 2.2259884629822384
      vertex 10.5 5.195301495373822 2.0530330474964495
    endloop
  endfacet
  facet normal 0 0.718581617779702 -0.6954426350096078
    outer loop
      vertex 3.5 5.546966952503551 2.404698504626179
      vertex 10.5 5.546966952503551 2.404698504626179
      vertex 10.5 5.374011537017762 2.2259884629822384
    endloop
  endfacet
  facet normal 0 0.7409511253549571 -0.6715589548470206
    outer loop
      vertex 3.5 5.713982536840229 2.588971805239477
      vertex 10.5 5.713982536840229 2.588971805239477
      vertex 10.5 5.546966952503551 2.404698504626179
    endloop
  endfacet
  facet normal 0 0.7625272039063896 -0.6469561525348556
    outer loop
      vertex 3.5 5.874879445556801 2.778611040356295
      vertex 10.5 5.874879445556801 2.778611040356295
      vertex 10.5 5.713982536840229 2.588971805239477
    endloop
  endfacet
  facet normal 0 0.7832867492286489 -0.6216605733700793
    outer loop
      vertex 3.5 6.029485386213388 2.973413139533723
      vertex 10.5 6.029485386213388 2.973413139533723
      vertex 10.5 5.874879445556801 2.778611040356295
    endloop
  endfacet
  facet normal 0 0.8032075314806462 -0.5956993044924318
    outer loop
      vertex 3.5 6.177634802896276 3.1731695038047043
      vertex 10.5 6.177634802896276 3.1731695038047043
      vertex 10.5 6.029485386213388 2.973413139533723
    endloop
  endfacet
  facet normal 0 0.8222682189897755 -0.5691001458788977
    outer loop
      vertex 3.5 6.319169053499344 3.377666229051024
      vertex 10.5 6.319169053499344 3.377666229051024
      vertex 10.5 6.177634802896276 3.1731695038047043
    endloop
  endfacet
  facet normal 0 0.8404484010944371 -0.5418915805747533
    outer loop
      vertex 3.5 6.453936579602 3.5866843350572033
      vertex 10.5 6.453936579602 3.5866843350572033
      vertex 10.5 6.319169053499344 3.377666229051024
    endloop
  endfacet
  facet normal 0 0.8577286100002733 -0.5141027441932197
    outer loop
      vertex 3.5 6.581793068761733 3.8000000000000003
      vertex 10.5 6.581793068761733 3.8000000000000003
      vertex 10.5 6.453936579602 3.5866843350572033
    endloop
  endfacet
  facet normal 0 0.8740903416267567 -0.4857633937163441
    outer loop
      vertex 3.5 6.581793068761733 3.8000000000000003
      vertex 3.5 6.702601609047499 4.017384800122418
      vertex 10.5 6.581793068761733 3.8000000000000003
    endloop
  endfacet
  facet normal 0 0.8895160754218563 -0.45690387563042023
    outer loop
      vertex 3.5 6.702601609047499 4.017384800122418
      vertex 3.5 6.816232835648432 4.23860595433559
      vertex 10.5 6.702601609047499 4.017384800122418
    endloop
  endfacet
  facet normal 0 0.9039892931234449 -0.4275550934302788
    outer loop
      vertex 3.5 6.816232835648432 4.23860595433559
      vertex 3.5 6.922565069400936 4.4634265734866005
      vertex 10.5 6.816232835648432 4.23860595433559
    endloop
  endfacet
  facet normal 0 0.9174944964474905 -0.397748474527013
    outer loop
      vertex 3.5 6.922565069400936 4.4634265734866005
      vertex 3.5 7.02148444708578 4.691605914025319
      vertex 10.5 6.922565069400936 4.4634265734866005
    endloop
  endfacet
  facet normal 0 0.9300172236840119 -0.36751593659470405
    outer loop
      vertex 3.5 7.02148444708578 4.691605914025319
      vertex 3.5 7.112885043355676 4.922899635798625
      vertex 10.5 7.02148444708578 4.691605914025319
    endloop
  endfacet
  facet normal 0 0.9415440651830209 -0.33688985339221944
    outer loop
      vertex 3.5 7.112885043355676 4.922899635798625
      vertex 3.5 7.1966689841628035 5.1570600636959725
      vertex 10.5 7.112885043355676 4.922899635798625
    endloop
  endfacet
  facet normal 0 0.9520626777139248 -0.3059030200965518
    outer loop
      vertex 3.5 7.1966689841628035 5.1570600636959725
      vertex 3.5 7.272746551564787 5.393836452866086
      vertex 10.5 7.1966689841628035 5.1570600636959725
    endloop
  endfacet
  facet normal 0 0.9615617976829612 -0.2745886181849349
    outer loop
      vertex 3.5 7.272746551564787 5.393836452866086
      vertex 3.5 7.34103627979692 5.632975257220843
      vertex 10.5 7.272746551564787 5.393836452866086
    endloop
  endfacet
  facet normal 0 0.9700312531945444 -0.24298017990326198
    outer loop
      vertex 3.5 7.34103627979692 5.632975257220843
      vertex 3.5 7.401465042507736 5.874220400938764
      vertex 10.5 7.34103627979692 5.632975257220843
    endloop
  endfacet
  facet normal 0 0.9774619749435718 -0.2111115523589657
    outer loop
      vertex 3.5 7.401465042507736 5.874220400938764
      vertex 3.5 7.453968131064552 6.117313552677426
      vertex 10.5 7.401465042507736 5.874220400938764
    endloop
  endfacet
  facet normal 0 0.9838460059270774 -0.17901686127663247
    outer loop
      vertex 3.5 7.453968131064552 6.117313552677426
      vertex 3.5 7.498489323845081 6.361994402201126
      vertex 10.5 7.453968131064552 6.117313552677426
    endloop
  endfacet
  facet normal 0 0.989176509964781 -0.14673047445536172
    outer loop
      vertex 3.5 7.498489323845081 6.361994402201126
      vertex 3.5 7.534980946440959 6.608000939127608
      vertex 10.5 7.498489323845081 6.361994402201126
    endloop
  endfacet
  facet normal 0 0.9934477790194443 -0.11428696496684852
    outer loop
      vertex 3.5 7.534980946440959 6.608000939127608
      vertex 3.5 7.563403922708697 6.855069733495339
      vertex 10.5 7.534980946440959 6.608000939127608
    endloop
  endfacet
  facet normal 0 0.9966552393091804 -0.08172107413366742
    outer loop
      vertex 3.5 7.563403922708697 6.855069733495339
      vertex 3.5 7.583727816613387 7.102936217850913
      vertex 10.5 7.563403922708697 6.855069733495339
    endloop
  endfacet
  facet normal 0 0.9987954562051724 -0.04906767432741927
    outer loop
      vertex 3.5 7.583727816613387 7.102936217850913
      vertex 3.5 7.59593086482038 7.351334970554502
      vertex 10.5 7.583727816613387 7.102936217850913
    endloop
  endfacet
  facet normal 0 0.9998661379095617 -0.016361731626485215
    outer loop
      vertex 3.5 7.59593086482038 7.351334970554502
      vertex 3.5 7.6000000000000005 7.6000000000000005
      vertex 10.5 7.59593086482038 7.351334970554502
    endloop
  endfacet
  facet normal 1 0 0
    outer loop
      vertex 10.5 3.8000000000000003 1.018206931238267
      vertex 10.5 4.013315664942797 1.1460634203980007
      vertex 10.5 3.8000000000000003 14.181793068761735
    endloop
  endfacet
  facet normal 1 0 0
    outer loop
      vertex 10.5 4.013315664942797 1.1460634203980007
      vertex 10.5 4.2223337709489766 1.2808309465006564
      vertex 10.5 4.013315664942797 14.053936579602
    endloop
  endfacet
  facet normal 1 0 0
    outer loop
      vertex 10.5 4.2223337709489766 1.2808309465006564
      vertex 10.5 4.426830496195296 1.4223651971037246
      vertex 10.5 4.2223337709489766 13.919169053499346
    endloop
  endfacet
  facet normal 1 0 0
    outer loop
      vertex 10.5 4.426830496195296 1.4223651971037246
      vertex 10.5 4.626586860466277 1.5705146137866128
      vertex 10.5 4.426830496195296 13.777634802896277
    endloop
  endfacet
  facet normal 1 0 0
    outer loop
      vertex 10.5 4.626586860466277 1.5705146137866128
      vertex 10.5 4.821388959643706 1.7251205544431993
      vertex 10.5 4.626586860466277 13.62948538621339
    endloop
  endfacet
  facet normal 1 0 0
    outer loop
      vertex 10.5 4.821388959643706 1.7251205544431993
      vertex 10.5 5.011028194760524 1.8860174631597717
      vertex 10.5 4.821388959643706 13.474879445556802
    endloop
  endfacet
  facet normal 1 0 0
    outer loop
      vertex 10.5 5.011028194760524 1.8860174631597717
      vertex 10.5 5.195301495373822 2.0530330474964495
      vertex 10.5 5.011028194760524 13.313982536840228
    endloop
  endfacet
  facet normal 1 0 0
    outer loop
      vertex 10.5 5.195301495373822 2.0530330474964495
      vertex 10.5 5.374011537017762 2.2259884629822384
      vertex 10.5 5.195301495373822 13.14696695250355
    endloop
  endfacet
  facet normal 1 0 0
    outer loop
      vertex 10.5 5.374011537017762 2.2259884629822384
      vertex 10.5 5.546966952503551 2.404698504626179
      vertex 10.5 5.374011537017762 12.974011537017763
    endloop
  endfacet
  facet normal 1 0 0
    outer loop
      vertex 10.5 5.546966952503551 2.404698504626179
      vertex 10.5 5.713982536840229 2.588971805239477
      vertex 10.5 5.546966952503551 12.795301495373822
    endloop
  endfacet
  facet normal 0 0.8740903416267567 -0.4857633937163441
    outer loop
      vertex 3.5 6.702601609047499 4.017384800122418
      vertex 10.5 6.702601609047499 4.017384800122418
      vertex 10.5 6.581793068761733 3.8000000000000003
    endloop
  endfacet
  facet normal 0 0.8895160754218563 -0.45690387563042023
    outer loop
      vertex 3.5 6.816232835648432 4.23860595433559
      vertex 10.5 6.816232835648432 4.23860595433559
      vertex 10.5 6.702601609047499 4.017384800122418
    endloop
  endfacet
  facet normal 0 0.9039892931234449 -0.4275550934302788
    outer loop
      vertex 3.5 6.922565069400936 4.4634265734866005
      vertex 10.5 6.922565069400936 4.4634265734866005
      vertex 10.5 6.816232835648432 4.23860595433559
    endloop
  endfacet
  facet normal 0 0.9174944964474905 -0.397748474527013
    outer loop
      vertex 3.5 7.02148444708578 4.691605914025319
      vertex 10.5 7.02148444708578 4.691605914025319
      vertex 10.5 6.922565069400936 4.4634265734866005
    endloop
  endfacet
  facet normal 0 0.9300172236840119 -0.36751593659470405
    outer loop
      vertex 3.5 7.112885043355676 4.922899635798625
      vertex 10.5 7.112885043355676 4.922899635798625
      vertex 10.5 7.02148444708578 4.691605914025319
    endloop
  endfacet
  facet normal 0 0.9415440651830209 -0.33688985339221944
    outer loop
      vertex 3.5 7.1966689841628035 5.1570600636959725
      vertex 10.5 7.1966689841628035 5.1570600636959725
      vertex 10.5 7.112885043355676 4.922899635798625
    endloop
  endfacet
  facet normal 0 0.9520626777139248 -0.3059030200965518
    outer loop
      vertex 3.5 7.272746551564787 5.393836452866086
      vertex 10.5 7.272746551564787 5.393836452866086
      vertex 10.5 7.1966689841628035 5.1570600636959725
    endloop
  endfacet
  facet normal 0 0.9615617976829612 -0.2745886181849349
    outer loop
      vertex 3.5 7.34103627979692 5.632975257220843
      vertex 10.5 7.34103627979692 5.632975257220843
      vertex 10.5 7.272746551564787 5.393836452866086
    endloop
  endfacet
  facet normal 0 0.9700312531945444 -0.24298017990326198
    outer loop
      vertex 3.5 7.401465042507736 5.874220400938764
      vertex 10.5 7.401465042507736 5.874220400938764
      vertex 10.5 7.34103627979692 5.632975257220843
    endloop
  endfacet
  facet normal 0 0.9774619749435718 -0.2111115523589657
    outer loop
      vertex 3.5 7.453968131064552 6.117313552677426
      vertex 10.5 7.453968131064552 6.117313552677426
      vertex 10.5 7.401465042507736 5.874220400938764
    endloop
  endfacet
  facet normal 0 0.9838460059270774 -0.17901686127663247
    outer loop
      vertex 3.5 7.498489323845081 6.361994402201126
      vertex 10.5 7.498489323845081 6.361994402201126
      vertex 10.5 7.453968131064552 6.117313552677426
    endloop
  endfacet
  facet normal 0 0.989176509964781 -0.14673047445536172
    outer loop
      vertex 3.5 7.534980946440959 6.608000939127608
      vertex 10.5 7.534980946440959 6.608000939127608
      vertex 10.5 7.498489323845081 6.361994402201126
    endloop
  endfacet
  facet normal 0 0.9934477790194443 -0.11428696496684852
    outer loop
      vertex 3.5 7.563403922708697 6.855069733495339
      vertex 10.5 7.563403922708697 6.855069733495339
      vertex 10.5 7.534980946440959 6.608000939127608
    endloop
  endfacet
  facet normal 0 0.9966552393091804 -0.08172107413366742
    outer loop
      vertex 3.5 7.583727816613387 7.102936217850913
      vertex 10.5 7.583727816613387 7.102936217850913
      vertex 10.5 7.563403922708697 6.855069733495339
    endloop
  endfacet
  facet normal 0 0.9987954562051724 -0.04906767432741927
    outer loop
      vertex 3.5 7.59593086482038 7.351334970554502
      vertex 10.5 7.59593086482038 7.351334970554502
      vertex 10.5 7.583727816613387 7.102936217850913
    endloop
  endfacet
  facet normal 0 0.9998661379095617 -0.016361731626485215
    outer loop
      vertex 10.5 7.59593086482038 7.351334970554502
      vertex 3.5 7.6000000000000005 7.6000000000000005
      vertex 10.5 7.6000000000000005 7.6000000000000005
    endloop
  endfacet
  facet normal 1 0 0
    outer loop
      vertex 10.5 5.713982536840229 2.588971805239477
      vertex 10.5 5.874879445556801 2.778611040356295
      vertex 10.5 5.713982536840229 12.611028194760525
    endloop
  endfacet
  facet normal 1 0 0
    outer loop
      vertex 10.5 5.874879445556801 2.778611040356295
      vertex 10.5 6.029485386213388 2.973413139533723
      vertex 10.5 5.874879445556801 12.421388959643707
    endloop
  endfacet
  facet normal 1 0 0
    outer loop
      vertex 10.5 6.029485386213388 2.973413139533723
      vertex 10.5 6.177634802896276 3.1731695038047043
      vertex 10.5 6.029485386213388 12.226586860466277
    endloop
  endfacet
  facet normal 1 0 0
    outer loop
      vertex 10.5 6.177634802896276 3.1731695038047043
      vertex 10.5 6.319169053499344 3.377666229051024
      vertex 10.5 6.177634802896276 12.026830496195297
    endloop
  endfacet
  facet normal 1 0 0
    outer loop
      vertex 10.5 6.319169053499344 3.377666229051024
      vertex 10.5 6.453936579602 3.5866843350572033
      vertex 10.5 6.319169053499344 11.822333770948976
    endloop
  endfacet
  facet normal 1 0 0
    outer loop
      vertex 10.5 6.453936579602 3.5866843350572033
      vertex 10.5 6.581793068761733 3.8000000000000003
      vertex 10.5 6.453936579602 11.613315664942798
    endloop
  endfacet
  facet normal 1 0 0
    outer loop
      vertex 10.5 6.581793068761733 3.8000000000000003
      vertex 10.5 6.702601609047499 4.017384800122418
      vertex 10.5 6.581793068761733 11.4
    endloop
  endfacet
  facet normal 1 0 0
    outer loop
      vertex 10.5 6.702601609047499 4.017384800122418
      vertex 10.5 6.816232835648432 4.23860595433559
      vertex 10.5 6.702601609047499 11.182615199877583
    endloop
  endfacet
  facet normal 1 0 0
    outer loop
      vertex 10.5 6.816232835648432 4.23860595433559
      vertex 10.5 6.922565069400936 4.4634265734866005
      vertex 10.5 6.816232835648432 10.961394045664411
    endloop
  endfacet
  facet normal 1 0 0
    outer loop
      vertex 10.5 6.922565069400936 4.4634265734866005
      vertex 10.5 7.02148444708578 4.691605914025319
      vertex 10.5 6.922565069400936 10.7365734265134
    endloop
  endfacet
  facet normal 1 0 0
    outer loop
      vertex 10.5 7.02148444708578 4.691605914025319
      vertex 10.5 7.112885043355676 4.922899635798625
      vertex 10.5 7.02148444708578 10.508394085974682
    endloop
  endfacet
  facet normal 1 0 0
    outer loop
      vertex 10.5 7.112885043355676 4.922899635798625
      vertex 10.5 7.1966689841628035 5.1570600636959725
      vertex 10.5 7.112885043355676 10.277100364201376
    endloop
  endfacet
  facet normal 1 0 0
    outer loop
      vertex 10.5 7.1966689841628035 5.1570600636959725
      vertex 10.5 7.272746551564787 5.393836452866086
      vertex 10.5 7.1966689841628035 10.042939936304029
    endloop
  endfacet
  facet normal 1 0 0
    outer loop
      vertex 10.5 7.272746551564787 5.393836452866086
      vertex 10.5 7.34103627979692 5.632975257220843
      vertex 10.5 7.272746551564787 9.806163547133915
    endloop
  endfacet
  facet normal 1 0 0
    outer loop
      vertex 10.5 7.34103627979692 5.632975257220843
      vertex 10.5 7.401465042507736 5.874220400938764
      vertex 10.5 7.34103627979692 9.567024742779159
    endloop
  endfacet
  facet normal 1 0 0
    outer loop
      vertex 10.5 7.401465042507736 5.874220400938764
      vertex 10.5 7.453968131064552 6.117313552677426
      vertex 10.5 7.401465042507736 9.325779599061237
    endloop
  endfacet
  facet normal 1 0 0
    outer loop
      vertex 10.5 7.453968131064552 6.117313552677426
      vertex 10.5 7.498489323845081 6.361994402201126
      vertex 10.5 7.453968131064552 9.082686447322576
    endloop
  endfacet
  facet normal 1 0 0
    outer loop
      vertex 10.5 7.498489323845081 6.361994402201126
      vertex 10.5 7.534980946440959 6.608000939127608
      vertex 10.5 7.498489323845081 8.838005597798874
    endloop
  endfacet
  facet normal 1 0 0
    outer loop
      vertex 10.5 7.534980946440959 6.608000939127608
      vertex 10.5 7.563403922708697 6.855069733495339
      vertex 10.5 7.534980946440959 8.591999060872393
    endloop
  endfacet
  facet normal 1 0 0
    outer loop
      vertex 10.5 7.563403922708697 6.855069733495339
      vertex 10.5 7.583727816613387 7.102936217850913
      vertex 10.5 7.563403922708697 8.344930266504662
    endloop
  endfacet
  facet normal 1 0 0
    outer loop
      vertex 10.5 7.583727816613387 7.102936217850913
      vertex 10.5 7.59593086482038 7.351334970554502
      vertex 10.5 7.583727816613387 8.097063782149087
    endloop
  endfacet
  facet normal -1 0 0
    outer loop
      vertex 3.5 3.5 1
      vertex 3.5 3.5 10.133333333333335
      vertex 3.5 3.582615199877582 14.3026016090475
    endloop
  endfacet
  facet normal -1 0 0
    outer loop
      vertex 3.5 3.582615199877582 0.8973983909525014
      vertex 3.5 3.582615199877582 14.3026016090475
      vertex 3.5 3.8000000000000003 14.181793068761735
    endloop
  endfacet
  facet normal -1 0 0
    outer loop
      vertex 3.5 -3.5 10.133333333333335
      vertex 3.5 2.206163547133914 14.872746551564788
      vertex 3.5 2.442939936304028 14.796668984162803
    endloop
  endfacet
  facet normal -1 0 0
    outer loop
      vertex 3.5 -3.5 10.133333333333335
      vertex 3.5 2.442939936304028 14.796668984162803
      vertex 3.5 2.6771003642013746 14.712885043355676
    endloop
  endfacet
  facet normal -1 0 0
    outer loop
      vertex 3.5 -3.5 10.133333333333335
      vertex 3.5 2.6771003642013746 14.712885043355676
      vertex 3.5 2.9083940859746824 14.62148444708578
    endloop
  endfacet
  facet normal -1 0 0
    outer loop
      vertex 3.5 -3.5 10.133333333333335
      vertex 3.5 2.9083940859746824 14.62148444708578
      vertex 3.5 3.1365734265134 14.522565069400937
    endloop
  endfacet
  facet normal -1 0 0
    outer loop
      vertex 3.5 -3.5 10.133333333333335
      vertex 3.5 3.582615199877582 14.3026016090475
      vertex 3.5 3.5 10.133333333333335
    endloop
  endfacet
  facet normal -1 0 0
    outer loop
      vertex 3.5 -3.5 10.133333333333335
      vertex 3.5 3.1365734265134 14.522565069400937
      vertex 3.5 3.3613940456644102 14.416232835648433
    endloop
  endfacet
  facet normal -1 0 0
    outer loop
      vertex 3.5 -3.5 10.133333333333335
      vertex 3.5 3.3613940456644102 14.416232835648433
      vertex 3.5 3.582615199877582 14.3026016090475
    endloop
  endfacet
  facet normal -1 0 0
    outer loop
      vertex 3.5 -3.5 10.133333333333335
      vertex 3.5 1.7257795990612366 15.001465042507736
      vertex 3.5 1.9670247427791578 14.94103627979692
    endloop
  endfacet
  facet normal -1 0 0
    outer loop
      vertex 3.5 -3.5 10.133333333333335
      vertex 3.5 1.9670247427791578 14.94103627979692
      vertex 3.5 2.206163547133914 14.872746551564788
    endloop
  endfacet
  facet normal -1 0 0
    outer loop
      vertex 3.5 5.011028194760524 1.8860174631597717
      vertex 3.5 5.011028194760524 13.313982536840228
      vertex 3.5 5.195301495373822 13.14696695250355
    endloop
  endfacet
  facet normal -1 0 0
    outer loop
      vertex 3.5 5.195301495373822 2.0530330474964495
      vertex 3.5 5.195301495373822 13.14696695250355
      vertex 3.5 5.374011537017762 12.974011537017763
    endloop
  endfacet
  facet normal -1 0 0
    outer loop
      vertex 3.5 5.374011537017762 2.2259884629822384
      vertex 3.5 5.374011537017762 12.974011537017763
      vertex 3.5 5.546966952503551 12.795301495373822
    endloop
  endfacet
  facet normal -1 0 0
    outer loop
      vertex 3.5 5.546966952503551 2.404698504626179
      vertex 3.5 5.546966952503551 12.795301495373822
      vertex 3.5 5.713982536840229 12.611028194760525
    endloop
  endfacet
  facet normal -1 0 0
    outer loop
      vertex 3.5 3.8000000000000003 1.018206931238267
      vertex 3.5 3.8000000000000003 14.181793068761735
      vertex 3.5 4.013315664942797 14.053936579602
    endloop
  endfacet
  facet normal -1 0 0
    outer loop
      vertex 3.5 4.013315664942797 1.1460634203980007
      vertex 3.5 4.013315664942797 14.053936579602
      vertex 3.5 4.2223337709489766 13.919169053499346
    endloop
  endfacet
  facet normal -1 0 0
    outer loop
      vertex 3.5 4.2223337709489766 1.2808309465006564
      vertex 3.5 4.2223337709489766 13.919169053499346
      vertex 3.5 4.426830496195296 13.777634802896277
    endloop
  endfacet
  facet normal -1 0 0
    outer loop
      vertex 3.5 4.426830496195296 1.4223651971037246
      vertex 3.5 4.426830496195296 13.777634802896277
      vertex 3.5 4.626586860466277 13.62948538621339
    endloop
  endfacet
  facet normal -1 0 0
    outer loop
      vertex 3.5 4.626586860466277 1.5705146137866128
      vertex 3.5 4.626586860466277 13.62948538621339
      vertex 3.5 4.821388959643706 13.474879445556802
    endloop
  endfacet
  facet normal -1 0 0
    outer loop
      vertex 3.5 4.821388959643706 1.7251205544431993
      vertex 3.5 4.821388959643706 13.474879445556802
      vertex 3.5 5.011028194760524 13.313982536840228
    endloop
  endfacet
  facet normal -1 0 0
    outer loop
      vertex 3.5 5.713982536840229 2.588971805239477
      vertex 3.5 5.713982536840229 12.611028194760525
      vertex 3.5 5.874879445556801 12.421388959643707
    endloop
  endfacet
  facet normal -1 0 0
    outer loop
      vertex 3.5 5.874879445556801 2.778611040356295
      vertex 3.5 5.874879445556801 12.421388959643707
      vertex 3.5 6.029485386213388 12.226586860466277
    endloop
  endfacet
  facet normal -1 0 0
    outer loop
      vertex 3.5 6.029485386213388 2.973413139533723
      vertex 3.5 6.029485386213388 12.226586860466277
      vertex 3.5 6.177634802896276 12.026830496195297
    endloop
  endfacet
  facet normal -1 0 0
    outer loop
      vertex 3.5 6.177634802896276 3.1731695038047043
      vertex 3.5 6.177634802896276 12.026830496195297
      vertex 3.5 6.319169053499344 11.822333770948976
    endloop
  endfacet
  facet normal -1 0 0
    outer loop
      vertex 3.5 6.319169053499344 3.377666229051024
      vertex 3.5 6.319169053499344 11.822333770948976
      vertex 3.5 6.453936579602 11.613315664942798
    endloop
  endfacet
  facet normal -1 0 0
    outer loop
      vertex 3.5 6.453936579602 3.5866843350572033
      vertex 3.5 6.453936579602 11.613315664942798
      vertex 3.5 6.581793068761733 11.4
    endloop
  endfacet
  facet normal -1 0 0
    outer loop
      vertex 3.5 6.581793068761733 3.8000000000000003
      vertex 3.5 6.581793068761733 11.4
      vertex 3.5 6.702601609047499 11.182615199877583
    endloop
  endfacet
  facet normal -1 0 0
    outer loop
      vertex 3.5 7.02148444708578 4.691605914025319
      vertex 3.5 7.02148444708578 10.508394085974682
      vertex 3.5 7.112885043355676 10.277100364201376
    endloop
  endfacet
  facet normal -1 0 0
    outer loop
      vertex 3.5 7.59593086482038 7.351334970554502
      vertex 3.5 7.59593086482038 7.848665029445499
      vertex 3.5 7.6000000000000005 7.6000000000000005
    endloop
  endfacet
  facet normal -1 0 0
    outer loop
      vertex 3.5 7.583727816613387 7.102936217850913
      vertex 3.5 7.583727816613387 8.097063782149087
      vertex 3.5 7.59593086482038 7.848665029445499
    endloop
  endfacet
  facet normal -1 0 0
    outer loop
      vertex 3.5 7.563403922708697 6.855069733495339
      vertex 3.5 7.563403922708697 8.344930266504662
      vertex 3.5 7.583727816613387 8.097063782149087
    endloop
  endfacet
  facet normal -1 0 0
    outer loop
      vertex 3.5 7.453968131064552 6.117313552677426
      vertex 3.5 7.453968131064552 9.082686447322576
      vertex 3.5 7.498489323845081 8.838005597798874
    endloop
  endfacet
  facet normal -1 0 0
    outer loop
      vertex 3.5 7.498489323845081 6.361994402201126
      vertex 3.5 7.498489323845081 8.838005597798874
      vertex 3.5 7.534980946440959 8.591999060872393
    endloop
  endfacet
  facet normal -1 0 0
    outer loop
      vertex 3.5 7.534980946440959 6.608000939127608
      vertex 3.5 7.534980946440959 8.591999060872393
      vertex 3.5 7.563403922708697 8.344930266504662
    endloop
  endfacet
  facet normal -1 0 0
    outer loop
      vertex 3.5 7.34103627979692 5.632975257220843
      vertex 3.5 7.34103627979692 9.567024742779159
      vertex 3.5 7.401465042507736 9.325779599061237
    endloop
  endfacet
  facet normal -1 0 0
    outer loop
      vertex 3.5 7.272746551564787 5.393836452866086
      vertex 3.5 7.272746551564787 9.806163547133915
      vertex 3.5 7.34103627979692 9.567024742779159
    endloop
  endfacet
  facet normal -1 0 0
    outer loop
      vertex 3.5 7.112885043355676 4.922899635798625
      vertex 3.5 7.112885043355676 10.277100364201376
      vertex 3.5 7.1966689841628035 10.042939936304029
    endloop
  endfacet
  facet normal -1 0 0
    outer loop
      vertex 3.5 7.1966689841628035 5.1570600636959725
      vertex 3.5 7.1966689841628035 10.042939936304029
      vertex 3.5 7.272746551564787 9.806163547133915
    endloop
  endfacet
  facet normal -1 0 0
    outer loop
      vertex 3.5 7.401465042507736 5.874220400938764
      vertex 3.5 7.401465042507736 9.325779599061237
      vertex 3.5 7.453968131064552 9.082686447322576
    endloop
  endfacet
  facet normal -1 0 0
    outer loop
      vertex 3.5 6.702601609047499 4.017384800122418
      vertex 3.5 6.702601609047499 11.182615199877583
      vertex 3.5 6.816232835648432 10.961394045664411
    endloop
  endfacet
  facet normal -1 0 0
    outer loop
      vertex 3.5 6.816232835648432 4.23860595433559
      vertex 3.5 6.816232835648432 10.961394045664411
      vertex 3.5 6.922565069400936 10.7365734265134
    endloop
  endfacet
  facet normal -1 0 0
    outer loop
      vertex 3.5 6.922565069400936 4.4634265734866005
      vertex 3.5 6.922565069400936 10.7365734265134
      vertex 3.5 7.02148444708578 10.508394085974682
    endloop
  endfacet
  facet normal 1 0 0
    outer loop
      vertex 10.5 0.24866502944549865 0.004069135179620709
      vertex 10.5 0.24866502944549865 15.19593086482038
      vertex 10.5 0 15.200000000000001
    endloop
  endfacet
  facet normal 1 0 0
    outer loop
      vertex 10.5 0.4970637821490873 0.016272183386613293
      vertex 10.5 0.4970637821490873 15.183727816613388
      vertex 10.5 0.24866502944549865 15.19593086482038
    endloop
  endfacet
  facet normal 1 0 0
    outer loop
      vertex 10.5 0.7449302665046607 0.03659607729130343
      vertex 10.5 0.7449302665046607 15.163403922708698
      vertex 10.5 0.4970637821490873 15.183727816613388
    endloop
  endfacet
  facet normal 1 0 0
    outer loop
      vertex 10.5 0.991999060872392 0.06501905355904114
      vertex 10.5 0.991999060872392 15.13498094644096
      vertex 10.5 0.7449302665046607 15.163403922708698
    endloop
  endfacet
  facet normal 1 0 0
    outer loop
      vertex 10.5 1.2380055977988744 0.10151067615491982
      vertex 10.5 1.2380055977988744 15.098489323845081
      vertex 10.5 0.991999060872392 15.13498094644096
    endloop
  endfacet
  facet normal 1 0 0
    outer loop
      vertex 10.5 1.4826864473225747 0.14603186893544873
      vertex 10.5 1.4826864473225747 15.053968131064552
      vertex 10.5 1.2380055977988744 15.098489323845081
    endloop
  endfacet
  facet normal 1 0 0
    outer loop
      vertex 10.5 1.7257795990612366 0.19853495749226457
      vertex 10.5 1.7257795990612366 15.001465042507736
      vertex 10.5 1.4826864473225747 15.053968131064552
    endloop
  endfacet
  facet normal 1 0 0
    outer loop
      vertex 10.5 1.9670247427791578 0.2589637202030808
      vertex 10.5 1.9670247427791578 14.94103627979692
      vertex 10.5 1.7257795990612366 15.001465042507736
    endloop
  endfacet
  facet normal 1 0 0
    outer loop
      vertex 10.5 2.206163547133914 0.3272534484352132
      vertex 10.5 2.206163547133914 14.872746551564788
      vertex 10.5 1.9670247427791578 14.94103627979692
    endloop
  endfacet
  facet normal 1 0 0
    outer loop
      vertex 10.5 2.442939936304028 0.403331015837197
      vertex 10.5 2.442939936304028 14.796668984162803
      vertex 10.5 2.206163547133914 14.872746551564788
    endloop
  endfacet
  facet normal 1 0 0
    outer loop
      vertex 10.5 2.9083940859746824 0.5785155529142205
      vertex 10.5 2.9083940859746824 14.62148444708578
      vertex 10.5 2.6771003642013746 14.712885043355676
    endloop
  endfacet
  facet normal 1 0 0
    outer loop
      vertex 10.5 2.6771003642013746 0.4871149566443247
      vertex 10.5 2.6771003642013746 14.712885043355676
      vertex 10.5 2.442939936304028 14.796668984162803
    endloop
  endfacet
  facet normal 1 0 0
    outer loop
      vertex 10.5 3.1365734265134 0.6774349305990643
      vertex 10.5 3.1365734265134 14.522565069400937
      vertex 10.5 2.9083940859746824 14.62148444708578
    endloop
  endfacet
  facet normal 1 0 0
    outer loop
      vertex 10.5 3.3613940456644102 0.7837671643515689
      vertex 10.5 3.3613940456644102 14.416232835648433
      vertex 10.5 3.1365734265134 14.522565069400937
    endloop
  endfacet
  facet normal 1 0 0
    outer loop
      vertex 10.5 3.582615199877582 0.8973983909525014
      vertex 10.5 3.582615199877582 14.3026016090475
      vertex 10.5 3.3613940456644102 14.416232835648433
    endloop
  endfacet
  facet normal 1 0 0
    outer loop
      vertex 10.5 3.8000000000000003 1.018206931238267
      vertex 10.5 3.8000000000000003 14.181793068761735
      vertex 10.5 3.582615199877582 14.3026016090475
    endloop
  endfacet
  facet normal 0 0.01636173162648877 0.9998661379095617
    outer loop
      vertex 3.5 0 15.200000000000001
      vertex 10.5 0 15.200000000000001
      vertex 3.5 0.24866502944549865 15.19593086482038
    endloop
  endfacet
  facet normal 0 0.0490676743274158 0.9987954562051725
    outer loop
      vertex 3.5 0.24866502944549865 15.19593086482038
      vertex 10.5 0.24866502944549865 15.19593086482038
      vertex 3.5 0.4970637821490873 15.183727816613388
    endloop
  endfacet
  facet normal 0 0.08172107413366748 0.9966552393091804
    outer loop
      vertex 3.5 0.4970637821490873 15.183727816613388
      vertex 10.5 0.4970637821490873 15.183727816613388
      vertex 3.5 0.7449302665046607 15.163403922708698
    endloop
  endfacet
  facet normal 0 0.11428696496684847 0.9934477790194443
    outer loop
      vertex 3.5 0.7449302665046607 15.163403922708698
      vertex 10.5 0.7449302665046607 15.163403922708698
      vertex 3.5 0.991999060872392 15.13498094644096
    endloop
  endfacet
  facet normal 0 0.14673047445536166 0.989176509964781
    outer loop
      vertex 3.5 0.991999060872392 15.13498094644096
      vertex 10.5 0.991999060872392 15.13498094644096
      vertex 3.5 1.2380055977988744 15.098489323845081
    endloop
  endfacet
  facet normal 0 0.1790168612766323 0.9838460059270774
    outer loop
      vertex 3.5 1.2380055977988744 15.098489323845081
      vertex 10.5 1.2380055977988744 15.098489323845081
      vertex 3.5 1.4826864473225747 15.053968131064552
    endloop
  endfacet
  facet normal 0 0.21111155235896892 0.977461974943571
    outer loop
      vertex 3.5 1.4826864473225747 15.053968131064552
      vertex 10.5 1.4826864473225747 15.053968131064552
      vertex 3.5 1.7257795990612366 15.001465042507736
    endloop
  endfacet
  facet normal 0 0.24298017990325863 0.9700312531945453
    outer loop
      vertex 3.5 1.7257795990612366 15.001465042507736
      vertex 10.5 1.7257795990612366 15.001465042507736
      vertex 3.5 1.9670247427791578 14.94103627979692
    endloop
  endfacet
  facet normal 0 0.2745886181849356 0.961561797682961
    outer loop
      vertex 3.5 1.9670247427791578 14.94103627979692
      vertex 10.5 1.9670247427791578 14.94103627979692
      vertex 3.5 2.206163547133914 14.872746551564788
    endloop
  endfacet
  facet normal 0 0.3059030200965545 0.9520626777139239
    outer loop
      vertex 3.5 2.206163547133914 14.872746551564788
      vertex 10.5 2.206163547133914 14.872746551564788
      vertex 3.5 2.442939936304028 14.796668984162803
    endloop
  endfacet
  facet normal 0 0.3675159365947029 0.9300172236840125
    outer loop
      vertex 3.5 2.6771003642013746 14.712885043355676
      vertex 10.5 2.6771003642013746 14.712885043355676
      vertex 3.5 2.9083940859746824 14.62148444708578
    endloop
  endfacet
  facet normal 0 0.33688985339221683 0.9415440651830219
    outer loop
      vertex 3.5 2.6771003642013746 14.712885043355676
      vertex 3.5 2.442939936304028 14.796668984162803
      vertex 10.5 2.442939936304028 14.796668984162803
    endloop
  endfacet
  facet normal 0 0.3977484745270137 0.9174944964474903
    outer loop
      vertex 3.5 2.9083940859746824 14.62148444708578
      vertex 10.5 2.9083940859746824 14.62148444708578
      vertex 3.5 3.1365734265134 14.522565069400937
    endloop
  endfacet
  facet normal 0 0.42755509343027653 0.9039892931234459
    outer loop
      vertex 3.5 3.1365734265134 14.522565069400937
      vertex 10.5 3.1365734265134 14.522565069400937
      vertex 3.5 3.3613940456644102 14.416232835648433
    endloop
  endfacet
  facet normal 0 0.45690387563042306 0.8895160754218548
    outer loop
      vertex 3.5 3.3613940456644102 14.416232835648433
      vertex 10.5 3.3613940456644102 14.416232835648433
      vertex 3.5 3.582615199877582 14.3026016090475
    endloop
  endfacet
  facet normal 0 0.4857633937163406 0.8740903416267586
    outer loop
      vertex 3.5 3.582615199877582 14.3026016090475
      vertex 10.5 3.582615199877582 14.3026016090475
      vertex 3.5 3.8000000000000003 14.181793068761735
    endloop
  endfacet
  facet normal 0 0.01636173162648877 0.9998661379095617
    outer loop
      vertex 3.5 0.24866502944549865 15.19593086482038
      vertex 10.5 0 15.200000000000001
      vertex 10.5 0.24866502944549865 15.19593086482038
    endloop
  endfacet
  facet normal 0 0.0490676743274158 0.9987954562051725
    outer loop
      vertex 3.5 0.4970637821490873 15.183727816613388
      vertex 10.5 0.24866502944549865 15.19593086482038
      vertex 10.5 0.4970637821490873 15.183727816613388
    endloop
  endfacet
  facet normal 0 0.08172107413366748 0.9966552393091804
    outer loop
      vertex 3.5 0.7449302665046607 15.163403922708698
      vertex 10.5 0.4970637821490873 15.183727816613388
      vertex 10.5 0.7449302665046607 15.163403922708698
    endloop
  endfacet
  facet normal 0 0.11428696496684847 0.9934477790194443
    outer loop
      vertex 3.5 0.991999060872392 15.13498094644096
      vertex 10.5 0.7449302665046607 15.163403922708698
      vertex 10.5 0.991999060872392 15.13498094644096
    endloop
  endfacet
  facet normal 0 0.14673047445536166 0.989176509964781
    outer loop
      vertex 3.5 1.2380055977988744 15.098489323845081
      vertex 10.5 0.991999060872392 15.13498094644096
      vertex 10.5 1.2380055977988744 15.098489323845081
    endloop
  endfacet
  facet normal 0 0.1790168612766323 0.9838460059270774
    outer loop
      vertex 3.5 1.4826864473225747 15.053968131064552
      vertex 10.5 1.2380055977988744 15.098489323845081
      vertex 10.5 1.4826864473225747 15.053968131064552
    endloop
  endfacet
  facet normal 0 0.21111155235896892 0.977461974943571
    outer loop
      vertex 3.5 1.7257795990612366 15.001465042507736
      vertex 10.5 1.4826864473225747 15.053968131064552
      vertex 10.5 1.7257795990612366 15.001465042507736
    endloop
  endfacet
  facet normal 0 0.24298017990325863 0.9700312531945453
    outer loop
      vertex 3.5 1.9670247427791578 14.94103627979692
      vertex 10.5 1.7257795990612366 15.001465042507736
      vertex 10.5 1.9670247427791578 14.94103627979692
    endloop
  endfacet
  facet normal 0 0.2745886181849356 0.961561797682961
    outer loop
      vertex 3.5 2.206163547133914 14.872746551564788
      vertex 10.5 1.9670247427791578 14.94103627979692
      vertex 10.5 2.206163547133914 14.872746551564788
    endloop
  endfacet
  facet normal 0 0.3059030200965545 0.9520626777139239
    outer loop
      vertex 3.5 2.442939936304028 14.796668984162803
      vertex 10.5 2.206163547133914 14.872746551564788
      vertex 10.5 2.442939936304028 14.796668984162803
    endloop
  endfacet
  facet normal 0 0.3675159365947029 0.9300172236840125
    outer loop
      vertex 3.5 2.9083940859746824 14.62148444708578
      vertex 10.5 2.6771003642013746 14.712885043355676
      vertex 10.5 2.9083940859746824 14.62148444708578
    endloop
  endfacet
  facet normal 0 0.33688985339221683 0.9415440651830219
    outer loop
      vertex 3.5 2.6771003642013746 14.712885043355676
      vertex 10.5 2.442939936304028 14.796668984162803
      vertex 10.5 2.6771003642013746 14.712885043355676
    endloop
  endfacet
  facet normal 0 0.4857633937163406 0.8740903416267586
    outer loop
      vertex 3.5 3.8000000000000003 14.181793068761735
      vertex 10.5 3.582615199877582 14.3026016090475
      vertex 10.5 3.8000000000000003 14.181793068761735
    endloop
  endfacet
  facet normal 0 0.3977484745270137 0.9174944964474903
    outer loop
      vertex 3.5 3.1365734265134 14.522565069400937
      vertex 10.5 2.9083940859746824 14.62148444708578
      vertex 10.5 3.1365734265134 14.522565069400937
    endloop
  endfacet
  facet normal 0 0.42755509343027653 0.9039892931234459
    outer loop
      vertex 3.5 3.3613940456644102 14.416232835648433
      vertex 10.5 3.1365734265134 14.522565069400937
      vertex 10.5 3.3613940456644102 14.416232835648433
    endloop
  endfacet
  facet normal 0 0.45690387563042306 0.8895160754218548
    outer loop
      vertex 3.5 3.582615199877582 14.3026016090475
      vertex 10.5 3.3613940456644102 14.416232835648433
      vertex 10.5 3.582615199877582 14.3026016090475
    endloop
  endfacet
  facet normal 0 0.9998661379095617 0.016361731626485215
    outer loop
      vertex 3.5 7.6000000000000005 7.6000000000000005
      vertex 3.5 7.59593086482038 7.848665029445499
      vertex 10.5 7.6000000000000005 7.6000000000000005
    endloop
  endfacet
  facet normal 0 0.9987954562051723 0.049067674327419444
    outer loop
      vertex 3.5 7.59593086482038 7.848665029445499
      vertex 3.5 7.583727816613387 8.097063782149087
      vertex 10.5 7.59593086482038 7.848665029445499
    endloop
  endfacet
  facet normal 0 0.9966552393091804 0.08172107413366712
    outer loop
      vertex 3.5 7.583727816613387 8.097063782149087
      vertex 3.5 7.563403922708697 8.344930266504662
      vertex 10.5 7.583727816613387 8.097063782149087
    endloop
  endfacet
  facet normal 0 0.9934477790194443 0.11428696496684852
    outer loop
      vertex 3.5 7.563403922708697 8.344930266504662
      vertex 3.5 7.534980946440959 8.591999060872393
      vertex 10.5 7.563403922708697 8.344930266504662
    endloop
  endfacet
  facet normal 0 0.9891765099647809 0.14673047445536222
    outer loop
      vertex 3.5 7.534980946440959 8.591999060872393
      vertex 3.5 7.498489323845081 8.838005597798874
      vertex 10.5 7.534980946440959 8.591999060872393
    endloop
  endfacet
  facet normal 0 0.9838460059270778 0.17901686127663125
    outer loop
      vertex 3.5 7.498489323845081 8.838005597798874
      vertex 3.5 7.453968131064552 9.082686447322576
      vertex 10.5 7.498489323845081 8.838005597798874
    endloop
  endfacet
  facet normal 0 0.9774619749435716 0.21111155235896642
    outer loop
      vertex 3.5 7.453968131064552 9.082686447322576
      vertex 3.5 7.401465042507736 9.325779599061237
      vertex 10.5 7.453968131064552 9.082686447322576
    endloop
  endfacet
  facet normal 0 0.9700312531945446 0.24298017990326115
    outer loop
      vertex 3.5 7.401465042507736 9.325779599061237
      vertex 3.5 7.34103627979692 9.567024742779159
      vertex 10.5 7.401465042507736 9.325779599061237
    endloop
  endfacet
  facet normal 0 0.9300172236840119 0.36751593659470405
    outer loop
      vertex 3.5 7.112885043355676 10.277100364201376
      vertex 3.5 7.02148444708578 10.508394085974682
      vertex 10.5 7.112885043355676 10.277100364201376
    endloop
  endfacet
  facet normal 0 0.9615617976829609 0.27458861818493585
    outer loop
      vertex 3.5 7.34103627979692 9.567024742779159
      vertex 3.5 7.272746551564787 9.806163547133915
      vertex 10.5 7.34103627979692 9.567024742779159
    endloop
  endfacet
  facet normal 0 0.9520626777139248 0.3059030200965518
    outer loop
      vertex 3.5 7.272746551564787 9.806163547133915
      vertex 3.5 7.1966689841628035 10.042939936304029
      vertex 10.5 7.272746551564787 9.806163547133915
    endloop
  endfacet
  facet normal 0 0.9415440651830209 0.33688985339221944
    outer loop
      vertex 3.5 7.112885043355676 10.277100364201376
      vertex 10.5 7.1966689841628035 10.042939936304029
      vertex 3.5 7.1966689841628035 10.042939936304029
    endloop
  endfacet
  facet normal 0 0.9039892931234449 0.4275550934302788
    outer loop
      vertex 3.5 6.922565069400936 10.7365734265134
      vertex 3.5 6.816232835648432 10.961394045664411
      vertex 10.5 6.922565069400936 10.7365734265134
    endloop
  endfacet
  facet normal 0 0.9174944964474905 0.397748474527013
    outer loop
      vertex 3.5 7.02148444708578 10.508394085974682
      vertex 3.5 6.922565069400936 10.7365734265134
      vertex 10.5 7.02148444708578 10.508394085974682
    endloop
  endfacet
  facet normal 0 0.8895160754218563 0.45690387563042023
    outer loop
      vertex 3.5 6.816232835648432 10.961394045664411
      vertex 3.5 6.702601609047499 11.182615199877583
      vertex 10.5 6.816232835648432 10.961394045664411
    endloop
  endfacet
  facet normal 0 0.8740903416267563 0.4857633937163448
    outer loop
      vertex 3.5 6.702601609047499 11.182615199877583
      vertex 3.5 6.581793068761733 11.4
      vertex 10.5 6.702601609047499 11.182615199877583
    endloop
  endfacet
  facet normal 1 0 0
    outer loop
      vertex 10.5 5.374011537017762 2.2259884629822384
      vertex 10.5 5.374011537017762 12.974011537017763
      vertex 10.5 5.195301495373822 13.14696695250355
    endloop
  endfacet
  facet normal 1 0 0
    outer loop
      vertex 10.5 5.546966952503551 2.404698504626179
      vertex 10.5 5.546966952503551 12.795301495373822
      vertex 10.5 5.374011537017762 12.974011537017763
    endloop
  endfacet
  facet normal 1 0 0
    outer loop
      vertex 10.5 5.713982536840229 2.588971805239477
      vertex 10.5 5.713982536840229 12.611028194760525
      vertex 10.5 5.546966952503551 12.795301495373822
    endloop
  endfacet
  facet normal 1 0 0
    outer loop
      vertex 10.5 4.013315664942797 1.1460634203980007
      vertex 10.5 4.013315664942797 14.053936579602
      vertex 10.5 3.8000000000000003 14.181793068761735
    endloop
  endfacet
  facet normal 1 0 0
    outer loop
      vertex 10.5 4.2223337709489766 1.2808309465006564
      vertex 10.5 4.2223337709489766 13.919169053499346
      vertex 10.5 4.013315664942797 14.053936579602
    endloop
  endfacet
  facet normal 1 0 0
    outer loop
      vertex 10.5 4.426830496195296 1.4223651971037246
      vertex 10.5 4.426830496195296 13.777634802896277
      vertex 10.5 4.2223337709489766 13.919169053499346
    endloop
  endfacet
  facet normal 1 0 0
    outer loop
      vertex 10.5 4.626586860466277 1.5705146137866128
      vertex 10.5 4.626586860466277 13.62948538621339
      vertex 10.5 4.426830496195296 13.777634802896277
    endloop
  endfacet
  facet normal 1 0 0
    outer loop
      vertex 10.5 4.821388959643706 1.7251205544431993
      vertex 10.5 4.821388959643706 13.474879445556802
      vertex 10.5 4.626586860466277 13.62948538621339
    endloop
  endfacet
  facet normal 1 0 0
    outer loop
      vertex 10.5 5.011028194760524 1.8860174631597717
      vertex 10.5 5.011028194760524 13.313982536840228
      vertex 10.5 4.821388959643706 13.474879445556802
    endloop
  endfacet
  facet normal 1 0 0
    outer loop
      vertex 10.5 5.195301495373822 2.0530330474964495
      vertex 10.5 5.195301495373822 13.14696695250355
      vertex 10.5 5.011028194760524 13.313982536840228
    endloop
  endfacet
  facet normal 0 0.9998661379095617 0.016361731626485215
    outer loop
      vertex 3.5 7.59593086482038 7.848665029445499
      vertex 10.5 7.59593086482038 7.848665029445499
      vertex 10.5 7.6000000000000005 7.6000000000000005
    endloop
  endfacet
  facet normal 0 0.9987954562051723 0.049067674327419444
    outer loop
      vertex 3.5 7.583727816613387 8.097063782149087
      vertex 10.5 7.583727816613387 8.097063782149087
      vertex 10.5 7.59593086482038 7.848665029445499
    endloop
  endfacet
  facet normal 0 0.9966552393091804 0.08172107413366712
    outer loop
      vertex 3.5 7.563403922708697 8.344930266504662
      vertex 10.5 7.563403922708697 8.344930266504662
      vertex 10.5 7.583727816613387 8.097063782149087
    endloop
  endfacet
  facet normal 0 0.9934477790194443 0.11428696496684852
    outer loop
      vertex 3.5 7.534980946440959 8.591999060872393
      vertex 10.5 7.534980946440959 8.591999060872393
      vertex 10.5 7.563403922708697 8.344930266504662
    endloop
  endfacet
  facet normal 0 0.9891765099647809 0.14673047445536222
    outer loop
      vertex 3.5 7.498489323845081 8.838005597798874
      vertex 10.5 7.498489323845081 8.838005597798874
      vertex 10.5 7.534980946440959 8.591999060872393
    endloop
  endfacet
  facet normal 0 0.9838460059270778 0.17901686127663125
    outer loop
      vertex 3.5 7.453968131064552 9.082686447322576
      vertex 10.5 7.453968131064552 9.082686447322576
      vertex 10.5 7.498489323845081 8.838005597798874
    endloop
  endfacet
  facet normal 0 0.9700312531945446 0.24298017990326115
    outer loop
      vertex 3.5 7.34103627979692 9.567024742779159
      vertex 10.5 7.34103627979692 9.567024742779159
      vertex 10.5 7.401465042507736 9.325779599061237
    endloop
  endfacet
  facet normal 0 0.9774619749435716 0.21111155235896642
    outer loop
      vertex 3.5 7.401465042507736 9.325779599061237
      vertex 10.5 7.401465042507736 9.325779599061237
      vertex 10.5 7.453968131064552 9.082686447322576
    endloop
  endfacet
  facet normal 1 0 0
    outer loop
      vertex 10.5 5.874879445556801 2.778611040356295
      vertex 10.5 5.874879445556801 12.421388959643707
      vertex 10.5 5.713982536840229 12.611028194760525
    endloop
  endfacet
  facet normal 1 0 0
    outer loop
      vertex 10.5 6.029485386213388 2.973413139533723
      vertex 10.5 6.029485386213388 12.226586860466277
      vertex 10.5 5.874879445556801 12.421388959643707
    endloop
  endfacet
  facet normal 1 0 0
    outer loop
      vertex 10.5 6.177634802896276 3.1731695038047043
      vertex 10.5 6.177634802896276 12.026830496195297
      vertex 10.5 6.029485386213388 12.226586860466277
    endloop
  endfacet
  facet normal 1 0 0
    outer loop
      vertex 10.5 6.453936579602 3.5866843350572033
      vertex 10.5 6.453936579602 11.613315664942798
      vertex 10.5 6.319169053499344 11.822333770948976
    endloop
  endfacet
  facet normal 1 0 0
    outer loop
      vertex 10.5 6.581793068761733 3.8000000000000003
      vertex 10.5 6.581793068761733 11.4
      vertex 10.5 6.453936579602 11.613315664942798
    endloop
  endfacet
  facet normal 1 0 0
    outer loop
      vertex 10.5 6.319169053499344 3.377666229051024
      vertex 10.5 6.319169053499344 11.822333770948976
      vertex 10.5 6.177634802896276 12.026830496195297
    endloop
  endfacet
  facet normal 1 0 0
    outer loop
      vertex 10.5 7.59593086482038 7.351334970554502
      vertex 10.5 7.6000000000000005 7.6000000000000005
      vertex 10.5 7.59593086482038 7.848665029445499
    endloop
  endfacet
  facet normal 1 0 0
    outer loop
      vertex 10.5 7.59593086482038 7.351334970554502
      vertex 10.5 7.59593086482038 7.848665029445499
      vertex 10.5 7.583727816613387 8.097063782149087
    endloop
  endfacet
  facet normal 1 0 0
    outer loop
      vertex 10.5 7.583727816613387 7.102936217850913
      vertex 10.5 7.583727816613387 8.097063782149087
      vertex 10.5 7.563403922708697 8.344930266504662
    endloop
  endfacet
  facet normal 1 0 0
    outer loop
      vertex 10.5 7.563403922708697 6.855069733495339
      vertex 10.5 7.563403922708697 8.344930266504662
      vertex 10.5 7.534980946440959 8.591999060872393
    endloop
  endfacet
  facet normal 1 0 0
    outer loop
      vertex 10.5 7.534980946440959 6.608000939127608
      vertex 10.5 7.534980946440959 8.591999060872393
      vertex 10.5 7.498489323845081 8.838005597798874
    endloop
  endfacet
  facet normal 1 0 0
    outer loop
      vertex 10.5 7.1966689841628035 5.1570600636959725
      vertex 10.5 7.1966689841628035 10.042939936304029
      vertex 10.5 7.112885043355676 10.277100364201376
    endloop
  endfacet
  facet normal 1 0 0
    outer loop
      vertex 10.5 7.272746551564787 5.393836452866086
      vertex 10.5 7.272746551564787 9.806163547133915
      vertex 10.5 7.1966689841628035 10.042939936304029
    endloop
  endfacet
  facet normal 1 0 0
    outer loop
      vertex 10.5 7.34103627979692 5.632975257220843
      vertex 10.5 7.34103627979692 9.567024742779159
      vertex 10.5 7.272746551564787 9.806163547133915
    endloop
  endfacet
  facet normal 1 0 0
    outer loop
      vertex 10.5 7.453968131064552 6.117313552677426
      vertex 10.5 7.453968131064552 9.082686447322576
      vertex 10.5 7.401465042507736 9.325779599061237
    endloop
  endfacet
  facet normal 1 0 0
    outer loop
      vertex 10.5 7.401465042507736 5.874220400938764
      vertex 10.5 7.401465042507736 9.325779599061237
      vertex 10.5 7.34103627979692 9.567024742779159
    endloop
  endfacet
  facet normal 1 0 0
    outer loop
      vertex 10.5 7.498489323845081 6.361994402201126
      vertex 10.5 7.498489323845081 8.838005597798874
      vertex 10.5 7.453968131064552 9.082686447322576
    endloop
  endfacet
  facet normal 1 0 0
    outer loop
      vertex 10.5 6.922565069400936 4.4634265734866005
      vertex 10.5 6.922565069400936 10.7365734265134
      vertex 10.5 6.816232835648432 10.961394045664411
    endloop
  endfacet
  facet normal 1 0 0
    outer loop
      vertex 10.5 6.702601609047499 4.017384800122418
      vertex 10.5 6.702601609047499 11.182615199877583
      vertex 10.5 6.581793068761733 11.4
    endloop
  endfacet
  facet normal 1 0 0
    outer loop
      vertex 10.5 6.816232835648432 4.23860595433559
      vertex 10.5 6.816232835648432 10.961394045664411
      vertex 10.5 6.702601609047499 11.182615199877583
    endloop
  endfacet
  facet normal 1 0 0
    outer loop
      vertex 10.5 7.02148444708578 4.691605914025319
      vertex 10.5 7.02148444708578 10.508394085974682
      vertex 10.5 6.922565069400936 10.7365734265134
    endloop
  endfacet
  facet normal 1 0 0
    outer loop
      vertex 10.5 7.112885043355676 4.922899635798625
      vertex 10.5 7.112885043355676 10.277100364201376
      vertex 10.5 7.02148444708578 10.508394085974682
    endloop
  endfacet
  facet normal 0 0.8740903416267563 0.4857633937163448
    outer loop
      vertex 3.5 6.581793068761733 11.4
      vertex 10.5 6.581793068761733 11.4
      vertex 10.5 6.702601609047499 11.182615199877583
    endloop
  endfacet
  facet normal 0 0.9300172236840119 0.36751593659470405
    outer loop
      vertex 3.5 7.02148444708578 10.508394085974682
      vertex 10.5 7.02148444708578 10.508394085974682
      vertex 10.5 7.112885043355676 10.277100364201376
    endloop
  endfacet
  facet normal 0 0.9615617976829609 0.27458861818493585
    outer loop
      vertex 3.5 7.272746551564787 9.806163547133915
      vertex 10.5 7.272746551564787 9.806163547133915
      vertex 10.5 7.34103627979692 9.567024742779159
    endloop
  endfacet
  facet normal 0 0.9520626777139248 0.3059030200965518
    outer loop
      vertex 3.5 7.1966689841628035 10.042939936304029
      vertex 10.5 7.1966689841628035 10.042939936304029
      vertex 10.5 7.272746551564787 9.806163547133915
    endloop
  endfacet
  facet normal 0 0.9415440651830209 0.33688985339221944
    outer loop
      vertex 3.5 7.112885043355676 10.277100364201376
      vertex 10.5 7.112885043355676 10.277100364201376
      vertex 10.5 7.1966689841628035 10.042939936304029
    endloop
  endfacet
  facet normal 0 0.9039892931234449 0.4275550934302788
    outer loop
      vertex 3.5 6.816232835648432 10.961394045664411
      vertex 10.5 6.816232835648432 10.961394045664411
      vertex 10.5 6.922565069400936 10.7365734265134
    endloop
  endfacet
  facet normal 0 0.9174944964474905 0.397748474527013
    outer loop
      vertex 3.5 6.922565069400936 10.7365734265134
      vertex 10.5 6.922565069400936 10.7365734265134
      vertex 10.5 7.02148444708578 10.508394085974682
    endloop
  endfacet
  facet normal 0 0.8895160754218563 0.45690387563042023
    outer loop
      vertex 3.5 6.702601609047499 11.182615199877583
      vertex 10.5 6.702601609047499 11.182615199877583
      vertex 10.5 6.816232835648432 10.961394045664411
    endloop
  endfacet
  facet normal 0 0.6715589548470206 0.7409511253549571
    outer loop
      vertex 3.5 5.195301495373822 13.14696695250355
      vertex 3.5 5.011028194760524 13.313982536840228
      vertex 10.5 5.011028194760524 13.313982536840228
    endloop
  endfacet
  facet normal 0 0.7409511253549554 0.6715589548470223
    outer loop
      vertex 3.5 5.546966952503551 12.795301495373822
      vertex 10.5 5.713982536840229 12.611028194760525
      vertex 3.5 5.713982536840229 12.611028194760525
    endloop
  endfacet
  facet normal 0 0.6954426350096059 0.7185816177797038
    outer loop
      vertex 3.5 5.195301495373822 13.14696695250355
      vertex 10.5 5.195301495373822 13.14696695250355
      vertex 3.5 5.374011537017762 12.974011537017763
    endloop
  endfacet
  facet normal 0 0.718581617779702 0.6954426350096078
    outer loop
      vertex 3.5 5.546966952503551 12.795301495373822
      vertex 3.5 5.374011537017762 12.974011537017763
      vertex 10.5 5.546966952503551 12.795301495373822
    endloop
  endfacet
  facet normal 0 0.5141027441932222 0.8577286100002717
    outer loop
      vertex 3.5 3.8000000000000003 14.181793068761735
      vertex 10.5 3.8000000000000003 14.181793068761735
      vertex 3.5 4.013315664942797 14.053936579602
    endloop
  endfacet
  facet normal 0 0.5418915805747507 0.8404484010944387
    outer loop
      vertex 3.5 4.013315664942797 14.053936579602
      vertex 10.5 4.013315664942797 14.053936579602
      vertex 3.5 4.2223337709489766 13.919169053499346
    endloop
  endfacet
  facet normal 0 0.5956993044924295 0.8032075314806478
    outer loop
      vertex 3.5 4.626586860466277 13.62948538621339
      vertex 3.5 4.426830496195296 13.777634802896277
      vertex 10.5 4.426830496195296 13.777634802896277
    endloop
  endfacet
  facet normal 0 0.6216605733700815 0.7832867492286473
    outer loop
      vertex 3.5 4.626586860466277 13.62948538621339
      vertex 10.5 4.626586860466277 13.62948538621339
      vertex 3.5 4.821388959643706 13.474879445556802
    endloop
  endfacet
  facet normal 0 0.5691001458789001 0.8222682189897739
    outer loop
      vertex 3.5 4.2223337709489766 13.919169053499346
      vertex 10.5 4.2223337709489766 13.919169053499346
      vertex 3.5 4.426830496195296 13.777634802896277
    endloop
  endfacet
  facet normal 0 0.6469561525348576 0.7625272039063878
    outer loop
      vertex 3.5 4.821388959643706 13.474879445556802
      vertex 10.5 4.821388959643706 13.474879445556802
      vertex 3.5 5.011028194760524 13.313982536840228
    endloop
  endfacet
  facet normal 0 0.8032075314806448 0.5956993044924335
    outer loop
      vertex 3.5 6.029485386213388 12.226586860466277
      vertex 10.5 6.177634802896276 12.026830496195297
      vertex 3.5 6.177634802896276 12.026830496195297
    endloop
  endfacet
  facet normal 0 0.7832867492286517 0.6216605733700757
    outer loop
      vertex 3.5 6.029485386213388 12.226586860466277
      vertex 3.5 5.874879445556801 12.421388959643707
      vertex 10.5 6.029485386213388 12.226586860466277
    endloop
  endfacet
  facet normal 0 0.840448401094436 0.5418915805747548
    outer loop
      vertex 3.5 6.319169053499344 11.822333770948976
      vertex 10.5 6.453936579602 11.613315664942798
      vertex 3.5 6.453936579602 11.613315664942798
    endloop
  endfacet
  facet normal 0 0.8577286100002738 0.5141027441932189
    outer loop
      vertex 3.5 6.453936579602 11.613315664942798
      vertex 10.5 6.581793068761733 11.4
      vertex 3.5 6.581793068761733 11.4
    endloop
  endfacet
  facet normal 0 0.8222682189897766 0.569100145878896
    outer loop
      vertex 3.5 6.319169053499344 11.822333770948976
      vertex 3.5 6.177634802896276 12.026830496195297
      vertex 10.5 6.319169053499344 11.822333770948976
    endloop
  endfacet
  facet normal 0 0.7625272039063896 0.6469561525348556
    outer loop
      vertex 3.5 5.874879445556801 12.421388959643707
      vertex 3.5 5.713982536840229 12.611028194760525
      vertex 10.5 5.874879445556801 12.421388959643707
    endloop
  endfacet
  facet normal 0 0.6715589548470206 0.7409511253549571
    outer loop
      vertex 3.5 5.195301495373822 13.14696695250355
      vertex 10.5 5.011028194760524 13.313982536840228
      vertex 10.5 5.195301495373822 13.14696695250355
    endloop
  endfacet
  facet normal 0 0.7409511253549554 0.6715589548470223
    outer loop
      vertex 3.5 5.546966952503551 12.795301495373822
      vertex 10.5 5.546966952503551 12.795301495373822
      vertex 10.5 5.713982536840229 12.611028194760525
    endloop
  endfacet
  facet normal 0 0.6954426350096059 0.7185816177797038
    outer loop
      vertex 3.5 5.374011537017762 12.974011537017763
      vertex 10.5 5.195301495373822 13.14696695250355
      vertex 10.5 5.374011537017762 12.974011537017763
    endloop
  endfacet
  facet normal 0 0.718581617779702 0.6954426350096078
    outer loop
      vertex 3.5 5.374011537017762 12.974011537017763
      vertex 10.5 5.374011537017762 12.974011537017763
      vertex 10.5 5.546966952503551 12.795301495373822
    endloop
  endfacet
  facet normal 0 0.5141027441932222 0.8577286100002717
    outer loop
      vertex 3.5 4.013315664942797 14.053936579602
      vertex 10.5 3.8000000000000003 14.181793068761735
      vertex 10.5 4.013315664942797 14.053936579602
    endloop
  endfacet
  facet normal 0 0.5418915805747507 0.8404484010944387
    outer loop
      vertex 3.5 4.2223337709489766 13.919169053499346
      vertex 10.5 4.013315664942797 14.053936579602
      vertex 10.5 4.2223337709489766 13.919169053499346
    endloop
  endfacet
  facet normal 0 0.5956993044924295 0.8032075314806478
    outer loop
      vertex 3.5 4.626586860466277 13.62948538621339
      vertex 10.5 4.426830496195296 13.777634802896277
      vertex 10.5 4.626586860466277 13.62948538621339
    endloop
  endfacet
  facet normal 0 0.5691001458789001 0.8222682189897739
    outer loop
      vertex 3.5 4.426830496195296 13.777634802896277
      vertex 10.5 4.2223337709489766 13.919169053499346
      vertex 10.5 4.426830496195296 13.777634802896277
    endloop
  endfacet
  facet normal 0 0.6216605733700815 0.7832867492286473
    outer loop
      vertex 3.5 4.821388959643706 13.474879445556802
      vertex 10.5 4.626586860466277 13.62948538621339
      vertex 10.5 4.821388959643706 13.474879445556802
    endloop
  endfacet
  facet normal 0 0.6469561525348576 0.7625272039063878
    outer loop
      vertex 3.5 5.011028194760524 13.313982536840228
      vertex 10.5 4.821388959643706 13.474879445556802
      vertex 10.5 5.011028194760524 13.313982536840228
    endloop
  endfacet
  facet normal 0 0.8032075314806448 0.5956993044924335
    outer loop
      vertex 3.5 6.029485386213388 12.226586860466277
      vertex 10.5 6.029485386213388 12.226586860466277
      vertex 10.5 6.177634802896276 12.026830496195297
    endloop
  endfacet
  facet normal 0 0.840448401094436 0.5418915805747548
    outer loop
      vertex 3.5 6.319169053499344 11.822333770948976
      vertex 10.5 6.319169053499344 11.822333770948976
      vertex 10.5 6.453936579602 11.613315664942798
    endloop
  endfacet
  facet normal 0 0.8577286100002738 0.5141027441932189
    outer loop
      vertex 3.5 6.453936579602 11.613315664942798
      vertex 10.5 6.453936579602 11.613315664942798
      vertex 10.5 6.581793068761733 11.4
    endloop
  endfacet
  facet normal 0 0.8222682189897766 0.569100145878896
    outer loop
      vertex 3.5 6.177634802896276 12.026830496195297
      vertex 10.5 6.177634802896276 12.026830496195297
      vertex 10.5 6.319169053499344 11.822333770948976
    endloop
  endfacet
  facet normal 0 0.7625272039063896 0.6469561525348556
    outer loop
      vertex 3.5 5.713982536840229 12.611028194760525
      vertex 10.5 5.713982536840229 12.611028194760525
      vertex 10.5 5.874879445556801 12.421388959643707
    endloop
  endfacet
  facet normal 0 0.7832867492286517 0.6216605733700757
    outer loop
      vertex 3.5 5.874879445556801 12.421388959643707
      vertex 10.5 5.874879445556801 12.421388959643707
      vertex 10.5 6.029485386213388 12.226586860466277
    endloop
  endfacet
  facet normal 0 -0.7625272039063896 -0.6469561525348556
    outer loop
      vertex -10.5 -5.713982536840229 2.588971805239477
      vertex -3.5 -5.874879445556801 2.778611040356295
      vertex -10.5 -5.874879445556801 2.778611040356295
    endloop
  endfacet
  facet normal 0 -0.8222682189897755 -0.5691001458788977
    outer loop
      vertex -10.5 -6.177634802896276 3.1731695038047043
      vertex -3.5 -6.319169053499344 3.377666229051024
      vertex -10.5 -6.319169053499344 3.377666229051024
    endloop
  endfacet
  facet normal 0 -0.8577286100002733 -0.5141027441932197
    outer loop
      vertex -10.5 -6.453936579602 3.5866843350572033
      vertex -3.5 -6.581793068761733 3.8000000000000003
      vertex -10.5 -6.581793068761733 3.8000000000000003
    endloop
  endfacet
  facet normal 0 -0.8404484010944371 -0.5418915805747533
    outer loop
      vertex -10.5 -6.453936579602 3.5866843350572033
      vertex -10.5 -6.319169053499344 3.377666229051024
      vertex -3.5 -6.453936579602 3.5866843350572033
    endloop
  endfacet
  facet normal 0 -0.7832867492286489 -0.6216605733700793
    outer loop
      vertex -10.5 -5.874879445556801 2.778611040356295
      vertex -3.5 -6.029485386213388 2.973413139533723
      vertex -10.5 -6.029485386213388 2.973413139533723
    endloop
  endfacet
  facet normal 0 -0.8032075314806462 -0.5956993044924318
    outer loop
      vertex -10.5 -6.177634802896276 3.1731695038047043
      vertex -10.5 -6.029485386213388 2.973413139533723
      vertex -3.5 -6.177634802896276 3.1731695038047043
    endloop
  endfacet
  facet normal 0 -0.6469561525348556 -0.7625272039063896
    outer loop
      vertex -10.5 -5.011028194760524 1.8860174631597717
      vertex -10.5 -4.821388959643706 1.7251205544431993
      vertex -3.5 -4.821388959643706 1.7251205544431993
    endloop
  endfacet
  facet normal 0 -0.5691001458788977 -0.8222682189897755
    outer loop
      vertex -10.5 -4.426830496195296 1.4223651971037246
      vertex -10.5 -4.2223337709489766 1.2808309465006564
      vertex -3.5 -4.2223337709489766 1.2808309465006564
    endloop
  endfacet
  facet normal 0 -0.6216605733700793 -0.7832867492286489
    outer loop
      vertex -10.5 -4.821388959643706 1.7251205544431993
      vertex -10.5 -4.626586860466277 1.5705146137866128
      vertex -3.5 -4.626586860466277 1.5705146137866128
    endloop
  endfacet
  facet normal 0 -0.5956993044924318 -0.8032075314806462
    outer loop
      vertex -10.5 -4.426830496195296 1.4223651971037246
      vertex -3.5 -4.426830496195296 1.4223651971037246
      vertex -10.5 -4.626586860466277 1.5705146137866128
    endloop
  endfacet
  facet normal 0 -0.5418915805747533 -0.8404484010944371
    outer loop
      vertex -10.5 -4.2223337709489766 1.2808309465006564
      vertex -10.5 -4.013315664942797 1.1460634203980007
      vertex -3.5 -4.013315664942797 1.1460634203980007
    endloop
  endfacet
  facet normal 0 -0.5141027441932197 -0.8577286100002733
    outer loop
      vertex -10.5 -4.013315664942797 1.1460634203980007
      vertex -10.5 -3.8000000000000003 1.018206931238267
      vertex -3.5 -3.8000000000000003 1.018206931238267
    endloop
  endfacet
  facet normal 0 -0.718581617779702 -0.6954426350096078
    outer loop
      vertex -10.5 -5.374011537017762 2.2259884629822384
      vertex -3.5 -5.546966952503551 2.404698504626179
      vertex -10.5 -5.546966952503551 2.404698504626179
    endloop
  endfacet
  facet normal 0 -0.6954426350096078 -0.718581617779702
    outer loop
      vertex -10.5 -5.374011537017762 2.2259884629822384
      vertex -10.5 -5.195301495373822 2.0530330474964495
      vertex -3.5 -5.195301495373822 2.0530330474964495
    endloop
  endfacet
  facet normal 0 -0.7409511253549571 -0.6715589548470206
    outer loop
      vertex -10.5 -5.713982536840229 2.588971805239477
      vertex -10.5 -5.546966952503551 2.404698504626179
      vertex -3.5 -5.713982536840229 2.588971805239477
    endloop
  endfacet
  facet normal 0 -0.6715589548470206 -0.7409511253549571
    outer loop
      vertex -10.5 -5.011028194760524 1.8860174631597717
      vertex -3.5 -5.011028194760524 1.8860174631597717
      vertex -10.5 -5.195301495373822 2.0530330474964495
    endloop
  endfacet
  facet normal 0 -0.7832867492286489 -0.6216605733700793
    outer loop
      vertex -10.5 -5.874879445556801 2.778611040356295
      vertex -3.5 -5.874879445556801 2.778611040356295
      vertex -3.5 -6.029485386213388 2.973413139533723
    endloop
  endfacet
  facet normal 0 -0.7625272039063896 -0.6469561525348556
    outer loop
      vertex -10.5 -5.713982536840229 2.588971805239477
      vertex -3.5 -5.713982536840229 2.588971805239477
      vertex -3.5 -5.874879445556801 2.778611040356295
    endloop
  endfacet
  facet normal 0 -0.8222682189897755 -0.5691001458788977
    outer loop
      vertex -10.5 -6.177634802896276 3.1731695038047043
      vertex -3.5 -6.177634802896276 3.1731695038047043
      vertex -3.5 -6.319169053499344 3.377666229051024
    endloop
  endfacet
  facet normal 0 -0.8577286100002733 -0.5141027441932197
    outer loop
      vertex -10.5 -6.453936579602 3.5866843350572033
      vertex -3.5 -6.453936579602 3.5866843350572033
      vertex -3.5 -6.581793068761733 3.8000000000000003
    endloop
  endfacet
  facet normal 0 -0.8404484010944371 -0.5418915805747533
    outer loop
      vertex -10.5 -6.319169053499344 3.377666229051024
      vertex -3.5 -6.319169053499344 3.377666229051024
      vertex -3.5 -6.453936579602 3.5866843350572033
    endloop
  endfacet
  facet normal 0 -0.8032075314806462 -0.5956993044924318
    outer loop
      vertex -10.5 -6.029485386213388 2.973413139533723
      vertex -3.5 -6.029485386213388 2.973413139533723
      vertex -3.5 -6.177634802896276 3.1731695038047043
    endloop
  endfacet
  facet normal 0 -0.6469561525348556 -0.7625272039063896
    outer loop
      vertex -10.5 -5.011028194760524 1.8860174631597717
      vertex -3.5 -4.821388959643706 1.7251205544431993
      vertex -3.5 -5.011028194760524 1.8860174631597717
    endloop
  endfacet
  facet normal 0 -0.6216605733700793 -0.7832867492286489
    outer loop
      vertex -10.5 -4.821388959643706 1.7251205544431993
      vertex -3.5 -4.626586860466277 1.5705146137866128
      vertex -3.5 -4.821388959643706 1.7251205544431993
    endloop
  endfacet
  facet normal 0 -0.5691001458788977 -0.8222682189897755
    outer loop
      vertex -10.5 -4.426830496195296 1.4223651971037246
      vertex -3.5 -4.2223337709489766 1.2808309465006564
      vertex -3.5 -4.426830496195296 1.4223651971037246
    endloop
  endfacet
  facet normal 0 -0.5956993044924318 -0.8032075314806462
    outer loop
      vertex -10.5 -4.626586860466277 1.5705146137866128
      vertex -3.5 -4.426830496195296 1.4223651971037246
      vertex -3.5 -4.626586860466277 1.5705146137866128
    endloop
  endfacet
  facet normal 0 -0.5418915805747533 -0.8404484010944371
    outer loop
      vertex -10.5 -4.2223337709489766 1.2808309465006564
      vertex -3.5 -4.013315664942797 1.1460634203980007
      vertex -3.5 -4.2223337709489766 1.2808309465006564
    endloop
  endfacet
  facet normal 0 -0.5141027441932197 -0.8577286100002733
    outer loop
      vertex -10.5 -4.013315664942797 1.1460634203980007
      vertex -3.5 -3.8000000000000003 1.018206931238267
      vertex -3.5 -4.013315664942797 1.1460634203980007
    endloop
  endfacet
  facet normal 0 -0.718581617779702 -0.6954426350096078
    outer loop
      vertex -10.5 -5.374011537017762 2.2259884629822384
      vertex -3.5 -5.374011537017762 2.2259884629822384
      vertex -3.5 -5.546966952503551 2.404698504626179
    endloop
  endfacet
  facet normal 0 -0.6954426350096078 -0.718581617779702
    outer loop
      vertex -10.5 -5.374011537017762 2.2259884629822384
      vertex -3.5 -5.195301495373822 2.0530330474964495
      vertex -3.5 -5.374011537017762 2.2259884629822384
    endloop
  endfacet
  facet normal 0 -0.7409511253549571 -0.6715589548470206
    outer loop
      vertex -10.5 -5.546966952503551 2.404698504626179
      vertex -3.5 -5.546966952503551 2.404698504626179
      vertex -3.5 -5.713982536840229 2.588971805239477
    endloop
  endfacet
  facet normal 0 -0.6715589548470206 -0.7409511253549571
    outer loop
      vertex -10.5 -5.195301495373822 2.0530330474964495
      vertex -3.5 -5.011028194760524 1.8860174631597717
      vertex -3.5 -5.195301495373822 2.0530330474964495
    endloop
  endfacet
  facet normal 0 -0.8740903416267567 -0.4857633937163441
    outer loop
      vertex -10.5 -6.702601609047499 4.017384800122418
      vertex -10.5 -6.581793068761733 3.8000000000000003
      vertex -3.5 -6.702601609047499 4.017384800122418
    endloop
  endfacet
  facet normal 0 -0.8895160754218563 -0.45690387563042023
    outer loop
      vertex -10.5 -6.702601609047499 4.017384800122418
      vertex -3.5 -6.816232835648432 4.23860595433559
      vertex -10.5 -6.816232835648432 4.23860595433559
    endloop
  endfacet
  facet normal 0 -0.9174944964474905 -0.397748474527013
    outer loop
      vertex -10.5 -6.922565069400936 4.4634265734866005
      vertex -3.5 -7.02148444708578 4.691605914025319
      vertex -10.5 -7.02148444708578 4.691605914025319
    endloop
  endfacet
  facet normal 0 -0.9039892931234449 -0.4275550934302788
    outer loop
      vertex -10.5 -6.816232835648432 4.23860595433559
      vertex -3.5 -6.922565069400936 4.4634265734866005
      vertex -10.5 -6.922565069400936 4.4634265734866005
    endloop
  endfacet
  facet normal 0 -0.9415440651830209 -0.33688985339221944
    outer loop
      vertex -10.5 -7.1966689841628035 5.1570600636959725
      vertex -10.5 -7.112885043355676 4.922899635798625
      vertex -3.5 -7.1966689841628035 5.1570600636959725
    endloop
  endfacet
  facet normal 0 -0.9520626777139248 -0.3059030200965518
    outer loop
      vertex -10.5 -7.1966689841628035 5.1570600636959725
      vertex -3.5 -7.272746551564787 5.393836452866086
      vertex -10.5 -7.272746551564787 5.393836452866086
    endloop
  endfacet
  facet normal 0 -0.9615617976829612 -0.2745886181849349
    outer loop
      vertex -10.5 -7.272746551564787 5.393836452866086
      vertex -3.5 -7.34103627979692 5.632975257220843
      vertex -10.5 -7.34103627979692 5.632975257220843
    endloop
  endfacet
  facet normal 0 -0.9300172236840119 -0.36751593659470405
    outer loop
      vertex -10.5 -7.02148444708578 4.691605914025319
      vertex -3.5 -7.112885043355676 4.922899635798625
      vertex -10.5 -7.112885043355676 4.922899635798625
    endloop
  endfacet
  facet normal -1 0 0
    outer loop
      vertex -10.5 -6.922565069400936 4.4634265734866005
      vertex -10.5 -7.02148444708578 4.691605914025319
      vertex -10.5 -6.922565069400936 10.7365734265134
    endloop
  endfacet
  facet normal -1 0 0
    outer loop
      vertex -10.5 -6.816232835648432 4.23860595433559
      vertex -10.5 -6.922565069400936 4.4634265734866005
      vertex -10.5 -6.816232835648432 10.961394045664411
    endloop
  endfacet
  facet normal -1 0 0
    outer loop
      vertex -10.5 -6.702601609047499 4.017384800122418
      vertex -10.5 -6.816232835648432 4.23860595433559
      vertex -10.5 -6.702601609047499 11.182615199877583
    endloop
  endfacet
  facet normal -1 0 0
    outer loop
      vertex -10.5 -7.401465042507736 5.874220400938764
      vertex -10.5 -7.453968131064552 6.117313552677426
      vertex -10.5 -7.401465042507736 9.325779599061237
    endloop
  endfacet
  facet normal -1 0 0
    outer loop
      vertex -10.5 -7.1966689841628035 5.1570600636959725
      vertex -10.5 -7.272746551564787 5.393836452866086
      vertex -10.5 -7.1966689841628035 10.042939936304029
    endloop
  endfacet
  facet normal -1 0 0
    outer loop
      vertex -10.5 -7.1966689841628035 5.1570600636959725
      vertex -10.5 -7.112885043355676 10.277100364201376
      vertex -10.5 -7.112885043355676 4.922899635798625
    endloop
  endfacet
  facet normal -1 0 0
    outer loop
      vertex -10.5 -7.272746551564787 5.393836452866086
      vertex -10.5 -7.34103627979692 5.632975257220843
      vertex -10.5 -7.272746551564787 9.806163547133915
    endloop
  endfacet
  facet normal -1 0 0
    outer loop
      vertex -10.5 -7.34103627979692 5.632975257220843
      vertex -10.5 -7.401465042507736 5.874220400938764
      vertex -10.5 -7.34103627979692 9.567024742779159
    endloop
  endfacet
  facet normal -1 0 0
    outer loop
      vertex -10.5 -7.534980946440959 6.608000939127608
      vertex -10.5 -7.563403922708697 6.855069733495339
      vertex -10.5 -7.534980946440959 8.591999060872393
    endloop
  endfacet
  facet normal -1 0 0
    outer loop
      vertex -10.5 -7.498489323845081 6.361994402201126
      vertex -10.5 -7.534980946440959 6.608000939127608
      vertex -10.5 -7.498489323845081 8.838005597798874
    endloop
  endfacet
  facet normal -1 0 0
    outer loop
      vertex -10.5 -7.453968131064552 6.117313552677426
      vertex -10.5 -7.498489323845081 6.361994402201126
      vertex -10.5 -7.453968131064552 9.082686447322576
    endloop
  endfacet
  facet normal -1 0 0
    outer loop
      vertex -10.5 -7.563403922708697 6.855069733495339
      vertex -10.5 -7.583727816613387 7.102936217850913
      vertex -10.5 -7.563403922708697 8.344930266504662
    endloop
  endfacet
  facet normal -1 0 0
    outer loop
      vertex -10.5 -7.583727816613387 7.102936217850913
      vertex -10.5 -7.59593086482038 7.351334970554502
      vertex -10.5 -7.583727816613387 8.097063782149087
    endloop
  endfacet
  facet normal -1 0 0
    outer loop
      vertex -10.5 -7.02148444708578 4.691605914025319
      vertex -10.5 -7.112885043355676 4.922899635798625
      vertex -10.5 -7.02148444708578 10.508394085974682
    endloop
  endfacet
  facet normal -1 0 0
    outer loop
      vertex -10.5 -6.702601609047499 4.017384800122418
      vertex -10.5 -6.581793068761733 11.4
      vertex -10.5 -6.581793068761733 3.8000000000000003
    endloop
  endfacet
  facet normal -1 0 0
    outer loop
      vertex -10.5 -6.453936579602 3.5866843350572033
      vertex -10.5 -6.581793068761733 3.8000000000000003
      vertex -10.5 -6.453936579602 11.613315664942798
    endloop
  endfacet
  facet normal -1 0 0
    outer loop
      vertex -10.5 -6.453936579602 3.5866843350572033
      vertex -10.5 -6.319169053499344 11.822333770948976
      vertex -10.5 -6.319169053499344 3.377666229051024
    endloop
  endfacet
  facet normal -1 0 0
    outer loop
      vertex -10.5 -6.177634802896276 3.1731695038047043
      vertex -10.5 -6.319169053499344 3.377666229051024
      vertex -10.5 -6.177634802896276 12.026830496195297
    endloop
  endfacet
  facet normal -1 0 0
    outer loop
      vertex -10.5 -6.177634802896276 3.1731695038047043
      vertex -10.5 -6.029485386213388 12.226586860466277
      vertex -10.5 -6.029485386213388 2.973413139533723
    endloop
  endfacet
  facet normal -1 0 0
    outer loop
      vertex -10.5 -5.874879445556801 2.778611040356295
      vertex -10.5 -6.029485386213388 2.973413139533723
      vertex -10.5 -5.874879445556801 12.421388959643707
    endloop
  endfacet
  facet normal -1 0 0
    outer loop
      vertex -10.5 -5.713982536840229 2.588971805239477
      vertex -10.5 -5.874879445556801 2.778611040356295
      vertex -10.5 -5.713982536840229 12.611028194760525
    endloop
  endfacet
  facet normal 0 -0.9700312531945444 -0.24298017990326198
    outer loop
      vertex -10.5 -7.34103627979692 5.632975257220843
      vertex -3.5 -7.401465042507736 5.874220400938764
      vertex -10.5 -7.401465042507736 5.874220400938764
    endloop
  endfacet
  facet normal 0 -0.9774619749435718 -0.2111115523589657
    outer loop
      vertex -10.5 -7.401465042507736 5.874220400938764
      vertex -3.5 -7.453968131064552 6.117313552677426
      vertex -10.5 -7.453968131064552 6.117313552677426
    endloop
  endfacet
  facet normal 0 -0.9838460059270774 -0.17901686127663247
    outer loop
      vertex -10.5 -7.453968131064552 6.117313552677426
      vertex -3.5 -7.498489323845081 6.361994402201126
      vertex -10.5 -7.498489323845081 6.361994402201126
    endloop
  endfacet
  facet normal 0 -0.989176509964781 -0.14673047445536172
    outer loop
      vertex -10.5 -7.498489323845081 6.361994402201126
      vertex -3.5 -7.534980946440959 6.608000939127608
      vertex -10.5 -7.534980946440959 6.608000939127608
    endloop
  endfacet
  facet normal 0 -0.9934477790194443 -0.11428696496684852
    outer loop
      vertex -10.5 -7.534980946440959 6.608000939127608
      vertex -3.5 -7.563403922708697 6.855069733495339
      vertex -10.5 -7.563403922708697 6.855069733495339
    endloop
  endfacet
  facet normal 0 -0.9966552393091804 -0.08172107413366742
    outer loop
      vertex -10.5 -7.563403922708697 6.855069733495339
      vertex -3.5 -7.583727816613387 7.102936217850913
      vertex -10.5 -7.583727816613387 7.102936217850913
    endloop
  endfacet
  facet normal 0 -0.9987954562051724 -0.04906767432741927
    outer loop
      vertex -10.5 -7.583727816613387 7.102936217850913
      vertex -3.5 -7.59593086482038 7.351334970554502
      vertex -10.5 -7.59593086482038 7.351334970554502
    endloop
  endfacet
  facet normal 0 -0.9998661379095617 -0.016361731626485215
    outer loop
      vertex -10.5 -7.59593086482038 7.351334970554502
      vertex -3.5 -7.6000000000000005 7.6000000000000005
      vertex -10.5 -7.6000000000000005 7.6000000000000005
    endloop
  endfacet
  facet normal -1 0 0
    outer loop
      vertex -10.5 -5.011028194760524 1.8860174631597717
      vertex -10.5 -4.821388959643706 13.474879445556802
      vertex -10.5 -4.821388959643706 1.7251205544431993
    endloop
  endfacet
  facet normal -1 0 0
    outer loop
      vertex -10.5 -4.821388959643706 1.7251205544431993
      vertex -10.5 -4.626586860466277 13.62948538621339
      vertex -10.5 -4.626586860466277 1.5705146137866128
    endloop
  endfacet
  facet normal -1 0 0
    outer loop
      vertex -10.5 -4.426830496195296 1.4223651971037246
      vertex -10.5 -4.626586860466277 1.5705146137866128
      vertex -10.5 -4.426830496195296 13.777634802896277
    endloop
  endfacet
  facet normal -1 0 0
    outer loop
      vertex -10.5 -4.426830496195296 1.4223651971037246
      vertex -10.5 -4.2223337709489766 13.919169053499346
      vertex -10.5 -4.2223337709489766 1.2808309465006564
    endloop
  endfacet
  facet normal -1 0 0
    outer loop
      vertex -10.5 -4.2223337709489766 1.2808309465006564
      vertex -10.5 -4.013315664942797 14.053936579602
      vertex -10.5 -4.013315664942797 1.1460634203980007
    endloop
  endfacet
  facet normal -1 0 0
    outer loop
      vertex -10.5 -4.013315664942797 1.1460634203980007
      vertex -10.5 -3.8000000000000003 14.181793068761735
      vertex -10.5 -3.8000000000000003 1.018206931238267
    endloop
  endfacet
  facet normal -1 0 0
    outer loop
      vertex -10.5 -5.713982536840229 2.588971805239477
      vertex -10.5 -5.546966952503551 12.795301495373822
      vertex -10.5 -5.546966952503551 2.404698504626179
    endloop
  endfacet
  facet normal -1 0 0
    outer loop
      vertex -10.5 -5.374011537017762 2.2259884629822384
      vertex -10.5 -5.546966952503551 2.404698504626179
      vertex -10.5 -5.374011537017762 12.974011537017763
    endloop
  endfacet
  facet normal -1 0 0
    outer loop
      vertex -10.5 -5.374011537017762 2.2259884629822384
      vertex -10.5 -5.195301495373822 13.14696695250355
      vertex -10.5 -5.195301495373822 2.0530330474964495
    endloop
  endfacet
  facet normal -1 0 0
    outer loop
      vertex -10.5 -5.011028194760524 1.8860174631597717
      vertex -10.5 -5.195301495373822 2.0530330474964495
      vertex -10.5 -5.011028194760524 13.313982536840228
    endloop
  endfacet
  facet normal 0 -0.8895160754218563 -0.45690387563042023
    outer loop
      vertex -10.5 -6.702601609047499 4.017384800122418
      vertex -3.5 -6.702601609047499 4.017384800122418
      vertex -3.5 -6.816232835648432 4.23860595433559
    endloop
  endfacet
  facet normal 0 -0.9174944964474905 -0.397748474527013
    outer loop
      vertex -10.5 -6.922565069400936 4.4634265734866005
      vertex -3.5 -6.922565069400936 4.4634265734866005
      vertex -3.5 -7.02148444708578 4.691605914025319
    endloop
  endfacet
  facet normal 0 -0.9039892931234449 -0.4275550934302788
    outer loop
      vertex -10.5 -6.816232835648432 4.23860595433559
      vertex -3.5 -6.816232835648432 4.23860595433559
      vertex -3.5 -6.922565069400936 4.4634265734866005
    endloop
  endfacet
  facet normal 0 -0.9415440651830209 -0.33688985339221944
    outer loop
      vertex -10.5 -7.112885043355676 4.922899635798625
      vertex -3.5 -7.112885043355676 4.922899635798625
      vertex -3.5 -7.1966689841628035 5.1570600636959725
    endloop
  endfacet
  facet normal 0 -0.9520626777139248 -0.3059030200965518
    outer loop
      vertex -10.5 -7.1966689841628035 5.1570600636959725
      vertex -3.5 -7.1966689841628035 5.1570600636959725
      vertex -3.5 -7.272746551564787 5.393836452866086
    endloop
  endfacet
  facet normal 0 -0.9615617976829612 -0.2745886181849349
    outer loop
      vertex -10.5 -7.272746551564787 5.393836452866086
      vertex -3.5 -7.272746551564787 5.393836452866086
      vertex -3.5 -7.34103627979692 5.632975257220843
    endloop
  endfacet
  facet normal 0 -0.9300172236840119 -0.36751593659470405
    outer loop
      vertex -10.5 -7.02148444708578 4.691605914025319
      vertex -3.5 -7.02148444708578 4.691605914025319
      vertex -3.5 -7.112885043355676 4.922899635798625
    endloop
  endfacet
  facet normal 0 -0.8740903416267567 -0.4857633937163441
    outer loop
      vertex -10.5 -6.581793068761733 3.8000000000000003
      vertex -3.5 -6.581793068761733 3.8000000000000003
      vertex -3.5 -6.702601609047499 4.017384800122418
    endloop
  endfacet
  facet normal 0 -0.9774619749435718 -0.2111115523589657
    outer loop
      vertex -10.5 -7.401465042507736 5.874220400938764
      vertex -3.5 -7.401465042507736 5.874220400938764
      vertex -3.5 -7.453968131064552 6.117313552677426
    endloop
  endfacet
  facet normal 0 -0.9700312531945444 -0.24298017990326198
    outer loop
      vertex -10.5 -7.34103627979692 5.632975257220843
      vertex -3.5 -7.34103627979692 5.632975257220843
      vertex -3.5 -7.401465042507736 5.874220400938764
    endloop
  endfacet
  facet normal 0 -0.9838460059270774 -0.17901686127663247
    outer loop
      vertex -10.5 -7.453968131064552 6.117313552677426
      vertex -3.5 -7.453968131064552 6.117313552677426
      vertex -3.5 -7.498489323845081 6.361994402201126
    endloop
  endfacet
  facet normal 0 -0.989176509964781 -0.14673047445536172
    outer loop
      vertex -10.5 -7.498489323845081 6.361994402201126
      vertex -3.5 -7.498489323845081 6.361994402201126
      vertex -3.5 -7.534980946440959 6.608000939127608
    endloop
  endfacet
  facet normal 0 -0.9934477790194443 -0.11428696496684852
    outer loop
      vertex -10.5 -7.534980946440959 6.608000939127608
      vertex -3.5 -7.534980946440959 6.608000939127608
      vertex -3.5 -7.563403922708697 6.855069733495339
    endloop
  endfacet
  facet normal 0 -0.9966552393091804 -0.08172107413366742
    outer loop
      vertex -10.5 -7.563403922708697 6.855069733495339
      vertex -3.5 -7.563403922708697 6.855069733495339
      vertex -3.5 -7.583727816613387 7.102936217850913
    endloop
  endfacet
  facet normal 0 -0.9987954562051724 -0.04906767432741927
    outer loop
      vertex -10.5 -7.583727816613387 7.102936217850913
      vertex -3.5 -7.583727816613387 7.102936217850913
      vertex -3.5 -7.59593086482038 7.351334970554502
    endloop
  endfacet
  facet normal 0 -0.9998661379095617 -0.016361731626485215
    outer loop
      vertex -10.5 -7.59593086482038 7.351334970554502
      vertex -3.5 -7.59593086482038 7.351334970554502
      vertex -3.5 -7.6000000000000005 7.6000000000000005
    endloop
  endfacet
  facet normal 0 -0.48576339371634336 -0.8740903416267571
    outer loop
      vertex -10.5 -3.582615199877582 0.8973983909525014
      vertex -3.5 -3.582615199877582 0.8973983909525014
      vertex -10.5 -3.8000000000000003 1.018206931238267
    endloop
  endfacet
  facet normal 0 -0.45690387563042045 -0.8895160754218561
    outer loop
      vertex -10.5 -3.582615199877582 0.8973983909525014
      vertex -10.5 -3.5 0.8549627272775674
      vertex -3.5 -3.5 0.8549627272775674
    endloop
  endfacet
  facet normal 0 -0.45690387563042045 -0.8895160754218561
    outer loop
      vertex -10.5 -3.582615199877582 0.8973983909525014
      vertex -3.5 -3.5 0.8549627272775674
      vertex -3.5 -3.582615199877582 0.8973983909525014
    endloop
  endfacet
  facet normal 0 -0.48576339371634336 -0.8740903416267571
    outer loop
      vertex -10.5 -3.8000000000000003 1.018206931238267
      vertex -3.5 -3.582615199877582 0.8973983909525014
      vertex -3.5 -3.8000000000000003 1.018206931238267
    endloop
  endfacet
  facet normal -1 0 0
    outer loop
      vertex -10.5 -3.582615199877582 0.8973983909525014
      vertex -10.5 -3.8000000000000003 1.018206931238267
      vertex -10.5 -3.582615199877582 14.3026016090475
    endloop
  endfacet
  facet normal -1 0 0
    outer loop
      vertex -10.5 -3.582615199877582 0.8973983909525014
      vertex -10.5 -3.3613940456644102 14.416232835648433
      vertex -10.5 -3.5 0.8549627272775674
    endloop
  endfacet
  facet normal -1 0 0
    outer loop
      vertex -10.5 -3.5 0.8549627272775674
      vertex -10.5 -3.3613940456644102 14.416232835648433
      vertex -10.5 -3.3613940456644102 0.7837671643515689
    endloop
  endfacet
  facet normal -1 0 0
    outer loop
      vertex -10.5 -3.3613940456644102 0.7837671643515689
      vertex -10.5 -3.1365734265134 14.522565069400937
      vertex -10.5 -3.1365734265134 0.6774349305990643
    endloop
  endfacet
  facet normal -1 0 0
    outer loop
      vertex -10.5 -3.1365734265134 0.6774349305990643
      vertex -10.5 -2.9083940859746824 14.62148444708578
      vertex -10.5 -2.9083940859746824 0.5785155529142205
    endloop
  endfacet
  facet normal -1 0 0
    outer loop
      vertex -10.5 -2.9083940859746824 0.5785155529142205
      vertex -10.5 -2.6771003642013746 14.712885043355676
      vertex -10.5 -2.6771003642013746 0.4871149566443247
    endloop
  endfacet
  facet normal -1 0 0
    outer loop
      vertex -10.5 -2.442939936304028 0.403331015837197
      vertex -10.5 -2.6771003642013746 0.4871149566443247
      vertex -10.5 -2.442939936304028 14.796668984162803
    endloop
  endfacet
  facet normal -1 0 0
    outer loop
      vertex -10.5 -2.442939936304028 0.403331015837197
      vertex -10.5 -2.206163547133914 14.872746551564788
      vertex -10.5 -2.206163547133914 0.3272534484352132
    endloop
  endfacet
  facet normal -1 0 0
    outer loop
      vertex -10.5 -2.206163547133914 0.3272534484352132
      vertex -10.5 -1.9670247427791578 14.94103627979692
      vertex -10.5 -1.9670247427791578 0.2589637202030808
    endloop
  endfacet
  facet normal -1 0 0
    outer loop
      vertex -10.5 -1.9670247427791578 0.2589637202030808
      vertex -10.5 -1.7257795990612366 15.001465042507736
      vertex -10.5 -1.7257795990612366 0.19853495749226457
    endloop
  endfacet
  facet normal -1 0 0
    outer loop
      vertex -10.5 -1.7257795990612366 0.19853495749226457
      vertex -10.5 -1.4826864473225747 15.053968131064552
      vertex -10.5 -1.4826864473225747 0.14603186893544873
    endloop
  endfacet
  facet normal -1 0 0
    outer loop
      vertex -10.5 -1.4826864473225747 0.14603186893544873
      vertex -10.5 -1.2380055977988744 15.098489323845081
      vertex -10.5 -1.2380055977988744 0.10151067615491982
    endloop
  endfacet
  facet normal -1 0 0
    outer loop
      vertex -10.5 -1.2380055977988744 0.10151067615491982
      vertex -10.5 -0.991999060872392 15.13498094644096
      vertex -10.5 -0.991999060872392 0.06501905355904114
    endloop
  endfacet
  facet normal -1 0 0
    outer loop
      vertex -10.5 -0.991999060872392 0.06501905355904114
      vertex -10.5 -0.7449302665046607 15.163403922708698
      vertex -10.5 -0.7449302665046607 0.03659607729130343
    endloop
  endfacet
  facet normal -1 0 0
    outer loop
      vertex -10.5 -0.7449302665046607 0.03659607729130343
      vertex -10.5 -0.4970637821490873 15.183727816613388
      vertex -10.5 -0.4970637821490873 0.016272183386613293
    endloop
  endfacet
  facet normal -1 0 0
    outer loop
      vertex -10.5 -0.4970637821490873 0.016272183386613293
      vertex -10.5 -0.24866502944549865 15.19593086482038
      vertex -10.5 -0.24866502944549865 0.004069135179620709
    endloop
  endfacet
  facet normal -1 0 0
    outer loop
      vertex -10.5 -0.24866502944549865 0.004069135179620709
      vertex -10.5 0 15.200000000000001
      vertex -10.5 0 0
    endloop
  endfacet
  facet normal 1 0 0
    outer loop
      vertex -3.5 -7.02148444708578 4.691605914025319
      vertex -3.5 -7.112885043355676 10.277100364201376
      vertex -3.5 -7.112885043355676 4.922899635798625
    endloop
  endfacet
  facet normal 1 0 0
    outer loop
      vertex -3.5 -6.922565069400936 4.4634265734866005
      vertex -3.5 -7.02148444708578 10.508394085974682
      vertex -3.5 -7.02148444708578 4.691605914025319
    endloop
  endfacet
  facet normal 1 0 0
    outer loop
      vertex -3.5 -6.702601609047499 4.017384800122418
      vertex -3.5 -6.816232835648432 10.961394045664411
      vertex -3.5 -6.816232835648432 4.23860595433559
    endloop
  endfacet
  facet normal 1 0 0
    outer loop
      vertex -3.5 -6.702601609047499 4.017384800122418
      vertex -3.5 -6.581793068761733 3.8000000000000003
      vertex -3.5 -6.702601609047499 11.182615199877583
    endloop
  endfacet
  facet normal 1 0 0
    outer loop
      vertex -3.5 -6.816232835648432 4.23860595433559
      vertex -3.5 -6.922565069400936 10.7365734265134
      vertex -3.5 -6.922565069400936 4.4634265734866005
    endloop
  endfacet
  facet normal 1 0 0
    outer loop
      vertex -3.5 -7.453968131064552 6.117313552677426
      vertex -3.5 -7.498489323845081 8.838005597798874
      vertex -3.5 -7.498489323845081 6.361994402201126
    endloop
  endfacet
  facet normal 1 0 0
    outer loop
      vertex -3.5 -7.34103627979692 5.632975257220843
      vertex -3.5 -7.401465042507736 9.325779599061237
      vertex -3.5 -7.401465042507736 5.874220400938764
    endloop
  endfacet
  facet normal 1 0 0
    outer loop
      vertex -3.5 -7.401465042507736 5.874220400938764
      vertex -3.5 -7.453968131064552 9.082686447322576
      vertex -3.5 -7.453968131064552 6.117313552677426
    endloop
  endfacet
  facet normal 1 0 0
    outer loop
      vertex -3.5 -7.272746551564787 5.393836452866086
      vertex -3.5 -7.34103627979692 9.567024742779159
      vertex -3.5 -7.34103627979692 5.632975257220843
    endloop
  endfacet
  facet normal 1 0 0
    outer loop
      vertex -3.5 -7.1966689841628035 5.1570600636959725
      vertex -3.5 -7.272746551564787 9.806163547133915
      vertex -3.5 -7.272746551564787 5.393836452866086
    endloop
  endfacet
  facet normal 1 0 0
    outer loop
      vertex -3.5 -7.1966689841628035 5.1570600636959725
      vertex -3.5 -7.112885043355676 4.922899635798625
      vertex -3.5 -7.1966689841628035 10.042939936304029
    endloop
  endfacet
  facet normal 1 0 0
    outer loop
      vertex -3.5 -7.498489323845081 6.361994402201126
      vertex -3.5 -7.534980946440959 8.591999060872393
      vertex -3.5 -7.534980946440959 6.608000939127608
    endloop
  endfacet
  facet normal 1 0 0
    outer loop
      vertex -3.5 -7.534980946440959 6.608000939127608
      vertex -3.5 -7.563403922708697 8.344930266504662
      vertex -3.5 -7.563403922708697 6.855069733495339
    endloop
  endfacet
  facet normal 1 0 0
    outer loop
      vertex -3.5 -7.563403922708697 6.855069733495339
      vertex -3.5 -7.583727816613387 8.097063782149087
      vertex -3.5 -7.583727816613387 7.102936217850913
    endloop
  endfacet
  facet normal 1 0 0
    outer loop
      vertex -3.5 -7.583727816613387 7.102936217850913
      vertex -3.5 -7.59593086482038 7.848665029445499
      vertex -3.5 -7.59593086482038 7.351334970554502
    endloop
  endfacet
  facet normal 1 0 0
    outer loop
      vertex -3.5 -6.177634802896276 3.1731695038047043
      vertex -3.5 -6.319169053499344 11.822333770948976
      vertex -3.5 -6.319169053499344 3.377666229051024
    endloop
  endfacet
  facet normal 1 0 0
    outer loop
      vertex -3.5 -6.453936579602 3.5866843350572033
      vertex -3.5 -6.581793068761733 11.4
      vertex -3.5 -6.581793068761733 3.8000000000000003
    endloop
  endfacet
  facet normal 1 0 0
    outer loop
      vertex -3.5 -6.453936579602 3.5866843350572033
      vertex -3.5 -6.319169053499344 3.377666229051024
      vertex -3.5 -6.453936579602 11.613315664942798
    endloop
  endfacet
  facet normal 1 0 0
    outer loop
      vertex -3.5 -6.177634802896276 3.1731695038047043
      vertex -3.5 -6.029485386213388 2.973413139533723
      vertex -3.5 -6.177634802896276 12.026830496195297
    endloop
  endfacet
  facet normal 1 0 0
    outer loop
      vertex -3.5 -5.874879445556801 2.778611040356295
      vertex -3.5 -6.029485386213388 12.226586860466277
      vertex -3.5 -6.029485386213388 2.973413139533723
    endloop
  endfacet
  facet normal 1 0 0
    outer loop
      vertex -3.5 -5.713982536840229 2.588971805239477
      vertex -3.5 -5.874879445556801 12.421388959643707
      vertex -3.5 -5.874879445556801 2.778611040356295
    endloop
  endfacet
  facet normal 1 0 0
    outer loop
      vertex -3.5 -5.011028194760524 1.8860174631597717
      vertex -3.5 -5.195301495373822 13.14696695250355
      vertex -3.5 -5.195301495373822 2.0530330474964495
    endloop
  endfacet
  facet normal 1 0 0
    outer loop
      vertex -3.5 -5.011028194760524 1.8860174631597717
      vertex -3.5 -4.821388959643706 1.7251205544431993
      vertex -3.5 -5.011028194760524 13.313982536840228
    endloop
  endfacet
  facet normal 1 0 0
    outer loop
      vertex -3.5 -4.821388959643706 1.7251205544431993
      vertex -3.5 -4.626586860466277 1.5705146137866128
      vertex -3.5 -4.821388959643706 13.474879445556802
    endloop
  endfacet
  facet normal 1 0 0
    outer loop
      vertex -3.5 -4.426830496195296 1.4223651971037246
      vertex -3.5 -4.626586860466277 13.62948538621339
      vertex -3.5 -4.626586860466277 1.5705146137866128
    endloop
  endfacet
  facet normal 1 0 0
    outer loop
      vertex -3.5 -4.426830496195296 1.4223651971037246
      vertex -3.5 -4.2223337709489766 1.2808309465006564
      vertex -3.5 -4.426830496195296 13.777634802896277
    endloop
  endfacet
  facet normal 1 0 0
    outer loop
      vertex -3.5 -4.2223337709489766 1.2808309465006564
      vertex -3.5 -4.013315664942797 1.1460634203980007
      vertex -3.5 -4.2223337709489766 13.919169053499346
    endloop
  endfacet
  facet normal 1 0 0
    outer loop
      vertex -3.5 -4.013315664942797 1.1460634203980007
      vertex -3.5 -3.8000000000000003 1.018206931238267
      vertex -3.5 -4.013315664942797 14.053936579602
    endloop
  endfacet
  facet normal 1 0 0
    outer loop
      vertex -3.5 -5.713982536840229 2.588971805239477
      vertex -3.5 -5.546966952503551 2.404698504626179
      vertex -3.5 -5.713982536840229 12.611028194760525
    endloop
  endfacet
  facet normal 1 0 0
    outer loop
      vertex -3.5 -5.374011537017762 2.2259884629822384
      vertex -3.5 -5.546966952503551 12.795301495373822
      vertex -3.5 -5.546966952503551 2.404698504626179
    endloop
  endfacet
  facet normal 1 0 0
    outer loop
      vertex -3.5 -5.374011537017762 2.2259884629822384
      vertex -3.5 -5.195301495373822 2.0530330474964495
      vertex -3.5 -5.374011537017762 12.974011537017763
    endloop
  endfacet
  facet normal 1 0 0
    outer loop
      vertex -3.5 -3.582615199877582 0.8973983909525014
      vertex -3.5 -3.5 0.8549627272775674
      vertex -3.5 -3.5 1
    endloop
  endfacet
  facet normal 1 0 0
    outer loop
      vertex -3.5 -3.582615199877582 0.8973983909525014
      vertex -3.5 -3.8000000000000003 14.181793068761735
      vertex -3.5 -3.8000000000000003 1.018206931238267
    endloop
  endfacet
  facet normal 1 0 0
    outer loop
      vertex -3.5 -3.582615199877582 0.8973983909525014
      vertex -3.5 -3.5 1
      vertex -3.5 -3.582615199877582 14.3026016090475
    endloop
  endfacet
  facet normal -1 0 0
    outer loop
      vertex -10.5 -7.59593086482038 7.351334970554502
      vertex -10.5 -7.6000000000000005 7.6000000000000005
      vertex -10.5 -7.59593086482038 7.848665029445499
    endloop
  endfacet
  facet normal -1 0 0
    outer loop
      vertex -10.5 -7.59593086482038 7.351334970554502
      vertex -10.5 -7.59593086482038 7.848665029445499
      vertex -10.5 -7.583727816613387 8.097063782149087
    endloop
  endfacet
  facet normal -1 0 0
    outer loop
      vertex -10.5 -7.583727816613387 7.102936217850913
      vertex -10.5 -7.583727816613387 8.097063782149087
      vertex -10.5 -7.563403922708697 8.344930266504662
    endloop
  endfacet
  facet normal -1 0 0
    outer loop
      vertex -10.5 -7.563403922708697 6.855069733495339
      vertex -10.5 -7.563403922708697 8.344930266504662
      vertex -10.5 -7.534980946440959 8.591999060872393
    endloop
  endfacet
  facet normal -1 0 0
    outer loop
      vertex -10.5 -7.534980946440959 6.608000939127608
      vertex -10.5 -7.534980946440959 8.591999060872393
      vertex -10.5 -7.498489323845081 8.838005597798874
    endloop
  endfacet
  facet normal -1 0 0
    outer loop
      vertex -10.5 -7.498489323845081 6.361994402201126
      vertex -10.5 -7.498489323845081 8.838005597798874
      vertex -10.5 -7.453968131064552 9.082686447322576
    endloop
  endfacet
  facet normal -1 0 0
    outer loop
      vertex -10.5 -7.453968131064552 6.117313552677426
      vertex -10.5 -7.453968131064552 9.082686447322576
      vertex -10.5 -7.401465042507736 9.325779599061237
    endloop
  endfacet
  facet normal -1 0 0
    outer loop
      vertex -10.5 -7.401465042507736 5.874220400938764
      vertex -10.5 -7.401465042507736 9.325779599061237
      vertex -10.5 -7.34103627979692 9.567024742779159
    endloop
  endfacet
  facet normal -1 0 0
    outer loop
      vertex -10.5 -7.34103627979692 5.632975257220843
      vertex -10.5 -7.34103627979692 9.567024742779159
      vertex -10.5 -7.272746551564787 9.806163547133915
    endloop
  endfacet
  facet normal -1 0 0
    outer loop
      vertex -10.5 -7.272746551564787 5.393836452866086
      vertex -10.5 -7.272746551564787 9.806163547133915
      vertex -10.5 -7.1966689841628035 10.042939936304029
    endloop
  endfacet
  facet normal -1 0 0
    outer loop
      vertex -10.5 -7.1966689841628035 5.1570600636959725
      vertex -10.5 -7.1966689841628035 10.042939936304029
      vertex -10.5 -7.112885043355676 10.277100364201376
    endloop
  endfacet
  facet normal -1 0 0
    outer loop
      vertex -10.5 -7.112885043355676 4.922899635798625
      vertex -10.5 -7.112885043355676 10.277100364201376
      vertex -10.5 -7.02148444708578 10.508394085974682
    endloop
  endfacet
  facet normal -1 0 0
    outer loop
      vertex -10.5 -7.02148444708578 4.691605914025319
      vertex -10.5 -7.02148444708578 10.508394085974682
      vertex -10.5 -6.922565069400936 10.7365734265134
    endloop
  endfacet
  facet normal -1 0 0
    outer loop
      vertex -10.5 -6.922565069400936 4.4634265734866005
      vertex -10.5 -6.922565069400936 10.7365734265134
      vertex -10.5 -6.816232835648432 10.961394045664411
    endloop
  endfacet
  facet normal -1 0 0
    outer loop
      vertex -10.5 -6.816232835648432 4.23860595433559
      vertex -10.5 -6.816232835648432 10.961394045664411
      vertex -10.5 -6.702601609047499 11.182615199877583
    endloop
  endfacet
  facet normal -1 0 0
    outer loop
      vertex -10.5 -6.702601609047499 4.017384800122418
      vertex -10.5 -6.702601609047499 11.182615199877583
      vertex -10.5 -6.581793068761733 11.4
    endloop
  endfacet
  facet normal -1 0 0
    outer loop
      vertex -10.5 -6.581793068761733 3.8000000000000003
      vertex -10.5 -6.581793068761733 11.4
      vertex -10.5 -6.453936579602 11.613315664942798
    endloop
  endfacet
  facet normal -1 0 0
    outer loop
      vertex -10.5 -6.453936579602 3.5866843350572033
      vertex -10.5 -6.453936579602 11.613315664942798
      vertex -10.5 -6.319169053499344 11.822333770948976
    endloop
  endfacet
  facet normal -1 0 0
    outer loop
      vertex -10.5 -6.319169053499344 3.377666229051024
      vertex -10.5 -6.319169053499344 11.822333770948976
      vertex -10.5 -6.177634802896276 12.026830496195297
    endloop
  endfacet
  facet normal -1 0 0
    outer loop
      vertex -10.5 -6.177634802896276 3.1731695038047043
      vertex -10.5 -6.177634802896276 12.026830496195297
      vertex -10.5 -6.029485386213388 12.226586860466277
    endloop
  endfacet
  facet normal -1 0 0
    outer loop
      vertex -10.5 -6.029485386213388 2.973413139533723
      vertex -10.5 -6.029485386213388 12.226586860466277
      vertex -10.5 -5.874879445556801 12.421388959643707
    endloop
  endfacet
  facet normal -1 0 0
    outer loop
      vertex -10.5 -5.874879445556801 2.778611040356295
      vertex -10.5 -5.874879445556801 12.421388959643707
      vertex -10.5 -5.713982536840229 12.611028194760525
    endloop
  endfacet
  facet normal 0 -0.9998661379095617 0.016361731626485215
    outer loop
      vertex -10.5 -7.6000000000000005 7.6000000000000005
      vertex -3.5 -7.59593086482038 7.848665029445499
      vertex -10.5 -7.59593086482038 7.848665029445499
    endloop
  endfacet
  facet normal 0 -0.9987954562051723 0.049067674327419444
    outer loop
      vertex -10.5 -7.59593086482038 7.848665029445499
      vertex -3.5 -7.583727816613387 8.097063782149087
      vertex -10.5 -7.583727816613387 8.097063782149087
    endloop
  endfacet
  facet normal 0 -0.9966552393091804 0.08172107413366712
    outer loop
      vertex -10.5 -7.583727816613387 8.097063782149087
      vertex -3.5 -7.563403922708697 8.344930266504662
      vertex -10.5 -7.563403922708697 8.344930266504662
    endloop
  endfacet
  facet normal 0 -0.9934477790194443 0.11428696496684852
    outer loop
      vertex -10.5 -7.563403922708697 8.344930266504662
      vertex -3.5 -7.534980946440959 8.591999060872393
      vertex -10.5 -7.534980946440959 8.591999060872393
    endloop
  endfacet
  facet normal 0 -0.9891765099647809 0.14673047445536222
    outer loop
      vertex -10.5 -7.534980946440959 8.591999060872393
      vertex -3.5 -7.498489323845081 8.838005597798874
      vertex -10.5 -7.498489323845081 8.838005597798874
    endloop
  endfacet
  facet normal 0 -0.9838460059270778 0.17901686127663125
    outer loop
      vertex -10.5 -7.498489323845081 8.838005597798874
      vertex -3.5 -7.453968131064552 9.082686447322576
      vertex -10.5 -7.453968131064552 9.082686447322576
    endloop
  endfacet
  facet normal 0 -0.9774619749435716 0.21111155235896642
    outer loop
      vertex -10.5 -7.453968131064552 9.082686447322576
      vertex -3.5 -7.401465042507736 9.325779599061237
      vertex -10.5 -7.401465042507736 9.325779599061237
    endloop
  endfacet
  facet normal 0 -0.9700312531945446 0.24298017990326115
    outer loop
      vertex -10.5 -7.401465042507736 9.325779599061237
      vertex -3.5 -7.34103627979692 9.567024742779159
      vertex -10.5 -7.34103627979692 9.567024742779159
    endloop
  endfacet
  facet normal 0 -0.9615617976829609 0.27458861818493585
    outer loop
      vertex -10.5 -7.34103627979692 9.567024742779159
      vertex -3.5 -7.272746551564787 9.806163547133915
      vertex -10.5 -7.272746551564787 9.806163547133915
    endloop
  endfacet
  facet normal 0 -0.9520626777139248 0.3059030200965518
    outer loop
      vertex -10.5 -7.272746551564787 9.806163547133915
      vertex -3.5 -7.1966689841628035 10.042939936304029
      vertex -10.5 -7.1966689841628035 10.042939936304029
    endloop
  endfacet
  facet normal 0 -0.9415440651830209 0.33688985339221944
    outer loop
      vertex -10.5 -7.1966689841628035 10.042939936304029
      vertex -3.5 -7.112885043355676 10.277100364201376
      vertex -10.5 -7.112885043355676 10.277100364201376
    endloop
  endfacet
  facet normal 0 -0.9300172236840119 0.36751593659470405
    outer loop
      vertex -10.5 -7.112885043355676 10.277100364201376
      vertex -3.5 -7.02148444708578 10.508394085974682
      vertex -10.5 -7.02148444708578 10.508394085974682
    endloop
  endfacet
  facet normal 0 -0.9174944964474905 0.397748474527013
    outer loop
      vertex -10.5 -7.02148444708578 10.508394085974682
      vertex -3.5 -6.922565069400936 10.7365734265134
      vertex -10.5 -6.922565069400936 10.7365734265134
    endloop
  endfacet
  facet normal 0 -0.9039892931234449 0.4275550934302788
    outer loop
      vertex -10.5 -6.922565069400936 10.7365734265134
      vertex -3.5 -6.816232835648432 10.961394045664411
      vertex -10.5 -6.816232835648432 10.961394045664411
    endloop
  endfacet
  facet normal 0 -0.8895160754218563 0.45690387563042023
    outer loop
      vertex -10.5 -6.816232835648432 10.961394045664411
      vertex -3.5 -6.702601609047499 11.182615199877583
      vertex -10.5 -6.702601609047499 11.182615199877583
    endloop
  endfacet
  facet normal 0 -0.8740903416267563 0.4857633937163448
    outer loop
      vertex -10.5 -6.702601609047499 11.182615199877583
      vertex -3.5 -6.581793068761733 11.4
      vertex -10.5 -6.581793068761733 11.4
    endloop
  endfacet
  facet normal -1 0 0
    outer loop
      vertex -10.5 -5.713982536840229 2.588971805239477
      vertex -10.5 -5.713982536840229 12.611028194760525
      vertex -10.5 -5.546966952503551 12.795301495373822
    endloop
  endfacet
  facet normal -1 0 0
    outer loop
      vertex -10.5 -5.546966952503551 2.404698504626179
      vertex -10.5 -5.546966952503551 12.795301495373822
      vertex -10.5 -5.374011537017762 12.974011537017763
    endloop
  endfacet
  facet normal -1 0 0
    outer loop
      vertex -10.5 -5.374011537017762 2.2259884629822384
      vertex -10.5 -5.374011537017762 12.974011537017763
      vertex -10.5 -5.195301495373822 13.14696695250355
    endloop
  endfacet
  facet normal -1 0 0
    outer loop
      vertex -10.5 -5.195301495373822 2.0530330474964495
      vertex -10.5 -5.195301495373822 13.14696695250355
      vertex -10.5 -5.011028194760524 13.313982536840228
    endloop
  endfacet
  facet normal -1 0 0
    outer loop
      vertex -10.5 -5.011028194760524 1.8860174631597717
      vertex -10.5 -5.011028194760524 13.313982536840228
      vertex -10.5 -4.821388959643706 13.474879445556802
    endloop
  endfacet
  facet normal -1 0 0
    outer loop
      vertex -10.5 -4.821388959643706 1.7251205544431993
      vertex -10.5 -4.821388959643706 13.474879445556802
      vertex -10.5 -4.626586860466277 13.62948538621339
    endloop
  endfacet
  facet normal -1 0 0
    outer loop
      vertex -10.5 -4.626586860466277 1.5705146137866128
      vertex -10.5 -4.626586860466277 13.62948538621339
      vertex -10.5 -4.426830496195296 13.777634802896277
    endloop
  endfacet
  facet normal -1 0 0
    outer loop
      vertex -10.5 -4.426830496195296 1.4223651971037246
      vertex -10.5 -4.426830496195296 13.777634802896277
      vertex -10.5 -4.2223337709489766 13.919169053499346
    endloop
  endfacet
  facet normal -1 0 0
    outer loop
      vertex -10.5 -4.2223337709489766 1.2808309465006564
      vertex -10.5 -4.2223337709489766 13.919169053499346
      vertex -10.5 -4.013315664942797 14.053936579602
    endloop
  endfacet
  facet normal -1 0 0
    outer loop
      vertex -10.5 -4.013315664942797 1.1460634203980007
      vertex -10.5 -4.013315664942797 14.053936579602
      vertex -10.5 -3.8000000000000003 14.181793068761735
    endloop
  endfacet
  facet normal 0 -0.9998661379095617 0.016361731626485215
    outer loop
      vertex -10.5 -7.6000000000000005 7.6000000000000005
      vertex -3.5 -7.6000000000000005 7.6000000000000005
      vertex -3.5 -7.59593086482038 7.848665029445499
    endloop
  endfacet
  facet normal 0 -0.9987954562051723 0.049067674327419444
    outer loop
      vertex -10.5 -7.59593086482038 7.848665029445499
      vertex -3.5 -7.59593086482038 7.848665029445499
      vertex -3.5 -7.583727816613387 8.097063782149087
    endloop
  endfacet
  facet normal 0 -0.9966552393091804 0.08172107413366712
    outer loop
      vertex -10.5 -7.583727816613387 8.097063782149087
      vertex -3.5 -7.583727816613387 8.097063782149087
      vertex -3.5 -7.563403922708697 8.344930266504662
    endloop
  endfacet
  facet normal 0 -0.9934477790194443 0.11428696496684852
    outer loop
      vertex -10.5 -7.563403922708697 8.344930266504662
      vertex -3.5 -7.563403922708697 8.344930266504662
      vertex -3.5 -7.534980946440959 8.591999060872393
    endloop
  endfacet
  facet normal 0 -0.9891765099647809 0.14673047445536222
    outer loop
      vertex -10.5 -7.534980946440959 8.591999060872393
      vertex -3.5 -7.534980946440959 8.591999060872393
      vertex -3.5 -7.498489323845081 8.838005597798874
    endloop
  endfacet
  facet normal 0 -0.9838460059270778 0.17901686127663125
    outer loop
      vertex -10.5 -7.498489323845081 8.838005597798874
      vertex -3.5 -7.498489323845081 8.838005597798874
      vertex -3.5 -7.453968131064552 9.082686447322576
    endloop
  endfacet
  facet normal 0 -0.9774619749435716 0.21111155235896642
    outer loop
      vertex -10.5 -7.453968131064552 9.082686447322576
      vertex -3.5 -7.453968131064552 9.082686447322576
      vertex -3.5 -7.401465042507736 9.325779599061237
    endloop
  endfacet
  facet normal 0 -0.9700312531945446 0.24298017990326115
    outer loop
      vertex -10.5 -7.401465042507736 9.325779599061237
      vertex -3.5 -7.401465042507736 9.325779599061237
      vertex -3.5 -7.34103627979692 9.567024742779159
    endloop
  endfacet
  facet normal 0 -0.9615617976829609 0.27458861818493585
    outer loop
      vertex -10.5 -7.34103627979692 9.567024742779159
      vertex -3.5 -7.34103627979692 9.567024742779159
      vertex -3.5 -7.272746551564787 9.806163547133915
    endloop
  endfacet
  facet normal 0 -0.9520626777139248 0.3059030200965518
    outer loop
      vertex -10.5 -7.272746551564787 9.806163547133915
      vertex -3.5 -7.272746551564787 9.806163547133915
      vertex -3.5 -7.1966689841628035 10.042939936304029
    endloop
  endfacet
  facet normal 0 -0.9415440651830209 0.33688985339221944
    outer loop
      vertex -10.5 -7.1966689841628035 10.042939936304029
      vertex -3.5 -7.1966689841628035 10.042939936304029
      vertex -3.5 -7.112885043355676 10.277100364201376
    endloop
  endfacet
  facet normal 0 -0.9300172236840119 0.36751593659470405
    outer loop
      vertex -10.5 -7.112885043355676 10.277100364201376
      vertex -3.5 -7.112885043355676 10.277100364201376
      vertex -3.5 -7.02148444708578 10.508394085974682
    endloop
  endfacet
  facet normal 0 -0.9174944964474905 0.397748474527013
    outer loop
      vertex -10.5 -7.02148444708578 10.508394085974682
      vertex -3.5 -7.02148444708578 10.508394085974682
      vertex -3.5 -6.922565069400936 10.7365734265134
    endloop
  endfacet
  facet normal 0 -0.9039892931234449 0.4275550934302788
    outer loop
      vertex -10.5 -6.922565069400936 10.7365734265134
      vertex -3.5 -6.922565069400936 10.7365734265134
      vertex -3.5 -6.816232835648432 10.961394045664411
    endloop
  endfacet
  facet normal 0 -0.8895160754218563 0.45690387563042023
    outer loop
      vertex -10.5 -6.816232835648432 10.961394045664411
      vertex -3.5 -6.816232835648432 10.961394045664411
      vertex -3.5 -6.702601609047499 11.182615199877583
    endloop
  endfacet
  facet normal 0 -0.8740903416267563 0.4857633937163448
    outer loop
      vertex -10.5 -6.702601609047499 11.182615199877583
      vertex -3.5 -6.702601609047499 11.182615199877583
      vertex -3.5 -6.581793068761733 11.4
    endloop
  endfacet
  facet normal 0 -0.8577286100002738 0.5141027441932189
    outer loop
      vertex -10.5 -6.581793068761733 11.4
      vertex -3.5 -6.453936579602 11.613315664942798
      vertex -10.5 -6.453936579602 11.613315664942798
    endloop
  endfacet
  facet normal 0 -0.840448401094436 0.5418915805747548
    outer loop
      vertex -10.5 -6.453936579602 11.613315664942798
      vertex -3.5 -6.319169053499344 11.822333770948976
      vertex -10.5 -6.319169053499344 11.822333770948976
    endloop
  endfacet
  facet normal 0 -0.8222682189897766 0.569100145878896
    outer loop
      vertex -10.5 -6.319169053499344 11.822333770948976
      vertex -3.5 -6.177634802896276 12.026830496195297
      vertex -10.5 -6.177634802896276 12.026830496195297
    endloop
  endfacet
  facet normal 0 -0.8032075314806448 0.5956993044924335
    outer loop
      vertex -10.5 -6.177634802896276 12.026830496195297
      vertex -3.5 -6.029485386213388 12.226586860466277
      vertex -10.5 -6.029485386213388 12.226586860466277
    endloop
  endfacet
  facet normal 0 -0.7832867492286517 0.6216605733700757
    outer loop
      vertex -10.5 -6.029485386213388 12.226586860466277
      vertex -3.5 -5.874879445556801 12.421388959643707
      vertex -10.5 -5.874879445556801 12.421388959643707
    endloop
  endfacet
  facet normal 0 -0.7625272039063896 0.6469561525348556
    outer loop
      vertex -10.5 -5.874879445556801 12.421388959643707
      vertex -3.5 -5.713982536840229 12.611028194760525
      vertex -10.5 -5.713982536840229 12.611028194760525
    endloop
  endfacet
  facet normal 0 -0.7409511253549554 0.6715589548470223
    outer loop
      vertex -10.5 -5.713982536840229 12.611028194760525
      vertex -3.5 -5.546966952503551 12.795301495373822
      vertex -10.5 -5.546966952503551 12.795301495373822
    endloop
  endfacet
  facet normal 0 -0.718581617779702 0.6954426350096078
    outer loop
      vertex -10.5 -5.546966952503551 12.795301495373822
      vertex -3.5 -5.374011537017762 12.974011537017763
      vertex -10.5 -5.374011537017762 12.974011537017763
    endloop
  endfacet
  facet normal 0 -0.6954426350096059 0.7185816177797038
    outer loop
      vertex -10.5 -5.374011537017762 12.974011537017763
      vertex -3.5 -5.374011537017762 12.974011537017763
      vertex -10.5 -5.195301495373822 13.14696695250355
    endloop
  endfacet
  facet normal 0 -0.6715589548470206 0.7409511253549571
    outer loop
      vertex -10.5 -5.195301495373822 13.14696695250355
      vertex -3.5 -5.195301495373822 13.14696695250355
      vertex -10.5 -5.011028194760524 13.313982536840228
    endloop
  endfacet
  facet normal 0 -0.6469561525348576 0.7625272039063878
    outer loop
      vertex -10.5 -5.011028194760524 13.313982536840228
      vertex -3.5 -5.011028194760524 13.313982536840228
      vertex -10.5 -4.821388959643706 13.474879445556802
    endloop
  endfacet
  facet normal 0 -0.6216605733700815 0.7832867492286473
    outer loop
      vertex -10.5 -4.821388959643706 13.474879445556802
      vertex -3.5 -4.821388959643706 13.474879445556802
      vertex -10.5 -4.626586860466277 13.62948538621339
    endloop
  endfacet
  facet normal 0 -0.5956993044924295 0.8032075314806478
    outer loop
      vertex -10.5 -4.626586860466277 13.62948538621339
      vertex -3.5 -4.626586860466277 13.62948538621339
      vertex -10.5 -4.426830496195296 13.777634802896277
    endloop
  endfacet
  facet normal 0 -0.5691001458789001 0.8222682189897739
    outer loop
      vertex -10.5 -4.426830496195296 13.777634802896277
      vertex -3.5 -4.426830496195296 13.777634802896277
      vertex -10.5 -4.2223337709489766 13.919169053499346
    endloop
  endfacet
  facet normal 0 -0.5418915805747507 0.8404484010944387
    outer loop
      vertex -10.5 -4.2223337709489766 13.919169053499346
      vertex -3.5 -4.2223337709489766 13.919169053499346
      vertex -10.5 -4.013315664942797 14.053936579602
    endloop
  endfacet
  facet normal 0 -0.5141027441932222 0.8577286100002717
    outer loop
      vertex -10.5 -4.013315664942797 14.053936579602
      vertex -3.5 -4.013315664942797 14.053936579602
      vertex -10.5 -3.8000000000000003 14.181793068761735
    endloop
  endfacet
  facet normal 0 -0.8577286100002738 0.5141027441932189
    outer loop
      vertex -10.5 -6.581793068761733 11.4
      vertex -3.5 -6.581793068761733 11.4
      vertex -3.5 -6.453936579602 11.613315664942798
    endloop
  endfacet
  facet normal 0 -0.840448401094436 0.5418915805747548
    outer loop
      vertex -10.5 -6.453936579602 11.613315664942798
      vertex -3.5 -6.453936579602 11.613315664942798
      vertex -3.5 -6.319169053499344 11.822333770948976
    endloop
  endfacet
  facet normal 0 -0.8222682189897766 0.569100145878896
    outer loop
      vertex -10.5 -6.319169053499344 11.822333770948976
      vertex -3.5 -6.319169053499344 11.822333770948976
      vertex -3.5 -6.177634802896276 12.026830496195297
    endloop
  endfacet
  facet normal 0 -0.8032075314806448 0.5956993044924335
    outer loop
      vertex -10.5 -6.177634802896276 12.026830496195297
      vertex -3.5 -6.177634802896276 12.026830496195297
      vertex -3.5 -6.029485386213388 12.226586860466277
    endloop
  endfacet
  facet normal 0 -0.7832867492286517 0.6216605733700757
    outer loop
      vertex -10.5 -6.029485386213388 12.226586860466277
      vertex -3.5 -6.029485386213388 12.226586860466277
      vertex -3.5 -5.874879445556801 12.421388959643707
    endloop
  endfacet
  facet normal 0 -0.7625272039063896 0.6469561525348556
    outer loop
      vertex -10.5 -5.874879445556801 12.421388959643707
      vertex -3.5 -5.874879445556801 12.421388959643707
      vertex -3.5 -5.713982536840229 12.611028194760525
    endloop
  endfacet
  facet normal 0 -0.7409511253549554 0.6715589548470223
    outer loop
      vertex -10.5 -5.713982536840229 12.611028194760525
      vertex -3.5 -5.713982536840229 12.611028194760525
      vertex -3.5 -5.546966952503551 12.795301495373822
    endloop
  endfacet
  facet normal 0 -0.718581617779702 0.6954426350096078
    outer loop
      vertex -10.5 -5.546966952503551 12.795301495373822
      vertex -3.5 -5.546966952503551 12.795301495373822
      vertex -3.5 -5.374011537017762 12.974011537017763
    endloop
  endfacet
  facet normal 0 -0.6954426350096059 0.7185816177797038
    outer loop
      vertex -10.5 -5.195301495373822 13.14696695250355
      vertex -3.5 -5.374011537017762 12.974011537017763
      vertex -3.5 -5.195301495373822 13.14696695250355
    endloop
  endfacet
  facet normal 0 -0.6715589548470206 0.7409511253549571
    outer loop
      vertex -10.5 -5.011028194760524 13.313982536840228
      vertex -3.5 -5.195301495373822 13.14696695250355
      vertex -3.5 -5.011028194760524 13.313982536840228
    endloop
  endfacet
  facet normal 0 -0.6469561525348576 0.7625272039063878
    outer loop
      vertex -10.5 -4.821388959643706 13.474879445556802
      vertex -3.5 -5.011028194760524 13.313982536840228
      vertex -3.5 -4.821388959643706 13.474879445556802
    endloop
  endfacet
  facet normal 0 -0.6216605733700815 0.7832867492286473
    outer loop
      vertex -10.5 -4.626586860466277 13.62948538621339
      vertex -3.5 -4.821388959643706 13.474879445556802
      vertex -3.5 -4.626586860466277 13.62948538621339
    endloop
  endfacet
  facet normal 0 -0.5956993044924295 0.8032075314806478
    outer loop
      vertex -10.5 -4.426830496195296 13.777634802896277
      vertex -3.5 -4.626586860466277 13.62948538621339
      vertex -3.5 -4.426830496195296 13.777634802896277
    endloop
  endfacet
  facet normal 0 -0.5691001458789001 0.8222682189897739
    outer loop
      vertex -10.5 -4.2223337709489766 13.919169053499346
      vertex -3.5 -4.426830496195296 13.777634802896277
      vertex -3.5 -4.2223337709489766 13.919169053499346
    endloop
  endfacet
  facet normal 0 -0.5418915805747507 0.8404484010944387
    outer loop
      vertex -10.5 -4.013315664942797 14.053936579602
      vertex -3.5 -4.2223337709489766 13.919169053499346
      vertex -3.5 -4.013315664942797 14.053936579602
    endloop
  endfacet
  facet normal 0 -0.5141027441932222 0.8577286100002717
    outer loop
      vertex -10.5 -3.8000000000000003 14.181793068761735
      vertex -3.5 -4.013315664942797 14.053936579602
      vertex -3.5 -3.8000000000000003 14.181793068761735
    endloop
  endfacet
  facet normal -1 0 0
    outer loop
      vertex -10.5 -3.8000000000000003 1.018206931238267
      vertex -10.5 -3.8000000000000003 14.181793068761735
      vertex -10.5 -3.582615199877582 14.3026016090475
    endloop
  endfacet
  facet normal -1 0 0
    outer loop
      vertex -10.5 -3.582615199877582 0.8973983909525014
      vertex -10.5 -3.582615199877582 14.3026016090475
      vertex -10.5 -3.3613940456644102 14.416232835648433
    endloop
  endfacet
  facet normal -1 0 0
    outer loop
      vertex -10.5 -3.3613940456644102 0.7837671643515689
      vertex -10.5 -3.3613940456644102 14.416232835648433
      vertex -10.5 -3.1365734265134 14.522565069400937
    endloop
  endfacet
  facet normal -1 0 0
    outer loop
      vertex -10.5 -3.1365734265134 0.6774349305990643
      vertex -10.5 -3.1365734265134 14.522565069400937
      vertex -10.5 -2.9083940859746824 14.62148444708578
    endloop
  endfacet
  facet normal -1 0 0
    outer loop
      vertex -10.5 -2.9083940859746824 0.5785155529142205
      vertex -10.5 -2.9083940859746824 14.62148444708578
      vertex -10.5 -2.6771003642013746 14.712885043355676
    endloop
  endfacet
  facet normal -1 0 0
    outer loop
      vertex -10.5 -2.6771003642013746 0.4871149566443247
      vertex -10.5 -2.6771003642013746 14.712885043355676
      vertex -10.5 -2.442939936304028 14.796668984162803
    endloop
  endfacet
  facet normal -1 0 0
    outer loop
      vertex -10.5 -2.442939936304028 0.403331015837197
      vertex -10.5 -2.442939936304028 14.796668984162803
      vertex -10.5 -2.206163547133914 14.872746551564788
    endloop
  endfacet
  facet normal -1 0 0
    outer loop
      vertex -10.5 -2.206163547133914 0.3272534484352132
      vertex -10.5 -2.206163547133914 14.872746551564788
      vertex -10.5 -1.9670247427791578 14.94103627979692
    endloop
  endfacet
  facet normal -1 0 0
    outer loop
      vertex -10.5 -1.9670247427791578 0.2589637202030808
      vertex -10.5 -1.9670247427791578 14.94103627979692
      vertex -10.5 -1.7257795990612366 15.001465042507736
    endloop
  endfacet
  facet normal -1 0 0
    outer loop
      vertex -10.5 -1.7257795990612366 0.19853495749226457
      vertex -10.5 -1.7257795990612366 15.001465042507736
      vertex -10.5 -1.4826864473225747 15.053968131064552
    endloop
  endfacet
  facet normal -1 0 0
    outer loop
      vertex -10.5 -1.4826864473225747 0.14603186893544873
      vertex -10.5 -1.4826864473225747 15.053968131064552
      vertex -10.5 -1.2380055977988744 15.098489323845081
    endloop
  endfacet
  facet normal -1 0 0
    outer loop
      vertex -10.5 -1.2380055977988744 0.10151067615491982
      vertex -10.5 -1.2380055977988744 15.098489323845081
      vertex -10.5 -0.991999060872392 15.13498094644096
    endloop
  endfacet
  facet normal -1 0 0
    outer loop
      vertex -10.5 -0.991999060872392 0.06501905355904114
      vertex -10.5 -0.991999060872392 15.13498094644096
      vertex -10.5 -0.7449302665046607 15.163403922708698
    endloop
  endfacet
  facet normal -1 0 0
    outer loop
      vertex -10.5 -0.7449302665046607 0.03659607729130343
      vertex -10.5 -0.7449302665046607 15.163403922708698
      vertex -10.5 -0.4970637821490873 15.183727816613388
    endloop
  endfacet
  facet normal -1 0 0
    outer loop
      vertex -10.5 -0.4970637821490873 0.016272183386613293
      vertex -10.5 -0.4970637821490873 15.183727816613388
      vertex -10.5 -0.24866502944549865 15.19593086482038
    endloop
  endfacet
  facet normal -1 0 0
    outer loop
      vertex -10.5 -0.24866502944549865 0.004069135179620709
      vertex -10.5 -0.24866502944549865 15.19593086482038
      vertex -10.5 0 15.200000000000001
    endloop
  endfacet
  facet normal 0 -0.4857633937163406 0.8740903416267586
    outer loop
      vertex -10.5 -3.8000000000000003 14.181793068761735
      vertex -3.5 -3.8000000000000003 14.181793068761735
      vertex -10.5 -3.582615199877582 14.3026016090475
    endloop
  endfacet
  facet normal 0 -0.45690387563042306 0.8895160754218548
    outer loop
      vertex -10.5 -3.582615199877582 14.3026016090475
      vertex -3.5 -3.582615199877582 14.3026016090475
      vertex -10.5 -3.3613940456644102 14.416232835648433
    endloop
  endfacet
  facet normal 0 -0.42755509343027653 0.9039892931234459
    outer loop
      vertex -10.5 -3.3613940456644102 14.416232835648433
      vertex -3.5 -3.3613940456644102 14.416232835648433
      vertex -10.5 -3.1365734265134 14.522565069400937
    endloop
  endfacet
  facet normal 0 -0.3977484745270137 0.9174944964474903
    outer loop
      vertex -10.5 -3.1365734265134 14.522565069400937
      vertex -3.5 -3.1365734265134 14.522565069400937
      vertex -10.5 -2.9083940859746824 14.62148444708578
    endloop
  endfacet
  facet normal 0 -0.3675159365947029 0.9300172236840125
    outer loop
      vertex -10.5 -2.9083940859746824 14.62148444708578
      vertex -3.5 -2.9083940859746824 14.62148444708578
      vertex -10.5 -2.6771003642013746 14.712885043355676
    endloop
  endfacet
  facet normal 0 -0.33688985339221683 0.9415440651830219
    outer loop
      vertex -10.5 -2.6771003642013746 14.712885043355676
      vertex -3.5 -2.6771003642013746 14.712885043355676
      vertex -10.5 -2.442939936304028 14.796668984162803
    endloop
  endfacet
  facet normal 0 -0.3059030200965545 0.9520626777139239
    outer loop
      vertex -10.5 -2.442939936304028 14.796668984162803
      vertex -3.5 -2.442939936304028 14.796668984162803
      vertex -10.5 -2.206163547133914 14.872746551564788
    endloop
  endfacet
  facet normal 0 -0.2745886181849356 0.961561797682961
    outer loop
      vertex -10.5 -2.206163547133914 14.872746551564788
      vertex -3.5 -2.206163547133914 14.872746551564788
      vertex -10.5 -1.9670247427791578 14.94103627979692
    endloop
  endfacet
  facet normal 0 -0.24298017990325863 0.9700312531945453
    outer loop
      vertex -10.5 -1.9670247427791578 14.94103627979692
      vertex -3.5 -1.9670247427791578 14.94103627979692
      vertex -10.5 -1.7257795990612366 15.001465042507736
    endloop
  endfacet
  facet normal 0 -0.21111155235896892 0.977461974943571
    outer loop
      vertex -10.5 -1.7257795990612366 15.001465042507736
      vertex -3.5 -1.7257795990612366 15.001465042507736
      vertex -10.5 -1.4826864473225747 15.053968131064552
    endloop
  endfacet
  facet normal 0 -0.1790168612766323 0.9838460059270774
    outer loop
      vertex -10.5 -1.4826864473225747 15.053968131064552
      vertex -3.5 -1.4826864473225747 15.053968131064552
      vertex -10.5 -1.2380055977988744 15.098489323845081
    endloop
  endfacet
  facet normal 0 -0.14673047445536166 0.989176509964781
    outer loop
      vertex -10.5 -1.2380055977988744 15.098489323845081
      vertex -3.5 -1.2380055977988744 15.098489323845081
      vertex -10.5 -0.991999060872392 15.13498094644096
    endloop
  endfacet
  facet normal 0 -0.11428696496684847 0.9934477790194443
    outer loop
      vertex -10.5 -0.991999060872392 15.13498094644096
      vertex -3.5 -0.991999060872392 15.13498094644096
      vertex -10.5 -0.7449302665046607 15.163403922708698
    endloop
  endfacet
  facet normal 0 -0.08172107413366748 0.9966552393091804
    outer loop
      vertex -10.5 -0.7449302665046607 15.163403922708698
      vertex -3.5 -0.7449302665046607 15.163403922708698
      vertex -10.5 -0.4970637821490873 15.183727816613388
    endloop
  endfacet
  facet normal 0 -0.0490676743274158 0.9987954562051725
    outer loop
      vertex -10.5 -0.4970637821490873 15.183727816613388
      vertex -3.5 -0.4970637821490873 15.183727816613388
      vertex -10.5 -0.24866502944549865 15.19593086482038
    endloop
  endfacet
  facet normal 0 -0.01636173162648877 0.9998661379095617
    outer loop
      vertex -10.5 -0.24866502944549865 15.19593086482038
      vertex -3.5 -0.24866502944549865 15.19593086482038
      vertex -10.5 0 15.200000000000001
    endloop
  endfacet
  facet normal 0 -0.4857633937163406 0.8740903416267586
    outer loop
      vertex -10.5 -3.582615199877582 14.3026016090475
      vertex -3.5 -3.8000000000000003 14.181793068761735
      vertex -3.5 -3.582615199877582 14.3026016090475
    endloop
  endfacet
  facet normal 0 -0.45690387563042306 0.8895160754218548
    outer loop
      vertex -10.5 -3.3613940456644102 14.416232835648433
      vertex -3.5 -3.582615199877582 14.3026016090475
      vertex -3.5 -3.3613940456644102 14.416232835648433
    endloop
  endfacet
  facet normal 0 -0.42755509343027653 0.9039892931234459
    outer loop
      vertex -10.5 -3.1365734265134 14.522565069400937
      vertex -3.5 -3.3613940456644102 14.416232835648433
      vertex -3.5 -3.1365734265134 14.522565069400937
    endloop
  endfacet
  facet normal 0 -0.3977484745270137 0.9174944964474903
    outer loop
      vertex -10.5 -2.9083940859746824 14.62148444708578
      vertex -3.5 -3.1365734265134 14.522565069400937
      vertex -3.5 -2.9083940859746824 14.62148444708578
    endloop
  endfacet
  facet normal 0 -0.3675159365947029 0.9300172236840125
    outer loop
      vertex -10.5 -2.6771003642013746 14.712885043355676
      vertex -3.5 -2.9083940859746824 14.62148444708578
      vertex -3.5 -2.6771003642013746 14.712885043355676
    endloop
  endfacet
  facet normal 0 -0.33688985339221683 0.9415440651830219
    outer loop
      vertex -10.5 -2.442939936304028 14.796668984162803
      vertex -3.5 -2.6771003642013746 14.712885043355676
      vertex -3.5 -2.442939936304028 14.796668984162803
    endloop
  endfacet
  facet normal 0 -0.3059030200965545 0.9520626777139239
    outer loop
      vertex -10.5 -2.206163547133914 14.872746551564788
      vertex -3.5 -2.442939936304028 14.796668984162803
      vertex -3.5 -2.206163547133914 14.872746551564788
    endloop
  endfacet
  facet normal 0 -0.2745886181849356 0.961561797682961
    outer loop
      vertex -10.5 -1.9670247427791578 14.94103627979692
      vertex -3.5 -2.206163547133914 14.872746551564788
      vertex -3.5 -1.9670247427791578 14.94103627979692
    endloop
  endfacet
  facet normal 0 -0.24298017990325863 0.9700312531945453
    outer loop
      vertex -10.5 -1.7257795990612366 15.001465042507736
      vertex -3.5 -1.9670247427791578 14.94103627979692
      vertex -3.5 -1.7257795990612366 15.001465042507736
    endloop
  endfacet
  facet normal 0 -0.21111155235896892 0.977461974943571
    outer loop
      vertex -10.5 -1.4826864473225747 15.053968131064552
      vertex -3.5 -1.7257795990612366 15.001465042507736
      vertex -3.5 -1.4826864473225747 15.053968131064552
    endloop
  endfacet
  facet normal 0 -0.1790168612766323 0.9838460059270774
    outer loop
      vertex -10.5 -1.2380055977988744 15.098489323845081
      vertex -3.5 -1.4826864473225747 15.053968131064552
      vertex -3.5 -1.2380055977988744 15.098489323845081
    endloop
  endfacet
  facet normal 0 -0.14673047445536166 0.989176509964781
    outer loop
      vertex -10.5 -0.991999060872392 15.13498094644096
      vertex -3.5 -1.2380055977988744 15.098489323845081
      vertex -3.5 -0.991999060872392 15.13498094644096
    endloop
  endfacet
  facet normal 0 -0.11428696496684847 0.9934477790194443
    outer loop
      vertex -10.5 -0.7449302665046607 15.163403922708698
      vertex -3.5 -0.991999060872392 15.13498094644096
      vertex -3.5 -0.7449302665046607 15.163403922708698
    endloop
  endfacet
  facet normal 0 -0.08172107413366748 0.9966552393091804
    outer loop
      vertex -10.5 -0.4970637821490873 15.183727816613388
      vertex -3.5 -0.7449302665046607 15.163403922708698
      vertex -3.5 -0.4970637821490873 15.183727816613388
    endloop
  endfacet
  facet normal 0 -0.0490676743274158 0.9987954562051725
    outer loop
      vertex -10.5 -0.24866502944549865 15.19593086482038
      vertex -3.5 -0.4970637821490873 15.183727816613388
      vertex -3.5 -0.24866502944549865 15.19593086482038
    endloop
  endfacet
  facet normal 0 -0.01636173162648877 0.9998661379095617
    outer loop
      vertex -3.5 -0.24866502944549865 15.19593086482038
      vertex -3.5 0 15.200000000000001
      vertex -10.5 0 15.200000000000001
    endloop
  endfacet
  facet normal 1 0 0
    outer loop
      vertex -3.5 -7.59593086482038 7.351334970554502
      vertex -3.5 -7.59593086482038 7.848665029445499
      vertex -3.5 -7.6000000000000005 7.6000000000000005
    endloop
  endfacet
  facet normal 1 0 0
    outer loop
      vertex -3.5 -7.583727816613387 7.102936217850913
      vertex -3.5 -7.583727816613387 8.097063782149087
      vertex -3.5 -7.59593086482038 7.848665029445499
    endloop
  endfacet
  facet normal 1 0 0
    outer loop
      vertex -3.5 -7.563403922708697 6.855069733495339
      vertex -3.5 -7.563403922708697 8.344930266504662
      vertex -3.5 -7.583727816613387 8.097063782149087
    endloop
  endfacet
  facet normal 1 0 0
    outer loop
      vertex -3.5 -7.534980946440959 6.608000939127608
      vertex -3.5 -7.534980946440959 8.591999060872393
      vertex -3.5 -7.563403922708697 8.344930266504662
    endloop
  endfacet
  facet normal 1 0 0
    outer loop
      vertex -3.5 -7.498489323845081 6.361994402201126
      vertex -3.5 -7.498489323845081 8.838005597798874
      vertex -3.5 -7.534980946440959 8.591999060872393
    endloop
  endfacet
  facet normal 1 0 0
    outer loop
      vertex -3.5 -7.453968131064552 6.117313552677426
      vertex -3.5 -7.453968131064552 9.082686447322576
      vertex -3.5 -7.498489323845081 8.838005597798874
    endloop
  endfacet
  facet normal 1 0 0
    outer loop
      vertex -3.5 -7.401465042507736 5.874220400938764
      vertex -3.5 -7.401465042507736 9.325779599061237
      vertex -3.5 -7.453968131064552 9.082686447322576
    endloop
  endfacet
  facet normal 1 0 0
    outer loop
      vertex -3.5 -7.34103627979692 5.632975257220843
      vertex -3.5 -7.34103627979692 9.567024742779159
      vertex -3.5 -7.401465042507736 9.325779599061237
    endloop
  endfacet
  facet normal 1 0 0
    outer loop
      vertex -3.5 -7.272746551564787 5.393836452866086
      vertex -3.5 -7.272746551564787 9.806163547133915
      vertex -3.5 -7.34103627979692 9.567024742779159
    endloop
  endfacet
  facet normal 1 0 0
    outer loop
      vertex -3.5 -7.1966689841628035 5.1570600636959725
      vertex -3.5 -7.1966689841628035 10.042939936304029
      vertex -3.5 -7.272746551564787 9.806163547133915
    endloop
  endfacet
  facet normal 1 0 0
    outer loop
      vertex -3.5 -7.112885043355676 4.922899635798625
      vertex -3.5 -7.112885043355676 10.277100364201376
      vertex -3.5 -7.1966689841628035 10.042939936304029
    endloop
  endfacet
  facet normal 1 0 0
    outer loop
      vertex -3.5 -7.02148444708578 4.691605914025319
      vertex -3.5 -7.02148444708578 10.508394085974682
      vertex -3.5 -7.112885043355676 10.277100364201376
    endloop
  endfacet
  facet normal 1 0 0
    outer loop
      vertex -3.5 -6.922565069400936 4.4634265734866005
      vertex -3.5 -6.922565069400936 10.7365734265134
      vertex -3.5 -7.02148444708578 10.508394085974682
    endloop
  endfacet
  facet normal 1 0 0
    outer loop
      vertex -3.5 -6.816232835648432 4.23860595433559
      vertex -3.5 -6.816232835648432 10.961394045664411
      vertex -3.5 -6.922565069400936 10.7365734265134
    endloop
  endfacet
  facet normal 1 0 0
    outer loop
      vertex -3.5 -6.702601609047499 4.017384800122418
      vertex -3.5 -6.702601609047499 11.182615199877583
      vertex -3.5 -6.816232835648432 10.961394045664411
    endloop
  endfacet
  facet normal 1 0 0
    outer loop
      vertex -3.5 -6.581793068761733 3.8000000000000003
      vertex -3.5 -6.581793068761733 11.4
      vertex -3.5 -6.702601609047499 11.182615199877583
    endloop
  endfacet
  facet normal 1 0 0
    outer loop
      vertex -3.5 -6.453936579602 3.5866843350572033
      vertex -3.5 -6.453936579602 11.613315664942798
      vertex -3.5 -6.581793068761733 11.4
    endloop
  endfacet
  facet normal 1 0 0
    outer loop
      vertex -3.5 -6.319169053499344 3.377666229051024
      vertex -3.5 -6.319169053499344 11.822333770948976
      vertex -3.5 -6.453936579602 11.613315664942798
    endloop
  endfacet
  facet normal 1 0 0
    outer loop
      vertex -3.5 -6.177634802896276 3.1731695038047043
      vertex -3.5 -6.177634802896276 12.026830496195297
      vertex -3.5 -6.319169053499344 11.822333770948976
    endloop
  endfacet
  facet normal 1 0 0
    outer loop
      vertex -3.5 -6.029485386213388 2.973413139533723
      vertex -3.5 -6.029485386213388 12.226586860466277
      vertex -3.5 -6.177634802896276 12.026830496195297
    endloop
  endfacet
  facet normal 1 0 0
    outer loop
      vertex -3.5 -5.874879445556801 2.778611040356295
      vertex -3.5 -5.874879445556801 12.421388959643707
      vertex -3.5 -6.029485386213388 12.226586860466277
    endloop
  endfacet
  facet normal 1 0 0
    outer loop
      vertex -3.5 -5.713982536840229 2.588971805239477
      vertex -3.5 -5.713982536840229 12.611028194760525
      vertex -3.5 -5.874879445556801 12.421388959643707
    endloop
  endfacet
  facet normal 1 0 0
    outer loop
      vertex -3.5 -5.546966952503551 2.404698504626179
      vertex -3.5 -5.546966952503551 12.795301495373822
      vertex -3.5 -5.713982536840229 12.611028194760525
    endloop
  endfacet
  facet normal 1 0 0
    outer loop
      vertex -3.5 -5.374011537017762 2.2259884629822384
      vertex -3.5 -5.374011537017762 12.974011537017763
      vertex -3.5 -5.546966952503551 12.795301495373822
    endloop
  endfacet
  facet normal 1 0 0
    outer loop
      vertex -3.5 -5.195301495373822 2.0530330474964495
      vertex -3.5 -5.195301495373822 13.14696695250355
      vertex -3.5 -5.374011537017762 12.974011537017763
    endloop
  endfacet
  facet normal 1 0 0
    outer loop
      vertex -3.5 -5.011028194760524 1.8860174631597717
      vertex -3.5 -5.011028194760524 13.313982536840228
      vertex -3.5 -5.195301495373822 13.14696695250355
    endloop
  endfacet
  facet normal 1 0 0
    outer loop
      vertex -3.5 -4.821388959643706 1.7251205544431993
      vertex -3.5 -4.821388959643706 13.474879445556802
      vertex -3.5 -5.011028194760524 13.313982536840228
    endloop
  endfacet
  facet normal 1 0 0
    outer loop
      vertex -3.5 -4.626586860466277 1.5705146137866128
      vertex -3.5 -4.626586860466277 13.62948538621339
      vertex -3.5 -4.821388959643706 13.474879445556802
    endloop
  endfacet
  facet normal 1 0 0
    outer loop
      vertex -3.5 -4.426830496195296 1.4223651971037246
      vertex -3.5 -4.426830496195296 13.777634802896277
      vertex -3.5 -4.626586860466277 13.62948538621339
    endloop
  endfacet
  facet normal 1 0 0
    outer loop
      vertex -3.5 -4.2223337709489766 1.2808309465006564
      vertex -3.5 -4.2223337709489766 13.919169053499346
      vertex -3.5 -4.426830496195296 13.777634802896277
    endloop
  endfacet
  facet normal 1 0 0
    outer loop
      vertex -3.5 -4.013315664942797 1.1460634203980007
      vertex -3.5 -4.013315664942797 14.053936579602
      vertex -3.5 -4.2223337709489766 13.919169053499346
    endloop
  endfacet
  facet normal 1 0 0
    outer loop
      vertex -3.5 -3.8000000000000003 1.018206931238267
      vertex -3.5 -3.8000000000000003 14.181793068761735
      vertex -3.5 -4.013315664942797 14.053936579602
    endloop
  endfacet
  facet normal 1 0 0
    outer loop
      vertex -3.5 -3.5 1
      vertex -3.5 -3.5 10.133333333333335
      vertex -3.5 -3.582615199877582 14.3026016090475
    endloop
  endfacet
  facet normal 1 0 0
    outer loop
      vertex -3.5 -3.582615199877582 0.8973983909525014
      vertex -3.5 -3.582615199877582 14.3026016090475
      vertex -3.5 -3.8000000000000003 14.181793068761735
    endloop
  endfacet
  facet normal 1 0 0
    outer loop
      vertex -3.5 -3.5 10.133333333333335
      vertex -3.5 3.5 10.133333333333335
      vertex -3.5 -3.582615199877582 14.3026016090475
    endloop
  endfacet
  facet normal 1 0 0
    outer loop
      vertex -3.5 -3.582615199877582 14.3026016090475
      vertex -3.5 3.5 10.133333333333335
      vertex -3.5 -3.3613940456644102 14.416232835648433
    endloop
  endfacet
  facet normal 1 0 0
    outer loop
      vertex -3.5 -3.3613940456644102 14.416232835648433
      vertex -3.5 3.5 10.133333333333335
      vertex -3.5 -3.1365734265134 14.522565069400937
    endloop
  endfacet
  facet normal 1 0 0
    outer loop
      vertex -3.5 -3.1365734265134 14.522565069400937
      vertex -3.5 3.5 10.133333333333335
      vertex -3.5 -2.9083940859746824 14.62148444708578
    endloop
  endfacet
  facet normal 1 0 0
    outer loop
      vertex -3.5 -2.9083940859746824 14.62148444708578
      vertex -3.5 3.5 10.133333333333335
      vertex -3.5 -2.6771003642013746 14.712885043355676
    endloop
  endfacet
  facet normal 1 0 0
    outer loop
      vertex -3.5 -2.6771003642013746 14.712885043355676
      vertex -3.5 3.5 10.133333333333335
      vertex -3.5 -2.442939936304028 14.796668984162803
    endloop
  endfacet
  facet normal 1 0 0
    outer loop
      vertex -3.5 -2.442939936304028 14.796668984162803
      vertex -3.5 3.5 10.133333333333335
      vertex -3.5 -2.206163547133914 14.872746551564788
    endloop
  endfacet
  facet normal 1 0 0
    outer loop
      vertex -3.5 -2.206163547133914 14.872746551564788
      vertex -3.5 3.5 10.133333333333335
      vertex -3.5 -1.9670247427791578 14.94103627979692
    endloop
  endfacet
  facet normal 1 0 0
    outer loop
      vertex -3.5 -1.9670247427791578 14.94103627979692
      vertex -3.5 3.5 10.133333333333335
      vertex -3.5 -1.7257795990612366 15.001465042507736
    endloop
  endfacet
  facet normal 0 0.45690387563042045 -0.8895160754218561
    outer loop
      vertex -10.5 3.5 0.8549627272775674
      vertex -10.5 3.582615199877582 0.8973983909525014
      vertex -3.5 3.582615199877582 0.8973983909525014
    endloop
  endfacet
  facet normal 0 0.48576339371634336 -0.8740903416267571
    outer loop
      vertex -10.5 3.582615199877582 0.8973983909525014
      vertex -10.5 3.8000000000000003 1.018206931238267
      vertex -3.5 3.8000000000000003 1.018206931238267
    endloop
  endfacet
  facet normal 0 0.45690387563042045 -0.8895160754218561
    outer loop
      vertex -10.5 3.5 0.8549627272775674
      vertex -3.5 3.582615199877582 0.8973983909525014
      vertex -3.5 3.5 0.8549627272775674
    endloop
  endfacet
  facet normal 0 0.48576339371634336 -0.8740903416267571
    outer loop
      vertex -10.5 3.582615199877582 0.8973983909525014
      vertex -3.5 3.8000000000000003 1.018206931238267
      vertex -3.5 3.582615199877582 0.8973983909525014
    endloop
  endfacet
  facet normal -1 0 0
    outer loop
      vertex -10.5 0 0
      vertex -10.5 0.24866502944549865 15.19593086482038
      vertex -10.5 0.24866502944549865 0.004069135179620709
    endloop
  endfacet
  facet normal -1 0 0
    outer loop
      vertex -10.5 0.24866502944549865 0.004069135179620709
      vertex -10.5 0.4970637821490873 15.183727816613388
      vertex -10.5 0.4970637821490873 0.016272183386613293
    endloop
  endfacet
  facet normal -1 0 0
    outer loop
      vertex -10.5 0.4970637821490873 0.016272183386613293
      vertex -10.5 0.7449302665046607 15.163403922708698
      vertex -10.5 0.7449302665046607 0.03659607729130343
    endloop
  endfacet
  facet normal -1 0 0
    outer loop
      vertex -10.5 0.7449302665046607 0.03659607729130343
      vertex -10.5 0.991999060872392 15.13498094644096
      vertex -10.5 0.991999060872392 0.06501905355904114
    endloop
  endfacet
  facet normal -1 0 0
    outer loop
      vertex -10.5 0.991999060872392 0.06501905355904114
      vertex -10.5 1.2380055977988744 15.098489323845081
      vertex -10.5 1.2380055977988744 0.10151067615491982
    endloop
  endfacet
  facet normal -1 0 0
    outer loop
      vertex -10.5 1.2380055977988744 0.10151067615491982
      vertex -10.5 1.4826864473225747 15.053968131064552
      vertex -10.5 1.4826864473225747 0.14603186893544873
    endloop
  endfacet
  facet normal -1 0 0
    outer loop
      vertex -10.5 1.4826864473225747 0.14603186893544873
      vertex -10.5 1.7257795990612366 15.001465042507736
      vertex -10.5 1.7257795990612366 0.19853495749226457
    endloop
  endfacet
  facet normal -1 0 0
    outer loop
      vertex -10.5 1.7257795990612366 0.19853495749226457
      vertex -10.5 1.9670247427791578 14.94103627979692
      vertex -10.5 1.9670247427791578 0.2589637202030808
    endloop
  endfacet
  facet normal -1 0 0
    outer loop
      vertex -10.5 1.9670247427791578 0.2589637202030808
      vertex -10.5 2.206163547133914 14.872746551564788
      vertex -10.5 2.206163547133914 0.3272534484352132
    endloop
  endfacet
  facet normal -1 0 0
    outer loop
      vertex -10.5 2.206163547133914 0.3272534484352132
      vertex -10.5 2.442939936304028 14.796668984162803
      vertex -10.5 2.442939936304028 0.403331015837197
    endloop
  endfacet
  facet normal -1 0 0
    outer loop
      vertex -10.5 2.442939936304028 0.403331015837197
      vertex -10.5 2.6771003642013746 14.712885043355676
      vertex -10.5 2.6771003642013746 0.4871149566443247
    endloop
  endfacet
  facet normal -1 0 0
    outer loop
      vertex -10.5 2.6771003642013746 0.4871149566443247
      vertex -10.5 2.9083940859746824 14.62148444708578
      vertex -10.5 2.9083940859746824 0.5785155529142205
    endloop
  endfacet
  facet normal -1 0 0
    outer loop
      vertex -10.5 2.9083940859746824 0.5785155529142205
      vertex -10.5 3.1365734265134 14.522565069400937
      vertex -10.5 3.1365734265134 0.6774349305990643
    endloop
  endfacet
  facet normal -1 0 0
    outer loop
      vertex -10.5 3.1365734265134 0.6774349305990643
      vertex -10.5 3.3613940456644102 14.416232835648433
      vertex -10.5 3.3613940456644102 0.7837671643515689
    endloop
  endfacet
  facet normal -1 0 0
    outer loop
      vertex -10.5 3.3613940456644102 0.7837671643515689
      vertex -10.5 3.582615199877582 14.3026016090475
      vertex -10.5 3.5 0.8549627272775674
    endloop
  endfacet
  facet normal -1 0 0
    outer loop
      vertex -10.5 3.5 0.8549627272775674
      vertex -10.5 3.582615199877582 14.3026016090475
      vertex -10.5 3.582615199877582 0.8973983909525014
    endloop
  endfacet
  facet normal -1 0 0
    outer loop
      vertex -10.5 3.582615199877582 0.8973983909525014
      vertex -10.5 3.8000000000000003 14.181793068761735
      vertex -10.5 3.8000000000000003 1.018206931238267
    endloop
  endfacet
  facet normal 0 0.5141027441932197 -0.8577286100002733
    outer loop
      vertex -10.5 3.8000000000000003 1.018206931238267
      vertex -10.5 4.013315664942797 1.1460634203980007
      vertex -3.5 4.013315664942797 1.1460634203980007
    endloop
  endfacet
  facet normal 0 0.5418915805747533 -0.8404484010944371
    outer loop
      vertex -10.5 4.013315664942797 1.1460634203980007
      vertex -10.5 4.2223337709489766 1.2808309465006564
      vertex -3.5 4.2223337709489766 1.2808309465006564
    endloop
  endfacet
  facet normal 0 0.5691001458788977 -0.8222682189897755
    outer loop
      vertex -10.5 4.2223337709489766 1.2808309465006564
      vertex -10.5 4.426830496195296 1.4223651971037246
      vertex -3.5 4.426830496195296 1.4223651971037246
    endloop
  endfacet
  facet normal 0 0.5956993044924318 -0.8032075314806462
    outer loop
      vertex -10.5 4.426830496195296 1.4223651971037246
      vertex -10.5 4.626586860466277 1.5705146137866128
      vertex -3.5 4.626586860466277 1.5705146137866128
    endloop
  endfacet
  facet normal 0 0.6216605733700793 -0.7832867492286489
    outer loop
      vertex -10.5 4.626586860466277 1.5705146137866128
      vertex -10.5 4.821388959643706 1.7251205544431993
      vertex -3.5 4.821388959643706 1.7251205544431993
    endloop
  endfacet
  facet normal 0 0.6469561525348556 -0.7625272039063896
    outer loop
      vertex -10.5 4.821388959643706 1.7251205544431993
      vertex -10.5 5.011028194760524 1.8860174631597717
      vertex -3.5 5.011028194760524 1.8860174631597717
    endloop
  endfacet
  facet normal 0 0.6715589548470206 -0.7409511253549571
    outer loop
      vertex -10.5 5.011028194760524 1.8860174631597717
      vertex -10.5 5.195301495373822 2.0530330474964495
      vertex -3.5 5.195301495373822 2.0530330474964495
    endloop
  endfacet
  facet normal 0 0.6954426350096078 -0.718581617779702
    outer loop
      vertex -10.5 5.195301495373822 2.0530330474964495
      vertex -10.5 5.374011537017762 2.2259884629822384
      vertex -3.5 5.374011537017762 2.2259884629822384
    endloop
  endfacet
  facet normal 0 0.718581617779702 -0.6954426350096078
    outer loop
      vertex -10.5 5.374011537017762 2.2259884629822384
      vertex -10.5 5.546966952503551 2.404698504626179
      vertex -3.5 5.374011537017762 2.2259884629822384
    endloop
  endfacet
  facet normal 0 0.7409511253549571 -0.6715589548470206
    outer loop
      vertex -10.5 5.546966952503551 2.404698504626179
      vertex -10.5 5.713982536840229 2.588971805239477
      vertex -3.5 5.546966952503551 2.404698504626179
    endloop
  endfacet
  facet normal 0 0.7625272039063896 -0.6469561525348556
    outer loop
      vertex -10.5 5.713982536840229 2.588971805239477
      vertex -10.5 5.874879445556801 2.778611040356295
      vertex -3.5 5.713982536840229 2.588971805239477
    endloop
  endfacet
  facet normal 0 0.7832867492286489 -0.6216605733700793
    outer loop
      vertex -10.5 5.874879445556801 2.778611040356295
      vertex -10.5 6.029485386213388 2.973413139533723
      vertex -3.5 5.874879445556801 2.778611040356295
    endloop
  endfacet
  facet normal 0 0.8032075314806462 -0.5956993044924318
    outer loop
      vertex -10.5 6.029485386213388 2.973413139533723
      vertex -10.5 6.177634802896276 3.1731695038047043
      vertex -3.5 6.029485386213388 2.973413139533723
    endloop
  endfacet
  facet normal 0 0.8222682189897755 -0.5691001458788977
    outer loop
      vertex -10.5 6.177634802896276 3.1731695038047043
      vertex -10.5 6.319169053499344 3.377666229051024
      vertex -3.5 6.177634802896276 3.1731695038047043
    endloop
  endfacet
  facet normal 0 0.8404484010944371 -0.5418915805747533
    outer loop
      vertex -10.5 6.319169053499344 3.377666229051024
      vertex -10.5 6.453936579602 3.5866843350572033
      vertex -3.5 6.319169053499344 3.377666229051024
    endloop
  endfacet
  facet normal 0 0.8577286100002733 -0.5141027441932197
    outer loop
      vertex -10.5 6.453936579602 3.5866843350572033
      vertex -10.5 6.581793068761733 3.8000000000000003
      vertex -3.5 6.453936579602 3.5866843350572033
    endloop
  endfacet
  facet normal 0 0.5141027441932197 -0.8577286100002733
    outer loop
      vertex -10.5 3.8000000000000003 1.018206931238267
      vertex -3.5 4.013315664942797 1.1460634203980007
      vertex -3.5 3.8000000000000003 1.018206931238267
    endloop
  endfacet
  facet normal 0 0.5418915805747533 -0.8404484010944371
    outer loop
      vertex -10.5 4.013315664942797 1.1460634203980007
      vertex -3.5 4.2223337709489766 1.2808309465006564
      vertex -3.5 4.013315664942797 1.1460634203980007
    endloop
  endfacet
  facet normal 0 0.5691001458788977 -0.8222682189897755
    outer loop
      vertex -10.5 4.2223337709489766 1.2808309465006564
      vertex -3.5 4.426830496195296 1.4223651971037246
      vertex -3.5 4.2223337709489766 1.2808309465006564
    endloop
  endfacet
  facet normal 0 0.5956993044924318 -0.8032075314806462
    outer loop
      vertex -10.5 4.426830496195296 1.4223651971037246
      vertex -3.5 4.626586860466277 1.5705146137866128
      vertex -3.5 4.426830496195296 1.4223651971037246
    endloop
  endfacet
  facet normal 0 0.6216605733700793 -0.7832867492286489
    outer loop
      vertex -10.5 4.626586860466277 1.5705146137866128
      vertex -3.5 4.821388959643706 1.7251205544431993
      vertex -3.5 4.626586860466277 1.5705146137866128
    endloop
  endfacet
  facet normal 0 0.6469561525348556 -0.7625272039063896
    outer loop
      vertex -10.5 4.821388959643706 1.7251205544431993
      vertex -3.5 5.011028194760524 1.8860174631597717
      vertex -3.5 4.821388959643706 1.7251205544431993
    endloop
  endfacet
  facet normal 0 0.6715589548470206 -0.7409511253549571
    outer loop
      vertex -10.5 5.011028194760524 1.8860174631597717
      vertex -3.5 5.195301495373822 2.0530330474964495
      vertex -3.5 5.011028194760524 1.8860174631597717
    endloop
  endfacet
  facet normal 0 0.6954426350096078 -0.718581617779702
    outer loop
      vertex -10.5 5.195301495373822 2.0530330474964495
      vertex -3.5 5.374011537017762 2.2259884629822384
      vertex -3.5 5.195301495373822 2.0530330474964495
    endloop
  endfacet
  facet normal 0 0.718581617779702 -0.6954426350096078
    outer loop
      vertex -10.5 5.546966952503551 2.404698504626179
      vertex -3.5 5.546966952503551 2.404698504626179
      vertex -3.5 5.374011537017762 2.2259884629822384
    endloop
  endfacet
  facet normal 0 0.7409511253549571 -0.6715589548470206
    outer loop
      vertex -10.5 5.713982536840229 2.588971805239477
      vertex -3.5 5.713982536840229 2.588971805239477
      vertex -3.5 5.546966952503551 2.404698504626179
    endloop
  endfacet
  facet normal 0 0.7625272039063896 -0.6469561525348556
    outer loop
      vertex -10.5 5.874879445556801 2.778611040356295
      vertex -3.5 5.874879445556801 2.778611040356295
      vertex -3.5 5.713982536840229 2.588971805239477
    endloop
  endfacet
  facet normal 0 0.7832867492286489 -0.6216605733700793
    outer loop
      vertex -10.5 6.029485386213388 2.973413139533723
      vertex -3.5 6.029485386213388 2.973413139533723
      vertex -3.5 5.874879445556801 2.778611040356295
    endloop
  endfacet
  facet normal 0 0.8032075314806462 -0.5956993044924318
    outer loop
      vertex -10.5 6.177634802896276 3.1731695038047043
      vertex -3.5 6.177634802896276 3.1731695038047043
      vertex -3.5 6.029485386213388 2.973413139533723
    endloop
  endfacet
  facet normal 0 0.8222682189897755 -0.5691001458788977
    outer loop
      vertex -10.5 6.319169053499344 3.377666229051024
      vertex -3.5 6.319169053499344 3.377666229051024
      vertex -3.5 6.177634802896276 3.1731695038047043
    endloop
  endfacet
  facet normal 0 0.8404484010944371 -0.5418915805747533
    outer loop
      vertex -10.5 6.453936579602 3.5866843350572033
      vertex -3.5 6.453936579602 3.5866843350572033
      vertex -3.5 6.319169053499344 3.377666229051024
    endloop
  endfacet
  facet normal 0 0.8577286100002733 -0.5141027441932197
    outer loop
      vertex -10.5 6.581793068761733 3.8000000000000003
      vertex -3.5 6.581793068761733 3.8000000000000003
      vertex -3.5 6.453936579602 3.5866843350572033
    endloop
  endfacet
  facet normal -1 0 0
    outer loop
      vertex -10.5 3.8000000000000003 1.018206931238267
      vertex -10.5 4.013315664942797 14.053936579602
      vertex -10.5 4.013315664942797 1.1460634203980007
    endloop
  endfacet
  facet normal -1 0 0
    outer loop
      vertex -10.5 4.013315664942797 1.1460634203980007
      vertex -10.5 4.2223337709489766 13.919169053499346
      vertex -10.5 4.2223337709489766 1.2808309465006564
    endloop
  endfacet
  facet normal -1 0 0
    outer loop
      vertex -10.5 4.2223337709489766 1.2808309465006564
      vertex -10.5 4.426830496195296 13.777634802896277
      vertex -10.5 4.426830496195296 1.4223651971037246
    endloop
  endfacet
  facet normal -1 0 0
    outer loop
      vertex -10.5 4.426830496195296 1.4223651971037246
      vertex -10.5 4.626586860466277 13.62948538621339
      vertex -10.5 4.626586860466277 1.5705146137866128
    endloop
  endfacet
  facet normal -1 0 0
    outer loop
      vertex -10.5 4.626586860466277 1.5705146137866128
      vertex -10.5 4.821388959643706 13.474879445556802
      vertex -10.5 4.821388959643706 1.7251205544431993
    endloop
  endfacet
  facet normal -1 0 0
    outer loop
      vertex -10.5 4.821388959643706 1.7251205544431993
      vertex -10.5 5.011028194760524 13.313982536840228
      vertex -10.5 5.011028194760524 1.8860174631597717
    endloop
  endfacet
  facet normal -1 0 0
    outer loop
      vertex -10.5 5.011028194760524 1.8860174631597717
      vertex -10.5 5.195301495373822 13.14696695250355
      vertex -10.5 5.195301495373822 2.0530330474964495
    endloop
  endfacet
  facet normal -1 0 0
    outer loop
      vertex -10.5 5.195301495373822 2.0530330474964495
      vertex -10.5 5.374011537017762 12.974011537017763
      vertex -10.5 5.374011537017762 2.2259884629822384
    endloop
  endfacet
  facet normal -1 0 0
    outer loop
      vertex -10.5 5.374011537017762 2.2259884629822384
      vertex -10.5 5.546966952503551 12.795301495373822
      vertex -10.5 5.546966952503551 2.404698504626179
    endloop
  endfacet
  facet normal -1 0 0
    outer loop
      vertex -10.5 5.546966952503551 2.404698504626179
      vertex -10.5 5.713982536840229 12.611028194760525
      vertex -10.5 5.713982536840229 2.588971805239477
    endloop
  endfacet
  facet normal 0 0.8740903416267567 -0.4857633937163441
    outer loop
      vertex -10.5 6.581793068761733 3.8000000000000003
      vertex -10.5 6.702601609047499 4.017384800122418
      vertex -3.5 6.581793068761733 3.8000000000000003
    endloop
  endfacet
  facet normal 0 0.8895160754218563 -0.45690387563042023
    outer loop
      vertex -10.5 6.702601609047499 4.017384800122418
      vertex -10.5 6.816232835648432 4.23860595433559
      vertex -3.5 6.702601609047499 4.017384800122418
    endloop
  endfacet
  facet normal 0 0.9039892931234449 -0.4275550934302788
    outer loop
      vertex -10.5 6.816232835648432 4.23860595433559
      vertex -10.5 6.922565069400936 4.4634265734866005
      vertex -3.5 6.816232835648432 4.23860595433559
    endloop
  endfacet
  facet normal 0 0.9174944964474905 -0.397748474527013
    outer loop
      vertex -10.5 6.922565069400936 4.4634265734866005
      vertex -10.5 7.02148444708578 4.691605914025319
      vertex -3.5 6.922565069400936 4.4634265734866005
    endloop
  endfacet
  facet normal 0 0.9300172236840119 -0.36751593659470405
    outer loop
      vertex -10.5 7.02148444708578 4.691605914025319
      vertex -10.5 7.112885043355676 4.922899635798625
      vertex -3.5 7.02148444708578 4.691605914025319
    endloop
  endfacet
  facet normal 0 0.9415440651830209 -0.33688985339221944
    outer loop
      vertex -10.5 7.112885043355676 4.922899635798625
      vertex -10.5 7.1966689841628035 5.1570600636959725
      vertex -3.5 7.112885043355676 4.922899635798625
    endloop
  endfacet
  facet normal 0 0.9520626777139248 -0.3059030200965518
    outer loop
      vertex -10.5 7.1966689841628035 5.1570600636959725
      vertex -10.5 7.272746551564787 5.393836452866086
      vertex -3.5 7.1966689841628035 5.1570600636959725
    endloop
  endfacet
  facet normal 0 0.9615617976829612 -0.2745886181849349
    outer loop
      vertex -10.5 7.272746551564787 5.393836452866086
      vertex -10.5 7.34103627979692 5.632975257220843
      vertex -3.5 7.272746551564787 5.393836452866086
    endloop
  endfacet
  facet normal -1 0 0
    outer loop
      vertex -10.5 5.713982536840229 2.588971805239477
      vertex -10.5 5.874879445556801 12.421388959643707
      vertex -10.5 5.874879445556801 2.778611040356295
    endloop
  endfacet
  facet normal -1 0 0
    outer loop
      vertex -10.5 5.874879445556801 2.778611040356295
      vertex -10.5 6.029485386213388 12.226586860466277
      vertex -10.5 6.029485386213388 2.973413139533723
    endloop
  endfacet
  facet normal -1 0 0
    outer loop
      vertex -10.5 6.029485386213388 2.973413139533723
      vertex -10.5 6.177634802896276 12.026830496195297
      vertex -10.5 6.177634802896276 3.1731695038047043
    endloop
  endfacet
  facet normal -1 0 0
    outer loop
      vertex -10.5 6.177634802896276 3.1731695038047043
      vertex -10.5 6.319169053499344 11.822333770948976
      vertex -10.5 6.319169053499344 3.377666229051024
    endloop
  endfacet
  facet normal -1 0 0
    outer loop
      vertex -10.5 6.319169053499344 3.377666229051024
      vertex -10.5 6.453936579602 11.613315664942798
      vertex -10.5 6.453936579602 3.5866843350572033
    endloop
  endfacet
  facet normal -1 0 0
    outer loop
      vertex -10.5 6.453936579602 3.5866843350572033
      vertex -10.5 6.581793068761733 11.4
      vertex -10.5 6.581793068761733 3.8000000000000003
    endloop
  endfacet
  facet normal -1 0 0
    outer loop
      vertex -10.5 6.581793068761733 3.8000000000000003
      vertex -10.5 6.702601609047499 11.182615199877583
      vertex -10.5 6.702601609047499 4.017384800122418
    endloop
  endfacet
  facet normal -1 0 0
    outer loop
      vertex -10.5 6.702601609047499 4.017384800122418
      vertex -10.5 6.816232835648432 10.961394045664411
      vertex -10.5 6.816232835648432 4.23860595433559
    endloop
  endfacet
  facet normal -1 0 0
    outer loop
      vertex -10.5 6.816232835648432 4.23860595433559
      vertex -10.5 6.922565069400936 10.7365734265134
      vertex -10.5 6.922565069400936 4.4634265734866005
    endloop
  endfacet
  facet normal -1 0 0
    outer loop
      vertex -10.5 6.922565069400936 4.4634265734866005
      vertex -10.5 7.02148444708578 10.508394085974682
      vertex -10.5 7.02148444708578 4.691605914025319
    endloop
  endfacet
  facet normal -1 0 0
    outer loop
      vertex -10.5 7.02148444708578 4.691605914025319
      vertex -10.5 7.112885043355676 10.277100364201376
      vertex -10.5 7.112885043355676 4.922899635798625
    endloop
  endfacet
  facet normal -1 0 0
    outer loop
      vertex -10.5 7.112885043355676 4.922899635798625
      vertex -10.5 7.1966689841628035 10.042939936304029
      vertex -10.5 7.1966689841628035 5.1570600636959725
    endloop
  endfacet
  facet normal -1 0 0
    outer loop
      vertex -10.5 7.1966689841628035 5.1570600636959725
      vertex -10.5 7.272746551564787 9.806163547133915
      vertex -10.5 7.272746551564787 5.393836452866086
    endloop
  endfacet
  facet normal -1 0 0
    outer loop
      vertex -10.5 7.272746551564787 5.393836452866086
      vertex -10.5 7.34103627979692 9.567024742779159
      vertex -10.5 7.34103627979692 5.632975257220843
    endloop
  endfacet
  facet normal -1 0 0
    outer loop
      vertex -10.5 7.34103627979692 5.632975257220843
      vertex -10.5 7.401465042507736 9.325779599061237
      vertex -10.5 7.401465042507736 5.874220400938764
    endloop
  endfacet
  facet normal -1 0 0
    outer loop
      vertex -10.5 7.401465042507736 5.874220400938764
      vertex -10.5 7.453968131064552 9.082686447322576
      vertex -10.5 7.453968131064552 6.117313552677426
    endloop
  endfacet
  facet normal -1 0 0
    outer loop
      vertex -10.5 7.453968131064552 6.117313552677426
      vertex -10.5 7.498489323845081 8.838005597798874
      vertex -10.5 7.498489323845081 6.361994402201126
    endloop
  endfacet
  facet normal -1 0 0
    outer loop
      vertex -10.5 7.498489323845081 6.361994402201126
      vertex -10.5 7.534980946440959 8.591999060872393
      vertex -10.5 7.534980946440959 6.608000939127608
    endloop
  endfacet
  facet normal -1 0 0
    outer loop
      vertex -10.5 7.534980946440959 6.608000939127608
      vertex -10.5 7.563403922708697 8.344930266504662
      vertex -10.5 7.563403922708697 6.855069733495339
    endloop
  endfacet
  facet normal -1 0 0
    outer loop
      vertex -10.5 7.563403922708697 6.855069733495339
      vertex -10.5 7.583727816613387 8.097063782149087
      vertex -10.5 7.583727816613387 7.102936217850913
    endloop
  endfacet
  facet normal -1 0 0
    outer loop
      vertex -10.5 7.583727816613387 7.102936217850913
      vertex -10.5 7.59593086482038 7.848665029445499
      vertex -10.5 7.59593086482038 7.351334970554502
    endloop
  endfacet
  facet normal 0 0.9700312531945444 -0.24298017990326198
    outer loop
      vertex -10.5 7.34103627979692 5.632975257220843
      vertex -10.5 7.401465042507736 5.874220400938764
      vertex -3.5 7.34103627979692 5.632975257220843
    endloop
  endfacet
  facet normal 0 0.9774619749435718 -0.2111115523589657
    outer loop
      vertex -10.5 7.401465042507736 5.874220400938764
      vertex -10.5 7.453968131064552 6.117313552677426
      vertex -3.5 7.401465042507736 5.874220400938764
    endloop
  endfacet
  facet normal 0 0.9838460059270774 -0.17901686127663247
    outer loop
      vertex -10.5 7.453968131064552 6.117313552677426
      vertex -10.5 7.498489323845081 6.361994402201126
      vertex -3.5 7.453968131064552 6.117313552677426
    endloop
  endfacet
  facet normal 0 0.989176509964781 -0.14673047445536172
    outer loop
      vertex -10.5 7.498489323845081 6.361994402201126
      vertex -10.5 7.534980946440959 6.608000939127608
      vertex -3.5 7.498489323845081 6.361994402201126
    endloop
  endfacet
  facet normal 0 0.9934477790194443 -0.11428696496684852
    outer loop
      vertex -10.5 7.534980946440959 6.608000939127608
      vertex -10.5 7.563403922708697 6.855069733495339
      vertex -3.5 7.534980946440959 6.608000939127608
    endloop
  endfacet
  facet normal 0 0.9966552393091804 -0.08172107413366742
    outer loop
      vertex -10.5 7.563403922708697 6.855069733495339
      vertex -10.5 7.583727816613387 7.102936217850913
      vertex -3.5 7.563403922708697 6.855069733495339
    endloop
  endfacet
  facet normal 0 0.9987954562051724 -0.04906767432741927
    outer loop
      vertex -10.5 7.583727816613387 7.102936217850913
      vertex -10.5 7.59593086482038 7.351334970554502
      vertex -3.5 7.583727816613387 7.102936217850913
    endloop
  endfacet
  facet normal 0 0.9998661379095617 -0.016361731626485215
    outer loop
      vertex -10.5 7.59593086482038 7.351334970554502
      vertex -10.5 7.6000000000000005 7.6000000000000005
      vertex -3.5 7.59593086482038 7.351334970554502
    endloop
  endfacet
  facet normal 0 0.8740903416267567 -0.4857633937163441
    outer loop
      vertex -10.5 6.702601609047499 4.017384800122418
      vertex -3.5 6.702601609047499 4.017384800122418
      vertex -3.5 6.581793068761733 3.8000000000000003
    endloop
  endfacet
  facet normal 0 0.8895160754218563 -0.45690387563042023
    outer loop
      vertex -10.5 6.816232835648432 4.23860595433559
      vertex -3.5 6.816232835648432 4.23860595433559
      vertex -3.5 6.702601609047499 4.017384800122418
    endloop
  endfacet
  facet normal 0 0.9039892931234449 -0.4275550934302788
    outer loop
      vertex -10.5 6.922565069400936 4.4634265734866005
      vertex -3.5 6.922565069400936 4.4634265734866005
      vertex -3.5 6.816232835648432 4.23860595433559
    endloop
  endfacet
  facet normal 0 0.9174944964474905 -0.397748474527013
    outer loop
      vertex -10.5 7.02148444708578 4.691605914025319
      vertex -3.5 7.02148444708578 4.691605914025319
      vertex -3.5 6.922565069400936 4.4634265734866005
    endloop
  endfacet
  facet normal 0 0.9300172236840119 -0.36751593659470405
    outer loop
      vertex -10.5 7.112885043355676 4.922899635798625
      vertex -3.5 7.112885043355676 4.922899635798625
      vertex -3.5 7.02148444708578 4.691605914025319
    endloop
  endfacet
  facet normal 0 0.9415440651830209 -0.33688985339221944
    outer loop
      vertex -10.5 7.1966689841628035 5.1570600636959725
      vertex -3.5 7.1966689841628035 5.1570600636959725
      vertex -3.5 7.112885043355676 4.922899635798625
    endloop
  endfacet
  facet normal 0 0.9520626777139248 -0.3059030200965518
    outer loop
      vertex -10.5 7.272746551564787 5.393836452866086
      vertex -3.5 7.272746551564787 5.393836452866086
      vertex -3.5 7.1966689841628035 5.1570600636959725
    endloop
  endfacet
  facet normal 0 0.9615617976829612 -0.2745886181849349
    outer loop
      vertex -10.5 7.34103627979692 5.632975257220843
      vertex -3.5 7.34103627979692 5.632975257220843
      vertex -3.5 7.272746551564787 5.393836452866086
    endloop
  endfacet
  facet normal 0 0.9700312531945444 -0.24298017990326198
    outer loop
      vertex -10.5 7.401465042507736 5.874220400938764
      vertex -3.5 7.401465042507736 5.874220400938764
      vertex -3.5 7.34103627979692 5.632975257220843
    endloop
  endfacet
  facet normal 0 0.9774619749435718 -0.2111115523589657
    outer loop
      vertex -10.5 7.453968131064552 6.117313552677426
      vertex -3.5 7.453968131064552 6.117313552677426
      vertex -3.5 7.401465042507736 5.874220400938764
    endloop
  endfacet
  facet normal 0 0.9838460059270774 -0.17901686127663247
    outer loop
      vertex -10.5 7.498489323845081 6.361994402201126
      vertex -3.5 7.498489323845081 6.361994402201126
      vertex -3.5 7.453968131064552 6.117313552677426
    endloop
  endfacet
  facet normal 0 0.989176509964781 -0.14673047445536172
    outer loop
      vertex -10.5 7.534980946440959 6.608000939127608
      vertex -3.5 7.534980946440959 6.608000939127608
      vertex -3.5 7.498489323845081 6.361994402201126
    endloop
  endfacet
  facet normal 0 0.9934477790194443 -0.11428696496684852
    outer loop
      vertex -10.5 7.563403922708697 6.855069733495339
      vertex -3.5 7.563403922708697 6.855069733495339
      vertex -3.5 7.534980946440959 6.608000939127608
    endloop
  endfacet
  facet normal 0 0.9966552393091804 -0.08172107413366742
    outer loop
      vertex -10.5 7.583727816613387 7.102936217850913
      vertex -3.5 7.583727816613387 7.102936217850913
      vertex -3.5 7.563403922708697 6.855069733495339
    endloop
  endfacet
  facet normal 0 0.9987954562051724 -0.04906767432741927
    outer loop
      vertex -10.5 7.59593086482038 7.351334970554502
      vertex -3.5 7.59593086482038 7.351334970554502
      vertex -3.5 7.583727816613387 7.102936217850913
    endloop
  endfacet
  facet normal 0 0.9998661379095617 -0.016361731626485215
    outer loop
      vertex -3.5 7.59593086482038 7.351334970554502
      vertex -10.5 7.6000000000000005 7.6000000000000005
      vertex -3.5 7.6000000000000005 7.6000000000000005
    endloop
  endfacet
  facet normal 1 0 0
    outer loop
      vertex -3.5 3.5 0.8549627272775674
      vertex -3.5 3.582615199877582 0.8973983909525014
      vertex -3.5 3.5 1
    endloop
  endfacet
  facet normal 1 0 0
    outer loop
      vertex -3.5 3.582615199877582 0.8973983909525014
      vertex -3.5 3.5 10.133333333333335
      vertex -3.5 3.5 1
    endloop
  endfacet
  facet normal 1 0 0
    outer loop
      vertex -3.5 3.582615199877582 0.8973983909525014
      vertex -3.5 3.8000000000000003 1.018206931238267
      vertex -3.5 3.582615199877582 14.3026016090475
    endloop
  endfacet
  facet normal 1 0 0
    outer loop
      vertex -3.5 3.8000000000000003 1.018206931238267
      vertex -3.5 4.013315664942797 1.1460634203980007
      vertex -3.5 3.8000000000000003 14.181793068761735
    endloop
  endfacet
  facet normal 1 0 0
    outer loop
      vertex -3.5 4.013315664942797 1.1460634203980007
      vertex -3.5 4.2223337709489766 1.2808309465006564
      vertex -3.5 4.013315664942797 14.053936579602
    endloop
  endfacet
  facet normal 1 0 0
    outer loop
      vertex -3.5 4.2223337709489766 1.2808309465006564
      vertex -3.5 4.426830496195296 1.4223651971037246
      vertex -3.5 4.2223337709489766 13.919169053499346
    endloop
  endfacet
  facet normal 1 0 0
    outer loop
      vertex -3.5 4.426830496195296 1.4223651971037246
      vertex -3.5 4.626586860466277 1.5705146137866128
      vertex -3.5 4.426830496195296 13.777634802896277
    endloop
  endfacet
  facet normal 1 0 0
    outer loop
      vertex -3.5 4.626586860466277 1.5705146137866128
      vertex -3.5 4.821388959643706 1.7251205544431993
      vertex -3.5 4.626586860466277 13.62948538621339
    endloop
  endfacet
  facet normal 1 0 0
    outer loop
      vertex -3.5 4.821388959643706 1.7251205544431993
      vertex -3.5 5.011028194760524 1.8860174631597717
      vertex -3.5 4.821388959643706 13.474879445556802
    endloop
  endfacet
  facet normal 1 0 0
    outer loop
      vertex -3.5 5.011028194760524 1.8860174631597717
      vertex -3.5 5.195301495373822 2.0530330474964495
      vertex -3.5 5.011028194760524 13.313982536840228
    endloop
  endfacet
  facet normal 1 0 0
    outer loop
      vertex -3.5 5.195301495373822 2.0530330474964495
      vertex -3.5 5.374011537017762 2.2259884629822384
      vertex -3.5 5.195301495373822 13.14696695250355
    endloop
  endfacet
  facet normal 1 0 0
    outer loop
      vertex -3.5 5.374011537017762 2.2259884629822384
      vertex -3.5 5.546966952503551 2.404698504626179
      vertex -3.5 5.374011537017762 12.974011537017763
    endloop
  endfacet
  facet normal 1 0 0
    outer loop
      vertex -3.5 5.546966952503551 2.404698504626179
      vertex -3.5 5.713982536840229 2.588971805239477
      vertex -3.5 5.546966952503551 12.795301495373822
    endloop
  endfacet
  facet normal 1 0 0
    outer loop
      vertex -3.5 5.713982536840229 2.588971805239477
      vertex -3.5 5.874879445556801 2.778611040356295
      vertex -3.5 5.713982536840229 12.611028194760525
    endloop
  endfacet
  facet normal 1 0 0
    outer loop
      vertex -3.5 5.874879445556801 2.778611040356295
      vertex -3.5 6.029485386213388 2.973413139533723
      vertex -3.5 5.874879445556801 12.421388959643707
    endloop
  endfacet
  facet normal 1 0 0
    outer loop
      vertex -3.5 6.029485386213388 2.973413139533723
      vertex -3.5 6.177634802896276 3.1731695038047043
      vertex -3.5 6.029485386213388 12.226586860466277
    endloop
  endfacet
  facet normal 1 0 0
    outer loop
      vertex -3.5 6.177634802896276 3.1731695038047043
      vertex -3.5 6.319169053499344 3.377666229051024
      vertex -3.5 6.177634802896276 12.026830496195297
    endloop
  endfacet
  facet normal 1 0 0
    outer loop
      vertex -3.5 6.319169053499344 3.377666229051024
      vertex -3.5 6.453936579602 3.5866843350572033
      vertex -3.5 6.319169053499344 11.822333770948976
    endloop
  endfacet
  facet normal 1 0 0
    outer loop
      vertex -3.5 6.453936579602 3.5866843350572033
      vertex -3.5 6.581793068761733 3.8000000000000003
      vertex -3.5 6.453936579602 11.613315664942798
    endloop
  endfacet
  facet normal 1 0 0
    outer loop
      vertex -3.5 6.581793068761733 3.8000000000000003
      vertex -3.5 6.702601609047499 4.017384800122418
      vertex -3.5 6.581793068761733 11.4
    endloop
  endfacet
  facet normal 1 0 0
    outer loop
      vertex -3.5 6.702601609047499 4.017384800122418
      vertex -3.5 6.816232835648432 4.23860595433559
      vertex -3.5 6.702601609047499 11.182615199877583
    endloop
  endfacet
  facet normal 1 0 0
    outer loop
      vertex -3.5 6.816232835648432 4.23860595433559
      vertex -3.5 6.922565069400936 4.4634265734866005
      vertex -3.5 6.816232835648432 10.961394045664411
    endloop
  endfacet
  facet normal 1 0 0
    outer loop
      vertex -3.5 6.922565069400936 4.4634265734866005
      vertex -3.5 7.02148444708578 4.691605914025319
      vertex -3.5 6.922565069400936 10.7365734265134
    endloop
  endfacet
  facet normal 1 0 0
    outer loop
      vertex -3.5 7.02148444708578 4.691605914025319
      vertex -3.5 7.112885043355676 4.922899635798625
      vertex -3.5 7.02148444708578 10.508394085974682
    endloop
  endfacet
  facet normal 1 0 0
    outer loop
      vertex -3.5 7.112885043355676 4.922899635798625
      vertex -3.5 7.1966689841628035 5.1570600636959725
      vertex -3.5 7.112885043355676 10.277100364201376
    endloop
  endfacet
  facet normal 1 0 0
    outer loop
      vertex -3.5 7.1966689841628035 5.1570600636959725
      vertex -3.5 7.272746551564787 5.393836452866086
      vertex -3.5 7.1966689841628035 10.042939936304029
    endloop
  endfacet
  facet normal 1 0 0
    outer loop
      vertex -3.5 7.272746551564787 5.393836452866086
      vertex -3.5 7.34103627979692 5.632975257220843
      vertex -3.5 7.272746551564787 9.806163547133915
    endloop
  endfacet
  facet normal 1 0 0
    outer loop
      vertex -3.5 7.34103627979692 5.632975257220843
      vertex -3.5 7.401465042507736 5.874220400938764
      vertex -3.5 7.34103627979692 9.567024742779159
    endloop
  endfacet
  facet normal 1 0 0
    outer loop
      vertex -3.5 7.401465042507736 5.874220400938764
      vertex -3.5 7.453968131064552 6.117313552677426
      vertex -3.5 7.401465042507736 9.325779599061237
    endloop
  endfacet
  facet normal 1 0 0
    outer loop
      vertex -3.5 7.453968131064552 6.117313552677426
      vertex -3.5 7.498489323845081 6.361994402201126
      vertex -3.5 7.453968131064552 9.082686447322576
    endloop
  endfacet
  facet normal 1 0 0
    outer loop
      vertex -3.5 7.498489323845081 6.361994402201126
      vertex -3.5 7.534980946440959 6.608000939127608
      vertex -3.5 7.498489323845081 8.838005597798874
    endloop
  endfacet
  facet normal 1 0 0
    outer loop
      vertex -3.5 7.534980946440959 6.608000939127608
      vertex -3.5 7.563403922708697 6.855069733495339
      vertex -3.5 7.534980946440959 8.591999060872393
    endloop
  endfacet
  facet normal 1 0 0
    outer loop
      vertex -3.5 7.563403922708697 6.855069733495339
      vertex -3.5 7.583727816613387 7.102936217850913
      vertex -3.5 7.563403922708697 8.344930266504662
    endloop
  endfacet
  facet normal 1 0 0
    outer loop
      vertex -3.5 7.583727816613387 7.102936217850913
      vertex -3.5 7.59593086482038 7.351334970554502
      vertex -3.5 7.583727816613387 8.097063782149087
    endloop
  endfacet
  facet normal -1 0 0
    outer loop
      vertex -10.5 0 0
      vertex -10.5 0 15.200000000000001
      vertex -10.5 0.24866502944549865 15.19593086482038
    endloop
  endfacet
  facet normal -1 0 0
    outer loop
      vertex -10.5 0.24866502944549865 0.004069135179620709
      vertex -10.5 0.24866502944549865 15.19593086482038
      vertex -10.5 0.4970637821490873 15.183727816613388
    endloop
  endfacet
  facet normal -1 0 0
    outer loop
      vertex -10.5 0.4970637821490873 0.016272183386613293
      vertex -10.5 0.4970637821490873 15.183727816613388
      vertex -10.5 0.7449302665046607 15.163403922708698
    endloop
  endfacet
  facet normal -1 0 0
    outer loop
      vertex -10.5 0.7449302665046607 0.03659607729130343
      vertex -10.5 0.7449302665046607 15.163403922708698
      vertex -10.5 0.991999060872392 15.13498094644096
    endloop
  endfacet
  facet normal -1 0 0
    outer loop
      vertex -10.5 0.991999060872392 0.06501905355904114
      vertex -10.5 0.991999060872392 15.13498094644096
      vertex -10.5 1.2380055977988744 15.098489323845081
    endloop
  endfacet
  facet normal -1 0 0
    outer loop
      vertex -10.5 1.2380055977988744 0.10151067615491982
      vertex -10.5 1.2380055977988744 15.098489323845081
      vertex -10.5 1.4826864473225747 15.053968131064552
    endloop
  endfacet
  facet normal -1 0 0
    outer loop
      vertex -10.5 1.4826864473225747 0.14603186893544873
      vertex -10.5 1.4826864473225747 15.053968131064552
      vertex -10.5 1.7257795990612366 15.001465042507736
    endloop
  endfacet
  facet normal -1 0 0
    outer loop
      vertex -10.5 1.7257795990612366 0.19853495749226457
      vertex -10.5 1.7257795990612366 15.001465042507736
      vertex -10.5 1.9670247427791578 14.94103627979692
    endloop
  endfacet
  facet normal -1 0 0
    outer loop
      vertex -10.5 1.9670247427791578 0.2589637202030808
      vertex -10.5 1.9670247427791578 14.94103627979692
      vertex -10.5 2.206163547133914 14.872746551564788
    endloop
  endfacet
  facet normal -1 0 0
    outer loop
      vertex -10.5 2.206163547133914 0.3272534484352132
      vertex -10.5 2.206163547133914 14.872746551564788
      vertex -10.5 2.442939936304028 14.796668984162803
    endloop
  endfacet
  facet normal -1 0 0
    outer loop
      vertex -10.5 2.442939936304028 0.403331015837197
      vertex -10.5 2.442939936304028 14.796668984162803
      vertex -10.5 2.6771003642013746 14.712885043355676
    endloop
  endfacet
  facet normal -1 0 0
    outer loop
      vertex -10.5 2.6771003642013746 0.4871149566443247
      vertex -10.5 2.6771003642013746 14.712885043355676
      vertex -10.5 2.9083940859746824 14.62148444708578
    endloop
  endfacet
  facet normal -1 0 0
    outer loop
      vertex -10.5 2.9083940859746824 0.5785155529142205
      vertex -10.5 2.9083940859746824 14.62148444708578
      vertex -10.5 3.1365734265134 14.522565069400937
    endloop
  endfacet
  facet normal -1 0 0
    outer loop
      vertex -10.5 3.1365734265134 0.6774349305990643
      vertex -10.5 3.1365734265134 14.522565069400937
      vertex -10.5 3.3613940456644102 14.416232835648433
    endloop
  endfacet
  facet normal -1 0 0
    outer loop
      vertex -10.5 3.3613940456644102 0.7837671643515689
      vertex -10.5 3.3613940456644102 14.416232835648433
      vertex -10.5 3.582615199877582 14.3026016090475
    endloop
  endfacet
  facet normal -1 0 0
    outer loop
      vertex -10.5 3.582615199877582 0.8973983909525014
      vertex -10.5 3.582615199877582 14.3026016090475
      vertex -10.5 3.8000000000000003 14.181793068761735
    endloop
  endfacet
  facet normal 0 0.01636173162648877 0.9998661379095617
    outer loop
      vertex -10.5 0 15.200000000000001
      vertex -3.5 0 15.200000000000001
      vertex -10.5 0.24866502944549865 15.19593086482038
    endloop
  endfacet
  facet normal 0 0.0490676743274158 0.9987954562051725
    outer loop
      vertex -10.5 0.24866502944549865 15.19593086482038
      vertex -3.5 0.24866502944549865 15.19593086482038
      vertex -10.5 0.4970637821490873 15.183727816613388
    endloop
  endfacet
  facet normal 0 0.08172107413366748 0.9966552393091804
    outer loop
      vertex -10.5 0.4970637821490873 15.183727816613388
      vertex -3.5 0.4970637821490873 15.183727816613388
      vertex -10.5 0.7449302665046607 15.163403922708698
    endloop
  endfacet
  facet normal 0 0.11428696496684847 0.9934477790194443
    outer loop
      vertex -10.5 0.7449302665046607 15.163403922708698
      vertex -3.5 0.7449302665046607 15.163403922708698
      vertex -10.5 0.991999060872392 15.13498094644096
    endloop
  endfacet
  facet normal 0 0.14673047445536166 0.989176509964781
    outer loop
      vertex -10.5 0.991999060872392 15.13498094644096
      vertex -3.5 0.991999060872392 15.13498094644096
      vertex -10.5 1.2380055977988744 15.098489323845081
    endloop
  endfacet
  facet normal 0 0.1790168612766323 0.9838460059270774
    outer loop
      vertex -10.5 1.2380055977988744 15.098489323845081
      vertex -3.5 1.2380055977988744 15.098489323845081
      vertex -10.5 1.4826864473225747 15.053968131064552
    endloop
  endfacet
  facet normal 0 0.21111155235896892 0.977461974943571
    outer loop
      vertex -10.5 1.4826864473225747 15.053968131064552
      vertex -3.5 1.4826864473225747 15.053968131064552
      vertex -10.5 1.7257795990612366 15.001465042507736
    endloop
  endfacet
  facet normal 0 0.24298017990325863 0.9700312531945453
    outer loop
      vertex -10.5 1.7257795990612366 15.001465042507736
      vertex -3.5 1.7257795990612366 15.001465042507736
      vertex -10.5 1.9670247427791578 14.94103627979692
    endloop
  endfacet
  facet normal 0 0.2745886181849356 0.961561797682961
    outer loop
      vertex -10.5 1.9670247427791578 14.94103627979692
      vertex -3.5 1.9670247427791578 14.94103627979692
      vertex -10.5 2.206163547133914 14.872746551564788
    endloop
  endfacet
  facet normal 0 0.3059030200965545 0.9520626777139239
    outer loop
      vertex -10.5 2.206163547133914 14.872746551564788
      vertex -3.5 2.206163547133914 14.872746551564788
      vertex -10.5 2.442939936304028 14.796668984162803
    endloop
  endfacet
  facet normal 0 0.3675159365947029 0.9300172236840125
    outer loop
      vertex -10.5 2.6771003642013746 14.712885043355676
      vertex -3.5 2.6771003642013746 14.712885043355676
      vertex -10.5 2.9083940859746824 14.62148444708578
    endloop
  endfacet
  facet normal 0 0.33688985339221683 0.9415440651830219
    outer loop
      vertex -10.5 2.6771003642013746 14.712885043355676
      vertex -10.5 2.442939936304028 14.796668984162803
      vertex -3.5 2.442939936304028 14.796668984162803
    endloop
  endfacet
  facet normal 0 0.3977484745270137 0.9174944964474903
    outer loop
      vertex -10.5 2.9083940859746824 14.62148444708578
      vertex -3.5 2.9083940859746824 14.62148444708578
      vertex -10.5 3.1365734265134 14.522565069400937
    endloop
  endfacet
  facet normal 0 0.42755509343027653 0.9039892931234459
    outer loop
      vertex -10.5 3.1365734265134 14.522565069400937
      vertex -3.5 3.1365734265134 14.522565069400937
      vertex -10.5 3.3613940456644102 14.416232835648433
    endloop
  endfacet
  facet normal 0 0.45690387563042306 0.8895160754218548
    outer loop
      vertex -10.5 3.3613940456644102 14.416232835648433
      vertex -3.5 3.3613940456644102 14.416232835648433
      vertex -10.5 3.582615199877582 14.3026016090475
    endloop
  endfacet
  facet normal 0 0.4857633937163406 0.8740903416267586
    outer loop
      vertex -10.5 3.582615199877582 14.3026016090475
      vertex -3.5 3.582615199877582 14.3026016090475
      vertex -10.5 3.8000000000000003 14.181793068761735
    endloop
  endfacet
  facet normal 0 0.01636173162648877 0.9998661379095617
    outer loop
      vertex -10.5 0.24866502944549865 15.19593086482038
      vertex -3.5 0 15.200000000000001
      vertex -3.5 0.24866502944549865 15.19593086482038
    endloop
  endfacet
  facet normal 0 0.0490676743274158 0.9987954562051725
    outer loop
      vertex -10.5 0.4970637821490873 15.183727816613388
      vertex -3.5 0.24866502944549865 15.19593086482038
      vertex -3.5 0.4970637821490873 15.183727816613388
    endloop
  endfacet
  facet normal 0 0.08172107413366748 0.9966552393091804
    outer loop
      vertex -10.5 0.7449302665046607 15.163403922708698
      vertex -3.5 0.4970637821490873 15.183727816613388
      vertex -3.5 0.7449302665046607 15.163403922708698
    endloop
  endfacet
  facet normal 0 0.11428696496684847 0.9934477790194443
    outer loop
      vertex -10.5 0.991999060872392 15.13498094644096
      vertex -3.5 0.7449302665046607 15.163403922708698
      vertex -3.5 0.991999060872392 15.13498094644096
    endloop
  endfacet
  facet normal 0 0.14673047445536166 0.989176509964781
    outer loop
      vertex -10.5 1.2380055977988744 15.098489323845081
      vertex -3.5 0.991999060872392 15.13498094644096
      vertex -3.5 1.2380055977988744 15.098489323845081
    endloop
  endfacet
  facet normal 0 0.1790168612766323 0.9838460059270774
    outer loop
      vertex -10.5 1.4826864473225747 15.053968131064552
      vertex -3.5 1.2380055977988744 15.098489323845081
      vertex -3.5 1.4826864473225747 15.053968131064552
    endloop
  endfacet
  facet normal 0 0.21111155235896892 0.977461974943571
    outer loop
      vertex -10.5 1.7257795990612366 15.001465042507736
      vertex -3.5 1.4826864473225747 15.053968131064552
      vertex -3.5 1.7257795990612366 15.001465042507736
    endloop
  endfacet
  facet normal 0 0.24298017990325863 0.9700312531945453
    outer loop
      vertex -10.5 1.9670247427791578 14.94103627979692
      vertex -3.5 1.7257795990612366 15.001465042507736
      vertex -3.5 1.9670247427791578 14.94103627979692
    endloop
  endfacet
  facet normal 0 0.2745886181849356 0.961561797682961
    outer loop
      vertex -10.5 2.206163547133914 14.872746551564788
      vertex -3.5 1.9670247427791578 14.94103627979692
      vertex -3.5 2.206163547133914 14.872746551564788
    endloop
  endfacet
  facet normal 0 0.3059030200965545 0.9520626777139239
    outer loop
      vertex -10.5 2.442939936304028 14.796668984162803
      vertex -3.5 2.206163547133914 14.872746551564788
      vertex -3.5 2.442939936304028 14.796668984162803
    endloop
  endfacet
  facet normal 0 0.3675159365947029 0.9300172236840125
    outer loop
      vertex -10.5 2.9083940859746824 14.62148444708578
      vertex -3.5 2.6771003642013746 14.712885043355676
      vertex -3.5 2.9083940859746824 14.62148444708578
    endloop
  endfacet
  facet normal 0 0.33688985339221683 0.9415440651830219
    outer loop
      vertex -10.5 2.6771003642013746 14.712885043355676
      vertex -3.5 2.442939936304028 14.796668984162803
      vertex -3.5 2.6771003642013746 14.712885043355676
    endloop
  endfacet
  facet normal 0 0.4857633937163406 0.8740903416267586
    outer loop
      vertex -10.5 3.8000000000000003 14.181793068761735
      vertex -3.5 3.582615199877582 14.3026016090475
      vertex -3.5 3.8000000000000003 14.181793068761735
    endloop
  endfacet
  facet normal 0 0.3977484745270137 0.9174944964474903
    outer loop
      vertex -10.5 3.1365734265134 14.522565069400937
      vertex -3.5 2.9083940859746824 14.62148444708578
      vertex -3.5 3.1365734265134 14.522565069400937
    endloop
  endfacet
  facet normal 0 0.42755509343027653 0.9039892931234459
    outer loop
      vertex -10.5 3.3613940456644102 14.416232835648433
      vertex -3.5 3.1365734265134 14.522565069400937
      vertex -3.5 3.3613940456644102 14.416232835648433
    endloop
  endfacet
  facet normal 0 0.45690387563042306 0.8895160754218548
    outer loop
      vertex -10.5 3.582615199877582 14.3026016090475
      vertex -3.5 3.3613940456644102 14.416232835648433
      vertex -3.5 3.582615199877582 14.3026016090475
    endloop
  endfacet
  facet normal -1 0 0
    outer loop
      vertex -10.5 5.011028194760524 1.8860174631597717
      vertex -10.5 5.011028194760524 13.313982536840228
      vertex -10.5 5.195301495373822 13.14696695250355
    endloop
  endfacet
  facet normal -1 0 0
    outer loop
      vertex -10.5 5.195301495373822 2.0530330474964495
      vertex -10.5 5.195301495373822 13.14696695250355
      vertex -10.5 5.374011537017762 12.974011537017763
    endloop
  endfacet
  facet normal -1 0 0
    outer loop
      vertex -10.5 5.374011537017762 2.2259884629822384
      vertex -10.5 5.374011537017762 12.974011537017763
      vertex -10.5 5.546966952503551 12.795301495373822
    endloop
  endfacet
  facet normal -1 0 0
    outer loop
      vertex -10.5 5.546966952503551 2.404698504626179
      vertex -10.5 5.546966952503551 12.795301495373822
      vertex -10.5 5.713982536840229 12.611028194760525
    endloop
  endfacet
  facet normal -1 0 0
    outer loop
      vertex -10.5 3.8000000000000003 1.018206931238267
      vertex -10.5 3.8000000000000003 14.181793068761735
      vertex -10.5 4.013315664942797 14.053936579602
    endloop
  endfacet
  facet normal -1 0 0
    outer loop
      vertex -10.5 4.013315664942797 1.1460634203980007
      vertex -10.5 4.013315664942797 14.053936579602
      vertex -10.5 4.2223337709489766 13.919169053499346
    endloop
  endfacet
  facet normal -1 0 0
    outer loop
      vertex -10.5 4.2223337709489766 1.2808309465006564
      vertex -10.5 4.2223337709489766 13.919169053499346
      vertex -10.5 4.426830496195296 13.777634802896277
    endloop
  endfacet
  facet normal -1 0 0
    outer loop
      vertex -10.5 4.426830496195296 1.4223651971037246
      vertex -10.5 4.426830496195296 13.777634802896277
      vertex -10.5 4.626586860466277 13.62948538621339
    endloop
  endfacet
  facet normal -1 0 0
    outer loop
      vertex -10.5 4.626586860466277 1.5705146137866128
      vertex -10.5 4.626586860466277 13.62948538621339
      vertex -10.5 4.821388959643706 13.474879445556802
    endloop
  endfacet
  facet normal -1 0 0
    outer loop
      vertex -10.5 4.821388959643706 1.7251205544431993
      vertex -10.5 4.821388959643706 13.474879445556802
      vertex -10.5 5.011028194760524 13.313982536840228
    endloop
  endfacet
  facet normal -1 0 0
    outer loop
      vertex -10.5 5.713982536840229 2.588971805239477
      vertex -10.5 5.713982536840229 12.611028194760525
      vertex -10.5 5.874879445556801 12.421388959643707
    endloop
  endfacet
  facet normal -1 0 0
    outer loop
      vertex -10.5 5.874879445556801 2.778611040356295
      vertex -10.5 5.874879445556801 12.421388959643707
      vertex -10.5 6.029485386213388 12.226586860466277
    endloop
  endfacet
  facet normal -1 0 0
    outer loop
      vertex -10.5 6.029485386213388 2.973413139533723
      vertex -10.5 6.029485386213388 12.226586860466277
      vertex -10.5 6.177634802896276 12.026830496195297
    endloop
  endfacet
  facet normal -1 0 0
    outer loop
      vertex -10.5 6.177634802896276 3.1731695038047043
      vertex -10.5 6.177634802896276 12.026830496195297
      vertex -10.5 6.319169053499344 11.822333770948976
    endloop
  endfacet
  facet normal -1 0 0
    outer loop
      vertex -10.5 6.319169053499344 3.377666229051024
      vertex -10.5 6.319169053499344 11.822333770948976
      vertex -10.5 6.453936579602 11.613315664942798
    endloop
  endfacet
  facet normal -1 0 0
    outer loop
      vertex -10.5 6.453936579602 3.5866843350572033
      vertex -10.5 6.453936579602 11.613315664942798
      vertex -10.5 6.581793068761733 11.4
    endloop
  endfacet
  facet normal -1 0 0
    outer loop
      vertex -10.5 6.581793068761733 3.8000000000000003
      vertex -10.5 6.581793068761733 11.4
      vertex -10.5 6.702601609047499 11.182615199877583
    endloop
  endfacet
  facet normal -1 0 0
    outer loop
      vertex -10.5 7.02148444708578 4.691605914025319
      vertex -10.5 7.02148444708578 10.508394085974682
      vertex -10.5 7.112885043355676 10.277100364201376
    endloop
  endfacet
  facet normal -1 0 0
    outer loop
      vertex -10.5 7.59593086482038 7.351334970554502
      vertex -10.5 7.59593086482038 7.848665029445499
      vertex -10.5 7.6000000000000005 7.6000000000000005
    endloop
  endfacet
  facet normal -1 0 0
    outer loop
      vertex -10.5 7.583727816613387 7.102936217850913
      vertex -10.5 7.583727816613387 8.097063782149087
      vertex -10.5 7.59593086482038 7.848665029445499
    endloop
  endfacet
  facet normal -1 0 0
    outer loop
      vertex -10.5 7.563403922708697 6.855069733495339
      vertex -10.5 7.563403922708697 8.344930266504662
      vertex -10.5 7.583727816613387 8.097063782149087
    endloop
  endfacet
  facet normal -1 0 0
    outer loop
      vertex -10.5 7.453968131064552 6.117313552677426
      vertex -10.5 7.453968131064552 9.082686447322576
      vertex -10.5 7.498489323845081 8.838005597798874
    endloop
  endfacet
  facet normal -1 0 0
    outer loop
      vertex -10.5 7.498489323845081 6.361994402201126
      vertex -10.5 7.498489323845081 8.838005597798874
      vertex -10.5 7.534980946440959 8.591999060872393
    endloop
  endfacet
  facet normal -1 0 0
    outer loop
      vertex -10.5 7.534980946440959 6.608000939127608
      vertex -10.5 7.534980946440959 8.591999060872393
      vertex -10.5 7.563403922708697 8.344930266504662
    endloop
  endfacet
  facet normal -1 0 0
    outer loop
      vertex -10.5 7.34103627979692 5.632975257220843
      vertex -10.5 7.34103627979692 9.567024742779159
      vertex -10.5 7.401465042507736 9.325779599061237
    endloop
  endfacet
  facet normal -1 0 0
    outer loop
      vertex -10.5 7.272746551564787 5.393836452866086
      vertex -10.5 7.272746551564787 9.806163547133915
      vertex -10.5 7.34103627979692 9.567024742779159
    endloop
  endfacet
  facet normal -1 0 0
    outer loop
      vertex -10.5 7.112885043355676 4.922899635798625
      vertex -10.5 7.112885043355676 10.277100364201376
      vertex -10.5 7.1966689841628035 10.042939936304029
    endloop
  endfacet
  facet normal -1 0 0
    outer loop
      vertex -10.5 7.1966689841628035 5.1570600636959725
      vertex -10.5 7.1966689841628035 10.042939936304029
      vertex -10.5 7.272746551564787 9.806163547133915
    endloop
  endfacet
  facet normal -1 0 0
    outer loop
      vertex -10.5 7.401465042507736 5.874220400938764
      vertex -10.5 7.401465042507736 9.325779599061237
      vertex -10.5 7.453968131064552 9.082686447322576
    endloop
  endfacet
  facet normal -1 0 0
    outer loop
      vertex -10.5 6.702601609047499 4.017384800122418
      vertex -10.5 6.702601609047499 11.182615199877583
      vertex -10.5 6.816232835648432 10.961394045664411
    endloop
  endfacet
  facet normal -1 0 0
    outer loop
      vertex -10.5 6.816232835648432 4.23860595433559
      vertex -10.5 6.816232835648432 10.961394045664411
      vertex -10.5 6.922565069400936 10.7365734265134
    endloop
  endfacet
  facet normal -1 0 0
    outer loop
      vertex -10.5 6.922565069400936 4.4634265734866005
      vertex -10.5 6.922565069400936 10.7365734265134
      vertex -10.5 7.02148444708578 10.508394085974682
    endloop
  endfacet
  facet normal 0 0.9998661379095617 0.016361731626485215
    outer loop
      vertex -10.5 7.6000000000000005 7.6000000000000005
      vertex -10.5 7.59593086482038 7.848665029445499
      vertex -3.5 7.6000000000000005 7.6000000000000005
    endloop
  endfacet
  facet normal 0 0.9987954562051723 0.049067674327419444
    outer loop
      vertex -10.5 7.59593086482038 7.848665029445499
      vertex -10.5 7.583727816613387 8.097063782149087
      vertex -3.5 7.59593086482038 7.848665029445499
    endloop
  endfacet
  facet normal 0 0.9966552393091804 0.08172107413366712
    outer loop
      vertex -10.5 7.583727816613387 8.097063782149087
      vertex -10.5 7.563403922708697 8.344930266504662
      vertex -3.5 7.583727816613387 8.097063782149087
    endloop
  endfacet
  facet normal 0 0.9934477790194443 0.11428696496684852
    outer loop
      vertex -10.5 7.563403922708697 8.344930266504662
      vertex -10.5 7.534980946440959 8.591999060872393
      vertex -3.5 7.563403922708697 8.344930266504662
    endloop
  endfacet
  facet normal 0 0.9891765099647809 0.14673047445536222
    outer loop
      vertex -10.5 7.534980946440959 8.591999060872393
      vertex -10.5 7.498489323845081 8.838005597798874
      vertex -3.5 7.534980946440959 8.591999060872393
    endloop
  endfacet
  facet normal 0 0.9838460059270778 0.17901686127663125
    outer loop
      vertex -10.5 7.498489323845081 8.838005597798874
      vertex -10.5 7.453968131064552 9.082686447322576
      vertex -3.5 7.498489323845081 8.838005597798874
    endloop
  endfacet
  facet normal 0 0.9774619749435716 0.21111155235896642
    outer loop
      vertex -10.5 7.453968131064552 9.082686447322576
      vertex -10.5 7.401465042507736 9.325779599061237
      vertex -3.5 7.453968131064552 9.082686447322576
    endloop
  endfacet
  facet normal 0 0.9700312531945446 0.24298017990326115
    outer loop
      vertex -10.5 7.401465042507736 9.325779599061237
      vertex -10.5 7.34103627979692 9.567024742779159
      vertex -3.5 7.401465042507736 9.325779599061237
    endloop
  endfacet
  facet normal 0 0.9300172236840119 0.36751593659470405
    outer loop
      vertex -10.5 7.112885043355676 10.277100364201376
      vertex -10.5 7.02148444708578 10.508394085974682
      vertex -3.5 7.112885043355676 10.277100364201376
    endloop
  endfacet
  facet normal 0 0.9615617976829609 0.27458861818493585
    outer loop
      vertex -10.5 7.34103627979692 9.567024742779159
      vertex -10.5 7.272746551564787 9.806163547133915
      vertex -3.5 7.34103627979692 9.567024742779159
    endloop
  endfacet
  facet normal 0 0.9520626777139248 0.3059030200965518
    outer loop
      vertex -10.5 7.272746551564787 9.806163547133915
      vertex -10.5 7.1966689841628035 10.042939936304029
      vertex -3.5 7.272746551564787 9.806163547133915
    endloop
  endfacet
  facet normal 0 0.9415440651830209 0.33688985339221944
    outer loop
      vertex -10.5 7.112885043355676 10.277100364201376
      vertex -3.5 7.1966689841628035 10.042939936304029
      vertex -10.5 7.1966689841628035 10.042939936304029
    endloop
  endfacet
  facet normal 0 0.9039892931234449 0.4275550934302788
    outer loop
      vertex -10.5 6.922565069400936 10.7365734265134
      vertex -10.5 6.816232835648432 10.961394045664411
      vertex -3.5 6.922565069400936 10.7365734265134
    endloop
  endfacet
  facet normal 0 0.9174944964474905 0.397748474527013
    outer loop
      vertex -10.5 7.02148444708578 10.508394085974682
      vertex -10.5 6.922565069400936 10.7365734265134
      vertex -3.5 7.02148444708578 10.508394085974682
    endloop
  endfacet
  facet normal 0 0.8895160754218563 0.45690387563042023
    outer loop
      vertex -10.5 6.816232835648432 10.961394045664411
      vertex -10.5 6.702601609047499 11.182615199877583
      vertex -3.5 6.816232835648432 10.961394045664411
    endloop
  endfacet
  facet normal 0 0.8740903416267563 0.4857633937163448
    outer loop
      vertex -10.5 6.702601609047499 11.182615199877583
      vertex -10.5 6.581793068761733 11.4
      vertex -3.5 6.702601609047499 11.182615199877583
    endloop
  endfacet
  facet normal 0 0.9998661379095617 0.016361731626485215
    outer loop
      vertex -10.5 7.59593086482038 7.848665029445499
      vertex -3.5 7.59593086482038 7.848665029445499
      vertex -3.5 7.6000000000000005 7.6000000000000005
    endloop
  endfacet
  facet normal 0 0.9987954562051723 0.049067674327419444
    outer loop
      vertex -10.5 7.583727816613387 8.097063782149087
      vertex -3.5 7.583727816613387 8.097063782149087
      vertex -3.5 7.59593086482038 7.848665029445499
    endloop
  endfacet
  facet normal 0 0.9966552393091804 0.08172107413366712
    outer loop
      vertex -10.5 7.563403922708697 8.344930266504662
      vertex -3.5 7.563403922708697 8.344930266504662
      vertex -3.5 7.583727816613387 8.097063782149087
    endloop
  endfacet
  facet normal 0 0.9934477790194443 0.11428696496684852
    outer loop
      vertex -10.5 7.534980946440959 8.591999060872393
      vertex -3.5 7.534980946440959 8.591999060872393
      vertex -3.5 7.563403922708697 8.344930266504662
    endloop
  endfacet
  facet normal 0 0.9891765099647809 0.14673047445536222
    outer loop
      vertex -10.5 7.498489323845081 8.838005597798874
      vertex -3.5 7.498489323845081 8.838005597798874
      vertex -3.5 7.534980946440959 8.591999060872393
    endloop
  endfacet
  facet normal 0 0.9838460059270778 0.17901686127663125
    outer loop
      vertex -10.5 7.453968131064552 9.082686447322576
      vertex -3.5 7.453968131064552 9.082686447322576
      vertex -3.5 7.498489323845081 8.838005597798874
    endloop
  endfacet
  facet normal 0 0.9700312531945446 0.24298017990326115
    outer loop
      vertex -10.5 7.34103627979692 9.567024742779159
      vertex -3.5 7.34103627979692 9.567024742779159
      vertex -3.5 7.401465042507736 9.325779599061237
    endloop
  endfacet
  facet normal 0 0.9774619749435716 0.21111155235896642
    outer loop
      vertex -10.5 7.401465042507736 9.325779599061237
      vertex -3.5 7.401465042507736 9.325779599061237
      vertex -3.5 7.453968131064552 9.082686447322576
    endloop
  endfacet
  facet normal 0 0.8740903416267563 0.4857633937163448
    outer loop
      vertex -10.5 6.581793068761733 11.4
      vertex -3.5 6.581793068761733 11.4
      vertex -3.5 6.702601609047499 11.182615199877583
    endloop
  endfacet
  facet normal 0 0.9300172236840119 0.36751593659470405
    outer loop
      vertex -10.5 7.02148444708578 10.508394085974682
      vertex -3.5 7.02148444708578 10.508394085974682
      vertex -3.5 7.112885043355676 10.277100364201376
    endloop
  endfacet
  facet normal 0 0.9615617976829609 0.27458861818493585
    outer loop
      vertex -10.5 7.272746551564787 9.806163547133915
      vertex -3.5 7.272746551564787 9.806163547133915
      vertex -3.5 7.34103627979692 9.567024742779159
    endloop
  endfacet
  facet normal 0 0.9520626777139248 0.3059030200965518
    outer loop
      vertex -10.5 7.1966689841628035 10.042939936304029
      vertex -3.5 7.1966689841628035 10.042939936304029
      vertex -3.5 7.272746551564787 9.806163547133915
    endloop
  endfacet
  facet normal 0 0.9415440651830209 0.33688985339221944
    outer loop
      vertex -10.5 7.112885043355676 10.277100364201376
      vertex -3.5 7.112885043355676 10.277100364201376
      vertex -3.5 7.1966689841628035 10.042939936304029
    endloop
  endfacet
  facet normal 0 0.9039892931234449 0.4275550934302788
    outer loop
      vertex -10.5 6.816232835648432 10.961394045664411
      vertex -3.5 6.816232835648432 10.961394045664411
      vertex -3.5 6.922565069400936 10.7365734265134
    endloop
  endfacet
  facet normal 0 0.9174944964474905 0.397748474527013
    outer loop
      vertex -10.5 6.922565069400936 10.7365734265134
      vertex -3.5 6.922565069400936 10.7365734265134
      vertex -3.5 7.02148444708578 10.508394085974682
    endloop
  endfacet
  facet normal 0 0.8895160754218563 0.45690387563042023
    outer loop
      vertex -10.5 6.702601609047499 11.182615199877583
      vertex -3.5 6.702601609047499 11.182615199877583
      vertex -3.5 6.816232835648432 10.961394045664411
    endloop
  endfacet
  facet normal 0 0.6715589548470206 0.7409511253549571
    outer loop
      vertex -10.5 5.195301495373822 13.14696695250355
      vertex -10.5 5.011028194760524 13.313982536840228
      vertex -3.5 5.011028194760524 13.313982536840228
    endloop
  endfacet
  facet normal 0 0.7409511253549554 0.6715589548470223
    outer loop
      vertex -10.5 5.546966952503551 12.795301495373822
      vertex -3.5 5.713982536840229 12.611028194760525
      vertex -10.5 5.713982536840229 12.611028194760525
    endloop
  endfacet
  facet normal 0 0.6954426350096059 0.7185816177797038
    outer loop
      vertex -10.5 5.195301495373822 13.14696695250355
      vertex -3.5 5.195301495373822 13.14696695250355
      vertex -10.5 5.374011537017762 12.974011537017763
    endloop
  endfacet
  facet normal 0 0.718581617779702 0.6954426350096078
    outer loop
      vertex -10.5 5.546966952503551 12.795301495373822
      vertex -10.5 5.374011537017762 12.974011537017763
      vertex -3.5 5.546966952503551 12.795301495373822
    endloop
  endfacet
  facet normal 0 0.5141027441932222 0.8577286100002717
    outer loop
      vertex -10.5 3.8000000000000003 14.181793068761735
      vertex -3.5 3.8000000000000003 14.181793068761735
      vertex -10.5 4.013315664942797 14.053936579602
    endloop
  endfacet
  facet normal 0 0.5418915805747507 0.8404484010944387
    outer loop
      vertex -10.5 4.013315664942797 14.053936579602
      vertex -3.5 4.013315664942797 14.053936579602
      vertex -10.5 4.2223337709489766 13.919169053499346
    endloop
  endfacet
  facet normal 0 0.5956993044924295 0.8032075314806478
    outer loop
      vertex -10.5 4.626586860466277 13.62948538621339
      vertex -10.5 4.426830496195296 13.777634802896277
      vertex -3.5 4.426830496195296 13.777634802896277
    endloop
  endfacet
  facet normal 0 0.6216605733700815 0.7832867492286473
    outer loop
      vertex -10.5 4.626586860466277 13.62948538621339
      vertex -3.5 4.626586860466277 13.62948538621339
      vertex -10.5 4.821388959643706 13.474879445556802
    endloop
  endfacet
  facet normal 0 0.5691001458789001 0.8222682189897739
    outer loop
      vertex -10.5 4.2223337709489766 13.919169053499346
      vertex -3.5 4.2223337709489766 13.919169053499346
      vertex -10.5 4.426830496195296 13.777634802896277
    endloop
  endfacet
  facet normal 0 0.6469561525348576 0.7625272039063878
    outer loop
      vertex -10.5 4.821388959643706 13.474879445556802
      vertex -3.5 4.821388959643706 13.474879445556802
      vertex -10.5 5.011028194760524 13.313982536840228
    endloop
  endfacet
  facet normal 0 0.8032075314806448 0.5956993044924335
    outer loop
      vertex -10.5 6.029485386213388 12.226586860466277
      vertex -3.5 6.177634802896276 12.026830496195297
      vertex -10.5 6.177634802896276 12.026830496195297
    endloop
  endfacet
  facet normal 0 0.7832867492286517 0.6216605733700757
    outer loop
      vertex -10.5 6.029485386213388 12.226586860466277
      vertex -10.5 5.874879445556801 12.421388959643707
      vertex -3.5 6.029485386213388 12.226586860466277
    endloop
  endfacet
  facet normal 0 0.840448401094436 0.5418915805747548
    outer loop
      vertex -10.5 6.319169053499344 11.822333770948976
      vertex -3.5 6.453936579602 11.613315664942798
      vertex -10.5 6.453936579602 11.613315664942798
    endloop
  endfacet
  facet normal 0 0.8577286100002738 0.5141027441932189
    outer loop
      vertex -10.5 6.453936579602 11.613315664942798
      vertex -3.5 6.581793068761733 11.4
      vertex -10.5 6.581793068761733 11.4
    endloop
  endfacet
  facet normal 0 0.8222682189897766 0.569100145878896
    outer loop
      vertex -10.5 6.319169053499344 11.822333770948976
      vertex -10.5 6.177634802896276 12.026830496195297
      vertex -3.5 6.319169053499344 11.822333770948976
    endloop
  endfacet
  facet normal 0 0.7625272039063896 0.6469561525348556
    outer loop
      vertex -10.5 5.874879445556801 12.421388959643707
      vertex -10.5 5.713982536840229 12.611028194760525
      vertex -3.5 5.874879445556801 12.421388959643707
    endloop
  endfacet
  facet normal 0 0.6715589548470206 0.7409511253549571
    outer loop
      vertex -10.5 5.195301495373822 13.14696695250355
      vertex -3.5 5.011028194760524 13.313982536840228
      vertex -3.5 5.195301495373822 13.14696695250355
    endloop
  endfacet
  facet normal 0 0.7409511253549554 0.6715589548470223
    outer loop
      vertex -10.5 5.546966952503551 12.795301495373822
      vertex -3.5 5.546966952503551 12.795301495373822
      vertex -3.5 5.713982536840229 12.611028194760525
    endloop
  endfacet
  facet normal 0 0.6954426350096059 0.7185816177797038
    outer loop
      vertex -10.5 5.374011537017762 12.974011537017763
      vertex -3.5 5.195301495373822 13.14696695250355
      vertex -3.5 5.374011537017762 12.974011537017763
    endloop
  endfacet
  facet normal 0 0.718581617779702 0.6954426350096078
    outer loop
      vertex -10.5 5.374011537017762 12.974011537017763
      vertex -3.5 5.374011537017762 12.974011537017763
      vertex -3.5 5.546966952503551 12.795301495373822
    endloop
  endfacet
  facet normal 0 0.5141027441932222 0.8577286100002717
    outer loop
      vertex -10.5 4.013315664942797 14.053936579602
      vertex -3.5 3.8000000000000003 14.181793068761735
      vertex -3.5 4.013315664942797 14.053936579602
    endloop
  endfacet
  facet normal 0 0.5418915805747507 0.8404484010944387
    outer loop
      vertex -10.5 4.2223337709489766 13.919169053499346
      vertex -3.5 4.013315664942797 14.053936579602
      vertex -3.5 4.2223337709489766 13.919169053499346
    endloop
  endfacet
  facet normal 0 0.5956993044924295 0.8032075314806478
    outer loop
      vertex -10.5 4.626586860466277 13.62948538621339
      vertex -3.5 4.426830496195296 13.777634802896277
      vertex -3.5 4.626586860466277 13.62948538621339
    endloop
  endfacet
  facet normal 0 0.5691001458789001 0.8222682189897739
    outer loop
      vertex -10.5 4.426830496195296 13.777634802896277
      vertex -3.5 4.2223337709489766 13.919169053499346
      vertex -3.5 4.426830496195296 13.777634802896277
    endloop
  endfacet
  facet normal 0 0.6216605733700815 0.7832867492286473
    outer loop
      vertex -10.5 4.821388959643706 13.474879445556802
      vertex -3.5 4.626586860466277 13.62948538621339
      vertex -3.5 4.821388959643706 13.474879445556802
    endloop
  endfacet
  facet normal 0 0.6469561525348576 0.7625272039063878
    outer loop
      vertex -10.5 5.011028194760524 13.313982536840228
      vertex -3.5 4.821388959643706 13.474879445556802
      vertex -3.5 5.011028194760524 13.313982536840228
    endloop
  endfacet
  facet normal 0 0.8032075314806448 0.5956993044924335
    outer loop
      vertex -10.5 6.029485386213388 12.226586860466277
      vertex -3.5 6.029485386213388 12.226586860466277
      vertex -3.5 6.177634802896276 12.026830496195297
    endloop
  endfacet
  facet normal 0 0.840448401094436 0.5418915805747548
    outer loop
      vertex -10.5 6.319169053499344 11.822333770948976
      vertex -3.5 6.319169053499344 11.822333770948976
      vertex -3.5 6.453936579602 11.613315664942798
    endloop
  endfacet
  facet normal 0 0.8577286100002738 0.5141027441932189
    outer loop
      vertex -10.5 6.453936579602 11.613315664942798
      vertex -3.5 6.453936579602 11.613315664942798
      vertex -3.5 6.581793068761733 11.4
    endloop
  endfacet
  facet normal 0 0.8222682189897766 0.569100145878896
    outer loop
      vertex -10.5 6.177634802896276 12.026830496195297
      vertex -3.5 6.177634802896276 12.026830496195297
      vertex -3.5 6.319169053499344 11.822333770948976
    endloop
  endfacet
  facet normal 0 0.7625272039063896 0.6469561525348556
    outer loop
      vertex -10.5 5.713982536840229 12.611028194760525
      vertex -3.5 5.713982536840229 12.611028194760525
      vertex -3.5 5.874879445556801 12.421388959643707
    endloop
  endfacet
  facet normal 0 0.7832867492286517 0.6216605733700757
    outer loop
      vertex -10.5 5.874879445556801 12.421388959643707
      vertex -3.5 5.874879445556801 12.421388959643707
      vertex -3.5 6.029485386213388 12.226586860466277
    endloop
  endfacet
  facet normal 1 0 0
    outer loop
      vertex -3.5 3.582615199877582 0.8973983909525014
      vertex -3.5 3.582615199877582 14.3026016090475
      vertex -3.5 3.5 10.133333333333335
    endloop
  endfacet
  facet normal 1 0 0
    outer loop
      vertex -3.5 3.8000000000000003 1.018206931238267
      vertex -3.5 3.8000000000000003 14.181793068761735
      vertex -3.5 3.582615199877582 14.3026016090475
    endloop
  endfacet
  facet normal 1 0 0
    outer loop
      vertex -3.5 -1.7257795990612366 15.001465042507736
      vertex -3.5 3.5 10.133333333333335
      vertex -3.5 -1.4826864473225747 15.053968131064552
    endloop
  endfacet
  facet normal 1 0 0
    outer loop
      vertex -3.5 -1.4826864473225747 15.053968131064552
      vertex -3.5 3.5 10.133333333333335
      vertex -3.5 -1.2380055977988744 15.098489323845081
    endloop
  endfacet
  facet normal 1 0 0
    outer loop
      vertex -3.5 -1.2380055977988744 15.098489323845081
      vertex -3.5 3.5 10.133333333333335
      vertex -3.5 -0.991999060872392 15.13498094644096
    endloop
  endfacet
  facet normal 1 0 0
    outer loop
      vertex -3.5 -0.991999060872392 15.13498094644096
      vertex -3.5 3.5 10.133333333333335
      vertex -3.5 -0.7449302665046607 15.163403922708698
    endloop
  endfacet
  facet normal 1 0 0
    outer loop
      vertex -3.5 -0.7449302665046607 15.163403922708698
      vertex -3.5 3.5 10.133333333333335
      vertex -3.5 -0.4970637821490873 15.183727816613388
    endloop
  endfacet
  facet normal 1 0 0
    outer loop
      vertex -3.5 -0.4970637821490873 15.183727816613388
      vertex -3.5 3.5 10.133333333333335
      vertex -3.5 -0.24866502944549865 15.19593086482038
    endloop
  endfacet
  facet normal 1 0 0
    outer loop
      vertex -3.5 -0.24866502944549865 15.19593086482038
      vertex -3.5 3.5 10.133333333333335
      vertex -3.5 0 15.200000000000001
    endloop
  endfacet
  facet normal 1 0 0
    outer loop
      vertex -3.5 3.5 10.133333333333335
      vertex -3.5 0.24866502944549865 15.19593086482038
      vertex -3.5 0 15.200000000000001
    endloop
  endfacet
  facet normal 1 0 0
    outer loop
      vertex -3.5 3.5 10.133333333333335
      vertex -3.5 0.4970637821490873 15.183727816613388
      vertex -3.5 0.24866502944549865 15.19593086482038
    endloop
  endfacet
  facet normal 1 0 0
    outer loop
      vertex -3.5 3.5 10.133333333333335
      vertex -3.5 0.7449302665046607 15.163403922708698
      vertex -3.5 0.4970637821490873 15.183727816613388
    endloop
  endfacet
  facet normal 1 0 0
    outer loop
      vertex -3.5 3.5 10.133333333333335
      vertex -3.5 0.991999060872392 15.13498094644096
      vertex -3.5 0.7449302665046607 15.163403922708698
    endloop
  endfacet
  facet normal 1 0 0
    outer loop
      vertex -3.5 3.5 10.133333333333335
      vertex -3.5 2.442939936304028 14.796668984162803
      vertex -3.5 2.206163547133914 14.872746551564788
    endloop
  endfacet
  facet normal 1 0 0
    outer loop
      vertex -3.5 3.5 10.133333333333335
      vertex -3.5 2.6771003642013746 14.712885043355676
      vertex -3.5 2.442939936304028 14.796668984162803
    endloop
  endfacet
  facet normal 1 0 0
    outer loop
      vertex -3.5 3.5 10.133333333333335
      vertex -3.5 2.9083940859746824 14.62148444708578
      vertex -3.5 2.6771003642013746 14.712885043355676
    endloop
  endfacet
  facet normal 1 0 0
    outer loop
      vertex -3.5 3.5 10.133333333333335
      vertex -3.5 3.1365734265134 14.522565069400937
      vertex -3.5 2.9083940859746824 14.62148444708578
    endloop
  endfacet
  facet normal 1 0 0
    outer loop
      vertex -3.5 3.5 10.133333333333335
      vertex -3.5 3.3613940456644102 14.416232835648433
      vertex -3.5 3.1365734265134 14.522565069400937
    endloop
  endfacet
  facet normal 1 0 0
    outer loop
      vertex -3.5 3.5 10.133333333333335
      vertex -3.5 3.582615199877582 14.3026016090475
      vertex -3.5 3.3613940456644102 14.416232835648433
    endloop
  endfacet
  facet normal 1 0 0
    outer loop
      vertex -3.5 3.5 10.133333333333335
      vertex -3.5 1.2380055977988744 15.098489323845081
      vertex -3.5 0.991999060872392 15.13498094644096
    endloop
  endfacet
  facet normal 1 0 0
    outer loop
      vertex -3.5 3.5 10.133333333333335
      vertex -3.5 1.4826864473225747 15.053968131064552
      vertex -3.5 1.2380055977988744 15.098489323845081
    endloop
  endfacet
  facet normal 1 0 0
    outer loop
      vertex -3.5 3.5 10.133333333333335
      vertex -3.5 1.7257795990612366 15.001465042507736
      vertex -3.5 1.4826864473225747 15.053968131064552
    endloop
  endfacet
  facet normal 1 0 0
    outer loop
      vertex -3.5 3.5 10.133333333333335
      vertex -3.5 1.9670247427791578 14.94103627979692
      vertex -3.5 1.7257795990612366 15.001465042507736
    endloop
  endfacet
  facet normal 1 0 0
    outer loop
      vertex -3.5 3.5 10.133333333333335
      vertex -3.5 2.206163547133914 14.872746551564788
      vertex -3.5 1.9670247427791578 14.94103627979692
    endloop
  endfacet
  facet normal 1 0 0
    outer loop
      vertex -3.5 5.374011537017762 2.2259884629822384
      vertex -3.5 5.374011537017762 12.974011537017763
      vertex -3.5 5.195301495373822 13.14696695250355
    endloop
  endfacet
  facet normal 1 0 0
    outer loop
      vertex -3.5 5.546966952503551 2.404698504626179
      vertex -3.5 5.546966952503551 12.795301495373822
      vertex -3.5 5.374011537017762 12.974011537017763
    endloop
  endfacet
  facet normal 1 0 0
    outer loop
      vertex -3.5 5.713982536840229 2.588971805239477
      vertex -3.5 5.713982536840229 12.611028194760525
      vertex -3.5 5.546966952503551 12.795301495373822
    endloop
  endfacet
  facet normal 1 0 0
    outer loop
      vertex -3.5 4.013315664942797 1.1460634203980007
      vertex -3.5 4.013315664942797 14.053936579602
      vertex -3.5 3.8000000000000003 14.181793068761735
    endloop
  endfacet
  facet normal 1 0 0
    outer loop
      vertex -3.5 4.2223337709489766 1.2808309465006564
      vertex -3.5 4.2223337709489766 13.919169053499346
      vertex -3.5 4.013315664942797 14.053936579602
    endloop
  endfacet
  facet normal 1 0 0
    outer loop
      vertex -3.5 4.426830496195296 1.4223651971037246
      vertex -3.5 4.426830496195296 13.777634802896277
      vertex -3.5 4.2223337709489766 13.919169053499346
    endloop
  endfacet
  facet normal 1 0 0
    outer loop
      vertex -3.5 4.626586860466277 1.5705146137866128
      vertex -3.5 4.626586860466277 13.62948538621339
      vertex -3.5 4.426830496195296 13.777634802896277
    endloop
  endfacet
  facet normal 1 0 0
    outer loop
      vertex -3.5 4.821388959643706 1.7251205544431993
      vertex -3.5 4.821388959643706 13.474879445556802
      vertex -3.5 4.626586860466277 13.62948538621339
    endloop
  endfacet
  facet normal 1 0 0
    outer loop
      vertex -3.5 5.011028194760524 1.8860174631597717
      vertex -3.5 5.011028194760524 13.313982536840228
      vertex -3.5 4.821388959643706 13.474879445556802
    endloop
  endfacet
  facet normal 1 0 0
    outer loop
      vertex -3.5 5.195301495373822 2.0530330474964495
      vertex -3.5 5.195301495373822 13.14696695250355
      vertex -3.5 5.011028194760524 13.313982536840228
    endloop
  endfacet
  facet normal 1 0 0
    outer loop
      vertex -3.5 5.874879445556801 2.778611040356295
      vertex -3.5 5.874879445556801 12.421388959643707
      vertex -3.5 5.713982536840229 12.611028194760525
    endloop
  endfacet
  facet normal 1 0 0
    outer loop
      vertex -3.5 6.029485386213388 2.973413139533723
      vertex -3.5 6.029485386213388 12.226586860466277
      vertex -3.5 5.874879445556801 12.421388959643707
    endloop
  endfacet
  facet normal 1 0 0
    outer loop
      vertex -3.5 6.177634802896276 3.1731695038047043
      vertex -3.5 6.177634802896276 12.026830496195297
      vertex -3.5 6.029485386213388 12.226586860466277
    endloop
  endfacet
  facet normal 1 0 0
    outer loop
      vertex -3.5 6.453936579602 3.5866843350572033
      vertex -3.5 6.453936579602 11.613315664942798
      vertex -3.5 6.319169053499344 11.822333770948976
    endloop
  endfacet
  facet normal 1 0 0
    outer loop
      vertex -3.5 6.581793068761733 3.8000000000000003
      vertex -3.5 6.581793068761733 11.4
      vertex -3.5 6.453936579602 11.613315664942798
    endloop
  endfacet
  facet normal 1 0 0
    outer loop
      vertex -3.5 6.319169053499344 3.377666229051024
      vertex -3.5 6.319169053499344 11.822333770948976
      vertex -3.5 6.177634802896276 12.026830496195297
    endloop
  endfacet
  facet normal 1 0 0
    outer loop
      vertex -3.5 7.59593086482038 7.351334970554502
      vertex -3.5 7.6000000000000005 7.6000000000000005
      vertex -3.5 7.59593086482038 7.848665029445499
    endloop
  endfacet
  facet normal 1 0 0
    outer loop
      vertex -3.5 7.59593086482038 7.351334970554502
      vertex -3.5 7.59593086482038 7.848665029445499
      vertex -3.5 7.583727816613387 8.097063782149087
    endloop
  endfacet
  facet normal 1 0 0
    outer loop
      vertex -3.5 7.583727816613387 7.102936217850913
      vertex -3.5 7.583727816613387 8.097063782149087
      vertex -3.5 7.563403922708697 8.344930266504662
    endloop
  endfacet
  facet normal 1 0 0
    outer loop
      vertex -3.5 7.563403922708697 6.855069733495339
      vertex -3.5 7.563403922708697 8.344930266504662
      vertex -3.5 7.534980946440959 8.591999060872393
    endloop
  endfacet
  facet normal 1 0 0
    outer loop
      vertex -3.5 7.534980946440959 6.608000939127608
      vertex -3.5 7.534980946440959 8.591999060872393
      vertex -3.5 7.498489323845081 8.838005597798874
    endloop
  endfacet
  facet normal 1 0 0
    outer loop
      vertex -3.5 7.1966689841628035 5.1570600636959725
      vertex -3.5 7.1966689841628035 10.042939936304029
      vertex -3.5 7.112885043355676 10.277100364201376
    endloop
  endfacet
  facet normal 1 0 0
    outer loop
      vertex -3.5 7.272746551564787 5.393836452866086
      vertex -3.5 7.272746551564787 9.806163547133915
      vertex -3.5 7.1966689841628035 10.042939936304029
    endloop
  endfacet
  facet normal 1 0 0
    outer loop
      vertex -3.5 7.34103627979692 5.632975257220843
      vertex -3.5 7.34103627979692 9.567024742779159
      vertex -3.5 7.272746551564787 9.806163547133915
    endloop
  endfacet
  facet normal 1 0 0
    outer loop
      vertex -3.5 7.453968131064552 6.117313552677426
      vertex -3.5 7.453968131064552 9.082686447322576
      vertex -3.5 7.401465042507736 9.325779599061237
    endloop
  endfacet
  facet normal 1 0 0
    outer loop
      vertex -3.5 7.401465042507736 5.874220400938764
      vertex -3.5 7.401465042507736 9.325779599061237
      vertex -3.5 7.34103627979692 9.567024742779159
    endloop
  endfacet
  facet normal 1 0 0
    outer loop
      vertex -3.5 7.498489323845081 6.361994402201126
      vertex -3.5 7.498489323845081 8.838005597798874
      vertex -3.5 7.453968131064552 9.082686447322576
    endloop
  endfacet
  facet normal 1 0 0
    outer loop
      vertex -3.5 6.922565069400936 4.4634265734866005
      vertex -3.5 6.922565069400936 10.7365734265134
      vertex -3.5 6.816232835648432 10.961394045664411
    endloop
  endfacet
  facet normal 1 0 0
    outer loop
      vertex -3.5 6.702601609047499 4.017384800122418
      vertex -3.5 6.702601609047499 11.182615199877583
      vertex -3.5 6.581793068761733 11.4
    endloop
  endfacet
  facet normal 1 0 0
    outer loop
      vertex -3.5 6.816232835648432 4.23860595433559
      vertex -3.5 6.816232835648432 10.961394045664411
      vertex -3.5 6.702601609047499 11.182615199877583
    endloop
  endfacet
  facet normal 1 0 0
    outer loop
      vertex -3.5 7.02148444708578 4.691605914025319
      vertex -3.5 7.02148444708578 10.508394085974682
      vertex -3.5 6.922565069400936 10.7365734265134
    endloop
  endfacet
  facet normal 1 0 0
    outer loop
      vertex -3.5 7.112885043355676 4.922899635798625
      vertex -3.5 7.112885043355676 10.277100364201376
      vertex -3.5 7.02148444708578 10.508394085974682
    endloop
  endfacet
  facet normal 0 -1 0
    outer loop
      vertex -3.5 -3.5 1
      vertex 3.5 -3.5 1
      vertex -3.5 -3.5 10.133333333333335
    endloop
  endfacet
  facet normal 0 0 1
    outer loop
      vertex -3.5 -3.5 10.133333333333335
      vertex -0.7 -1.212435565298214 10.133333333333335
      vertex -0.8999026535611548 -1.0724622203665692 10.133333333333335
    endloop
  endfacet
  facet normal 0 0 1
    outer loop
      vertex -3.5 -3.5 10.133333333333335
      vertex -0.4788282006559362 -1.3155696691002716 10.133333333333335
      vertex -0.7 -1.212435565298214 10.133333333333335
    endloop
  endfacet
  facet normal 0 0 1
    outer loop
      vertex -3.5 -3.5 10.133333333333335
      vertex 3.5 -3.5 10.133333333333335
      vertex -0.4788282006559362 -1.3155696691002716 10.133333333333335
    endloop
  endfacet
  facet normal 0 0 1
    outer loop
      vertex -3.5 -3.5 10.133333333333335
      vertex -1.212435565298214 -0.7 10.133333333333335
      vertex -1.3155696691002716 -0.4788282006559362 10.133333333333335
    endloop
  endfacet
  facet normal 0 0 1
    outer loop
      vertex -3.5 -3.5 10.133333333333335
      vertex -1.3155696691002716 -0.4788282006559362 10.133333333333335
      vertex -1.378730854217091 -0.24310744873370244 10.133333333333335
    endloop
  endfacet
  facet normal 0 0 1
    outer loop
      vertex -3.5 -3.5 10.133333333333335
      vertex -1.378730854217091 -0.24310744873370244 10.133333333333335
      vertex -1.4 0 10.133333333333335
    endloop
  endfacet
  facet normal 0 0 1
    outer loop
      vertex -3.5 -3.5 10.133333333333335
      vertex -1.4 0 10.133333333333335
      vertex -1.378730854217091 0.24310744873370244 10.133333333333335
    endloop
  endfacet
  facet normal 0 0 1
    outer loop
      vertex -3.5 -3.5 10.133333333333335
      vertex -0.8999026535611548 -1.0724622203665692 10.133333333333335
      vertex -1.0724622203665692 -0.8999026535611548 10.133333333333335
    endloop
  endfacet
  facet normal 0 0 1
    outer loop
      vertex -3.5 -3.5 10.133333333333335
      vertex -1.0724622203665692 -0.8999026535611548 10.133333333333335
      vertex -1.212435565298214 -0.7 10.133333333333335
    endloop
  endfacet
  facet normal 0 0 1
    outer loop
      vertex -3.5 -3.5 10.133333333333335
      vertex -1.378730854217091 0.24310744873370244 10.133333333333335
      vertex -1.3155696691002716 0.4788282006559362 10.133333333333335
    endloop
  endfacet
  facet normal 0 1 0
    outer loop
      vertex -3.5 3.5 1
      vertex -3.5 3.5 10.133333333333335
      vertex 3.5 3.5 10.133333333333335
    endloop
  endfacet
  facet normal 0 0 1
    outer loop
      vertex -3.5 -3.5 10.133333333333335
      vertex -1.3155696691002716 0.4788282006559362 10.133333333333335
      vertex -3.5 3.5 10.133333333333335
    endloop
  endfacet
  facet normal 0 0 1
    outer loop
      vertex -3.5 3.5 10.133333333333335
      vertex -1.3155696691002716 0.4788282006559362 10.133333333333335
      vertex -1.212435565298214 0.7 10.133333333333335
    endloop
  endfacet
  facet normal 0 0 1
    outer loop
      vertex -3.5 3.5 10.133333333333335
      vertex -1.212435565298214 0.7 10.133333333333335
      vertex -1.0724622203665692 0.8999026535611548 10.133333333333335
    endloop
  endfacet
  facet normal 0 0 1
    outer loop
      vertex -3.5 3.5 10.133333333333335
      vertex -1.0724622203665692 0.8999026535611548 10.133333333333335
      vertex -0.8999026535611548 1.0724622203665692 10.133333333333335
    endloop
  endfacet
  facet normal 0 0 1
    outer loop
      vertex -3.5 3.5 10.133333333333335
      vertex -0.8999026535611548 1.0724622203665692 10.133333333333335
      vertex -0.7 1.212435565298214 10.133333333333335
    endloop
  endfacet
  facet normal 0 0 1
    outer loop
      vertex -3.5 3.5 10.133333333333335
      vertex -0.7 1.212435565298214 10.133333333333335
      vertex -0.4788282006559362 1.3155696691002716 10.133333333333335
    endloop
  endfacet
  facet normal 0 0 1
    outer loop
      vertex -3.5 3.5 10.133333333333335
      vertex -0.4788282006559362 1.3155696691002716 10.133333333333335
      vertex -0.24310744873370244 1.378730854217091 10.133333333333335
    endloop
  endfacet
  facet normal 0 0 1
    outer loop
      vertex -3.5 3.5 10.133333333333335
      vertex -0.24310744873370244 1.378730854217091 10.133333333333335
      vertex 0 1.4 10.133333333333335
    endloop
  endfacet
  facet normal 0 0 1
    outer loop
      vertex -3.5 3.5 10.133333333333335
      vertex 0 1.4 10.133333333333335
      vertex 0.24310744873370244 1.378730854217091 10.133333333333335
    endloop
  endfacet
  facet normal 0 0 1
    outer loop
      vertex -3.5 3.5 10.133333333333335
      vertex 0.24310744873370244 1.378730854217091 10.133333333333335
      vertex 0.4788282006559362 1.3155696691002716 10.133333333333335
    endloop
  endfacet
  facet normal 0 -1 0
    outer loop
      vertex -3.5 -3.5 10.133333333333335
      vertex 3.5 -3.5 1
      vertex 3.5 -3.5 10.133333333333335
    endloop
  endfacet
  facet normal 0 0 1
    outer loop
      vertex 3.5 -3.5 10.133333333333335
      vertex -0.24310744873370244 -1.378730854217091 10.133333333333335
      vertex -0.4788282006559362 -1.3155696691002716 10.133333333333335
    endloop
  endfacet
  facet normal 0 0 1
    outer loop
      vertex 3.5 -3.5 10.133333333333335
      vertex 0 -1.4 10.133333333333335
      vertex -0.24310744873370244 -1.378730854217091 10.133333333333335
    endloop
  endfacet
  facet normal 0 0 1
    outer loop
      vertex 3.5 -3.5 10.133333333333335
      vertex 0.24310744873370244 -1.378730854217091 10.133333333333335
      vertex 0 -1.4 10.133333333333335
    endloop
  endfacet
  facet normal 0 0 1
    outer loop
      vertex 3.5 -3.5 10.133333333333335
      vertex 0.4788282006559362 -1.3155696691002716 10.133333333333335
      vertex 0.24310744873370244 -1.378730854217091 10.133333333333335
    endloop
  endfacet
  facet normal 0 0 1
    outer loop
      vertex 3.5 -3.5 10.133333333333335
      vertex 0.7 -1.212435565298214 10.133333333333335
      vertex 0.4788282006559362 -1.3155696691002716 10.133333333333335
    endloop
  endfacet
  facet normal 0 0 1
    outer loop
      vertex 3.5 -3.5 10.133333333333335
      vertex 0.8999026535611548 -1.0724622203665692 10.133333333333335
      vertex 0.7 -1.212435565298214 10.133333333333335
    endloop
  endfacet
  facet normal 0 0 1
    outer loop
      vertex 3.5 -3.5 10.133333333333335
      vertex 1.0724622203665692 -0.8999026535611548 10.133333333333335
      vertex 0.8999026535611548 -1.0724622203665692 10.133333333333335
    endloop
  endfacet
  facet normal 0 0 1
    outer loop
      vertex 3.5 -3.5 10.133333333333335
      vertex 1.212435565298214 -0.7 10.133333333333335
      vertex 1.0724622203665692 -0.8999026535611548 10.133333333333335
    endloop
  endfacet
  facet normal 0 0 1
    outer loop
      vertex 3.5 -3.5 10.133333333333335
      vertex 1.3155696691002716 -0.4788282006559362 10.133333333333335
      vertex 1.212435565298214 -0.7 10.133333333333335
    endloop
  endfacet
  facet normal 0 0 1
    outer loop
      vertex 3.5 -3.5 10.133333333333335
      vertex 3.5 3.5 10.133333333333335
      vertex 1.3155696691002716 -0.4788282006559362 10.133333333333335
    endloop
  endfacet
  facet normal 0 1 0
    outer loop
      vertex -3.5 3.5 1
      vertex 3.5 3.5 10.133333333333335
      vertex 3.5 3.5 1
    endloop
  endfacet
  facet normal 0 0 1
    outer loop
      vertex 3.5 3.5 10.133333333333335
      vertex 1.378730854217091 -0.24310744873370244 10.133333333333335
      vertex 1.3155696691002716 -0.4788282006559362 10.133333333333335
    endloop
  endfacet
  facet normal 0 0 1
    outer loop
      vertex 3.5 3.5 10.133333333333335
      vertex 1.0724622203665692 0.8999026535611548 10.133333333333335
      vertex 1.212435565298214 0.7 10.133333333333335
    endloop
  endfacet
  facet normal 0 0 1
    outer loop
      vertex 3.5 3.5 10.133333333333335
      vertex 0.8999026535611548 1.0724622203665692 10.133333333333335
      vertex 1.0724622203665692 0.8999026535611548 10.133333333333335
    endloop
  endfacet
  facet normal 0 0 1
    outer loop
      vertex 3.5 3.5 10.133333333333335
      vertex 1.4 0 10.133333333333335
      vertex 1.378730854217091 -0.24310744873370244 10.133333333333335
    endloop
  endfacet
  facet normal 0 0 1
    outer loop
      vertex 3.5 3.5 10.133333333333335
      vertex 1.378730854217091 0.24310744873370244 10.133333333333335
      vertex 1.4 0 10.133333333333335
    endloop
  endfacet
  facet normal 0 0 1
    outer loop
      vertex 3.5 3.5 10.133333333333335
      vertex 1.3155696691002716 0.4788282006559362 10.133333333333335
      vertex 1.378730854217091 0.24310744873370244 10.133333333333335
    endloop
  endfacet
  facet normal 0 0 1
    outer loop
      vertex 3.5 3.5 10.133333333333335
      vertex 1.212435565298214 0.7 10.133333333333335
      vertex 1.3155696691002716 0.4788282006559362 10.133333333333335
    endloop
  endfacet
  facet normal 0 0 1
    outer loop
      vertex -3.5 3.5 10.133333333333335
      vertex 0.4788282006559362 1.3155696691002716 10.133333333333335
      vertex 3.5 3.5 10.133333333333335
    endloop
  endfacet
  facet normal 0 0 1
    outer loop
      vertex 3.5 3.5 10.133333333333335
      vertex 0.4788282006559362 1.3155696691002716 10.133333333333335
      vertex 0.7 1.212435565298214 10.133333333333335
    endloop
  endfacet
  facet normal 0 0 1
    outer loop
      vertex 3.5 3.5 10.133333333333335
      vertex 0.7 1.212435565298214 10.133333333333335
      vertex 0.8999026535611548 1.0724622203665692 10.133333333333335
    endloop
  endfacet
  facet normal -1 0 0
    outer loop
      vertex -10.5 -3.5 0
      vertex -10.5 -3.5 0.8549627272775674
      vertex -10.5 -3.3613940456644102 0.7837671643515689
    endloop
  endfacet
  facet normal -1 0 0
    outer loop
      vertex -10.5 -3.5 0
      vertex -10.5 -3.3613940456644102 0.7837671643515689
      vertex -10.5 -3.1365734265134 0.6774349305990643
    endloop
  endfacet
  facet normal -1 0 0
    outer loop
      vertex -10.5 -3.5 0
      vertex -10.5 -3.1365734265134 0.6774349305990643
      vertex -10.5 -2.9083940859746824 0.5785155529142205
    endloop
  endfacet
  facet normal -1 0 0
    outer loop
      vertex -10.5 -3.5 0
      vertex -10.5 -2.9083940859746824 0.5785155529142205
      vertex -10.5 -2.6771003642013746 0.4871149566443247
    endloop
  endfacet
  facet normal -1 0 0
    outer loop
      vertex -10.5 -3.5 0
      vertex -10.5 -2.6771003642013746 0.4871149566443247
      vertex -10.5 -2.442939936304028 0.403331015837197
    endloop
  endfacet
  facet normal -1 0 0
    outer loop
      vertex -10.5 -3.5 0
      vertex -10.5 -2.442939936304028 0.403331015837197
      vertex -10.5 -2.206163547133914 0.3272534484352132
    endloop
  endfacet
  facet normal -1 0 0
    outer loop
      vertex -10.5 -3.5 0
      vertex -10.5 -2.206163547133914 0.3272534484352132
      vertex -10.5 -1.9670247427791578 0.2589637202030808
    endloop
  endfacet
  facet normal -1 0 0
    outer loop
      vertex -10.5 -3.5 0
      vertex -10.5 -1.9670247427791578 0.2589637202030808
      vertex -10.5 -1.7257795990612366 0.19853495749226457
    endloop
  endfacet
  facet normal -1 0 0
    outer loop
      vertex -10.5 -3.5 0
      vertex -10.5 -1.7257795990612366 0.19853495749226457
      vertex -10.5 -1.4826864473225747 0.14603186893544873
    endloop
  endfacet
  facet normal -1 0 0
    outer loop
      vertex -10.5 -3.5 0
      vertex -10.5 -1.4826864473225747 0.14603186893544873
      vertex -10.5 -1.2380055977988744 0.10151067615491982
    endloop
  endfacet
  facet normal -1 0 0
    outer loop
      vertex -10.5 -3.5 0
      vertex -10.5 -1.2380055977988744 0.10151067615491982
      vertex -10.5 -0.991999060872392 0.06501905355904114
    endloop
  endfacet
  facet normal 0 -1 0
    outer loop
      vertex -10.5 -3.5 0
      vertex -3.5 -3.5 0.8549627272775674
      vertex -10.5 -3.5 0.8549627272775674
    endloop
  endfacet
  facet normal -1 0 0
    outer loop
      vertex -10.5 -3.5 0
      vertex -10.5 -0.991999060872392 0.06501905355904114
      vertex -10.5 -0.7449302665046607 0.03659607729130343
    endloop
  endfacet
  facet normal -1 0 0
    outer loop
      vertex -10.5 -3.5 0
      vertex -10.5 -0.7449302665046607 0.03659607729130343
      vertex -10.5 -0.4970637821490873 0.016272183386613293
    endloop
  endfacet
  facet normal -1 0 0
    outer loop
      vertex -10.5 -3.5 0
      vertex -10.5 -0.4970637821490873 0.016272183386613293
      vertex -10.5 -0.24866502944549865 0.004069135179620709
    endloop
  endfacet
  facet normal -1 0 0
    outer loop
      vertex -10.5 -3.5 0
      vertex -10.5 -0.24866502944549865 0.004069135179620709
      vertex -10.5 0 0
    endloop
  endfacet
  facet normal 0 0 -1
    outer loop
      vertex -10.5 -3.5 0
      vertex -10.5 0 0
      vertex -1.5049598170103804 -0.37093927964571427 0
    endloop
  endfacet
  facet normal 0 0 -1
    outer loop
      vertex -10.5 -3.5 0
      vertex -1.1601916596652064 -1.0278401202732326 0
      vertex -0.9802903321728345 -1.2006376908328646 0
    endloop
  endfacet
  facet normal 0 0 -1
    outer loop
      vertex -10.5 -3.5 0
      vertex -0.7749999999999999 -1.3423393758658797 0
      vertex -0.5496375749159302 -1.4492751761623928 0
    endloop
  endfacet
  facet normal 0 0 -1
    outer loop
      vertex -10.5 -3.5 0
      vertex -0.9802903321728345 -1.2006376908328646 0
      vertex -0.7749999999999999 -1.3423393758658797 0
    endloop
  endfacet
  facet normal 0 -1 0
    outer loop
      vertex -10.5 -3.5 0
      vertex 3.5 -3.5 0.8549627272775674
      vertex -3.5 -3.5 0.8549627272775674
    endloop
  endfacet
  facet normal 0 0 -1
    outer loop
      vertex -10.5 -3.5 0
      vertex -0.5496375749159302 -1.4492751761623928 0
      vertex -0.31003982535286906 -1.5186755106655148 0
    endloop
  endfacet
  facet normal 0 0 -1
    outer loop
      vertex -10.5 -3.5 0
      vertex -0.31003982535286906 -1.5186755106655148 0
      vertex -0.06241220716959381 -1.5487429471659326 0
    endloop
  endfacet
  facet normal 0 0 -1
    outer loop
      vertex -10.5 -3.5 0
      vertex -0.06241220716959381 -1.5487429471659326 0
      vertex 0.18683185439575026 -1.5386987548519837 0
    endloop
  endfacet
  facet normal 0 0 -1
    outer loop
      vertex -10.5 -3.5 0
      vertex -1.3100446325928814 -0.8284220304980918 0
      vertex -1.1601916596652064 -1.0278401202732326 0
    endloop
  endfacet
  facet normal 0 0 -1
    outer loop
      vertex -10.5 -3.5 0
      vertex -1.5049598170103804 -0.37093927964571427 0
      vertex -1.4259681376711775 -0.607548245283116 0
    endloop
  endfacet
  facet normal 0 0 -1
    outer loop
      vertex -10.5 -3.5 0
      vertex -1.4259681376711775 -0.607548245283116 0
      vertex -1.3100446325928814 -0.8284220304980918 0
    endloop
  endfacet
  facet normal 0 0 -1
    outer loop
      vertex -10.5 0 0
      vertex -1.5449738276080254 -0.12472318151092505 0
      vertex -1.5049598170103804 -0.37093927964571427 0
    endloop
  endfacet
  facet normal 0 -1 0
    outer loop
      vertex -3.5 -3.5 0.8549627272775674
      vertex 3.5 -3.5 0.8549627272775674
      vertex -3.5 -3.5 1
    endloop
  endfacet
  facet normal -1 0 0
    outer loop
      vertex -10.5 0 0
      vertex -10.5 0.24866502944549865 0.004069135179620709
      vertex -10.5 3.5 0
    endloop
  endfacet
  facet normal -1 0 0
    outer loop
      vertex -10.5 0.24866502944549865 0.004069135179620709
      vertex -10.5 0.4970637821490873 0.016272183386613293
      vertex -10.5 3.5 0
    endloop
  endfacet
  facet normal -1 0 0
    outer loop
      vertex -10.5 0.4970637821490873 0.016272183386613293
      vertex -10.5 0.7449302665046607 0.03659607729130343
      vertex -10.5 3.5 0
    endloop
  endfacet
  facet normal -1 0 0
    outer loop
      vertex -10.5 0.7449302665046607 0.03659607729130343
      vertex -10.5 0.991999060872392 0.06501905355904114
      vertex -10.5 3.5 0
    endloop
  endfacet
  facet normal -1 0 0
    outer loop
      vertex -10.5 0.991999060872392 0.06501905355904114
      vertex -10.5 1.2380055977988744 0.10151067615491982
      vertex -10.5 3.5 0
    endloop
  endfacet
  facet normal -1 0 0
    outer loop
      vertex -10.5 1.2380055977988744 0.10151067615491982
      vertex -10.5 1.4826864473225747 0.14603186893544873
      vertex -10.5 3.5 0
    endloop
  endfacet
  facet normal -1 0 0
    outer loop
      vertex -10.5 1.4826864473225747 0.14603186893544873
      vertex -10.5 1.7257795990612366 0.19853495749226457
      vertex -10.5 3.5 0
    endloop
  endfacet
  facet normal -1 0 0
    outer loop
      vertex -10.5 1.7257795990612366 0.19853495749226457
      vertex -10.5 1.9670247427791578 0.2589637202030808
      vertex -10.5 3.5 0
    endloop
  endfacet
  facet normal -1 0 0
    outer loop
      vertex -10.5 1.9670247427791578 0.2589637202030808
      vertex -10.5 2.206163547133914 0.3272534484352132
      vertex -10.5 3.5 0
    endloop
  endfacet
  facet normal -1 0 0
    outer loop
      vertex -10.5 2.206163547133914 0.3272534484352132
      vertex -10.5 2.442939936304028 0.403331015837197
      vertex -10.5 3.5 0
    endloop
  endfacet
  facet normal -1 0 0
    outer loop
      vertex -10.5 2.442939936304028 0.403331015837197
      vertex -10.5 2.6771003642013746 0.4871149566443247
      vertex -10.5 3.5 0
    endloop
  endfacet
  facet normal -1 0 0
    outer loop
      vertex -10.5 2.6771003642013746 0.4871149566443247
      vertex -10.5 2.9083940859746824 0.5785155529142205
      vertex -10.5 3.5 0
    endloop
  endfacet
  facet normal -1 0 0
    outer loop
      vertex -10.5 2.9083940859746824 0.5785155529142205
      vertex -10.5 3.1365734265134 0.6774349305990643
      vertex -10.5 3.5 0
    endloop
  endfacet
  facet normal -1 0 0
    outer loop
      vertex -10.5 3.1365734265134 0.6774349305990643
      vertex -10.5 3.3613940456644102 0.7837671643515689
      vertex -10.5 3.5 0
    endloop
  endfacet
  facet normal -1 0 0
    outer loop
      vertex -10.5 3.5 0
      vertex -10.5 3.3613940456644102 0.7837671643515689
      vertex -10.5 3.5 0.8549627272775674
    endloop
  endfacet
  facet normal 0 0 -1
    outer loop
      vertex -10.5 0 0
      vertex -1.5449738276080254 0.12472318151092505 0
      vertex -1.5449738276080254 -0.12472318151092505 0
    endloop
  endfacet
  facet normal 0 0 -1
    outer loop
      vertex -10.5 0 0
      vertex -1.5049598170103804 0.37093927964571427 0
      vertex -1.5449738276080254 0.12472318151092505 0
    endloop
  endfacet
  facet normal 0 0 -1
    outer loop
      vertex -10.5 0 0
      vertex -1.4259681376711775 0.607548245283116 0
      vertex -1.5049598170103804 0.37093927964571427 0
    endloop
  endfacet
  facet normal 0 0 -1
    outer loop
      vertex -10.5 0 0
      vertex -1.3100446325928814 0.8284220304980918 0
      vertex -1.4259681376711775 0.607548245283116 0
    endloop
  endfacet
  facet normal 0 0 -1
    outer loop
      vertex -10.5 0 0
      vertex -1.1601916596652064 1.0278401202732326 0
      vertex -1.3100446325928814 0.8284220304980918 0
    endloop
  endfacet
  facet normal 0 0 -1
    outer loop
      vertex -10.5 0 0
      vertex -0.9802903321728345 1.2006376908328646 0
      vertex -1.1601916596652064 1.0278401202732326 0
    endloop
  endfacet
  facet normal 0 0 -1
    outer loop
      vertex -10.5 0 0
      vertex -0.7749999999999999 1.3423393758658797 0
      vertex -0.9802903321728345 1.2006376908328646 0
    endloop
  endfacet
  facet normal 0 0 -1
    outer loop
      vertex -10.5 0 0
      vertex -0.5496375749159302 1.4492751761623928 0
      vertex -0.7749999999999999 1.3423393758658797 0
    endloop
  endfacet
  facet normal 0 0 -1
    outer loop
      vertex -10.5 0 0
      vertex -0.3100398253528687 1.5186755106655148 0
      vertex -0.5496375749159302 1.4492751761623928 0
    endloop
  endfacet
  facet normal 0 0 -1
    outer loop
      vertex -10.5 0 0
      vertex -10.5 3.5 0
      vertex 10.5 3.5 0
    endloop
  endfacet
  facet normal 0 1 0
    outer loop
      vertex -10.5 3.5 0
      vertex -10.5 3.5 0.8549627272775674
      vertex 10.5 3.5 0
    endloop
  endfacet
  facet normal 0 0 -1
    outer loop
      vertex -10.5 0 0
      vertex 10.5 3.5 0
      vertex -0.3100398253528687 1.5186755106655148 0
    endloop
  endfacet
  facet normal 0 1 0
    outer loop
      vertex -10.5 3.5 0.8549627272775674
      vertex -3.5 3.5 0.8549627272775674
      vertex 10.5 3.5 0
    endloop
  endfacet
  facet normal 0 1 0
    outer loop
      vertex -3.5 3.5 0.8549627272775674
      vertex -3.5 3.5 1
      vertex 3.5 3.5 1
    endloop
  endfacet
  facet normal 0 -1 0
    outer loop
      vertex -10.5 -3.5 0
      vertex 10.5 -3.5 0.8549627272775674
      vertex 3.5 -3.5 0.8549627272775674
    endloop
  endfacet
  facet normal 0 -1 0
    outer loop
      vertex -3.5 -3.5 1
      vertex 3.5 -3.5 0.8549627272775674
      vertex 3.5 -3.5 1
    endloop
  endfacet
  facet normal 0 0 -1
    outer loop
      vertex -10.5 -3.5 0
      vertex 0.18683185439575026 -1.5386987548519837 0
      vertex 10.5 0 0
    endloop
  endfacet
  facet normal 0 -1 0
    outer loop
      vertex -10.5 -3.5 0
      vertex 10.5 -3.5 0
      vertex 10.5 -3.5 0.8549627272775674
    endloop
  endfacet
  facet normal 0 0 -1
    outer loop
      vertex -10.5 -3.5 0
      vertex 10.5 0 0
      vertex 10.5 -3.5 0
    endloop
  endfacet
  facet normal 0 0 -1
    outer loop
      vertex 10.5 0 0
      vertex 0.18683185439575026 -1.5386987548519837 0
      vertex 0.4312370690705009 -1.4888030730286272 0
    endloop
  endfacet
  facet normal 0 0 -1
    outer loop
      vertex 10.5 0 0
      vertex 0.4312370690705009 -1.4888030730286272 0
      vertex 0.6644734701747332 -1.4003481736460925 0
    endloop
  endfacet
  facet normal 0 0 -1
    outer loop
      vertex 10.5 0 0
      vertex 0.6644734701747332 -1.4003481736460925 0
      vertex 0.8805003574332919 -1.2756249921351668 0
    endloop
  endfacet
  facet normal 0 0 -1
    outer loop
      vertex 10.5 0 0
      vertex 0.8805003574332919 -1.2756249921351668 0
      vertex 1.0737227479398794 -1.1178637933829119 0
    endloop
  endfacet
  facet normal 0 0 -1
    outer loop
      vertex 10.5 0 0
      vertex 1.0737227479398794 -1.1178637933829119 0
      vertex 1.239136283275427 -0.9311505095688669 0
    endloop
  endfacet
  facet normal 0 0 -1
    outer loop
      vertex 10.5 0 0
      vertex 1.239136283275427 -0.9311505095688669 0
      vertex 1.3724568397624755 -0.7203209166678408 0
    endloop
  endfacet
  facet normal 0 0 -1
    outer loop
      vertex 10.5 0 0
      vertex 1.3724568397624755 -0.7203209166678408 0
      vertex 1.4702314850180755 -0.49083539039228213 0
    endloop
  endfacet
  facet normal 0 0 -1
    outer loop
      vertex 10.5 0 0
      vertex 1.4702314850180755 -0.49083539039228213 0
      vertex 1.5299279070887648 -0.24863748532952826 0
    endloop
  endfacet
  facet normal 0 0 -1
    outer loop
      vertex 10.5 0 0
      vertex 1.5299279070887648 -0.24863748532952826 0
      vertex 1.5499999999999998 0 0
    endloop
  endfacet
  facet normal 1 0 0
    outer loop
      vertex 10.5 -3.5 0
      vertex 10.5 -3.3613940456644102 0.7837671643515689
      vertex 10.5 -3.5 0.8549627272775674
    endloop
  endfacet
  facet normal 1 0 0
    outer loop
      vertex 10.5 -3.5 0
      vertex 10.5 -3.1365734265134 0.6774349305990643
      vertex 10.5 -3.3613940456644102 0.7837671643515689
    endloop
  endfacet
  facet normal 1 0 0
    outer loop
      vertex 10.5 -3.5 0
      vertex 10.5 -2.9083940859746824 0.5785155529142205
      vertex 10.5 -3.1365734265134 0.6774349305990643
    endloop
  endfacet
  facet normal 1 0 0
    outer loop
      vertex 10.5 -3.5 0
      vertex 10.5 -2.6771003642013746 0.4871149566443247
      vertex 10.5 -2.9083940859746824 0.5785155529142205
    endloop
  endfacet
  facet normal 1 0 0
    outer loop
      vertex 10.5 -3.5 0
      vertex 10.5 -2.442939936304028 0.403331015837197
      vertex 10.5 -2.6771003642013746 0.4871149566443247
    endloop
  endfacet
  facet normal 1 0 0
    outer loop
      vertex 10.5 -3.5 0
      vertex 10.5 -2.206163547133914 0.3272534484352132
      vertex 10.5 -2.442939936304028 0.403331015837197
    endloop
  endfacet
  facet normal 1 0 0
    outer loop
      vertex 10.5 -3.5 0
      vertex 10.5 -1.9670247427791578 0.2589637202030808
      vertex 10.5 -2.206163547133914 0.3272534484352132
    endloop
  endfacet
  facet normal 1 0 0
    outer loop
      vertex 10.5 -3.5 0
      vertex 10.5 -1.7257795990612366 0.19853495749226457
      vertex 10.5 -1.9670247427791578 0.2589637202030808
    endloop
  endfacet
  facet normal 1 0 0
    outer loop
      vertex 10.5 -3.5 0
      vertex 10.5 -1.4826864473225747 0.14603186893544873
      vertex 10.5 -1.7257795990612366 0.19853495749226457
    endloop
  endfacet
  facet normal 1 0 0
    outer loop
      vertex 10.5 -3.5 0
      vertex 10.5 -1.2380055977988744 0.10151067615491982
      vertex 10.5 -1.4826864473225747 0.14603186893544873
    endloop
  endfacet
  facet normal 1 0 0
    outer loop
      vertex 10.5 -3.5 0
      vertex 10.5 -0.991999060872392 0.06501905355904114
      vertex 10.5 -1.2380055977988744 0.10151067615491982
    endloop
  endfacet
  facet normal 1 0 0
    outer loop
      vertex 10.5 -3.5 0
      vertex 10.5 -0.7449302665046607 0.03659607729130343
      vertex 10.5 -0.991999060872392 0.06501905355904114
    endloop
  endfacet
  facet normal 1 0 0
    outer loop
      vertex 10.5 -3.5 0
      vertex 10.5 -0.4970637821490873 0.016272183386613293
      vertex 10.5 -0.7449302665046607 0.03659607729130343
    endloop
  endfacet
  facet normal 1 0 0
    outer loop
      vertex 10.5 -3.5 0
      vertex 10.5 -0.24866502944549865 0.004069135179620709
      vertex 10.5 -0.4970637821490873 0.016272183386613293
    endloop
  endfacet
  facet normal 1 0 0
    outer loop
      vertex 10.5 -3.5 0
      vertex 10.5 0 0
      vertex 10.5 -0.24866502944549865 0.004069135179620709
    endloop
  endfacet
  facet normal 0 1 0
    outer loop
      vertex -3.5 3.5 0.8549627272775674
      vertex 3.5 3.5 1
      vertex 3.5 3.5 0.8549627272775674
    endloop
  endfacet
  facet normal 0 0 -1
    outer loop
      vertex 10.5 0 0
      vertex 1.5499999999999998 0 0
      vertex 1.5299279070887648 0.24863748532952834 0
    endloop
  endfacet
  facet normal 0 0 -1
    outer loop
      vertex 10.5 0 0
      vertex 1.5299279070887648 0.24863748532952834 0
      vertex 1.4702314850180753 0.4908353903922823 0
    endloop
  endfacet
  facet normal 0 0 -1
    outer loop
      vertex 10.5 3.5 0
      vertex 1.4702314850180753 0.4908353903922823 0
      vertex 1.3724568397624752 0.7203209166678411 0
    endloop
  endfacet
  facet normal 0 0 -1
    outer loop
      vertex 10.5 3.5 0
      vertex 1.3724568397624752 0.7203209166678411 0
      vertex 1.2391362832754267 0.931150509568867 0
    endloop
  endfacet
  facet normal 0 0 -1
    outer loop
      vertex 10.5 3.5 0
      vertex 1.2391362832754267 0.931150509568867 0
      vertex 1.073722747939879 1.1178637933829125 0
    endloop
  endfacet
  facet normal 0 0 -1
    outer loop
      vertex 10.5 3.5 0
      vertex -0.062412207169593434 1.5487429471659326 0
      vertex -0.3100398253528687 1.5186755106655148 0
    endloop
  endfacet
  facet normal 0 0 -1
    outer loop
      vertex 10.5 3.5 0
      vertex 0.18683185439575062 1.5386987548519835 0
      vertex -0.062412207169593434 1.5487429471659326 0
    endloop
  endfacet
  facet normal 0 0 -1
    outer loop
      vertex 10.5 3.5 0
      vertex 0.664473470174734 1.4003481736460923 0
      vertex 0.4312370690705017 1.4888030730286268 0
    endloop
  endfacet
  facet normal 0 0 -1
    outer loop
      vertex 10.5 3.5 0
      vertex 0.4312370690705017 1.4888030730286268 0
      vertex 0.18683185439575062 1.5386987548519835 0
    endloop
  endfacet
  facet normal 0 1 0
    outer loop
      vertex -3.5 3.5 0.8549627272775674
      vertex 3.5 3.5 0.8549627272775674
      vertex 10.5 3.5 0
    endloop
  endfacet
  facet normal 0 0 -1
    outer loop
      vertex 10.5 3.5 0
      vertex 0.8805003574332912 1.2756249921351674 0
      vertex 0.664473470174734 1.4003481736460923 0
    endloop
  endfacet
  facet normal 0 0 -1
    outer loop
      vertex 10.5 3.5 0
      vertex 1.073722747939879 1.1178637933829125 0
      vertex 0.8805003574332912 1.2756249921351674 0
    endloop
  endfacet
  facet normal 0 0 -1
    outer loop
      vertex 10.5 0 0
      vertex 1.4702314850180753 0.4908353903922823 0
      vertex 10.5 3.5 0
    endloop
  endfacet
  facet normal 1 0 0
    outer loop
      vertex 10.5 0 0
      vertex 10.5 3.5 0
      vertex 10.5 0.24866502944549865 0.004069135179620709
    endloop
  endfacet
  facet normal 1 0 0
    outer loop
      vertex 10.5 0.24866502944549865 0.004069135179620709
      vertex 10.5 3.5 0
      vertex 10.5 0.4970637821490873 0.016272183386613293
    endloop
  endfacet
  facet normal 1 0 0
    outer loop
      vertex 10.5 0.4970637821490873 0.016272183386613293
      vertex 10.5 3.5 0
      vertex 10.5 0.7449302665046607 0.03659607729130343
    endloop
  endfacet
  facet normal 1 0 0
    outer loop
      vertex 10.5 0.7449302665046607 0.03659607729130343
      vertex 10.5 3.5 0
      vertex 10.5 0.991999060872392 0.06501905355904114
    endloop
  endfacet
  facet normal 0 1 0
    outer loop
      vertex 3.5 3.5 0.8549627272775674
      vertex 10.5 3.5 0.8549627272775674
      vertex 10.5 3.5 0
    endloop
  endfacet
  facet normal 1 0 0
    outer loop
      vertex 10.5 0.991999060872392 0.06501905355904114
      vertex 10.5 3.5 0
      vertex 10.5 1.2380055977988744 0.10151067615491982
    endloop
  endfacet
  facet normal 1 0 0
    outer loop
      vertex 10.5 1.2380055977988744 0.10151067615491982
      vertex 10.5 3.5 0
      vertex 10.5 1.4826864473225747 0.14603186893544873
    endloop
  endfacet
  facet normal 1 0 0
    outer loop
      vertex 10.5 1.4826864473225747 0.14603186893544873
      vertex 10.5 3.5 0
      vertex 10.5 1.7257795990612366 0.19853495749226457
    endloop
  endfacet
  facet normal 1 0 0
    outer loop
      vertex 10.5 1.7257795990612366 0.19853495749226457
      vertex 10.5 3.5 0
      vertex 10.5 1.9670247427791578 0.2589637202030808
    endloop
  endfacet
  facet normal 1 0 0
    outer loop
      vertex 10.5 1.9670247427791578 0.2589637202030808
      vertex 10.5 3.5 0
      vertex 10.5 2.206163547133914 0.3272534484352132
    endloop
  endfacet
  facet normal 1 0 0
    outer loop
      vertex 10.5 2.206163547133914 0.3272534484352132
      vertex 10.5 3.5 0
      vertex 10.5 2.442939936304028 0.403331015837197
    endloop
  endfacet
  facet normal 1 0 0
    outer loop
      vertex 10.5 2.442939936304028 0.403331015837197
      vertex 10.5 3.5 0
      vertex 10.5 2.6771003642013746 0.4871149566443247
    endloop
  endfacet
  facet normal 1 0 0
    outer loop
      vertex 10.5 2.6771003642013746 0.4871149566443247
      vertex 10.5 3.5 0
      vertex 10.5 2.9083940859746824 0.5785155529142205
    endloop
  endfacet
  facet normal 1 0 0
    outer loop
      vertex 10.5 2.9083940859746824 0.5785155529142205
      vertex 10.5 3.5 0
      vertex 10.5 3.1365734265134 0.6774349305990643
    endloop
  endfacet
  facet normal 1 0 0
    outer loop
      vertex 10.5 3.1365734265134 0.6774349305990643
      vertex 10.5 3.5 0
      vertex 10.5 3.3613940456644102 0.7837671643515689
    endloop
  endfacet
  facet normal 1 0 0
    outer loop
      vertex 10.5 3.5 0
      vertex 10.5 3.5 0.8549627272775674
      vertex 10.5 3.3613940456644102 0.7837671643515689
    endloop
  endfacet
  facet normal 0.9659258262890683 0.25881904510252035 0
    outer loop
      vertex -1.3155696691002716 -0.4788282006559362 3.5
      vertex -1.378730854217091 -0.24310744873370244 3.5
      vertex -1.378730854217091 -0.24310744873370244 10.133333333333335
    endloop
  endfacet
  facet normal 0.9961946980917454 0.08715574274765868 0
    outer loop
      vertex -1.378730854217091 -0.24310744873370244 3.5
      vertex -1.4 0 3.5
      vertex -1.4 0 10.133333333333335
    endloop
  endfacet
  facet normal 0.7071067811865476 0.7071067811865476 0
    outer loop
      vertex -1.0724622203665692 -0.8999026535611548 3.5
      vertex -1.0724622203665692 -0.8999026535611548 10.133333333333335
      vertex -0.8999026535611548 -1.0724622203665692 3.5
    endloop
  endfacet
  facet normal 0.5735764363510462 0.8191520442889919 0
    outer loop
      vertex -0.8999026535611548 -1.0724622203665692 3.5
      vertex -0.8999026535611548 -1.0724622203665692 10.133333333333335
      vertex -0.7 -1.212435565298214 3.5
    endloop
  endfacet
  facet normal 0.42261826174069955 0.9063077870366499 0
    outer loop
      vertex -0.7 -1.212435565298214 3.5
      vertex -0.7 -1.212435565298214 10.133333333333335
      vertex -0.4788282006559362 -1.3155696691002716 3.5
    endloop
  endfacet
  facet normal 0.25881904510252035 0.9659258262890683 0
    outer loop
      vertex -0.4788282006559362 -1.3155696691002716 3.5
      vertex -0.4788282006559362 -1.3155696691002716 10.133333333333335
      vertex -0.24310744873370244 -1.378730854217091 3.5
    endloop
  endfacet
  facet normal 0.08715574274765868 0.9961946980917454 0
    outer loop
      vertex -0.24310744873370244 -1.378730854217091 3.5
      vertex -0.24310744873370244 -1.378730854217091 10.133333333333335
      vertex 0 -1.4 3.5
    endloop
  endfacet
  facet normal 0.8191520442889919 0.5735764363510462 0
    outer loop
      vertex -1.0724622203665692 -0.8999026535611548 3.5
      vertex -1.212435565298214 -0.7 3.5
      vertex -1.212435565298214 -0.7 10.133333333333335
    endloop
  endfacet
  facet normal 0.9063077870366499 0.42261826174069955 0
    outer loop
      vertex -1.212435565298214 -0.7 3.5
      vertex -1.3155696691002716 -0.4788282006559362 3.5
      vertex -1.3155696691002716 -0.4788282006559362 10.133333333333335
    endloop
  endfacet
  facet normal 0.9659258262890683 0.25881904510252035 0
    outer loop
      vertex -1.3155696691002716 -0.4788282006559362 3.5
      vertex -1.378730854217091 -0.24310744873370244 10.133333333333335
      vertex -1.3155696691002716 -0.4788282006559362 10.133333333333335
    endloop
  endfacet
  facet normal 0.9961946980917454 0.08715574274765868 0
    outer loop
      vertex -1.378730854217091 -0.24310744873370244 3.5
      vertex -1.4 0 10.133333333333335
      vertex -1.378730854217091 -0.24310744873370244 10.133333333333335
    endloop
  endfacet
  facet normal 0.7071067811865476 0.7071067811865476 0
    outer loop
      vertex -0.8999026535611548 -1.0724622203665692 3.5
      vertex -1.0724622203665692 -0.8999026535611548 10.133333333333335
      vertex -0.8999026535611548 -1.0724622203665692 10.133333333333335
    endloop
  endfacet
  facet normal 0.5735764363510462 0.8191520442889919 0
    outer loop
      vertex -0.7 -1.212435565298214 3.5
      vertex -0.8999026535611548 -1.0724622203665692 10.133333333333335
      vertex -0.7 -1.212435565298214 10.133333333333335
    endloop
  endfacet
  facet normal 0.42261826174069955 0.9063077870366499 0
    outer loop
      vertex -0.4788282006559362 -1.3155696691002716 3.5
      vertex -0.7 -1.212435565298214 10.133333333333335
      vertex -0.4788282006559362 -1.3155696691002716 10.133333333333335
    endloop
  endfacet
  facet normal 0.25881904510252035 0.9659258262890683 0
    outer loop
      vertex -0.24310744873370244 -1.378730854217091 3.5
      vertex -0.4788282006559362 -1.3155696691002716 10.133333333333335
      vertex -0.24310744873370244 -1.378730854217091 10.133333333333335
    endloop
  endfacet
  facet normal 0.08715574274765868 0.9961946980917454 0
    outer loop
      vertex 0 -1.4 3.5
      vertex -0.24310744873370244 -1.378730854217091 10.133333333333335
      vertex 0 -1.4 10.133333333333335
    endloop
  endfacet
  facet normal 0.8191520442889919 0.5735764363510462 0
    outer loop
      vertex -1.0724622203665692 -0.8999026535611548 3.5
      vertex -1.212435565298214 -0.7 10.133333333333335
      vertex -1.0724622203665692 -0.8999026535611548 10.133333333333335
    endloop
  endfacet
  facet normal 0.9063077870366499 0.42261826174069955 0
    outer loop
      vertex -1.212435565298214 -0.7 3.5
      vertex -1.3155696691002716 -0.4788282006559362 10.133333333333335
      vertex -1.212435565298214 -0.7 10.133333333333335
    endloop
  endfacet
  facet normal 0.9961946980917454 -0.08715574274765868 0
    outer loop
      vertex -1.4 0 3.5
      vertex -1.378730854217091 0.24310744873370244 3.5
      vertex -1.378730854217091 0.24310744873370244 10.133333333333335
    endloop
  endfacet
  facet normal 0.9659258262890683 -0.25881904510252035 0
    outer loop
      vertex -1.378730854217091 0.24310744873370244 3.5
      vertex -1.3155696691002716 0.4788282006559362 3.5
      vertex -1.3155696691002716 0.4788282006559362 10.133333333333335
    endloop
  endfacet
  facet normal 0.9063077870366499 -0.42261826174069955 0
    outer loop
      vertex -1.3155696691002716 0.4788282006559362 3.5
      vertex -1.212435565298214 0.7 3.5
      vertex -1.212435565298214 0.7 10.133333333333335
    endloop
  endfacet
  facet normal 0.8191520442889919 -0.5735764363510462 0
    outer loop
      vertex -1.212435565298214 0.7 3.5
      vertex -1.0724622203665692 0.8999026535611548 3.5
      vertex -1.0724622203665692 0.8999026535611548 10.133333333333335
    endloop
  endfacet
  facet normal 0.7071067811865476 -0.7071067811865476 0
    outer loop
      vertex -1.0724622203665692 0.8999026535611548 3.5
      vertex -0.8999026535611548 1.0724622203665692 3.5
      vertex -0.8999026535611548 1.0724622203665692 10.133333333333335
    endloop
  endfacet
  facet normal 0.5735764363510462 -0.8191520442889919 0
    outer loop
      vertex -0.8999026535611548 1.0724622203665692 3.5
      vertex -0.7 1.212435565298214 3.5
      vertex -0.7 1.212435565298214 10.133333333333335
    endloop
  endfacet
  facet normal 0.42261826174069955 -0.9063077870366499 0
    outer loop
      vertex -0.7 1.212435565298214 3.5
      vertex -0.4788282006559362 1.3155696691002716 3.5
      vertex -0.4788282006559362 1.3155696691002716 10.133333333333335
    endloop
  endfacet
  facet normal 0.25881904510252035 -0.9659258262890683 0
    outer loop
      vertex -0.4788282006559362 1.3155696691002716 3.5
      vertex -0.24310744873370244 1.378730854217091 3.5
      vertex -0.24310744873370244 1.378730854217091 10.133333333333335
    endloop
  endfacet
  facet normal 0.08715574274765868 -0.9961946980917454 0
    outer loop
      vertex -0.24310744873370244 1.378730854217091 3.5
      vertex 0 1.4 3.5
      vertex 0 1.4 10.133333333333335
    endloop
  endfacet
  facet normal 0.9961946980917454 -0.08715574274765868 0
    outer loop
      vertex -1.4 0 3.5
      vertex -1.378730854217091 0.24310744873370244 10.133333333333335
      vertex -1.4 0 10.133333333333335
    endloop
  endfacet
  facet normal 0.9659258262890683 -0.25881904510252035 0
    outer loop
      vertex -1.378730854217091 0.24310744873370244 3.5
      vertex -1.3155696691002716 0.4788282006559362 10.133333333333335
      vertex -1.378730854217091 0.24310744873370244 10.133333333333335
    endloop
  endfacet
  facet normal 0.9063077870366499 -0.42261826174069955 0
    outer loop
      vertex -1.3155696691002716 0.4788282006559362 3.5
      vertex -1.212435565298214 0.7 10.133333333333335
      vertex -1.3155696691002716 0.4788282006559362 10.133333333333335
    endloop
  endfacet
  facet normal 0.8191520442889919 -0.5735764363510462 0
    outer loop
      vertex -1.212435565298214 0.7 3.5
      vertex -1.0724622203665692 0.8999026535611548 10.133333333333335
      vertex -1.212435565298214 0.7 10.133333333333335
    endloop
  endfacet
  facet normal 0.7071067811865476 -0.7071067811865476 0
    outer loop
      vertex -1.0724622203665692 0.8999026535611548 3.5
      vertex -0.8999026535611548 1.0724622203665692 10.133333333333335
      vertex -1.0724622203665692 0.8999026535611548 10.133333333333335
    endloop
  endfacet
  facet normal 0.5735764363510462 -0.8191520442889919 0
    outer loop
      vertex -0.8999026535611548 1.0724622203665692 3.5
      vertex -0.7 1.212435565298214 10.133333333333335
      vertex -0.8999026535611548 1.0724622203665692 10.133333333333335
    endloop
  endfacet
  facet normal 0.42261826174069955 -0.9063077870366499 0
    outer loop
      vertex -0.7 1.212435565298214 3.5
      vertex -0.4788282006559362 1.3155696691002716 10.133333333333335
      vertex -0.7 1.212435565298214 10.133333333333335
    endloop
  endfacet
  facet normal 0.25881904510252035 -0.9659258262890683 0
    outer loop
      vertex -0.4788282006559362 1.3155696691002716 3.5
      vertex -0.24310744873370244 1.378730854217091 10.133333333333335
      vertex -0.4788282006559362 1.3155696691002716 10.133333333333335
    endloop
  endfacet
  facet normal 0.08715574274765868 -0.9961946980917454 0
    outer loop
      vertex -0.24310744873370244 1.378730854217091 3.5
      vertex 0 1.4 10.133333333333335
      vertex -0.24310744873370244 1.378730854217091 10.133333333333335
    endloop
  endfacet
  facet normal -0.08715574274765868 0.9961946980917454 0
    outer loop
      vertex 0 -1.4 3.5
      vertex 0 -1.4 10.133333333333335
      vertex 0.24310744873370244 -1.378730854217091 3.5
    endloop
  endfacet
  facet normal -0.25881904510252035 0.9659258262890683 0
    outer loop
      vertex 0.24310744873370244 -1.378730854217091 3.5
      vertex 0.24310744873370244 -1.378730854217091 10.133333333333335
      vertex 0.4788282006559362 -1.3155696691002716 3.5
    endloop
  endfacet
  facet normal -0.42261826174069955 0.9063077870366499 0
    outer loop
      vertex 0.4788282006559362 -1.3155696691002716 3.5
      vertex 0.4788282006559362 -1.3155696691002716 10.133333333333335
      vertex 0.7 -1.212435565298214 3.5
    endloop
  endfacet
  facet normal -0.5735764363510462 0.8191520442889919 0
    outer loop
      vertex 0.7 -1.212435565298214 3.5
      vertex 0.7 -1.212435565298214 10.133333333333335
      vertex 0.8999026535611548 -1.0724622203665692 3.5
    endloop
  endfacet
  facet normal -0.7071067811865476 0.7071067811865476 0
    outer loop
      vertex 0.8999026535611548 -1.0724622203665692 3.5
      vertex 0.8999026535611548 -1.0724622203665692 10.133333333333335
      vertex 1.0724622203665692 -0.8999026535611548 3.5
    endloop
  endfacet
  facet normal -0.8191520442889919 0.5735764363510462 0
    outer loop
      vertex 1.0724622203665692 -0.8999026535611548 3.5
      vertex 1.0724622203665692 -0.8999026535611548 10.133333333333335
      vertex 1.212435565298214 -0.7 3.5
    endloop
  endfacet
  facet normal -0.9063077870366499 0.42261826174069955 0
    outer loop
      vertex 1.212435565298214 -0.7 3.5
      vertex 1.212435565298214 -0.7 10.133333333333335
      vertex 1.3155696691002716 -0.4788282006559362 3.5
    endloop
  endfacet
  facet normal -0.9659258262890683 0.25881904510252035 0
    outer loop
      vertex 1.3155696691002716 -0.4788282006559362 3.5
      vertex 1.3155696691002716 -0.4788282006559362 10.133333333333335
      vertex 1.378730854217091 -0.24310744873370244 3.5
    endloop
  endfacet
  facet normal -0.9961946980917454 0.08715574274765868 0
    outer loop
      vertex 1.378730854217091 -0.24310744873370244 3.5
      vertex 1.378730854217091 -0.24310744873370244 10.133333333333335
      vertex 1.4 0 3.5
    endloop
  endfacet
  facet normal -0.08715574274765868 0.9961946980917454 0
    outer loop
      vertex 0.24310744873370244 -1.378730854217091 3.5
      vertex 0 -1.4 10.133333333333335
      vertex 0.24310744873370244 -1.378730854217091 10.133333333333335
    endloop
  endfacet
  facet normal -0.25881904510252035 0.9659258262890683 0
    outer loop
      vertex 0.4788282006559362 -1.3155696691002716 3.5
      vertex 0.24310744873370244 -1.378730854217091 10.133333333333335
      vertex 0.4788282006559362 -1.3155696691002716 10.133333333333335
    endloop
  endfacet
  facet normal -0.42261826174069955 0.9063077870366499 0
    outer loop
      vertex 0.7 -1.212435565298214 3.5
      vertex 0.4788282006559362 -1.3155696691002716 10.133333333333335
      vertex 0.7 -1.212435565298214 10.133333333333335
    endloop
  endfacet
  facet normal -0.5735764363510462 0.8191520442889919 0
    outer loop
      vertex 0.8999026535611548 -1.0724622203665692 3.5
      vertex 0.7 -1.212435565298214 10.133333333333335
      vertex 0.8999026535611548 -1.0724622203665692 10.133333333333335
    endloop
  endfacet
  facet normal -0.7071067811865476 0.7071067811865476 0
    outer loop
      vertex 1.0724622203665692 -0.8999026535611548 3.5
      vertex 0.8999026535611548 -1.0724622203665692 10.133333333333335
      vertex 1.0724622203665692 -0.8999026535611548 10.133333333333335
    endloop
  endfacet
  facet normal -0.8191520442889919 0.5735764363510462 0
    outer loop
      vertex 1.212435565298214 -0.7 3.5
      vertex 1.0724622203665692 -0.8999026535611548 10.133333333333335
      vertex 1.212435565298214 -0.7 10.133333333333335
    endloop
  endfacet
  facet normal -0.9063077870366499 0.42261826174069955 0
    outer loop
      vertex 1.3155696691002716 -0.4788282006559362 3.5
      vertex 1.212435565298214 -0.7 10.133333333333335
      vertex 1.3155696691002716 -0.4788282006559362 10.133333333333335
    endloop
  endfacet
  facet normal -0.9659258262890683 0.25881904510252035 0
    outer loop
      vertex 1.378730854217091 -0.24310744873370244 3.5
      vertex 1.3155696691002716 -0.4788282006559362 10.133333333333335
      vertex 1.378730854217091 -0.24310744873370244 10.133333333333335
    endloop
  endfacet
  facet normal -0.9961946980917454 0.08715574274765868 0
    outer loop
      vertex 1.4 0 3.5
      vertex 1.378730854217091 -0.24310744873370244 10.133333333333335
      vertex 1.4 0 10.133333333333335
    endloop
  endfacet
  facet normal -0.9063077870366499 -0.42261826174069955 0
    outer loop
      vertex 1.3155696691002716 0.4788282006559362 3.5
      vertex 1.3155696691002716 0.4788282006559362 10.133333333333335
      vertex 1.212435565298214 0.7 3.5
    endloop
  endfacet
  facet normal -0.8191520442889919 -0.5735764363510462 0
    outer loop
      vertex 1.212435565298214 0.7 3.5
      vertex 1.212435565298214 0.7 10.133333333333335
      vertex 1.0724622203665692 0.8999026535611548 3.5
    endloop
  endfacet
  facet normal -0.08715574274765868 -0.9961946980917454 0
    outer loop
      vertex 0 1.4 3.5
      vertex 0.24310744873370244 1.378730854217091 3.5
      vertex 0.24310744873370244 1.378730854217091 10.133333333333335
    endloop
  endfacet
  facet normal -0.25881904510252035 -0.9659258262890683 0
    outer loop
      vertex 0.24310744873370244 1.378730854217091 3.5
      vertex 0.4788282006559362 1.3155696691002716 3.5
      vertex 0.4788282006559362 1.3155696691002716 10.133333333333335
    endloop
  endfacet
  facet normal -0.42261826174069955 -0.9063077870366499 0
    outer loop
      vertex 0.4788282006559362 1.3155696691002716 3.5
      vertex 0.7 1.212435565298214 3.5
      vertex 0.7 1.212435565298214 10.133333333333335
    endloop
  endfacet
  facet normal -0.5735764363510462 -0.8191520442889919 0
    outer loop
      vertex 0.7 1.212435565298214 3.5
      vertex 0.8999026535611548 1.0724622203665692 3.5
      vertex 0.8999026535611548 1.0724622203665692 10.133333333333335
    endloop
  endfacet
  facet normal -0.7071067811865476 -0.7071067811865476 0
    outer loop
      vertex 0.8999026535611548 1.0724622203665692 3.5
      vertex 1.0724622203665692 0.8999026535611548 3.5
      vertex 1.0724622203665692 0.8999026535611548 10.133333333333335
    endloop
  endfacet
  facet normal -0.9961946980917454 -0.08715574274765868 0
    outer loop
      vertex 1.4 0 3.5
      vertex 1.4 0 10.133333333333335
      vertex 1.378730854217091 0.24310744873370244 3.5
    endloop
  endfacet
  facet normal -0.9659258262890683 -0.25881904510252035 0
    outer loop
      vertex 1.378730854217091 0.24310744873370244 3.5
      vertex 1.378730854217091 0.24310744873370244 10.133333333333335
      vertex 1.3155696691002716 0.4788282006559362 3.5
    endloop
  endfacet
  facet normal -0.9063077870366499 -0.42261826174069955 0
    outer loop
      vertex 1.212435565298214 0.7 3.5
      vertex 1.3155696691002716 0.4788282006559362 10.133333333333335
      vertex 1.212435565298214 0.7 10.133333333333335
    endloop
  endfacet
  facet normal -0.8191520442889919 -0.5735764363510462 0
    outer loop
      vertex 1.0724622203665692 0.8999026535611548 3.5
      vertex 1.212435565298214 0.7 10.133333333333335
      vertex 1.0724622203665692 0.8999026535611548 10.133333333333335
    endloop
  endfacet
  facet normal -0.08715574274765868 -0.9961946980917454 0
    outer loop
      vertex 0 1.4 3.5
      vertex 0.24310744873370244 1.378730854217091 10.133333333333335
      vertex 0 1.4 10.133333333333335
    endloop
  endfacet
  facet normal -0.25881904510252035 -0.9659258262890683 0
    outer loop
      vertex 0.24310744873370244 1.378730854217091 3.5
      vertex 0.4788282006559362 1.3155696691002716 10.133333333333335
      vertex 0.24310744873370244 1.378730854217091 10.133333333333335
    endloop
  endfacet
  facet normal -0.42261826174069955 -0.9063077870366499 0
    outer loop
      vertex 0.4788282006559362 1.3155696691002716 3.5
      vertex 0.7 1.212435565298214 10.133333333333335
      vertex 0.4788282006559362 1.3155696691002716 10.133333333333335
    endloop
  endfacet
  facet normal -0.5735764363510462 -0.8191520442889919 0
    outer loop
      vertex 0.7 1.212435565298214 3.5
      vertex 0.8999026535611548 1.0724622203665692 10.133333333333335
      vertex 0.7 1.212435565298214 10.133333333333335
    endloop
  endfacet
  facet normal -0.7071067811865476 -0.7071067811865476 0
    outer loop
      vertex 0.8999026535611548 1.0724622203665692 3.5
      vertex 1.0724622203665692 0.8999026535611548 10.133333333333335
      vertex 0.8999026535611548 1.0724622203665692 10.133333333333335
    endloop
  endfacet
  facet normal -0.9961946980917454 -0.08715574274765868 0
    outer loop
      vertex 1.378730854217091 0.24310744873370244 3.5
      vertex 1.4 0 10.133333333333335
      vertex 1.378730854217091 0.24310744873370244 10.133333333333335
    endloop
  endfacet
  facet normal -0.9659258262890683 -0.25881904510252035 0
    outer loop
      vertex 1.3155696691002716 0.4788282006559362 3.5
      vertex 1.378730854217091 0.24310744873370244 10.133333333333335
      vertex 1.3155696691002716 0.4788282006559362 10.133333333333335
    endloop
  endfacet
  facet normal 0.8854560256532096 0.46472317204376906 0
    outer loop
      vertex -1.4259681376711775 -0.607548245283116 3.5
      vertex -1.3100446325928814 -0.8284220304980918 0
      vertex -1.4259681376711775 -0.607548245283116 0
    endloop
  endfacet
  facet normal 0.9485364419471457 0.31666799380147187 0
    outer loop
      vertex -1.5049598170103804 -0.37093927964571427 3.5
      vertex -1.4259681376711775 -0.607548245283116 0
      vertex -1.5049598170103804 -0.37093927964571427 0
    endloop
  endfacet
  facet normal 0.9870502626379127 0.1604112808577609 0
    outer loop
      vertex -1.5449738276080254 -0.12472318151092505 3.5
      vertex -1.5049598170103804 -0.37093927964571427 0
      vertex -1.5449738276080254 -0.12472318151092505 0
    endloop
  endfacet
  facet normal 0.6927243535095995 0.7212024473438144 0
    outer loop
      vertex -1.1601916596652064 -1.0278401202732326 3.5
      vertex -0.9802903321728345 -1.2006376908328646 0
      vertex -1.1601916596652064 -1.0278401202732326 0
    endloop
  endfacet
  facet normal 0.5680647467311555 0.8229838658936567 0
    outer loop
      vertex -0.9802903321728345 -1.2006376908328646 3.5
      vertex -0.7749999999999999 -1.3423393758658797 0
      vertex -0.9802903321728345 -1.2006376908328646 0
    endloop
  endfacet
  facet normal 0.42869256140305434 0.9034504346103822 0
    outer loop
      vertex -0.7749999999999999 -1.3423393758658797 3.5
      vertex -0.5496375749159302 -1.4492751761623928 0
      vertex -0.7749999999999999 -1.3423393758658797 0
    endloop
  endfacet
  facet normal 0.27821746391645297 0.9605181116313721 0
    outer loop
      vertex -0.5496375749159302 -1.4492751761623928 3.5
      vertex -0.31003982535286906 -1.5186755106655148 0
      vertex -0.5496375749159302 -1.4492751761623928 0
    endloop
  endfacet
  facet normal 0.12053668025532263 0.9927088740980541 0
    outer loop
      vertex -0.31003982535286906 -1.5186755106655148 3.5
      vertex -0.06241220716959381 -1.5487429471659326 0
      vertex -0.31003982535286906 -1.5186755106655148 0
    endloop
  endfacet
  facet normal 0.7994427634035014 0.6007422642379787 0
    outer loop
      vertex -1.3100446325928814 -0.8284220304980918 3.5
      vertex -1.1601916596652064 -1.0278401202732326 0
      vertex -1.3100446325928814 -0.8284220304980918 0
    endloop
  endfacet
  facet normal 0.8854560256532096 0.46472317204376906 0
    outer loop
      vertex -1.3100446325928814 -0.8284220304980918 3.5
      vertex -1.3100446325928814 -0.8284220304980918 0
      vertex -1.4259681376711775 -0.607548245283116 3.5
    endloop
  endfacet
  facet normal 0.9485364419471457 0.31666799380147187 0
    outer loop
      vertex -1.4259681376711775 -0.607548245283116 3.5
      vertex -1.4259681376711775 -0.607548245283116 0
      vertex -1.5049598170103804 -0.37093927964571427 3.5
    endloop
  endfacet
  facet normal 0.9870502626379127 0.1604112808577609 0
    outer loop
      vertex -1.5049598170103804 -0.37093927964571427 3.5
      vertex -1.5049598170103804 -0.37093927964571427 0
      vertex -1.5449738276080254 -0.12472318151092505 3.5
    endloop
  endfacet
  facet normal 1 0 0
    outer loop
      vertex -1.5449738276080254 -0.12472318151092505 3.5
      vertex -1.5449738276080254 -0.12472318151092505 0
      vertex -1.5449738276080254 0.12472318151092505 3.5
    endloop
  endfacet
  facet normal 0 0 -1
    outer loop
      vertex -1.3100446325928814 -0.8284220304980918 3.5
      vertex -1.4259681376711775 -0.607548245283116 3.5
      vertex -1.378730854217091 -0.24310744873370244 3.5
    endloop
  endfacet
  facet normal 0 0 -1
    outer loop
      vertex -1.3100446325928814 -0.8284220304980918 3.5
      vertex -1.378730854217091 -0.24310744873370244 3.5
      vertex -1.3155696691002716 -0.4788282006559362 3.5
    endloop
  endfacet
  facet normal 0 0 -1
    outer loop
      vertex -1.4259681376711775 -0.607548245283116 3.5
      vertex -1.4 0 3.5
      vertex -1.378730854217091 -0.24310744873370244 3.5
    endloop
  endfacet
  facet normal 0 0 -1
    outer loop
      vertex -1.4259681376711775 -0.607548245283116 3.5
      vertex -1.5049598170103804 -0.37093927964571427 3.5
      vertex -1.5049598170103804 0.37093927964571427 3.5
    endloop
  endfacet
  facet normal 0 0 -1
    outer loop
      vertex -1.5049598170103804 -0.37093927964571427 3.5
      vertex -1.5449738276080254 -0.12472318151092505 3.5
      vertex -1.5449738276080254 0.12472318151092505 3.5
    endloop
  endfacet
  facet normal 0.7994427634035014 0.6007422642379787 0
    outer loop
      vertex -1.1601916596652064 -1.0278401202732326 3.5
      vertex -1.1601916596652064 -1.0278401202732326 0
      vertex -1.3100446325928814 -0.8284220304980918 3.5
    endloop
  endfacet
  facet normal 0.6927243535095995 0.7212024473438144 0
    outer loop
      vertex -1.1601916596652064 -1.0278401202732326 3.5
      vertex -0.9802903321728345 -1.2006376908328646 3.5
      vertex -0.9802903321728345 -1.2006376908328646 0
    endloop
  endfacet
  facet normal 0.5680647467311555 0.8229838658936567 0
    outer loop
      vertex -0.9802903321728345 -1.2006376908328646 3.5
      vertex -0.7749999999999999 -1.3423393758658797 3.5
      vertex -0.7749999999999999 -1.3423393758658797 0
    endloop
  endfacet
  facet normal 0.27821746391645297 0.9605181116313721 0
    outer loop
      vertex -0.5496375749159302 -1.4492751761623928 3.5
      vertex -0.31003982535286906 -1.5186755106655148 3.5
      vertex -0.31003982535286906 -1.5186755106655148 0
    endloop
  endfacet
  facet normal 0.12053668025532263 0.9927088740980541 0
    outer loop
      vertex -0.31003982535286906 -1.5186755106655148 3.5
      vertex -0.06241220716959381 -1.5487429471659326 3.5
      vertex -0.06241220716959381 -1.5487429471659326 0
    endloop
  endfacet
  facet normal 0.42869256140305434 0.9034504346103822 0
    outer loop
      vertex -0.7749999999999999 -1.3423393758658797 3.5
      vertex -0.5496375749159302 -1.4492751761623928 3.5
      vertex -0.5496375749159302 -1.4492751761623928 0
    endloop
  endfacet
  facet normal 0 0 -1
    outer loop
      vertex -1.1601916596652064 -1.0278401202732326 3.5
      vertex -1.0724622203665692 -0.8999026535611548 3.5
      vertex -0.9802903321728345 -1.2006376908328646 3.5
    endloop
  endfacet
  facet normal 0 0 -1
    outer loop
      vertex -0.9802903321728345 -1.2006376908328646 3.5
      vertex -0.8999026535611548 -1.0724622203665692 3.5
      vertex -0.7749999999999999 -1.3423393758658797 3.5
    endloop
  endfacet
  facet normal 0 0 -1
    outer loop
      vertex -0.7749999999999999 -1.3423393758658797 3.5
      vertex -0.7 -1.212435565298214 3.5
      vertex -0.5496375749159302 -1.4492751761623928 3.5
    endloop
  endfacet
  facet normal 0 0 -1
    outer loop
      vertex -0.7749999999999999 -1.3423393758658797 3.5
      vertex -0.8999026535611548 -1.0724622203665692 3.5
      vertex -0.7 -1.212435565298214 3.5
    endloop
  endfacet
  facet normal 0 0 -1
    outer loop
      vertex -0.9802903321728345 -1.2006376908328646 3.5
      vertex -1.0724622203665692 -0.8999026535611548 3.5
      vertex -0.8999026535611548 -1.0724622203665692 3.5
    endloop
  endfacet
  facet normal 0 0 -1
    outer loop
      vertex -0.5496375749159302 -1.4492751761623928 3.5
      vertex -0.4788282006559362 -1.3155696691002716 3.5
      vertex -0.31003982535286906 -1.5186755106655148 3.5
    endloop
  endfacet
  facet normal 0 0 -1
    outer loop
      vertex -0.31003982535286906 -1.5186755106655148 3.5
      vertex -0.24310744873370244 -1.378730854217091 3.5
      vertex -0.06241220716959381 -1.5487429471659326 3.5
    endloop
  endfacet
  facet normal 0 0 -1
    outer loop
      vertex -0.24310744873370244 -1.378730854217091 3.5
      vertex 0 -1.4 3.5
      vertex -0.06241220716959381 -1.5487429471659326 3.5
    endloop
  endfacet
  facet normal 0 0 -1
    outer loop
      vertex -0.7 -1.212435565298214 3.5
      vertex -0.4788282006559362 -1.3155696691002716 3.5
      vertex -0.5496375749159302 -1.4492751761623928 3.5
    endloop
  endfacet
  facet normal 0 0 -1
    outer loop
      vertex -0.4788282006559362 -1.3155696691002716 3.5
      vertex -0.24310744873370244 -1.378730854217091 3.5
      vertex -0.31003982535286906 -1.5186755106655148 3.5
    endloop
  endfacet
  facet normal 0 0 -1
    outer loop
      vertex -1.1601916596652064 -1.0278401202732326 3.5
      vertex -1.3100446325928814 -0.8284220304980918 3.5
      vertex -1.212435565298214 -0.7 3.5
    endloop
  endfacet
  facet normal 0 0 -1
    outer loop
      vertex -1.1601916596652064 -1.0278401202732326 3.5
      vertex -1.212435565298214 -0.7 3.5
      vertex -1.0724622203665692 -0.8999026535611548 3.5
    endloop
  endfacet
  facet normal 0 0 -1
    outer loop
      vertex -1.3100446325928814 -0.8284220304980918 3.5
      vertex -1.3155696691002716 -0.4788282006559362 3.5
      vertex -1.212435565298214 -0.7 3.5
    endloop
  endfacet
  facet normal 1 0 0
    outer loop
      vertex -1.5449738276080254 0.12472318151092505 3.5
      vertex -1.5449738276080254 -0.12472318151092505 0
      vertex -1.5449738276080254 0.12472318151092505 0
    endloop
  endfacet
  facet normal 0.9870502626379127 -0.1604112808577609 0
    outer loop
      vertex -1.5049598170103804 0.37093927964571427 3.5
      vertex -1.5449738276080254 0.12472318151092505 0
      vertex -1.5049598170103804 0.37093927964571427 0
    endloop
  endfacet
  facet normal 0.9485364419471457 -0.31666799380147187 0
    outer loop
      vertex -1.4259681376711775 0.607548245283116 3.5
      vertex -1.5049598170103804 0.37093927964571427 0
      vertex -1.4259681376711775 0.607548245283116 0
    endloop
  endfacet
  facet normal 0.8854560256532096 -0.46472317204376906 0
    outer loop
      vertex -1.3100446325928814 0.8284220304980918 3.5
      vertex -1.4259681376711775 0.607548245283116 0
      vertex -1.3100446325928814 0.8284220304980918 0
    endloop
  endfacet
  facet normal 0.7994427634035014 -0.6007422642379787 0
    outer loop
      vertex -1.1601916596652064 1.0278401202732326 3.5
      vertex -1.3100446325928814 0.8284220304980918 0
      vertex -1.1601916596652064 1.0278401202732326 0
    endloop
  endfacet
  facet normal 0.6927243535095995 -0.7212024473438144 0
    outer loop
      vertex -0.9802903321728345 1.2006376908328646 3.5
      vertex -1.1601916596652064 1.0278401202732326 0
      vertex -0.9802903321728345 1.2006376908328646 0
    endloop
  endfacet
  facet normal 0.5680647467311555 -0.8229838658936567 0
    outer loop
      vertex -0.7749999999999999 1.3423393758658797 3.5
      vertex -0.9802903321728345 1.2006376908328646 0
      vertex -0.7749999999999999 1.3423393758658797 0
    endloop
  endfacet
  facet normal 0.42869256140305434 -0.9034504346103822 0
    outer loop
      vertex -0.5496375749159302 1.4492751761623928 3.5
      vertex -0.7749999999999999 1.3423393758658797 0
      vertex -0.5496375749159302 1.4492751761623928 0
    endloop
  endfacet
  facet normal 0.2782174639164526 -0.9605181116313722 0
    outer loop
      vertex -0.3100398253528687 1.5186755106655148 3.5
      vertex -0.5496375749159302 1.4492751761623928 0
      vertex -0.3100398253528687 1.5186755106655148 0
    endloop
  endfacet
  facet normal 0.12053668025532262 -0.9927088740980541 0
    outer loop
      vertex -0.062412207169593434 1.5487429471659326 3.5
      vertex -0.3100398253528687 1.5186755106655148 0
      vertex -0.062412207169593434 1.5487429471659326 0
    endloop
  endfacet
  facet normal 0.9870502626379127 -0.1604112808577609 0
    outer loop
      vertex -1.5449738276080254 0.12472318151092505 3.5
      vertex -1.5449738276080254 0.12472318151092505 0
      vertex -1.5049598170103804 0.37093927964571427 3.5
    endloop
  endfacet
  facet normal 0.9485364419471457 -0.31666799380147187 0
    outer loop
      vertex -1.5049598170103804 0.37093927964571427 3.5
      vertex -1.5049598170103804 0.37093927964571427 0
      vertex -1.4259681376711775 0.607548245283116 3.5
    endloop
  endfacet
  facet normal 0.8854560256532096 -0.46472317204376906 0
    outer loop
      vertex -1.4259681376711775 0.607548245283116 3.5
      vertex -1.4259681376711775 0.607548245283116 0
      vertex -1.3100446325928814 0.8284220304980918 3.5
    endloop
  endfacet
  facet normal 0 0 -1
    outer loop
      vertex -1.5049598170103804 -0.37093927964571427 3.5
      vertex -1.5449738276080254 0.12472318151092505 3.5
      vertex -1.5049598170103804 0.37093927964571427 3.5
    endloop
  endfacet
  facet normal 0 0 -1
    outer loop
      vertex -1.4259681376711775 -0.607548245283116 3.5
      vertex -1.4259681376711775 0.607548245283116 3.5
      vertex -1.4 0 3.5
    endloop
  endfacet
  facet normal 0 0 -1
    outer loop
      vertex -1.4259681376711775 -0.607548245283116 3.5
      vertex -1.5049598170103804 0.37093927964571427 3.5
      vertex -1.4259681376711775 0.607548245283116 3.5
    endloop
  endfacet
  facet normal 0 0 -1
    outer loop
      vertex -1.4 0 3.5
      vertex -1.4259681376711775 0.607548245283116 3.5
      vertex -1.378730854217091 0.24310744873370244 3.5
    endloop
  endfacet
  facet normal 0 0 -1
    outer loop
      vertex -1.378730854217091 0.24310744873370244 3.5
      vertex -1.4259681376711775 0.607548245283116 3.5
      vertex -1.3155696691002716 0.4788282006559362 3.5
    endloop
  endfacet
  facet normal 0 0 -1
    outer loop
      vertex -1.4259681376711775 0.607548245283116 3.5
      vertex -1.212435565298214 0.7 3.5
      vertex -1.3155696691002716 0.4788282006559362 3.5
    endloop
  endfacet
  facet normal 0 0 -1
    outer loop
      vertex -1.4259681376711775 0.607548245283116 3.5
      vertex -1.3100446325928814 0.8284220304980918 3.5
      vertex -1.212435565298214 0.7 3.5
    endloop
  endfacet
  facet normal 0.7994427634035014 -0.6007422642379787 0
    outer loop
      vertex -1.3100446325928814 0.8284220304980918 3.5
      vertex -1.3100446325928814 0.8284220304980918 0
      vertex -1.1601916596652064 1.0278401202732326 3.5
    endloop
  endfacet
  facet normal 0 0 -1
    outer loop
      vertex -1.212435565298214 0.7 3.5
      vertex -1.3100446325928814 0.8284220304980918 3.5
      vertex -1.0724622203665692 0.8999026535611548 3.5
    endloop
  endfacet
  facet normal 0 0 -1
    outer loop
      vertex -1.3100446325928814 0.8284220304980918 3.5
      vertex -1.1601916596652064 1.0278401202732326 3.5
      vertex -1.0724622203665692 0.8999026535611548 3.5
    endloop
  endfacet
  facet normal 0.6927243535095995 -0.7212024473438144 0
    outer loop
      vertex -1.1601916596652064 1.0278401202732326 3.5
      vertex -1.1601916596652064 1.0278401202732326 0
      vertex -0.9802903321728345 1.2006376908328646 3.5
    endloop
  endfacet
  facet normal 0.5680647467311555 -0.8229838658936567 0
    outer loop
      vertex -0.9802903321728345 1.2006376908328646 3.5
      vertex -0.9802903321728345 1.2006376908328646 0
      vertex -0.7749999999999999 1.3423393758658797 3.5
    endloop
  endfacet
  facet normal 0.42869256140305434 -0.9034504346103822 0
    outer loop
      vertex -0.7749999999999999 1.3423393758658797 3.5
      vertex -0.7749999999999999 1.3423393758658797 0
      vertex -0.5496375749159302 1.4492751761623928 3.5
    endloop
  endfacet
  facet normal 0.2782174639164526 -0.9605181116313722 0
    outer loop
      vertex -0.5496375749159302 1.4492751761623928 3.5
      vertex -0.5496375749159302 1.4492751761623928 0
      vertex -0.3100398253528687 1.5186755106655148 3.5
    endloop
  endfacet
  facet normal 0.12053668025532262 -0.9927088740980541 0
    outer loop
      vertex -0.3100398253528687 1.5186755106655148 3.5
      vertex -0.3100398253528687 1.5186755106655148 0
      vertex -0.062412207169593434 1.5487429471659326 3.5
    endloop
  endfacet
  facet normal 0 0 -1
    outer loop
      vertex -1.1601916596652064 1.0278401202732326 3.5
      vertex -0.8999026535611548 1.0724622203665692 3.5
      vertex -1.0724622203665692 0.8999026535611548 3.5
    endloop
  endfacet
  facet normal 0 0 -1
    outer loop
      vertex -1.1601916596652064 1.0278401202732326 3.5
      vertex -0.9802903321728345 1.2006376908328646 3.5
      vertex -0.8999026535611548 1.0724622203665692 3.5
    endloop
  endfacet
  facet normal 0 0 -1
    outer loop
      vertex -0.8999026535611548 1.0724622203665692 3.5
      vertex -0.9802903321728345 1.2006376908328646 3.5
      vertex -0.7 1.212435565298214 3.5
    endloop
  endfacet
  facet normal 0 0 -1
    outer loop
      vertex -0.9802903321728345 1.2006376908328646 3.5
      vertex -0.7749999999999999 1.3423393758658797 3.5
      vertex -0.7 1.212435565298214 3.5
    endloop
  endfacet
  facet normal 0 0 -1
    outer loop
      vertex -0.7749999999999999 1.3423393758658797 3.5
      vertex -0.4788282006559362 1.3155696691002716 3.5
      vertex -0.7 1.212435565298214 3.5
    endloop
  endfacet
  facet normal 0 0 -1
    outer loop
      vertex -0.7749999999999999 1.3423393758658797 3.5
      vertex -0.5496375749159302 1.4492751761623928 3.5
      vertex -0.4788282006559362 1.3155696691002716 3.5
    endloop
  endfacet
  facet normal 0 0 -1
    outer loop
      vertex -0.4788282006559362 1.3155696691002716 3.5
      vertex -0.5496375749159302 1.4492751761623928 3.5
      vertex -0.24310744873370244 1.378730854217091 3.5
    endloop
  endfacet
  facet normal 0 0 -1
    outer loop
      vertex -0.5496375749159302 1.4492751761623928 3.5
      vertex -0.3100398253528687 1.5186755106655148 3.5
      vertex -0.24310744873370244 1.378730854217091 3.5
    endloop
  endfacet
  facet normal 0 0 -1
    outer loop
      vertex -0.3100398253528687 1.5186755106655148 3.5
      vertex -0.062412207169593434 1.5487429471659326 3.5
      vertex -0.24310744873370244 1.378730854217091 3.5
    endloop
  endfacet
  facet normal 0 0 -1
    outer loop
      vertex -0.24310744873370244 1.378730854217091 3.5
      vertex -0.062412207169593434 1.5487429471659326 3.5
      vertex 0 1.4 3.5
    endloop
  endfacet
  facet normal -0.04026594010941388 0.9991889981715697 0
    outer loop
      vertex -0.06241220716959381 -1.5487429471659326 3.5
      vertex 0.18683185439575026 -1.5386987548519837 0
      vertex -0.06241220716959381 -1.5487429471659326 0
    endloop
  endfacet
  facet normal -0.20002569377604396 0.9797906520422678 0
    outer loop
      vertex 0.18683185439575026 -1.5386987548519837 3.5
      vertex 0.4312370690705009 -1.4888030730286272 0
      vertex 0.18683185439575026 -1.5386987548519837 0
    endloop
  endfacet
  facet normal -0.3546048870425363 0.9350162426854146 0
    outer loop
      vertex 0.4312370690705009 -1.4888030730286272 3.5
      vertex 0.6644734701747332 -1.4003481736460925 0
      vertex 0.4312370690705009 -1.4888030730286272 0
    endloop
  endfacet
  facet normal -0.49999999999999994 0.8660254037844387 0
    outer loop
      vertex 0.6644734701747332 -1.4003481736460925 3.5
      vertex 0.8805003574332919 -1.2756249921351668 0
      vertex 0.6644734701747332 -1.4003481736460925 0
    endloop
  endfacet
  facet normal -0.6324453755953774 0.7746049618276545 0
    outer loop
      vertex 0.8805003574332919 -1.2756249921351668 3.5
      vertex 1.0737227479398794 -1.1178637933829119 0
      vertex 0.8805003574332919 -1.2756249921351668 0
    endloop
  endfacet
  facet normal -0.7485107481711012 0.6631226582407952 0
    outer loop
      vertex 1.0737227479398794 -1.1178637933829119 3.5
      vertex 1.239136283275427 -0.9311505095688669 0
      vertex 1.0737227479398794 -1.1178637933829119 0
    endloop
  endfacet
  facet normal -0.8451900855437947 0.5344658261278009 0
    outer loop
      vertex 1.239136283275427 -0.9311505095688669 3.5
      vertex 1.3724568397624755 -0.7203209166678408 0
      vertex 1.239136283275427 -0.9311505095688669 0
    endloop
  endfacet
  facet normal -0.9199794436588243 0.39196660986007487 0
    outer loop
      vertex 1.3724568397624755 -0.7203209166678408 3.5
      vertex 1.4702314850180755 -0.49083539039228213 0
      vertex 1.3724568397624755 -0.7203209166678408 0
    endloop
  endfacet
  facet normal -0.9709418174260522 0.23931566428755746 0
    outer loop
      vertex 1.4702314850180755 -0.49083539039228213 3.5
      vertex 1.5299279070887648 -0.24863748532952826 0
      vertex 1.4702314850180755 -0.49083539039228213 0
    endloop
  endfacet
  facet normal -0.99675730813421 0.08046656871672575 0
    outer loop
      vertex 1.5299279070887648 -0.24863748532952826 3.5
      vertex 1.5499999999999998 0 0
      vertex 1.5299279070887648 -0.24863748532952826 0
    endloop
  endfacet
  facet normal -0.04026594010941388 0.9991889981715697 0
    outer loop
      vertex -0.06241220716959381 -1.5487429471659326 3.5
      vertex 0.18683185439575026 -1.5386987548519837 3.5
      vertex 0.18683185439575026 -1.5386987548519837 0
    endloop
  endfacet
  facet normal -0.20002569377604396 0.9797906520422678 0
    outer loop
      vertex 0.18683185439575026 -1.5386987548519837 3.5
      vertex 0.4312370690705009 -1.4888030730286272 3.5
      vertex 0.4312370690705009 -1.4888030730286272 0
    endloop
  endfacet
  facet normal -0.3546048870425363 0.9350162426854146 0
    outer loop
      vertex 0.4312370690705009 -1.4888030730286272 3.5
      vertex 0.6644734701747332 -1.4003481736460925 3.5
      vertex 0.6644734701747332 -1.4003481736460925 0
    endloop
  endfacet
  facet normal -0.49999999999999994 0.8660254037844387 0
    outer loop
      vertex 0.6644734701747332 -1.4003481736460925 3.5
      vertex 0.8805003574332919 -1.2756249921351668 3.5
      vertex 0.8805003574332919 -1.2756249921351668 0
    endloop
  endfacet
  facet normal -0.6324453755953774 0.7746049618276545 0
    outer loop
      vertex 0.8805003574332919 -1.2756249921351668 3.5
      vertex 1.0737227479398794 -1.1178637933829119 3.5
      vertex 1.0737227479398794 -1.1178637933829119 0
    endloop
  endfacet
  facet normal -0.7485107481711012 0.6631226582407952 0
    outer loop
      vertex 1.0737227479398794 -1.1178637933829119 3.5
      vertex 1.239136283275427 -0.9311505095688669 3.5
      vertex 1.239136283275427 -0.9311505095688669 0
    endloop
  endfacet
  facet normal 0 0 -1
    outer loop
      vertex -0.06241220716959381 -1.5487429471659326 3.5
      vertex 0 -1.4 3.5
      vertex 0.18683185439575026 -1.5386987548519837 3.5
    endloop
  endfacet
  facet normal 0 0 -1
    outer loop
      vertex 0 -1.4 3.5
      vertex 0.24310744873370244 -1.378730854217091 3.5
      vertex 0.18683185439575026 -1.5386987548519837 3.5
    endloop
  endfacet
  facet normal 0 0 -1
    outer loop
      vertex 0.18683185439575026 -1.5386987548519837 3.5
      vertex 0.24310744873370244 -1.378730854217091 3.5
      vertex 0.4312370690705009 -1.4888030730286272 3.5
    endloop
  endfacet
  facet normal 0 0 -1
    outer loop
      vertex 0.24310744873370244 -1.378730854217091 3.5
      vertex 0.4788282006559362 -1.3155696691002716 3.5
      vertex 0.4312370690705009 -1.4888030730286272 3.5
    endloop
  endfacet
  facet normal 0 0 -1
    outer loop
      vertex 0.4312370690705009 -1.4888030730286272 3.5
      vertex 0.4788282006559362 -1.3155696691002716 3.5
      vertex 0.6644734701747332 -1.4003481736460925 3.5
    endloop
  endfacet
  facet normal 0 0 -1
    outer loop
      vertex 0.4788282006559362 -1.3155696691002716 3.5
      vertex 0.7 -1.212435565298214 3.5
      vertex 0.6644734701747332 -1.4003481736460925 3.5
    endloop
  endfacet
  facet normal 0 0 -1
    outer loop
      vertex 0.6644734701747332 -1.4003481736460925 3.5
      vertex 0.7 -1.212435565298214 3.5
      vertex 0.8805003574332919 -1.2756249921351668 3.5
    endloop
  endfacet
  facet normal 0 0 -1
    outer loop
      vertex 0.7 -1.212435565298214 3.5
      vertex 0.8999026535611548 -1.0724622203665692 3.5
      vertex 0.8805003574332919 -1.2756249921351668 3.5
    endloop
  endfacet
  facet normal 0 0 -1
    outer loop
      vertex 0.8805003574332919 -1.2756249921351668 3.5
      vertex 0.8999026535611548 -1.0724622203665692 3.5
      vertex 1.0737227479398794 -1.1178637933829119 3.5
    endloop
  endfacet
  facet normal 0 0 -1
    outer loop
      vertex 0.8999026535611548 -1.0724622203665692 3.5
      vertex 1.0724622203665692 -0.8999026535611548 3.5
      vertex 1.0737227479398794 -1.1178637933829119 3.5
    endloop
  endfacet
  facet normal 0 0 -1
    outer loop
      vertex 1.0737227479398794 -1.1178637933829119 3.5
      vertex 1.0724622203665692 -0.8999026535611548 3.5
      vertex 1.239136283275427 -0.9311505095688669 3.5
    endloop
  endfacet
  facet normal 0 0 -1
    outer loop
      vertex 1.0724622203665692 -0.8999026535611548 3.5
      vertex 1.212435565298214 -0.7 3.5
      vertex 1.239136283275427 -0.9311505095688669 3.5
    endloop
  endfacet
  facet normal 0 0 -1
    outer loop
      vertex 1.239136283275427 -0.9311505095688669 3.5
      vertex 1.212435565298214 -0.7 3.5
      vertex 1.3724568397624755 -0.7203209166678408 3.5
    endloop
  endfacet
  facet normal 0 0 -1
    outer loop
      vertex 1.212435565298214 -0.7 3.5
      vertex 1.3155696691002716 -0.4788282006559362 3.5
      vertex 1.3724568397624755 -0.7203209166678408 3.5
    endloop
  endfacet
  facet normal -0.8451900855437947 0.5344658261278009 0
    outer loop
      vertex 1.239136283275427 -0.9311505095688669 3.5
      vertex 1.3724568397624755 -0.7203209166678408 3.5
      vertex 1.3724568397624755 -0.7203209166678408 0
    endloop
  endfacet
  facet normal -0.9199794436588243 0.39196660986007487 0
    outer loop
      vertex 1.3724568397624755 -0.7203209166678408 3.5
      vertex 1.4702314850180755 -0.49083539039228213 3.5
      vertex 1.4702314850180755 -0.49083539039228213 0
    endloop
  endfacet
  facet normal -0.9709418174260522 0.23931566428755746 0
    outer loop
      vertex 1.4702314850180755 -0.49083539039228213 3.5
      vertex 1.5299279070887648 -0.24863748532952826 3.5
      vertex 1.5299279070887648 -0.24863748532952826 0
    endloop
  endfacet
  facet normal -0.99675730813421 0.08046656871672575 0
    outer loop
      vertex 1.5299279070887648 -0.24863748532952826 3.5
      vertex 1.5499999999999998 0 3.5
      vertex 1.5499999999999998 0 0
    endloop
  endfacet
  facet normal 0 0 -1
    outer loop
      vertex 1.3155696691002716 -0.4788282006559362 3.5
      vertex 1.4702314850180755 -0.49083539039228213 3.5
      vertex 1.3724568397624755 -0.7203209166678408 3.5
    endloop
  endfacet
  facet normal 0 0 -1
    outer loop
      vertex 1.3155696691002716 -0.4788282006559362 3.5
      vertex 1.378730854217091 -0.24310744873370244 3.5
      vertex 1.4702314850180755 -0.49083539039228213 3.5
    endloop
  endfacet
  facet normal 0 0 -1
    outer loop
      vertex 1.4702314850180755 -0.49083539039228213 3.5
      vertex 1.378730854217091 -0.24310744873370244 3.5
      vertex 1.4 0 3.5
    endloop
  endfacet
  facet normal 0 0 -1
    outer loop
      vertex 1.4702314850180755 -0.49083539039228213 3.5
      vertex 1.4702314850180753 0.4908353903922823 3.5
      vertex 1.5299279070887648 -0.24863748532952826 3.5
    endloop
  endfacet
  facet normal -0.040265940109414776 -0.9991889981715697 0
    outer loop
      vertex 0.18683185439575062 1.5386987548519835 3.5
      vertex -0.062412207169593434 1.5487429471659326 0
      vertex 0.18683185439575062 1.5386987548519835 0
    endloop
  endfacet
  facet normal -0.20002569377604448 -0.9797906520422677 0
    outer loop
      vertex 0.4312370690705017 1.4888030730286268 3.5
      vertex 0.18683185439575062 1.5386987548519835 0
      vertex 0.4312370690705017 1.4888030730286268 0
    endloop
  endfacet
  facet normal -0.35460488704253557 -0.9350162426854149 0
    outer loop
      vertex 0.664473470174734 1.4003481736460923 3.5
      vertex 0.4312370690705017 1.4888030730286268 0
      vertex 0.664473470174734 1.4003481736460923 0
    endloop
  endfacet
  facet normal -0.4999999999999997 -0.8660254037844388 0
    outer loop
      vertex 0.8805003574332912 1.2756249921351674 3.5
      vertex 0.664473470174734 1.4003481736460923 0
      vertex 0.8805003574332912 1.2756249921351674 0
    endloop
  endfacet
  facet normal -0.632445375595377 -0.7746049618276548 0
    outer loop
      vertex 1.073722747939879 1.1178637933829125 3.5
      vertex 0.8805003574332912 1.2756249921351674 0
      vertex 1.073722747939879 1.1178637933829125 0
    endloop
  endfacet
  facet normal -0.7485107481711016 -0.6631226582407945 0
    outer loop
      vertex 1.2391362832754267 0.931150509568867 3.5
      vertex 1.073722747939879 1.1178637933829125 0
      vertex 1.2391362832754267 0.931150509568867 0
    endloop
  endfacet
  facet normal -0.99675730813421 -0.08046656871672572 0
    outer loop
      vertex 1.5499999999999998 0 3.5
      vertex 1.5299279070887648 0.24863748532952834 0
      vertex 1.5499999999999998 0 0
    endloop
  endfacet
  facet normal -0.9709418174260519 -0.23931566428755824 0
    outer loop
      vertex 1.5299279070887648 0.24863748532952834 3.5
      vertex 1.4702314850180753 0.4908353903922823 0
      vertex 1.5299279070887648 0.24863748532952834 0
    endloop
  endfacet
  facet normal -0.9199794436588244 -0.3919666098600747 0
    outer loop
      vertex 1.4702314850180753 0.4908353903922823 3.5
      vertex 1.3724568397624752 0.7203209166678411 0
      vertex 1.4702314850180753 0.4908353903922823 0
    endloop
  endfacet
  facet normal -0.8451900855437945 -0.5344658261278014 0
    outer loop
      vertex 1.3724568397624752 0.7203209166678411 3.5
      vertex 1.2391362832754267 0.931150509568867 0
      vertex 1.3724568397624752 0.7203209166678411 0
    endloop
  endfacet
  facet normal -0.8451900855437945 -0.5344658261278014 0
    outer loop
      vertex 1.3724568397624752 0.7203209166678411 3.5
      vertex 1.2391362832754267 0.931150509568867 3.5
      vertex 1.2391362832754267 0.931150509568867 0
    endloop
  endfacet
  facet normal 0 0 -1
    outer loop
      vertex 1.3155696691002716 0.4788282006559362 3.5
      vertex 1.212435565298214 0.7 3.5
      vertex 1.2391362832754267 0.931150509568867 3.5
    endloop
  endfacet
  facet normal 0 0 -1
    outer loop
      vertex 1.3155696691002716 0.4788282006559362 3.5
      vertex 1.2391362832754267 0.931150509568867 3.5
      vertex 1.3724568397624752 0.7203209166678411 3.5
    endloop
  endfacet
  facet normal 0 0 -1
    outer loop
      vertex 1.212435565298214 0.7 3.5
      vertex 1.0724622203665692 0.8999026535611548 3.5
      vertex 1.073722747939879 1.1178637933829125 3.5
    endloop
  endfacet
  facet normal 0 0 -1
    outer loop
      vertex 1.212435565298214 0.7 3.5
      vertex 1.073722747939879 1.1178637933829125 3.5
      vertex 1.2391362832754267 0.931150509568867 3.5
    endloop
  endfacet
  facet normal -0.040265940109414776 -0.9991889981715697 0
    outer loop
      vertex -0.062412207169593434 1.5487429471659326 3.5
      vertex -0.062412207169593434 1.5487429471659326 0
      vertex 0.18683185439575062 1.5386987548519835 3.5
    endloop
  endfacet
  facet normal -0.20002569377604448 -0.9797906520422677 0
    outer loop
      vertex 0.18683185439575062 1.5386987548519835 3.5
      vertex 0.18683185439575062 1.5386987548519835 0
      vertex 0.4312370690705017 1.4888030730286268 3.5
    endloop
  endfacet
  facet normal -0.35460488704253557 -0.9350162426854149 0
    outer loop
      vertex 0.4312370690705017 1.4888030730286268 3.5
      vertex 0.4312370690705017 1.4888030730286268 0
      vertex 0.664473470174734 1.4003481736460923 3.5
    endloop
  endfacet
  facet normal -0.4999999999999997 -0.8660254037844388 0
    outer loop
      vertex 0.664473470174734 1.4003481736460923 3.5
      vertex 0.664473470174734 1.4003481736460923 0
      vertex 0.8805003574332912 1.2756249921351674 3.5
    endloop
  endfacet
  facet normal -0.632445375595377 -0.7746049618276548 0
    outer loop
      vertex 1.073722747939879 1.1178637933829125 3.5
      vertex 0.8805003574332912 1.2756249921351674 3.5
      vertex 0.8805003574332912 1.2756249921351674 0
    endloop
  endfacet
  facet normal -0.7485107481711016 -0.6631226582407945 0
    outer loop
      vertex 1.073722747939879 1.1178637933829125 3.5
      vertex 1.073722747939879 1.1178637933829125 0
      vertex 1.2391362832754267 0.931150509568867 3.5
    endloop
  endfacet
  facet normal 0 0 -1
    outer loop
      vertex 0.24310744873370244 1.378730854217091 3.5
      vertex 0.4312370690705017 1.4888030730286268 3.5
      vertex 0.4788282006559362 1.3155696691002716 3.5
    endloop
  endfacet
  facet normal 0 0 -1
    outer loop
      vertex 0.4788282006559362 1.3155696691002716 3.5
      vertex 0.4312370690705017 1.4888030730286268 3.5
      vertex 0.664473470174734 1.4003481736460923 3.5
    endloop
  endfacet
  facet normal 0 0 -1
    outer loop
      vertex 0.4788282006559362 1.3155696691002716 3.5
      vertex 0.664473470174734 1.4003481736460923 3.5
      vertex 0.7 1.212435565298214 3.5
    endloop
  endfacet
  facet normal 0 0 -1
    outer loop
      vertex 0 1.4 3.5
      vertex -0.062412207169593434 1.5487429471659326 3.5
      vertex 0.18683185439575062 1.5386987548519835 3.5
    endloop
  endfacet
  facet normal 0 0 -1
    outer loop
      vertex 0 1.4 3.5
      vertex 0.18683185439575062 1.5386987548519835 3.5
      vertex 0.24310744873370244 1.378730854217091 3.5
    endloop
  endfacet
  facet normal 0 0 -1
    outer loop
      vertex 0.18683185439575062 1.5386987548519835 3.5
      vertex 0.4312370690705017 1.4888030730286268 3.5
      vertex 0.24310744873370244 1.378730854217091 3.5
    endloop
  endfacet
  facet normal 0 0 -1
    outer loop
      vertex 0.7 1.212435565298214 3.5
      vertex 0.8805003574332912 1.2756249921351674 3.5
      vertex 0.8999026535611548 1.0724622203665692 3.5
    endloop
  endfacet
  facet normal 0 0 -1
    outer loop
      vertex 0.8999026535611548 1.0724622203665692 3.5
      vertex 0.8805003574332912 1.2756249921351674 3.5
      vertex 1.073722747939879 1.1178637933829125 3.5
    endloop
  endfacet
  facet normal 0 0 -1
    outer loop
      vertex 0.7 1.212435565298214 3.5
      vertex 0.664473470174734 1.4003481736460923 3.5
      vertex 0.8805003574332912 1.2756249921351674 3.5
    endloop
  endfacet
  facet normal 0 0 -1
    outer loop
      vertex 0.8999026535611548 1.0724622203665692 3.5
      vertex 1.073722747939879 1.1178637933829125 3.5
      vertex 1.0724622203665692 0.8999026535611548 3.5
    endloop
  endfacet
  facet normal -0.99675730813421 -0.08046656871672572 0
    outer loop
      vertex 1.5499999999999998 0 3.5
      vertex 1.5299279070887648 0.24863748532952834 3.5
      vertex 1.5299279070887648 0.24863748532952834 0
    endloop
  endfacet
  facet normal -0.9709418174260519 -0.23931566428755824 0
    outer loop
      vertex 1.5299279070887648 0.24863748532952834 3.5
      vertex 1.4702314850180753 0.4908353903922823 3.5
      vertex 1.4702314850180753 0.4908353903922823 0
    endloop
  endfacet
  facet normal -0.9199794436588244 -0.3919666098600747 0
    outer loop
      vertex 1.4702314850180753 0.4908353903922823 3.5
      vertex 1.3724568397624752 0.7203209166678411 3.5
      vertex 1.3724568397624752 0.7203209166678411 0
    endloop
  endfacet
  facet normal 0 0 -1
    outer loop
      vertex 1.4702314850180755 -0.49083539039228213 3.5
      vertex 1.4 0 3.5
      vertex 1.3724568397624752 0.7203209166678411 3.5
    endloop
  endfacet
  facet normal 0 0 -1
    outer loop
      vertex 1.5299279070887648 -0.24863748532952826 3.5
      vertex 1.5299279070887648 0.24863748532952834 3.5
      vertex 1.5499999999999998 0 3.5
    endloop
  endfacet
  facet normal 0 0 -1
    outer loop
      vertex 1.5299279070887648 -0.24863748532952826 3.5
      vertex 1.4702314850180753 0.4908353903922823 3.5
      vertex 1.5299279070887648 0.24863748532952834 3.5
    endloop
  endfacet
  facet normal 0 0 -1
    outer loop
      vertex 1.4 0 3.5
      vertex 1.378730854217091 0.24310744873370244 3.5
      vertex 1.3724568397624752 0.7203209166678411 3.5
    endloop
  endfacet
  facet normal 0 0 -1
    outer loop
      vertex 1.4702314850180755 -0.49083539039228213 3.5
      vertex 1.3724568397624752 0.7203209166678411 3.5
      vertex 1.4702314850180753 0.4908353903922823 3.5
    endloop
  endfacet
  facet normal 0 0 -1
    outer loop
      vertex 1.378730854217091 0.24310744873370244 3.5
      vertex 1.3155696691002716 0.4788282006559362 3.5
      vertex 1.3724568397624752 0.7203209166678411 3.5
    endloop
  endfacet
endsolid OpenSCAD_Model
